guest_id;full_name;email;gender;birth_date;country
1;Brian Palmer;dboone@example.com;Female;20/09/1973;China
2;Megan Ramirez DVM;khernandez@example.org;Female;09/12/2003;British Virgin Islands
3;Jason Douglas;setharnold@example.net;Female;18/11/2001;Romania
4;Stacy Conley;erik65@example.org;Female;25/08/1992;Hungary
5;Melissa Hines;osantiago@example.org;Male;10/02/1975;Mexico
6;Jenna Thompson;zbrown@example.com;Male;17/04/1990;Denmark
7;Rachel Brown;caroline67@example.com;Male;17/07/1996;Aruba
8;Jennifer Johnson;carlos96@example.net;Female;13/02/1995;Spain
9;Daniel Briggs;adamkerr@example.net;Male;09/06/2006;Bahrain
10;Mrs. Sarah Harper;rodriguezchristopher@example.net;Female;22/07/2007;Zimbabwe
11;Kristen Patel;nchavez@example.org;Male;19/03/1979;Saint Pierre and Miquelon
12;Judith Alexander;amy76@example.com;Female;11/05/1974;Portugal
13;Todd West;madison30@example.org;Female;01/09/1980;Tuvalu
14;Heather Roberts;ycohen@example.com;Female;07/07/1959;Vietnam
15;Marilyn Pham;jsanders@example.net;Female;12/11/1958;Faroe Islands
16;Jessica Howard;krose@example.net;Male;06/04/1959;Suriname
17;Jay Arnold;jennifercoleman@example.net;Male;06/09/2007;Syrian Arab Republic
18;Sara Williams;hendersonchristopher@example.net;Male;02/05/2002;San Marino
19;Jeremy Collins;vanessastone@example.com;Female;15/12/1977;Kenya
20;Jason Wu;hsweeney@example.com;Female;04/06/1977;El Salvador
21;Christopher Garrett;johnsondiana@example.com;Female;18/04/1994;Nicaragua
22;Nicholas Anderson;jasonwebb@example.com;Female;01/04/1981;Saint Helena
23;Melissa Armstrong;kennethmurphy@example.com;Male;13/02/1956;Haiti
24;Andrea Bush;kyleperez@example.com;Female;07/02/1960;Saint Helena
25;Wayne Fox;jennifer01@example.net;Male;26/01/1997;Latvia
26;Daniel Johnson;rachelmitchell@example.org;Female;22/12/1993;Cook Islands
27;Samantha Smith;gabriela62@example.org;Female;27/11/1994;Aruba
28;Amy Taylor;kristyrivera@example.com;Female;06/04/1968;Papua New Guinea
29;Andres Hardy;davidmelton@example.org;Female;06/05/1982;Panama
30;Zachary Davis;ksmith@example.com;Female;17/07/2004;Bulgaria
31;Rebecca Medina;davidramos@example.org;Male;18/11/1998;Central African Republic
32;Kathleen Robinson;gonzalesrandy@example.com;Male;12/09/1980;Zimbabwe
33;Madison Peterson;howardashley@example.net;Female;20/02/1972;Kiribati
34;Margaret Clark;christopherparker@example.org;Male;23/03/1959;Comoros
35;Stacie Kelley;emily57@example.org;Female;19/05/2001;South Africa
36;Victoria Ashley;srice@example.com;Male;28/05/1972;Cayman Islands
37;Wendy Maynard;harrislinda@example.net;Female;10/11/1997;Bermuda
38;Jack Owens;carneyann@example.com;Female;17/01/1986;Korea
39;Christine Williams;bwhite@example.net;Female;22/09/1967;Maldives
40;Alexandra Diaz;ylopez@example.com;Male;15/08/1974;Venezuela
41;Martha Goodwin;fkim@example.net;Female;29/05/1992;Uzbekistan
42;Benjamin Durham;jacobsonronnie@example.com;Male;12/03/1960;Paraguay
43;Melanie Vaughn PhD;chasechavez@example.org;Female;24/01/1982;Chile
44;Michelle Gutierrez;antonio55@example.org;Female;19/09/2005;Haiti
45;Maria James;dawnfrazier@example.com;Female;29/01/1968;United Arab Emirates
46;John Robertson;beckrebecca@example.net;Male;03/03/1974;Guam
47;Chelsea Peters;piercenicholas@example.org;Female;21/09/1977;Bouvet Island (Bouvetoya)
48;Amber Long;roger67@example.net;Male;07/02/1963;Guernsey
49;Kenneth Martin;jeff13@example.net;Female;27/02/1977;Uruguay
50;Melody Miller;ericturner@example.com;Male;02/06/1987;Gabon
51;Michael Hale;dcarpenter@example.com;Female;29/07/2004;Pitcairn Islands
52;Aaron Bowen;srichardson@example.net;Female;12/06/1967;Puerto Rico
53;Dawn Knox;jessica24@example.org;Male;22/01/1982;Armenia
54;Steven Cowan;michaelcastro@example.com;Female;19/11/1987;Falkland Islands (Malvinas)
55;Jennifer Chambers;sarahlove@example.net;Female;15/06/1992;Bhutan
56;Cody Humphrey;carrieboyd@example.org;Female;05/09/1995;Greece
57;William Rodriguez;gregoryriley@example.net;Female;22/11/2000;Djibouti
58;Debra Brown;bmccarthy@example.com;Male;06/05/1982;Sri Lanka
59;Kayla Koch;randerson@example.org;Female;04/07/1985;Hungary
60;Jesus Bass;walterskimberly@example.org;Male;07/04/1968;Saint Vincent and the Grenadines
61;Krista Barker;parksbrianna@example.net;Female;04/12/1994;Uganda
62;Karen Wallace;hernandezrussell@example.com;Male;18/12/1975;Korea
63;Austin Mullen;lawrence12@example.org;Female;01/10/2000;Mongolia
64;Christy Smith;gloriadowns@example.net;Female;25/11/2003;Micronesia
65;Angel Lee;cohenwesley@example.com;Male;21/01/1995;Malawi
66;Mr. William Weber PhD;henry21@example.com;Male;02/10/1996;North Macedonia
67;Michelle Smith;brian13@example.org;Male;06/10/1972;Sudan
68;Jeff Lynch;cody36@example.net;Female;29/04/1971;Saint Vincent and the Grenadines
69;Emily Shepherd;christinaleon@example.com;Female;07/04/1956;Brunei Darussalam
70;Eric Mendoza;tonyaking@example.net;Female;10/05/1976;United States Virgin Islands
71;Erin Bradley;ttodd@example.org;Female;29/05/1983;France
72;Brenda Lamb MD;xmoore@example.com;Male;12/01/1968;Liberia
73;Christian Gay;sancheztom@example.org;Female;15/05/2003;Egypt
74;Kaitlin Douglas;garciaangela@example.net;Female;08/02/1980;Ireland
75;Kimberly Frank;lunajames@example.org;Male;28/12/1974;Oman
76;Michael Perez;denisewilliams@example.net;Female;12/10/1984;Micronesia
77;Denise Mahoney;bparker@example.org;Male;13/11/1990;Saint Helena
78;Mark Mcintosh;amanda64@example.com;Female;28/11/1982;Palestinian Territory
79;Sarah Jackson;reginalawrence@example.org;Male;18/11/1977;Jordan
80;Monica Green;qwilson@example.org;Female;19/09/2000;Denmark
81;Christopher Conrad;bturner@example.org;Male;10/09/1980;Spain
82;James Payne;johngreene@example.net;Male;25/10/1966;Dominica
83;Anthony Ray;waynepotter@example.org;Female;17/02/1956;Congo
84;Jason Ross;william85@example.com;Female;04/11/1972;Ireland
85;Sara Patterson;kelly29@example.org;Female;07/09/1986;Vanuatu
86;Sandra Phelps;jmarshall@example.org;Male;25/12/2002;Guam
87;Jennifer Tanner;yramirez@example.com;Male;12/07/1967;Saint Lucia
88;Thomas Moore;jessicasmall@example.com;Male;26/04/1996;Paraguay
89;Andrew Terry;allenmichael@example.org;Male;02/09/2008;Canada
90;Cheryl Williams;jonesbailey@example.org;Male;30/11/1956;Wallis and Futuna
91;Timothy Campbell;bowmantyler@example.com;Female;08/04/1956;China
92;Thomas Flores;wmorris@example.net;Female;01/05/1987;Madagascar
93;John Taylor;jadams@example.net;Female;05/05/1957;Christmas Island
94;Rachel Riggs;elizabethdalton@example.net;Male;12/03/1994;Faroe Islands
95;Kristen Faulkner;coxsamantha@example.net;Male;10/07/2001;Albania
96;Keith Garrett;rflores@example.org;Female;11/11/1978;Tunisia
97;Mark Campbell;matthewyang@example.com;Female;17/07/1970;Peru
98;Daniel Johnson;davisgail@example.net;Male;08/12/1975;Wallis and Futuna
99;Angela Carey;kathryn02@example.com;Male;12/08/2001;Christmas Island
100;Laurie Turner;jonessarah@example.com;Male;27/01/2000;Bahamas
101;Jason Simon;anncamacho@example.com;Female;09/10/2007;Poland
102;Kristina Cruz;ruth09@example.com;Female;23/01/1983;Senegal
103;Lisa Davis;calhounrobert@example.com;Male;09/01/1998;Antigua and Barbuda
104;Kristin Klein;nicholasjensen@example.com;Female;11/04/1981;Congo
105;Charles Peters;bradley04@example.org;Female;02/05/1956;Papua New Guinea
106;Michael Grant;kathryn75@example.org;Male;28/12/1986;Timor-Leste
107;Tanya Lane;gwendolynalvarez@example.net;Male;10/12/1971;Bermuda
108;Ronald Williams;kimberlybarrett@example.com;Male;10/11/1993;Slovenia
109;Miguel Fuller;david39@example.net;Female;25/06/1978;Togo
110;Debra Castillo;slogan@example.org;Male;16/12/1972;Mayotte
111;Rodney Sullivan;tholloway@example.net;Male;30/12/1992;Hong Kong
112;Nathaniel Pierce;dgarcia@example.org;Male;19/10/1987;Ghana
113;Kristine Sullivan;llee@example.com;Male;16/02/1982;Zimbabwe
114;Erika Bowman;jacob48@example.com;Male;23/01/2003;Denmark
115;Adrian Torres;solomonsara@example.org;Female;20/06/2002;New Caledonia
116;Kevin Mccullough;curtiswilliams@example.com;Male;08/01/1991;Ecuador
117;Luis Harris;agreer@example.org;Male;26/10/1991;Saint Lucia
118;Amanda Roberts;fgreene@example.com;Male;27/12/1961;Palestinian Territory
119;Brianna Kelly;mercerangela@example.net;Male;26/08/2000;India
120;Andrew Kelly;tamiwilliams@example.com;Female;12/02/1987;Samoa
121;Carol Shannon;bsmith@example.net;Female;05/05/1961;Sierra Leone
122;Kari Love;vanessa00@example.com;Female;10/05/1997;Mozambique
123;Brandon Brown;erikanderson@example.net;Male;25/02/1978;Svalbard & Jan Mayen Islands
124;Connor Flores;kharris@example.org;Male;03/10/1980;Norfolk Island
125;Kathleen Hughes;rogersashley@example.net;Female;16/01/2000;Guinea
126;Crystal Miller;knighttimothy@example.org;Male;29/03/2002;Korea
127;Donna Ryan;gonzalezchristopher@example.org;Female;06/12/1974;Portugal
128;Antonio Graham;deanna82@example.com;Male;19/05/1960;China
129;Dr. Susan Brown DDS;adam51@example.com;Female;20/12/1974;Guadeloupe
130;Nicole Andrade;cookstacie@example.net;Male;25/01/1966;Tanzania
131;Sandra Jones;gpacheco@example.net;Female;27/09/1987;Italy
132;Ellen Welch;nicholasmora@example.org;Male;01/09/1991;Niger
133;Holly Smith;fordkelly@example.com;Male;02/10/1960;Namibia
134;Walter Washington;regina75@example.net;Female;12/07/2004;Cocos (Keeling) Islands
135;Linda Downs;jameslee@example.net;Female;19/06/1964;Vanuatu
136;Jessica Adams;justin86@example.com;Male;15/07/1982;Costa Rica
137;Michael Graham;bryanthomas@example.net;Female;25/12/1993;Jamaica
138;George Sherman;karenrobinson@example.com;Male;30/09/1974;Singapore
139;Wesley Brown;laura65@example.net;Male;22/06/2007;Madagascar
140;Kevin Barrett;ambernguyen@example.net;Female;24/01/1969;Timor-Leste
141;William Marquez;cheryl98@example.org;Male;03/07/1970;Qatar
142;Elizabeth Pineda;markanderson@example.net;Male;25/11/1987;Brazil
143;George Brown;matthewleonard@example.org;Male;11/12/1990;Korea
144;Heidi Manning;cruzlisa@example.com;Male;10/01/1966;Barbados
145;Jeffrey Davis;wmack@example.com;Male;02/01/1996;Vietnam
146;Rachel Glenn;melissa56@example.org;Male;14/06/2007;South Africa
147;Stephen Jones;hernandezdiana@example.net;Female;15/12/1995;Barbados
148;Michael Kelley;ruizrobert@example.com;Female;07/08/1956;Mauritius
149;Chase Jacobs;swhitaker@example.net;Male;11/02/1957;Tokelau
150;Angelica Richard;frankmartin@example.org;Female;11/11/1977;Liberia
151;Margaret Erickson;zwhite@example.org;Male;01/10/1959;Pakistan
152;Michele Cobb;rhondaruiz@example.org;Female;29/07/1979;Gambia
153;Casey Nelson;rdavis@example.com;Male;24/12/1996;Benin
154;Shane Fitzgerald;barrettheather@example.org;Female;29/12/1977;Chile
155;Mary Rangel;flynnaustin@example.com;Male;19/11/1996;Bahrain
156;Dr. Steven Hernandez;christophermorales@example.org;Female;18/06/1970;French Southern Territories
157;Alyssa Adams;eglenn@example.net;Female;10/10/1999;Ukraine
158;Erica Lopez;owenssuzanne@example.net;Female;18/09/1977;Equatorial Guinea
159;Kevin Smith;deniseshaw@example.org;Female;03/10/1965;Burkina Faso
160;Michelle Wheeler;lopezricky@example.net;Male;17/11/1980;Saint Lucia
161;Lisa Hall;nortonrenee@example.org;Female;04/10/2007;Norfolk Island
162;Tracy Hardin;emitchell@example.com;Female;11/02/1994;Bolivia
163;Brittany Murphy;drusso@example.net;Male;20/03/1989;Bosnia and Herzegovina
164;Jared Wilson;xfoley@example.com;Female;28/12/2003;Austria
165;Michael Conley;floydmark@example.org;Male;17/08/1970;Tunisia
166;Carolyn Douglas;ybrewer@example.com;Male;30/01/2006;Guinea-Bissau
167;Shawn Young;cody99@example.org;Female;02/10/1991;South Africa
168;Brooke Walters;mileschristopher@example.com;Female;11/06/1975;Morocco
169;Malik Richardson;vlynch@example.com;Female;26/02/1975;Cape Verde
170;Elizabeth Guzman;alvarezsally@example.org;Female;20/07/1995;Antigua and Barbuda
171;James Hall;robin55@example.net;Female;14/04/2001;Bahrain
172;Nicole Stanton;aramirez@example.org;Female;17/04/2003;Seychelles
173;James Sanchez;jenkinsabigail@example.net;Female;04/10/1975;Cote d'Ivoire
174;Edward Garcia;qwatkins@example.org;Female;28/09/1957;Burkina Faso
175;Lisa Mitchell;lewisjohn@example.com;Male;09/12/1956;Gabon
176;John Brown;paige35@example.com;Male;24/03/1989;Cameroon
177;Sara Wilson;samantha03@example.org;Female;06/03/1970;Germany
178;Zachary Turner;mclaughlinjessica@example.net;Female;19/01/1960;Paraguay
179;Crystal Estes;iwilliams@example.com;Female;21/04/1959;Ecuador
180;Sydney Jackson;wilsonjocelyn@example.org;Male;06/11/1995;Macao
181;Andrew Crawford;cgonzales@example.org;Male;24/02/1984;Croatia
182;Crystal Burke;clayton51@example.org;Female;15/03/1998;Palau
183;Jennifer Short;simselizabeth@example.com;Female;17/03/1988;Nigeria
184;Amy Atkins;zbarr@example.net;Male;06/12/2003;North Macedonia
185;David Stanton;wtaylor@example.org;Male;23/07/1978;United Arab Emirates
186;Jennifer Benson;brandon25@example.org;Female;04/09/1988;Lao People's Democratic Republic
187;Kimberly Schmidt;brian44@example.com;Male;18/07/2004;Iraq
188;Ryan Hays;kristylawrence@example.com;Male;11/07/1982;Netherlands
189;Lauren Stephens;michael34@example.net;Male;12/09/1987;Mauritius
190;Alexandra Reed;adam64@example.org;Male;06/05/1993;Fiji
191;Diana Reynolds;jillian17@example.org;Female;29/01/1973;Serbia
192;Stephen Gentry;ruben17@example.com;Female;25/02/1958;Malta
193;Nicole Smith;mossana@example.com;Male;23/03/1990;Argentina
194;Donna Osborne;vnixon@example.net;Male;12/06/2002;Botswana
195;Jennifer Fields MD;marcus23@example.org;Female;06/08/2001;Venezuela
196;Mrs. Kimberly Cruz;smithscott@example.org;Female;14/08/1974;Chile
197;Mrs. Christina Dalton;joshua08@example.org;Male;02/08/1983;San Marino
198;Jeremy Jenkins;williamwallace@example.org;Female;14/08/2004;American Samoa
199;Jonathan King;kimberlystafford@example.org;Female;23/08/2002;Serbia
200;Adam Baldwin;elizabeth89@example.org;Female;24/07/1984;Sweden
201;Melissa Ware;meghan54@example.org;Female;20/10/1966;Heard Island and McDonald Islands
202;John Hubbard;bcollins@example.org;Female;15/06/1984;Cape Verde
203;Marie Valenzuela;wrightabigail@example.net;Male;10/01/1967;Hungary
204;Philip Cruz;daniel76@example.net;Female;01/01/1968;Germany
205;Derek Bailey;allisonmichael@example.org;Female;16/04/1970;Slovenia
206;Erin Hill MD;hannah40@example.org;Female;25/06/1996;Grenada
207;Melinda Martinez;williamscynthia@example.org;Male;07/10/1996;American Samoa
208;Dr. Mark Jackson II;nataliemorris@example.com;Female;25/01/1979;Netherlands Antilles
209;Natasha Oconnor;maryyoung@example.org;Female;10/11/1986;Angola
210;Linda Williams;riley47@example.net;Female;23/10/1956;Venezuela
211;Anthony Holt;bradleythomas@example.org;Male;10/09/1963;Tokelau
212;Brandon Best;terryrodriguez@example.com;Female;16/03/1959;Georgia
213;Kevin Glover;santiagodebra@example.org;Male;08/02/1974;Cocos (Keeling) Islands
214;Kelsey Jordan;rbutler@example.com;Female;29/01/1959;Macao
215;Chris Mann;rosserin@example.net;Female;24/07/1960;Nauru
216;Lynn Watts;ycummings@example.com;Female;11/03/1982;Belarus
217;Heather Peters;blackpaul@example.com;Male;06/07/1987;Turkey
218;Whitney Smith;dparsons@example.net;Male;06/06/1984;Swaziland
219;Jennifer Guzman;ecarson@example.net;Female;15/05/1958;Montenegro
220;Laura Thomas;vhughes@example.net;Female;06/08/1994;Saint Pierre and Miquelon
221;Patrick Ward;harriswalter@example.net;Female;23/08/1992;Canada
222;Jennifer Le;moorejoshua@example.net;Female;24/01/1960;Andorra
223;Chad Murray;pattersonbryan@example.net;Male;05/06/1989;United States Virgin Islands
224;Jennifer Myers DVM;icox@example.org;Female;03/02/1990;Cameroon
225;James Hernandez;brent60@example.net;Male;02/07/1973;Colombia
226;Candice Morse;jonathan69@example.org;Male;18/09/1991;Vanuatu
227;Jonathon Cruz;kprice@example.com;Female;24/05/1985;Antarctica (the territory South of 60 deg S)
228;Brandon Colon;fishermegan@example.net;Male;02/12/1996;Mali
229;Dustin Lee;todd48@example.com;Female;05/09/1959;Switzerland
230;Scott Hill;glennpaul@example.com;Male;09/01/1981;Gibraltar
231;Matthew Russell;timothykeith@example.net;Female;15/10/1986;Slovenia
232;Virginia Palmer;gregoryholmes@example.org;Male;06/01/1995;Taiwan
233;William Humphrey;melissamay@example.com;Male;29/01/2004;Montserrat
234;Christopher Graham;solisapril@example.org;Male;03/12/1980;Solomon Islands
235;Andrea Davis;dominiquelivingston@example.net;Male;01/01/1964;Honduras
236;Amy Williams;lcross@example.com;Male;10/06/1984;Romania
237;Adam Gill;monica38@example.net;Male;08/02/1989;Greece
238;Melvin Johnson;camposzachary@example.net;Female;01/01/1963;Ethiopia
239;Charles Riley;fevans@example.org;Female;22/04/1998;Malta
240;Jessica Steele;philipbauer@example.net;Female;01/10/1956;United States Minor Outlying Islands
241;Brandon Bradford;jeffreywilson@example.org;Male;11/08/1982;Mozambique
242;Connie Wu;josephhall@example.net;Male;17/03/1994;Afghanistan
243;Wendy Silva;victoria22@example.org;Male;27/04/1979;Christmas Island
244;Christopher Hart;carol03@example.net;Female;16/12/1970;Turkey
245;Gina Fischer;anthonymurray@example.com;Female;05/11/1990;Turkey
246;Melissa Tran PhD;samantha68@example.net;Male;14/10/1988;Korea
247;Michelle Doyle;christopherthomas@example.net;Female;15/07/1961;Faroe Islands
248;Heather Mcdonald;bmelendez@example.net;Male;18/05/1972;India
249;Courtney Williams;megan57@example.org;Male;21/04/1962;Jersey
250;Nicole Cole;michelle09@example.net;Female;22/01/1998;Ireland
251;Dawn Schwartz;leemichael@example.net;Female;06/11/2005;United Arab Emirates
252;Dale Baldwin;dennis64@example.net;Male;08/07/1965;Venezuela
253;Kenneth Wilson;hayeschristopher@example.net;Male;18/04/1969;Monaco
254;Donald Mcgee;ncamacho@example.net;Female;19/03/2002;Estonia
255;Joel Carroll;laurawells@example.com;Male;12/01/1957;Turks and Caicos Islands
256;Raymond Watson;glenn57@example.com;Female;28/08/1956;Norway
257;Alec Jones;jillianowens@example.org;Male;19/05/2003;Slovenia
258;Linda French;tolsen@example.net;Female;21/07/1979;Fiji
259;Nicholas Roberts;rblair@example.org;Female;02/11/1962;Pitcairn Islands
260;Sarah Foley;andersonvanessa@example.com;Male;14/05/1977;North Macedonia
261;Monica Anderson;amanda01@example.org;Male;20/04/1984;Aruba
262;Sarah Mcmillan;gwong@example.net;Female;14/06/1990;Mali
263;Brandon Morgan;thomashall@example.com;Female;01/10/1984;Argentina
264;Janice Turner;flynndouglas@example.com;Male;02/10/1974;Saint Barthelemy
265;Brittany Atkinson MD;dwhite@example.org;Female;02/12/1981;Belize
266;Daniel Becker;simsheather@example.org;Female;29/03/2000;Cyprus
267;Gabrielle Anderson;erinstephenson@example.org;Female;15/11/1972;Greece
268;Paige Anderson;lisajones@example.com;Male;15/05/1968;Turkmenistan
269;Sarah Brown;zacharysmith@example.net;Male;25/12/1965;Sudan
270;Laurie Gordon;angela54@example.net;Male;21/02/1990;Liechtenstein
271;Richard Cook;johnsonjames@example.net;Male;06/12/2002;Ecuador
272;David Harris;smithtimothy@example.com;Female;22/04/1987;Egypt
273;David Roberts;villapeggy@example.org;Male;23/03/2003;Korea
274;Mark Salas;kayla26@example.com;Female;17/05/1962;Norway
275;Corey Thompson;darrellcosta@example.com;Male;24/06/1971;Puerto Rico
276;Makayla Myers;amberbrown@example.com;Male;14/03/1976;Hungary
277;Dr. Anthony Thompson;stanleykimberly@example.com;Male;09/01/1986;Niue
278;John Townsend;whitemelanie@example.com;Male;27/06/1995;Burkina Faso
279;Autumn Savage;derek79@example.net;Male;05/08/2008;Sweden
280;Susan Wong;andrewssara@example.org;Female;04/09/2000;United Kingdom
281;Thomas Romero;smcfarland@example.com;Female;10/02/1963;Bahrain
282;Kimberly Sweeney;howardpatterson@example.net;Female;21/09/2000;French Guiana
283;Jeremy Martin III;courtney26@example.org;Male;26/04/1986;Hungary
284;Christopher Hernandez;holly90@example.org;Male;06/03/1959;United Arab Emirates
285;Walter Solis;shari40@example.com;Female;03/09/1978;Guernsey
286;Frank Wilson;robertojordan@example.net;Male;17/05/1970;Egypt
287;Terrence Walker;kristenmorris@example.net;Male;12/10/2000;Andorra
288;Jeffrey Clark Jr.;wmartin@example.com;Male;21/11/1982;Poland
289;Christine Turner;dixonjennifer@example.org;Male;30/09/1999;Cameroon
290;Kathy Clayton;holtscott@example.org;Female;10/06/1958;Central African Republic
291;Robert Schmidt;holly04@example.com;Male;09/11/1968;Grenada
292;Andrew Hamilton V;marilyn77@example.com;Male;07/04/1972;Malaysia
293;Nicholas Shields;harrisvanessa@example.org;Female;20/12/1971;Cambodia
294;Richard Flores;ruizandrew@example.net;Female;18/11/1973;Barbados
295;Elizabeth Salas;hineskeith@example.org;Female;20/03/1988;American Samoa
296;Matthew Miller;john68@example.net;Female;03/07/1966;South Africa
297;Melinda Weaver;nmarshall@example.com;Female;31/07/1959;Venezuela
298;Debra Calderon;cvelazquez@example.com;Male;10/12/1982;Western Sahara
299;Jose White;kevinblack@example.net;Female;28/01/1958;Sao Tome and Principe
300;Margaret Stevens;williamsjuan@example.org;Female;22/10/1976;Congo
301;Colleen Simpson;escobarjennifer@example.org;Female;30/05/1969;Namibia
302;Melissa Ferguson;sandrasmith@example.org;Male;12/07/1958;Zimbabwe
303;Joe Evans;collinsjerry@example.org;Female;14/10/1972;Pakistan
304;Christopher Watson;abigail55@example.net;Male;22/01/1990;Myanmar
305;Matthew Berry;jennifer29@example.org;Male;18/01/1986;Western Sahara
306;Ronald Phelps;garyhenson@example.net;Female;07/09/1966;Maldives
307;Peter Ortiz;russoheather@example.com;Female;05/10/1973;Venezuela
308;Amber Walker;michael41@example.org;Male;14/06/1983;Slovenia
309;Margaret Bond;danielwarren@example.com;Female;09/06/1991;Australia
310;Alyssa Parks;briana10@example.net;Male;08/12/1955;Honduras
311;Thomas Williams;franciscomartinez@example.com;Female;01/02/1969;Niue
312;Maria Hamilton;fpeterson@example.com;Female;09/06/1987;Reunion
313;John Conway;hdavis@example.net;Male;27/05/1976;Russian Federation
314;Trevor Zuniga;qjennings@example.org;Female;17/10/1992;Timor-Leste
315;Jennifer Cohen;zimmermanjonathan@example.com;Male;20/08/1983;Uruguay
316;Jeremy Byrd;timothypatel@example.net;Female;12/02/2004;Liechtenstein
317;Mary Thomas;farmercarl@example.com;Female;30/12/2001;Macao
318;Micheal Morgan;khayes@example.org;Male;15/07/2004;Bolivia
319;Marcia Matthews;zclark@example.com;Female;18/11/2000;Guinea
320;Mark Robinson;william09@example.org;Male;14/02/1967;Jordan
321;Maria Chavez;paula07@example.com;Male;07/04/1987;Malta
322;Jeffrey Gonzalez;jordan61@example.net;Male;23/05/1958;Svalbard & Jan Mayen Islands
323;Robin Walton;vanessa43@example.net;Female;17/08/1959;Yemen
324;Michael Jones;todd36@example.net;Female;26/01/2000;Thailand
325;David Jones;leah34@example.com;Female;19/07/1963;Liberia
326;Robin Miller;daniellindsey@example.com;Female;12/06/1960;Belarus
327;Kenneth Salazar;amber72@example.com;Female;02/06/1991;Bahamas
328;Erin Baker;njackson@example.com;Female;12/06/1973;Montserrat
329;Matthew Brown;anitacannon@example.net;Female;27/08/1996;Saint Kitts and Nevis
330;Luke Hodge;terrihahn@example.org;Female;08/03/1975;Belgium
331;Katherine Barnett;courtneychen@example.net;Female;07/11/2005;Niue
332;David Schmidt;kaylacollins@example.org;Male;07/08/1975;Gibraltar
333;Dorothy Flores;olsenpeter@example.com;Female;02/09/1956;Georgia
334;Kathy Hahn;johnchristensen@example.net;Female;20/08/1968;Faroe Islands
335;Gregg Martinez;diazcaleb@example.net;Female;19/11/1971;Ghana
336;Isaac Blair;uquinn@example.org;Male;14/05/1989;Germany
337;James Alexander;alexgomez@example.com;Male;24/10/1967;Brunei Darussalam
338;Frank Henry;jamesbarker@example.org;Female;26/08/2005;Albania
339;Stephanie Taylor;julie38@example.org;Male;10/02/1987;Antigua and Barbuda
340;Michael Martinez;catherinejohnson@example.org;Female;29/04/1978;Belize
341;Brendan Montgomery;debbiedavis@example.org;Female;02/03/1968;Namibia
342;Daniel May;patriciadixon@example.net;Male;16/03/1993;Serbia
343;James Jones;karen46@example.com;Female;22/01/1963;Uganda
344;Brittany Zhang;david11@example.com;Male;16/01/1971;Rwanda
345;Alan Campbell;poolenoah@example.com;Female;10/01/2003;Bouvet Island (Bouvetoya)
346;Kevin Johnson;thomastonya@example.net;Female;24/10/1958;Mali
347;Rebecca Hebert;aaronjones@example.com;Male;30/05/1986;Finland
348;Nathaniel Hendrix;xtanner@example.net;Female;12/10/2006;Monaco
349;Christopher Hood;sierrajenkins@example.org;Male;13/09/1977;Timor-Leste
350;Willie Gibson;anthonypennington@example.org;Male;24/04/1972;Poland
351;Jennifer Newman;mwhitaker@example.com;Male;24/01/1996;Seychelles
352;Isaiah Campbell;bethcasey@example.net;Female;30/01/2007;Italy
353;Micheal Morton;zfuller@example.org;Male;13/08/2002;Bulgaria
354;Marisa Flores;wsimmons@example.com;Female;07/06/2003;Chad
355;Edward Stephens;kbrown@example.net;Female;18/02/1960;Cameroon
356;Nathan Farley;zpeterson@example.com;Male;16/01/1963;Tajikistan
357;Joel Contreras;fuentesjeremy@example.net;Male;30/01/1982;Mali
358;Tara Davis;karenfranklin@example.org;Female;26/05/1986;China
359;Corey Mann;travislloyd@example.net;Male;21/01/1970;Zambia
360;Tonya Allen;wherrera@example.net;Female;27/08/1978;Martinique
361;Dr. Michael Manning;ashleywilson@example.org;Female;05/05/1976;Niger
362;Patricia Johnson;sanderscalvin@example.net;Female;10/05/1974;Guinea
363;Victoria Olson;dporter@example.net;Female;14/08/1962;Papua New Guinea
364;Erica Hall;carl47@example.net;Male;02/06/1977;Italy
365;Nicholas Davis;nelsonteresa@example.net;Male;07/07/1958;Samoa
366;William Smith;susan36@example.net;Female;25/03/1967;Libyan Arab Jamahiriya
367;Jacqueline Dixon;garciamary@example.org;Male;22/05/1989;Nicaragua
368;April Thornton;enelson@example.net;Female;19/06/2005;Nicaragua
369;Nancy Johns;riverabrian@example.org;Female;09/12/1967;Mali
370;Andrea Thomas;loriwaters@example.net;Female;02/06/1996;Martinique
371;Melissa Robinson;daniel74@example.net;Male;28/02/1970;Lebanon
372;Spencer Cain;jlucas@example.org;Female;05/09/1988;Algeria
373;Eric Garcia;courtneybarker@example.org;Female;17/02/1995;Ukraine
374;Caitlin Leonard;carmenburton@example.net;Male;31/03/1987;Guinea
375;Gregory Jensen;zachary83@example.net;Female;30/11/1968;Lebanon
376;Timothy Newton;garciakathryn@example.org;Female;30/01/1994;Romania
377;Kathy Chen;kristina52@example.net;Male;05/12/1983;Senegal
378;Cindy Dickerson;richardhenderson@example.org;Female;10/06/1980;Equatorial Guinea
379;Richard Campbell;lauren38@example.org;Male;04/08/2007;North Macedonia
380;Tanya Murillo;graymichael@example.net;Male;22/12/1967;Western Sahara
381;Jessica Taylor;fitzgeraldbriana@example.com;Female;25/12/1969;Cambodia
382;Larry Dalton;mperry@example.net;Female;09/09/1971;Falkland Islands (Malvinas)
383;Michael Long;jeffreybautista@example.org;Male;23/12/1959;Ethiopia
384;Megan Moon;harrisangie@example.org;Male;18/09/1980;Congo
385;Sean Hull;xgonzales@example.org;Male;02/03/1960;Botswana
386;Manuel Mccoy;johnsonandre@example.com;Female;11/02/2001;Samoa
387;Alfred Smith;pboyer@example.net;Male;04/09/2005;Azerbaijan
388;Corey Thomas;oli@example.net;Male;29/01/1979;Antigua and Barbuda
389;Lisa Duncan;hpowers@example.com;Female;30/04/1959;Central African Republic
390;Robin Casey;traciballard@example.com;Male;06/03/1993;Jersey
391;Anthony Bradford;elaine13@example.org;Female;13/06/1970;Bahamas
392;Kayla Burnett;tamara45@example.org;Male;14/12/2000;Botswana
393;Carmen Johnson;forbesedward@example.net;Female;23/06/1973;Grenada
394;Dr. Dan Williams PhD;matthewwilliams@example.org;Male;12/08/1962;Mali
395;Timothy Rivera;jillianbennett@example.net;Female;03/02/1960;Marshall Islands
396;Daniel Palmer;zjohnston@example.org;Male;09/11/1987;Indonesia
397;Brian Sanchez;haleyhaney@example.com;Male;17/06/1985;Micronesia
398;Brianna Flores;pjefferson@example.org;Female;17/11/1989;San Marino
399;David Gomez;jamesriley@example.net;Female;26/01/1967;Chad
400;Stefanie Mitchell;tbowman@example.net;Female;20/04/1967;Moldova
401;Patricia Hall;isavage@example.com;Male;05/05/1998;Samoa
402;Ian Bradley;houstonwilliam@example.org;Female;22/04/1984;Finland
403;Beth Johnson;huntisaac@example.com;Male;10/11/1977;Croatia
404;Alexa Lamb;danieldavis@example.net;Female;08/08/1997;Madagascar
405;Frederick Cruz;wesleymitchell@example.com;Male;30/12/1985;Isle of Man
406;Daniel Hess;conleyanna@example.net;Male;13/12/1972;Taiwan
407;Nancy Roman;charles86@example.org;Male;09/04/1998;Anguilla
408;Laura Brown;alan64@example.org;Female;28/08/2004;Grenada
409;Crystal Sullivan;jeffreymacias@example.com;Male;17/01/2003;Uganda
410;Jodi Hudson;brent56@example.org;Female;25/09/1969;Azerbaijan
411;Bradley Beard;davidjennifer@example.org;Male;23/07/1992;Togo
412;Sheryl Terry;andrewphillips@example.com;Female;26/02/2001;Congo
413;Christina Peterson;lbarrett@example.org;Female;26/09/1955;Trinidad and Tobago
414;Brittney Johnson;kent06@example.org;Female;10/10/1995;Turkey
415;Dustin Blackburn;theresasims@example.org;Male;12/04/1999;Equatorial Guinea
416;Karen Donovan;ichang@example.net;Male;09/06/1978;Mexico
417;Sandra Clark;lisa35@example.com;Male;03/07/1993;Mongolia
418;Autumn Turner;vegacaitlin@example.net;Male;25/11/1960;Togo
419;Ashley Faulkner;davidclark@example.net;Female;09/02/1995;Saudi Arabia
420;Andrew Barnes;kenneth38@example.com;Female;16/12/1998;Bermuda
421;Mrs. Katherine Olson;hillsheena@example.net;Male;11/07/1962;Mongolia
422;Lisa Walker;qwheeler@example.net;Female;28/07/1988;Guatemala
423;James Stephens;tiffany48@example.org;Female;17/03/1984;Tunisia
424;Jonathan Sosa;elopez@example.org;Male;17/11/1968;Kazakhstan
425;Lori Barber;ppeters@example.com;Female;26/02/1982;Mexico
426;Victoria Smith;goldentracey@example.com;Female;02/04/2008;Dominican Republic
427;Amanda Nichols;stevenblack@example.net;Male;09/12/1988;Nigeria
428;Juan Coleman;spham@example.net;Female;18/09/1982;Croatia
429;Robert Davis;bjohnson@example.com;Female;03/09/1972;Guinea
430;Melissa Jones;dgrant@example.org;Male;14/03/1960;French Guiana
431;Ricky Buck;zjohnson@example.org;Female;05/12/1997;Bouvet Island (Bouvetoya)
432;Douglas Davis;christina92@example.com;Female;02/07/1989;Saint Helena
433;Maria Martinez;matthew40@example.com;Female;17/04/1991;Isle of Man
434;Eric Foster;amyjohnson@example.net;Female;12/08/1957;Japan
435;Cameron King;jeremymoore@example.net;Male;08/01/2003;Palau
436;Robin Rogers;lynchdavid@example.com;Female;10/11/1977;Guinea
437;John Skinner;perezalexa@example.com;Female;16/02/1996;Monaco
438;Stephanie Reese;yjohnston@example.net;Female;07/01/1975;Burundi
439;Kristin Mills;jared29@example.org;Female;17/08/2000;Honduras
440;Ian Holland;james01@example.com;Female;23/11/1975;Bulgaria
441;Logan Hendrix;natashalane@example.com;Female;26/11/1982;Slovakia (Slovak Republic)
442;Erin Rodriguez;justincunningham@example.org;Male;28/10/1980;Cuba
443;Daniel Delgado;hoganeddie@example.com;Male;05/01/1972;Liberia
444;Kevin Smith;lucas51@example.net;Female;19/09/1999;Philippines
445;Scott Turner;mccoyrobin@example.net;Female;15/10/2004;Romania
446;Elizabeth Simon;griffinpamela@example.com;Male;02/01/1964;Uzbekistan
447;Katherine Abbott;david00@example.org;Female;21/01/1996;Monaco
448;Monica Williams;melissabush@example.net;Female;28/11/1990;Sri Lanka
449;Aaron Johnson;victoriajones@example.com;Female;23/06/1994;Switzerland
450;Stephen Ryan;johnsonsamuel@example.net;Male;04/02/1986;Guinea-Bissau
451;Colleen Kirby;william61@example.com;Female;26/08/1971;Uruguay
452;Shawn Olson;hsimpson@example.org;Male;19/09/1957;Trinidad and Tobago
453;Benjamin Dean;justinedwards@example.org;Female;27/12/1958;Martinique
454;Willie Cisneros;phillip53@example.com;Male;15/09/1965;Kuwait
455;Lisa Wilson;fmcgee@example.net;Female;17/08/2004;Italy
456;Christopher Alvarado;byoung@example.com;Female;25/02/2003;Lao People's Democratic Republic
457;Bradley Bond;carolyn23@example.com;Female;29/04/1980;Bulgaria
458;Brandon Thomas;eduardo94@example.com;Male;26/04/1991;Cote d'Ivoire
459;Erica Rojas;elopez@example.com;Female;03/12/1978;Burkina Faso
460;Yolanda Ford;jerrygordon@example.org;Male;19/04/1985;United Kingdom
461;Thomas Kim;sarah20@example.org;Female;24/05/1975;Antarctica (the territory South of 60 deg S)
462;Megan Alexander DVM;yujonathan@example.com;Female;19/01/1969;Bahrain
463;Lindsay Gardner;james24@example.com;Female;28/04/2000;French Southern Territories
464;Alicia Arroyo;raymond39@example.net;Female;12/04/2008;Turkey
465;Jason Stewart;colejacob@example.org;Female;11/11/1982;Zimbabwe
466;Eric Simmons;timothymcgee@example.com;Female;29/07/1966;New Caledonia
467;Amy Elliott;vwu@example.net;Female;14/10/1973;Honduras
468;Russell Mosley;xaviersaunders@example.net;Female;28/04/1961;Dominican Republic
469;Paul Collins;kylecooke@example.org;Female;24/11/1965;Belize
470;Ronnie Daniel;ebrown@example.org;Male;12/02/2003;Norfolk Island
471;Anna Flores;susanreynolds@example.org;Female;27/12/1997;Zambia
472;James Richardson;bpeterson@example.org;Male;03/04/1956;Qatar
473;Shane Harper;carsonalice@example.com;Female;19/08/1999;Vanuatu
474;Chad Noble;reynoldseric@example.org;Male;07/03/1975;Netherlands
475;Rebecca Andrews;jonathanmitchell@example.org;Female;13/02/1972;Isle of Man
476;Cynthia Robinson;tammy98@example.org;Male;31/12/2004;Palau
477;Veronica Gregory;rivasjohn@example.org;Male;23/08/1997;Bermuda
478;John Jones;watsonjohn@example.com;Male;31/07/1998;French Polynesia
479;Chase May;tsmith@example.net;Female;10/06/1998;Uganda
480;Lisa Carlson;whenderson@example.org;Female;07/03/1980;Yemen
481;Bryan Griffin;esingleton@example.org;Female;20/12/1966;Turkmenistan
482;Debra Jones;wsmith@example.net;Female;04/09/2003;Turkmenistan
483;Jill Mccormick;michele18@example.org;Male;19/12/1978;Nigeria
484;Taylor Freeman;maria77@example.org;Female;05/10/1963;Marshall Islands
485;David Ferguson;christopher55@example.com;Male;13/10/2005;Liechtenstein
486;Joseph Acosta;bridgetsalazar@example.com;Female;05/10/2004;Russian Federation
487;Vanessa Neal;anthony58@example.org;Male;25/10/1992;Ecuador
488;Troy Ellison;asmith@example.net;Male;08/05/1965;Egypt
489;Paige Martinez;jamesmitchell@example.org;Female;05/09/1968;Saudi Arabia
490;Brandy Davila;markhill@example.com;Male;07/03/1971;Uzbekistan
491;Andrew Pace;tommy21@example.org;Female;31/05/1993;United Arab Emirates
492;Angela Ramirez;stonejulia@example.org;Male;03/05/2006;Lao People's Democratic Republic
493;Gary Green;acampbell@example.org;Male;04/03/1982;Latvia
494;Tara Burgess;shaneblack@example.org;Male;24/01/1963;Faroe Islands
495;Dean Silva II;tyler81@example.org;Female;11/12/1960;Niger
496;Sophia Vega;scott30@example.net;Male;31/10/1976;Greece
497;Austin Sandoval;thompsonbailey@example.org;Male;03/01/1967;Senegal
498;Morgan Moore;jonathanarnold@example.org;Female;16/11/1961;Zimbabwe
499;Lisa Wilson;kelleyjay@example.org;Female;03/08/1970;Denmark
500;David Holt;sean01@example.net;Female;26/03/1959;United States Minor Outlying Islands
501;Brian Smith;bryangriffith@example.net;Male;21/06/1984;Dominica
502;Amber Rodriguez;amy77@example.org;Female;25/03/2000;Kyrgyz Republic
503;David Kerr;millernicholas@example.org;Male;04/11/2007;Suriname
504;Michael White;bmorrison@example.net;Female;17/08/1969;Australia
505;William Frazier;melanieparker@example.com;Female;14/09/1986;Slovakia (Slovak Republic)
506;Brian Rasmussen;rsmith@example.net;Female;31/07/1974;Uzbekistan
507;Lindsey Mendoza;mreese@example.com;Female;06/08/1977;Saint Kitts and Nevis
508;Elizabeth Collins;sanchezkevin@example.com;Female;11/11/1978;Nigeria
509;Alejandro Barnes;julie82@example.com;Male;21/06/1972;Costa Rica
510;Brandon Mendoza;alyssaayala@example.com;Male;05/01/1963;Guinea-Bissau
511;Bradley Brown;bowerscharles@example.org;Female;08/11/1972;Cocos (Keeling) Islands
512;Rachel Daniel;ebryant@example.com;Male;12/02/2006;Belarus
513;Jeremy Carter;tinadavis@example.org;Male;18/12/1966;Qatar
514;Eric Smith;gibsonmelissa@example.org;Female;12/08/1969;Vietnam
515;Anne Murray;opierce@example.net;Female;31/10/1967;Tokelau
516;Rachel James;virginiathomas@example.org;Male;03/01/1993;Ghana
517;Andrew Wood;brandistewart@example.net;Male;29/12/1984;British Virgin Islands
518;David Perez;andersonsteven@example.org;Male;15/06/1990;Reunion
519;Megan Anderson;hilltracey@example.com;Female;18/10/2002;Hungary
520;Michael Ball;glennwaller@example.com;Female;15/03/2004;El Salvador
521;John Kramer;connor68@example.net;Female;09/12/2003;Pitcairn Islands
522;Mark Ryan;cynthia58@example.net;Male;12/10/1984;Sri Lanka
523;Joe Gonzalez;oholland@example.com;Male;09/12/1973;Falkland Islands (Malvinas)
524;Mr. Matthew Martin;robertsonbrittany@example.org;Female;12/01/1991;Namibia
525;Michael Franklin;amanda31@example.net;Male;13/05/1974;Tanzania
526;Michelle Henry;flynntony@example.com;Male;15/01/1989;Netherlands
527;Jamie Sullivan;jeffersonalexandra@example.net;Female;21/02/1997;Vietnam
528;Dennis Barnes;sfuller@example.net;Female;26/02/2004;New Zealand
529;James Huerta;amandabrown@example.com;Male;25/10/1981;Germany
530;Linda Mcclure;tracy28@example.org;Male;11/03/2005;Palau
531;Rachel Porter;gibsonpeter@example.com;Male;07/10/1981;Slovakia (Slovak Republic)
532;Mr. Michael King;debraphillips@example.net;Female;09/04/2007;Serbia
533;Matthew Garcia;brad98@example.com;Female;07/09/1979;Lao People's Democratic Republic
534;Zachary Bowman;robbinsscott@example.net;Female;20/06/1994;Madagascar
535;Alison Williams MD;bakerashlee@example.com;Female;21/04/1970;Morocco
536;John Chang;msmith@example.com;Male;26/08/2006;Samoa
537;Kenneth Phillips;qho@example.com;Male;10/04/2008;Sudan
538;Robert Oneal;kennedymaria@example.net;Male;27/12/1986;Senegal
539;Kim Obrien;ijackson@example.com;Male;04/10/2002;Vanuatu
540;Crystal Shelton;patelmichael@example.com;Male;19/09/2002;Jordan
541;Nicole Carson;scottclark@example.net;Male;22/09/1959;Sudan
542;Larry Brown;juliethomas@example.com;Male;02/12/2000;Namibia
543;Rachel Davis;brenda64@example.net;Female;26/08/1993;Suriname
544;Eric Simmons;murphyjanice@example.net;Male;12/01/1970;Argentina
545;Russell Gonzales;pattersondavid@example.org;Female;08/12/1996;Marshall Islands
546;Adrienne Lee;christine84@example.com;Female;06/12/1964;Iran
547;Michael Marshall;zsantos@example.com;Female;05/03/1993;Madagascar
548;Dawn Montes;bsanchez@example.net;Female;23/11/1975;Saint Kitts and Nevis
549;Elizabeth Morton;esmith@example.net;Female;12/04/1997;Lao People's Democratic Republic
550;Brian Simmons;hartamanda@example.com;Male;18/03/1999;Togo
551;Antonio Vargas;patriciaboyd@example.org;Male;22/07/1978;Reunion
552;Rebecca Boone;pedro01@example.com;Male;10/12/1968;Moldova
553;Marvin English;dawnwilson@example.org;Male;30/06/1971;Grenada
554;Susan Lewis;gregg15@example.com;Male;04/07/1987;United States Virgin Islands
555;Lauren Thompson;oduke@example.net;Female;11/01/1994;Iraq
556;Stephanie Richardson;dsingleton@example.org;Female;24/01/1974;Iceland
557;Molly Bowman;varroyo@example.org;Male;25/11/1978;Christmas Island
558;Christian Campbell;mossrobert@example.com;Male;16/01/1957;Montenegro
559;Judith Wood;philliphale@example.net;Male;25/12/1998;Bolivia
560;Troy Bowers;johnkeller@example.net;Female;18/02/2008;Nepal
561;Zachary Roberts;andersonjoshua@example.com;Male;13/11/1976;Bulgaria
562;Renee Harris;barbaraphillips@example.com;Female;01/10/1982;Malta
563;Dylan Perez;scottsavannah@example.org;Female;07/09/2003;Reunion
564;Jill Cameron;erinrussell@example.org;Female;15/08/2000;Uruguay
565;Frederick Hall;morrisjennifer@example.org;Female;07/09/1956;Turkmenistan
566;Tricia Spencer;blankenshipjean@example.org;Male;16/04/1963;Timor-Leste
567;Teresa Floyd;dickersonrichard@example.com;Male;24/06/1979;Israel
568;Scott Lee;taylorbriana@example.com;Male;12/10/1958;Heard Island and McDonald Islands
569;Jose Hanna;crossamy@example.org;Male;12/07/1986;United States of America
570;Destiny Jackson;nleon@example.org;Male;19/06/1998;Oman
571;Joann Silva;davidboone@example.com;Male;29/03/1975;Finland
572;Rick Murillo;colemantina@example.com;Female;20/01/1996;Qatar
573;Elizabeth Martinez MD;clinton68@example.org;Male;10/04/1973;Sao Tome and Principe
574;Jacqueline Hicks;terryjacob@example.net;Female;17/10/2000;South Africa
575;Lindsay Moore;owensjames@example.com;Male;07/09/2008;Bulgaria
576;Kirk Miller;sydney63@example.org;Female;20/08/1995;Dominica
577;Julie Garcia;burnettrhonda@example.org;Female;20/10/1980;Falkland Islands (Malvinas)
578;Kyle Wells;millsjames@example.com;Male;29/04/1972;Lesotho
579;Megan Warren;ubyrd@example.net;Male;13/08/1969;Saint Martin
580;Mr. William Gonzalez;ssanchez@example.com;Male;25/09/1978;Spain
581;Ashley Trevino;oscar92@example.org;Male;21/10/1963;Romania
582;Anthony Ray;johnjones@example.org;Female;22/03/1969;Syrian Arab Republic
583;Tiffany Hall;davidmontgomery@example.net;Female;24/04/2007;Estonia
584;Kenneth Hamilton;pennystephenson@example.net;Female;29/09/1967;Mali
585;Clifford Zimmerman;ryan53@example.org;Female;27/11/1972;Guyana
586;Ashley Watson;mmcdonald@example.com;Male;17/04/1982;Guam
587;Wayne Rodriguez;christopher83@example.com;Male;04/05/2002;Egypt
588;Melinda Reyes;shaneterrell@example.net;Female;22/01/1993;Belgium
589;Miss Katherine Bailey;sandrasmith@example.net;Male;08/07/1963;Nigeria
590;Teresa Ross;ralph11@example.com;Male;26/10/1968;Aruba
591;Michelle Browning;darren54@example.org;Female;28/09/1973;Cambodia
592;Kim Richardson;ericdavis@example.net;Male;17/04/1995;Solomon Islands
593;Melissa Smith;lucas12@example.com;Male;07/07/1958;Korea
594;Cathy Yang;daniel54@example.org;Male;24/09/1980;Ecuador
595;Monique Rivera;jaredwilliams@example.org;Male;03/12/1989;United States of America
596;Christina Wilkerson;uchoi@example.net;Female;23/08/2002;British Indian Ocean Territory (Chagos Archipelago)
597;Gloria Perry;steven91@example.org;Female;30/09/1992;Angola
598;Danielle Rose;annhicks@example.net;Male;29/03/1975;Estonia
599;Beth Lewis;vperry@example.com;Male;22/10/1976;Barbados
600;Brittany Bradley;tamara39@example.org;Male;13/07/1997;Albania
601;Beth Lopez;kevinhopkins@example.org;Female;07/03/2008;Dominican Republic
602;Bryan Thompson;davidmills@example.org;Female;17/04/1975;Northern Mariana Islands
603;Jon Lane;reginagordon@example.net;Male;15/04/1978;Estonia
604;Dawn Rivers;farmerricky@example.com;Male;21/11/1980;United States Minor Outlying Islands
605;James Robinson;smorgan@example.org;Female;22/02/2008;El Salvador
606;Eric Hooper;daniel25@example.net;Male;29/08/1971;Uzbekistan
607;Victoria Houston;othompson@example.com;Female;13/03/2000;Brazil
608;Debra Montgomery;bowenaaron@example.org;Male;10/07/1961;Norfolk Island
609;Amy Rodriguez;richard34@example.net;Male;12/08/1957;Guinea-Bissau
610;Daniel Pitts MD;carlosmoore@example.net;Male;24/08/1971;China
611;Douglas Long;brian56@example.com;Male;06/11/1999;Greenland
612;David Gonzalez;ronnieprice@example.org;Female;17/06/1988;Monaco
613;Rebecca Smith;slewis@example.org;Male;27/05/1977;Venezuela
614;Christopher Taylor;jesse91@example.net;Male;21/11/1998;Namibia
615;Robin Le;fhoward@example.net;Male;21/03/1960;Cote d'Ivoire
616;David Thompson;dsmith@example.org;Female;08/11/1960;Vanuatu
617;Michelle Davis;ryangay@example.com;Female;04/11/1971;Angola
618;Ashley Maldonado;shawnstevens@example.com;Female;19/03/2001;Latvia
619;Benjamin Baird;herreraedward@example.org;Male;03/06/1985;Dominican Republic
620;Robert Murillo;vancerodney@example.org;Female;07/03/1995;Montserrat
621;Melissa Jackson;clarkepatrick@example.net;Male;25/04/1956;Ecuador
622;Ashley Pierce;wheelereddie@example.net;Male;19/06/1984;Jersey
623;Patrick Evans;zachary27@example.org;Male;25/03/1957;Eritrea
624;Jessica Coleman;michael91@example.com;Male;11/07/1961;Nauru
625;Darlene Ramos;franciscarpenter@example.net;Female;12/10/1995;Albania
626;Jenny Thompson;hogancaitlin@example.com;Male;19/08/1969;Iceland
627;Charlene Carter;benjamin43@example.org;Male;20/04/1994;Saint Kitts and Nevis
628;Cheryl Lyons;qjackson@example.net;Male;05/08/1958;Switzerland
629;Bradley Mcknight;tperkins@example.net;Male;13/09/2005;Syrian Arab Republic
630;Gabriella Terry;ehurley@example.com;Male;22/08/1969;Brazil
631;Lisa Farley;hillrandy@example.org;Male;22/05/2001;Cote d'Ivoire
632;Amy Moore;slong@example.org;Female;24/05/1997;Argentina
633;Heather Wilkerson;riveraadam@example.org;Female;29/07/1994;Fiji
634;Emily Torres;dcollins@example.net;Female;17/10/1976;United States Minor Outlying Islands
635;Kristen Wilkinson;mkim@example.com;Male;27/03/1995;Jordan
636;John Mcclure;hporter@example.org;Male;23/08/1970;Nigeria
637;Christopher Rush;fgarza@example.com;Female;05/04/2005;Congo
638;Amy Burke;andrewgriffin@example.com;Female;10/05/1988;Micronesia
639;Whitney Garcia;knorman@example.org;Female;03/05/1956;Grenada
640;Connie Mason;hsharp@example.org;Male;26/02/1976;Kazakhstan
641;Isabel Gonzalez;steven03@example.org;Male;03/09/2005;Angola
642;Emily Garner;willismichael@example.net;Male;30/08/1984;Australia
643;Jason Stephenson;richardmary@example.net;Male;27/02/1998;Ethiopia
644;Keith Krause;william17@example.org;Male;11/06/1980;Saint Barthelemy
645;Nancy Jackson;cohenshannon@example.org;Female;15/06/1991;Canada
646;Kevin Williams;bakermanuel@example.org;Female;13/05/1965;Northern Mariana Islands
647;Stephanie Alvarez DVM;stanley68@example.net;Female;05/06/1960;Grenada
648;Julia Horton;htapia@example.org;Male;22/11/1959;Guam
649;John Martinez;ilawrence@example.net;Male;13/02/1965;Kyrgyz Republic
650;Deborah Moses DVM;robinwagner@example.org;Female;16/07/1989;Algeria
651;Kenneth Walker;hansonfrank@example.com;Female;25/01/1978;Peru
652;Mark Jackson;danielfranco@example.com;Male;16/10/1985;Western Sahara
653;Casey Bowers;brianho@example.net;Female;22/10/1968;Australia
654;Janice Smith;alarson@example.org;Female;03/07/1969;Venezuela
655;Drew Miranda;hmoore@example.org;Female;19/08/1994;Chad
656;Robert Tran;longfelicia@example.org;Male;28/08/1961;Palestinian Territory
657;Catherine Brock;jeannekim@example.org;Male;16/01/2004;Papua New Guinea
658;Nancy Gonzalez;joelwright@example.net;Female;17/08/1988;Palestinian Territory
659;Angelica Frye;anthonygomez@example.net;Female;29/04/1993;Bahrain
660;Thomas Potter;michael42@example.org;Female;21/08/1991;Namibia
661;Danielle Williams;lindajacobs@example.net;Male;03/05/2005;Zimbabwe
662;Melissa Walters;jennifer24@example.net;Female;02/11/1964;Northern Mariana Islands
663;Elizabeth Fisher;millskeith@example.net;Male;29/01/1982;Marshall Islands
664;Margaret Edwards;susan99@example.org;Male;03/07/2007;Micronesia
665;Brett Webster;shahdawn@example.com;Male;19/06/1986;Cyprus
666;Danielle Mckinney;cookchristopher@example.com;Male;16/01/1970;Kenya
667;Vickie Foster;sandramitchell@example.net;Male;12/01/1966;Saint Pierre and Miquelon
668;April King;sheila06@example.com;Male;09/01/2005;Colombia
669;Allison Fernandez;torresmatthew@example.com;Female;23/03/1961;Seychelles
670;Alexis Montoya;william97@example.org;Male;28/04/1994;Tokelau
671;Carol Duffy;smithaaron@example.org;Male;18/10/1990;Malawi
672;Angela Brock;matthew25@example.com;Male;15/09/2007;Malta
673;Derek Davis;bradysamuel@example.com;Male;04/12/1994;Portugal
674;Ashley Newman;oliveramanda@example.net;Female;17/03/1991;Timor-Leste
675;Wendy Rose;james24@example.net;Female;27/05/1980;Solomon Islands
676;Lori Lawrence;elizabethwhite@example.com;Female;18/10/1971;Svalbard & Jan Mayen Islands
677;Dana Patton;zunigacarrie@example.com;Female;17/12/1958;Sweden
678;Anthony Vaughn;higginsmark@example.net;Female;02/08/1973;British Indian Ocean Territory (Chagos Archipelago)
679;Matthew Morales;gmitchell@example.org;Male;26/10/1962;Monaco
680;Zachary Castillo;derek36@example.net;Male;01/08/1966;Poland
681;Joseph Mooney;omontgomery@example.net;Male;27/03/1999;Pakistan
682;Hannah Ingram;lynnmartinez@example.net;Female;06/02/1988;Gambia
683;Holly Clark;smithkelsey@example.com;Male;29/03/1997;Albania
684;Charles Leonard;kennethmatthews@example.net;Female;04/03/1960;Andorra
685;George Davis;umartin@example.com;Male;01/08/1986;New Zealand
686;Sheila Miller;varmstrong@example.net;Male;14/01/1992;Sri Lanka
687;Robert Booth;curtis84@example.com;Male;14/07/2007;Greenland
688;Donald Estes;charlesjackson@example.com;Male;15/03/1978;Kenya
689;Nicole Acosta DVM;meganrose@example.net;Female;15/05/1986;United Kingdom
690;Jessica Davis;stephaniejones@example.com;Female;03/06/1980;Cambodia
691;Jennifer Henderson;grahamjessica@example.org;Female;21/05/2005;Spain
692;Robert Anderson;rmartin@example.net;Male;26/02/1995;Philippines
693;Thomas Jones;emily35@example.com;Female;15/02/1982;Montserrat
694;Kevin Simpson;vhill@example.org;Male;14/11/1964;Swaziland
695;Jonathan Phillips;vthomas@example.org;Male;28/07/2005;Faroe Islands
696;Steven Villarreal;glenn74@example.com;Male;10/12/1979;New Zealand
697;Grace Collins;daniel99@example.org;Male;09/04/1975;Turkey
698;Ashley Castro;wcollins@example.org;Male;05/09/2002;El Salvador
699;Katherine Cummings;tiffany75@example.org;Male;22/10/1975;Falkland Islands (Malvinas)
700;Cheryl Swanson;ufields@example.org;Male;05/09/1999;Chile
701;Melissa Cox PhD;victoriadavis@example.com;Male;28/09/1989;Kuwait
702;Maria Carroll;wendy19@example.org;Female;08/06/1984;Iran
703;Kenneth Gibson;waltersandrea@example.org;Female;07/10/1986;Brunei Darussalam
704;Timothy Kirk;cathysmith@example.com;Female;27/10/1955;Venezuela
705;Melissa Choi;charles46@example.com;Female;24/07/1962;Guyana
706;Andre Cruz;yferguson@example.com;Female;27/03/1993;Reunion
707;Oscar Ortiz;tamara50@example.net;Male;11/01/1990;Hong Kong
708;Toni Valdez;lynn16@example.com;Male;23/02/1965;Philippines
709;Shawn Terrell;racheljohnson@example.com;Male;30/04/2005;Bermuda
710;Megan Ferguson;murphyjacqueline@example.net;Female;27/01/2005;Bahamas
711;Kimberly Rose;lori94@example.net;Male;06/05/2005;Kiribati
712;Debbie Hall;briankrause@example.net;Female;27/10/1971;Belarus
713;Craig Blevins;wigginsjason@example.com;Female;09/11/1982;Ireland
714;Brianna Jimenez;jason89@example.net;Male;08/02/1966;Mauritania
715;Jorge Foster;gina30@example.net;Male;24/05/1994;Cuba
716;Carrie Reed;larryreese@example.org;Female;21/06/1957;South Africa
717;Shannon Williams;william68@example.org;Male;17/05/1967;Finland
718;Timothy Shepard;pedro91@example.com;Female;15/04/2004;Northern Mariana Islands
719;Megan Harrison;robert62@example.com;Female;03/09/1969;Serbia
720;Nicole Wu;stephaniejohnson@example.org;Male;20/01/1973;Dominica
721;Daniel Carrillo;martinezchristopher@example.net;Female;12/02/1991;Niue
722;Shane Barker;chavezcrystal@example.net;Female;21/01/1967;Cote d'Ivoire
723;Laurie Powers;jose68@example.com;Male;08/03/2000;Armenia
724;Aaron Brown;kimberly59@example.com;Male;06/12/2000;Greece
725;Robert Schroeder;tanya96@example.net;Male;30/11/1973;Tokelau
726;Arthur Davies;hallelizabeth@example.com;Male;27/11/1973;Yemen
727;Karen Weaver;joshua16@example.net;Female;10/06/1980;Yemen
728;Peter Singh;ana03@example.org;Female;25/11/1993;Luxembourg
729;Alicia Dean;frankgary@example.net;Female;29/04/1967;Brunei Darussalam
730;Diana Reid;rorr@example.com;Female;24/05/1985;Cote d'Ivoire
731;Johnny Robertson;michaelwong@example.org;Male;13/11/1971;Liberia
732;Christina Murray;denise68@example.com;Male;26/03/1965;Zambia
733;Amber Cline;garyhines@example.org;Female;24/03/1980;Nauru
734;Christina Clark;melissabanks@example.net;Male;04/04/1986;Mozambique
735;Randy Webb;jwashington@example.net;Male;15/09/1967;Kuwait
736;Stephanie Hudson;mark18@example.net;Female;22/08/1989;French Polynesia
737;Angela Navarro;ymarshall@example.com;Male;27/10/1975;Madagascar
738;Mariah Davis;clintonwhitney@example.net;Male;30/06/2008;Palestinian Territory
739;Erica Gould;keitharnold@example.com;Male;20/04/1966;Montenegro
740;Juan Kennedy;pruittmichael@example.net;Male;17/03/1998;Yemen
741;Erika Snyder;dhill@example.com;Female;21/08/1962;Andorra
742;Jay Fields;jmartinez@example.org;Male;09/09/1968;New Zealand
743;Jill Hernandez;ncarter@example.com;Male;16/01/1960;Uruguay
744;Daniel Rice;contreraschristopher@example.net;Female;16/02/1983;Northern Mariana Islands
745;Justin Richardson;billy20@example.net;Male;22/07/1983;Niger
746;Tracy Hernandez;lcarlson@example.net;Male;06/05/1973;Saint Helena
747;Michael Anderson;maymelissa@example.com;Male;20/09/1965;Holy See (Vatican City State)
748;Carrie Scott;murraybrandon@example.com;Female;10/06/1971;Colombia
749;Mr. Edward Patterson II;qperez@example.com;Male;20/04/1997;Italy
750;Maureen Roberts;ochoadavid@example.org;Male;09/05/2008;Guatemala
751;Mary Pearson;megan33@example.net;Female;02/10/1980;Cook Islands
752;Walter Jones;ruben31@example.net;Female;11/10/1972;Heard Island and McDonald Islands
753;Rachel Martinez;ucameron@example.com;Male;09/04/1968;China
754;Jason Nielsen;richardgarcia@example.org;Female;23/11/1985;Cambodia
755;Martha Hanna;buchananadrienne@example.com;Female;07/10/1959;Palau
756;Carrie Sullivan;hjohnson@example.com;Female;16/01/1982;Wallis and Futuna
757;Justin Wiggins;ashleyboyd@example.net;Female;28/01/2000;Chile
758;Kayla Williams;kathrynrobertson@example.org;Female;03/06/1994;Honduras
759;Sydney Drake;sarah46@example.org;Female;28/02/2004;Poland
760;Nicole King;wilsonaustin@example.org;Male;26/05/1988;Mayotte
761;Shannon Johnson;qyates@example.net;Male;12/02/1998;Mayotte
762;Norman James;kimberly61@example.com;Female;29/01/1971;Guernsey
763;Christopher Anderson;yjohnson@example.com;Male;03/11/1997;Zimbabwe
764;Donna Bruce;barronpaul@example.org;Female;11/04/1997;Tonga
765;Amanda Martinez;jennifer47@example.org;Female;23/11/1984;Micronesia
766;Heather Walker;dking@example.com;Male;05/07/1976;Seychelles
767;Amy Johnson;brianthomas@example.com;Female;12/12/1990;North Macedonia
768;Ryan Tapia;gilbertkevin@example.com;Male;28/04/1979;Jamaica
769;Jenny Garza;sarah86@example.com;Female;06/04/1959;United States Virgin Islands
770;Kristen Huffman;zachary36@example.com;Male;12/12/1969;Falkland Islands (Malvinas)
771;Michael Owens;linda15@example.org;Male;01/11/1983;Turks and Caicos Islands
772;Alexander Galvan;jasminshepherd@example.com;Male;27/12/1997;Armenia
773;Scott Bauer;mhansen@example.com;Male;16/07/1982;Guinea-Bissau
774;Sara Donaldson;michael02@example.net;Male;21/01/1965;Timor-Leste
775;John Griffin;timothy90@example.com;Female;18/09/1999;Iran
776;Scott Petersen;toni64@example.org;Female;21/04/1959;Marshall Islands
777;Debbie Deleon;jacobfuller@example.net;Female;07/10/1977;Moldova
778;Patricia Miller;robertspaul@example.org;Male;08/02/1985;Hungary
779;Pamela Garcia;carnold@example.com;Male;18/12/1963;Mauritania
780;Rita Murray;riverateresa@example.net;Female;12/10/1972;Slovakia (Slovak Republic)
781;Danielle Kim;mkrueger@example.org;Male;08/11/1989;Guatemala
782;William Benson;barrerajacob@example.net;Female;26/08/1960;Germany
783;Johnny Mathis;mitchellvincent@example.net;Female;17/01/1997;Bouvet Island (Bouvetoya)
784;Erin Cardenas;beckertodd@example.org;Male;11/02/2001;Antarctica (the territory South of 60 deg S)
785;Jennifer Cox;angela75@example.net;Female;01/05/1956;Reunion
786;John Rogers;daniellegolden@example.com;Female;15/06/1973;Zimbabwe
787;John Williams;nicholas44@example.com;Male;24/10/1973;Qatar
788;Amy Gallagher;qmonroe@example.net;Female;18/06/1995;Turkmenistan
789;Patricia Conner;allenelizabeth@example.com;Male;28/03/2005;Palau
790;Heather Watts;ryu@example.net;Male;24/01/1997;Vanuatu
791;Amy Coffey;christophersmith@example.com;Male;17/04/1997;Uganda
792;Brandon Wiley;jeffery64@example.com;Female;06/05/1972;Nigeria
793;Jeffrey Campbell;ramirezryan@example.org;Female;23/12/1962;Guernsey
794;Shannon Sims;emily24@example.org;Female;10/12/1959;Lithuania
795;Caleb Reeves Jr.;simsjason@example.org;Female;10/01/1961;Colombia
796;Jorge Guzman;kristenjohnson@example.com;Female;06/09/1957;Saint Vincent and the Grenadines
797;James Lopez;diane57@example.com;Female;02/12/1973;Cyprus
798;Maxwell Turner;timothy16@example.org;Female;25/02/1978;Nigeria
799;Lindsey Thomas;terriedwards@example.com;Female;07/08/1986;Saudi Arabia
800;Pamela Hawkins;katie09@example.net;Female;10/04/1962;Wallis and Futuna
801;Jeffery Baldwin;twilson@example.com;Male;07/06/1974;Norway
802;Jaime Ho;amandaparker@example.com;Male;26/03/2003;Netherlands
803;Connie Carter;umadden@example.org;Female;19/09/1967;Grenada
804;Shawn Porter;maynardjerry@example.com;Female;09/11/2006;Lao People's Democratic Republic
805;Laura Floyd;kennedynancy@example.com;Male;26/12/1989;Faroe Islands
806;David Martinez;ucochran@example.net;Male;19/01/1999;Belize
807;Rebecca Zimmerman;ashleybender@example.net;Female;25/06/1987;Zambia
808;Joseph Scott;harrissharon@example.org;Male;05/01/1960;Belarus
809;Roy Baker;michele36@example.net;Male;28/03/1960;Zambia
810;Stephanie David;victoriahart@example.net;Female;24/02/1975;Niger
811;Candace Good;christianmiller@example.com;Female;30/04/1978;Cyprus
812;Laura Russell;rayrenee@example.net;Male;28/05/1994;Libyan Arab Jamahiriya
813;Jane York;yolanda41@example.org;Male;30/10/2003;Jersey
814;Robin Baker;jessica93@example.org;Male;26/10/1958;South Georgia and the South Sandwich Islands
815;Mrs. Lisa Logan;fullertonya@example.net;Male;05/03/1968;French Guiana
816;Lisa Davis;brewerrhonda@example.com;Male;11/06/1957;Comoros
817;Regina Hudson;bethmccoy@example.net;Female;28/12/1979;Paraguay
818;Ryan Perez;vancetammy@example.net;Male;02/12/2001;Belarus
819;Thomas Brown;eclark@example.org;Male;27/05/2000;Tokelau
820;Warren Bowen;bennettsarah@example.net;Female;03/07/1973;Tajikistan
821;Robert Kane;vlong@example.org;Male;06/10/1971;British Indian Ocean Territory (Chagos Archipelago)
822;Abigail Trevino;patrick57@example.net;Female;01/05/1973;British Virgin Islands
823;Robert Garcia;charlesrobyn@example.org;Male;02/11/2000;Denmark
824;Theresa Phillips;zcollins@example.org;Male;01/11/1999;Sao Tome and Principe
825;Matthew Reed;andrew54@example.net;Female;22/08/1973;Turkmenistan
826;Gwendolyn Palmer;webbcarolyn@example.org;Female;22/07/1962;Norfolk Island
827;Nancy Wells;andrew40@example.net;Female;19/04/1969;Mali
828;James Anderson;clarkemichael@example.com;Female;16/02/1980;Honduras
829;Karen Marshall;nichole00@example.com;Male;05/07/1981;United States Minor Outlying Islands
830;Michael Hart;nicholasclark@example.com;Female;19/06/1976;Pitcairn Islands
831;Jeremy Lindsey;sspencer@example.org;Female;20/07/1996;Saudi Arabia
832;Kristen Hogan;brent13@example.com;Female;01/07/1975;Liberia
833;Jessica Anderson;rstewart@example.com;Female;06/07/1992;Barbados
834;Leah Moses;npugh@example.com;Male;07/01/1988;Peru
835;Megan Mann;garciatina@example.com;Male;14/02/1983;Kuwait
836;Steven Moreno;bushbrittany@example.com;Male;20/07/1965;Micronesia
837;Vincent Farley;royjacobs@example.org;Male;04/10/2002;Mauritius
838;Catherine Lopez;timothy48@example.org;Female;01/09/2001;Armenia
839;Andrew Ryan;christensenjohn@example.org;Male;08/02/1973;Sao Tome and Principe
840;Trevor Steele;zlee@example.org;Male;13/03/1979;Spain
841;Sarah Washington;moodyjane@example.org;Female;06/01/1967;Tonga
842;Jacqueline Lawson;michaelperez@example.org;Male;17/10/1960;Tonga
843;Courtney Hammond;chelsearivera@example.com;Male;18/11/1961;Tonga
844;Melissa Williams;danny97@example.net;Male;29/05/1960;Saint Martin
845;Luke Cruz;jacob90@example.org;Female;09/09/2003;Nauru
846;Alexis Webb;zchase@example.com;Female;01/07/2001;Hungary
847;Samuel Wilson;elliscatherine@example.com;Female;02/04/1969;Peru
848;Paula King;ryanmcintosh@example.net;Female;05/02/1990;Micronesia
849;Aaron Myers;webbrichard@example.com;Female;11/05/1959;Honduras
850;Andrew Allen;omaldonado@example.net;Female;24/12/1958;Marshall Islands
851;Nichole Jackson;paigesmith@example.com;Male;31/03/1981;Isle of Man
852;Noah Martin;fwalker@example.com;Male;19/01/1983;Belize
853;John Garrett;kimberlystewart@example.net;Male;26/07/1995;Saint Lucia
854;Benjamin Gordon;stacy87@example.org;Female;06/05/1994;Congo
855;Michelle Kirk;erodgers@example.org;Female;16/05/1974;Iraq
856;Bethany Price;okelly@example.org;Female;17/03/2008;Reunion
857;Ebony Jordan;mariefigueroa@example.com;Male;18/03/1974;Colombia
858;Sophia Blackburn;iowens@example.net;Male;31/12/1959;American Samoa
859;Steven Brown;patrickthompson@example.org;Female;21/07/1971;United States of America
860;Diane Wilson;floresmichael@example.net;Male;27/01/1985;Peru
861;Ashley Joseph;bmartin@example.org;Male;04/07/1981;Qatar
862;Eric Taylor;derrick43@example.net;Female;27/07/1966;Saint Kitts and Nevis
863;Angela Ford;mitchell44@example.org;Male;28/08/1983;American Samoa
864;Wendy Douglas;hector69@example.com;Female;02/09/1972;Myanmar
865;Matthew Ross;frankfields@example.net;Male;03/01/1970;Saint Pierre and Miquelon
866;Terry Schwartz;andersonshane@example.org;Female;07/07/1965;Czech Republic
867;Robert Morris;patricia23@example.org;Male;04/08/1983;Poland
868;Carol Hawkins;michael19@example.net;Male;16/10/1979;Lebanon
869;Linda Holland;thomashoward@example.net;Female;09/01/1995;Israel
870;Stephanie Parker;vhall@example.net;Female;09/06/1966;Germany
871;Timothy Brown;jamesbenton@example.org;Male;29/11/1967;Turkey
872;John Howard;charlescourtney@example.com;Male;03/03/2000;Niue
873;David Palmer;harringtontaylor@example.net;Female;29/04/1974;Greece
874;Jenny Tran;wcummings@example.org;Male;25/03/1978;Falkland Islands (Malvinas)
875;Scott Gilbert;berrydenise@example.net;Male;03/11/1959;Ireland
876;Wendy Williams;tfrye@example.org;Female;02/09/1964;Bermuda
877;Barry Valdez DVM;thomas51@example.com;Female;20/06/2007;Isle of Man
878;Brittany Jones;rfischer@example.com;Male;27/11/1981;Faroe Islands
879;Katherine Carter;brianbautista@example.net;Male;21/04/1980;India
880;John Davis;matthew90@example.org;Male;28/05/2004;Brunei Darussalam
881;Caroline Horton;justin62@example.org;Female;28/09/1988;Timor-Leste
882;Cole King;collinsjoseph@example.org;Female;26/10/1989;Chad
883;Jean Hill;emmabrady@example.net;Female;01/08/1976;Western Sahara
884;Laurie Warner;tanyawilson@example.com;Male;08/03/1957;Iran
885;Frank Reed;hayesjames@example.com;Female;22/03/1979;Tuvalu
886;Christian Williams;pjordan@example.com;Male;28/04/2005;Dominican Republic
887;Melissa Lucero;yangcarlos@example.net;Female;29/12/1963;Tonga
888;Megan Baker;vpatton@example.com;Female;06/08/1984;Guinea
889;Danielle Mason;brownanthony@example.org;Male;10/02/1989;Serbia
890;Shannon Buck;riosadam@example.org;Male;17/05/2005;Faroe Islands
891;Jesse Garner;williamsanthony@example.net;Female;27/09/2007;Guadeloupe
892;Steven Conrad;stephaniebarrera@example.org;Male;20/12/1975;Hong Kong
893;Andrew Melton;tashley@example.com;Female;05/05/1969;Latvia
894;Michael Ruiz;howellrobert@example.com;Female;05/09/1975;Cook Islands
895;Debbie Martin;qdavis@example.org;Female;28/06/1958;Mexico
896;Margaret Ryan;bradleymora@example.com;Female;13/05/1964;Madagascar
897;Mary Calhoun;jessicasims@example.net;Female;19/03/2003;Cameroon
898;Melissa Hayes;ashleyvalenzuela@example.org;Male;16/01/1998;Yemen
899;Brittany Chandler;stacyfernandez@example.com;Female;16/07/1982;Uganda
900;Jon Barry;taylorkristin@example.com;Male;17/01/1993;Christmas Island
901;Julie Cole;tcochran@example.net;Male;10/10/2004;North Macedonia
902;Patricia Harper;anthony69@example.com;Female;18/03/1984;Iran
903;Adam Wilson;grahamjohn@example.com;Female;01/07/1991;Burundi
904;Corey Barron;thompsonlinda@example.net;Female;11/02/2000;Portugal
905;Cynthia Sheppard;lisa18@example.net;Female;03/05/1978;Martinique
906;Zachary Norton;johnathangreene@example.org;Female;09/01/1974;Reunion
907;Pamela Walker;raymonddavis@example.org;Male;11/10/1978;Norfolk Island
908;Matthew Strong;gibsonpatrick@example.net;Female;16/10/2000;Singapore
909;Jennifer Marquez;idaniel@example.org;Male;04/07/1972;Austria
910;Alexis Casey;sean32@example.net;Male;05/04/1974;Rwanda
911;Nicholas Valenzuela;james93@example.org;Male;07/09/2005;Burkina Faso
912;Sherry Morse;hollandmary@example.org;Female;02/03/1987;Bhutan
913;Marcus Lloyd;christophersmith@example.net;Female;07/08/1991;Cyprus
914;Melissa Davis;wwilkins@example.org;Male;19/04/1980;Anguilla
915;Margaret Craig;brooksrachel@example.com;Male;16/09/1982;Honduras
916;Derek Wilson;garrettrobert@example.com;Female;26/06/2002;French Southern Territories
917;Vincent Davis;johnsonrobert@example.net;Female;18/03/2007;Slovenia
918;Cheryl Kelley;donna35@example.net;Female;30/05/1975;Saint Martin
919;Tracy Mcbride;vincent98@example.com;Female;02/03/2006;Sierra Leone
920;James Willis;weberchristina@example.net;Female;23/09/1985;Guatemala
921;Cynthia Morris;john02@example.com;Female;25/06/2008;Malta
922;Alisha Hamilton;garciajessica@example.net;Male;14/12/1984;Palau
923;Tony Logan;nancyhowell@example.org;Male;18/04/1997;Oman
924;Gregory Thomas;eflores@example.net;Male;16/03/1978;Malta
925;Jessica Anderson;williejones@example.org;Female;01/08/2006;Myanmar
926;Laura Byrd;glennjeffery@example.com;Male;12/05/1983;Micronesia
927;Gary Hawkins;woodssamuel@example.org;Male;08/06/1994;Trinidad and Tobago
928;Katherine Becker;hernandezsarah@example.com;Female;04/07/1961;Ghana
929;Heather Cole;gregorylewis@example.net;Female;01/03/1971;Barbados
930;Jessica Day;desiree76@example.com;Male;02/04/1997;British Indian Ocean Territory (Chagos Archipelago)
931;Raymond Brown;grantpatricia@example.org;Male;05/06/1974;Vietnam
932;Andrew Clark;joshuahernandez@example.net;Female;25/04/1989;El Salvador
933;Lisa Brooks;elizabethmay@example.net;Female;06/05/2001;Malawi
934;Adriana Jackson;wturner@example.org;Male;02/03/1999;Cameroon
935;Timothy Gardner;jilliandunn@example.com;Female;11/09/1965;Israel
936;Mr. John Walsh;kennethpacheco@example.net;Female;21/04/1971;United Arab Emirates
937;Zachary Young;dsmith@example.org;Male;08/07/1993;Comoros
938;Brent Thomas;katherine94@example.com;Female;06/02/2002;Madagascar
939;Anthony King;quinnjamie@example.net;Male;23/12/1958;Malta
940;Kathy Torres;jessica73@example.com;Male;25/01/1976;Pakistan
941;Peter Mahoney;thomas16@example.com;Male;30/11/1956;Wallis and Futuna
942;Cynthia Watkins;melanie78@example.org;Male;24/04/1978;Eritrea
943;Steven Green;richardmorris@example.net;Male;10/01/1974;Togo
944;Michael Roberts;raymondsmith@example.org;Male;15/04/1979;Norfolk Island
945;Paul Fernandez;gregoryfrazier@example.net;Male;14/09/1981;Bermuda
946;Paul Dunn;wattssamantha@example.com;Female;14/09/1996;Tokelau
947;Gina Lutz;jasonmeyer@example.net;Male;02/02/1966;Moldova
948;Michael Rodriguez;bradleysandoval@example.com;Female;09/10/1965;Serbia
949;Kevin Kane;andrewhunter@example.com;Male;20/07/1981;Guadeloupe
950;Jessica King;antoniojenkins@example.net;Female;12/05/2007;Jamaica
951;Ryan Perez;tonygray@example.net;Male;26/01/2006;Tokelau
952;Wendy Kim;vargasjoel@example.com;Male;24/05/1965;South Africa
953;Denise Oneal;hurleybrianna@example.org;Male;13/04/1967;Rwanda
954;John Ferrell;nchan@example.org;Male;04/02/1957;Malawi
955;Penny Howard;linda74@example.com;Female;09/12/1968;Kazakhstan
956;Melissa Park;karagomez@example.org;Male;21/02/1961;Tajikistan
957;Ashley Potter;adamrobinson@example.org;Female;26/02/1971;Indonesia
958;Kristen Anderson;shannon82@example.com;Female;12/08/1987;Germany
959;Brittany Mckee;danieltaylor@example.net;Male;30/04/1979;Latvia
960;Alyssa Lopez;michellefrench@example.org;Female;16/03/2004;Seychelles
961;Vickie Ortiz;michelle71@example.net;Male;20/10/1995;Isle of Man
962;Penny Hanson;kayla25@example.org;Male;23/11/1978;Ecuador
963;Deanna Golden;alexanderhoward@example.net;Male;07/11/1956;Belize
964;Edward Fletcher;faulknerdevin@example.net;Female;28/01/2006;South Africa
965;Jacob Lee;qgriffin@example.net;Female;09/04/1978;Costa Rica
966;Brandon Holland;jeffersonfernando@example.org;Female;20/08/1959;Sao Tome and Principe
967;Michael Weaver;ryanthompson@example.net;Female;20/12/1966;Indonesia
968;Mr. Bradley Jensen DDS;wilsonjohn@example.net;Female;07/08/1989;Timor-Leste
969;Amy Scott;leonalexander@example.com;Female;30/10/1966;United States Minor Outlying Islands
970;Kelly Duncan;laurie21@example.org;Female;26/03/1990;Germany
971;Todd Larson;lucaspadilla@example.com;Female;07/10/1986;Japan
972;Nancy Ferguson;jeffreygomez@example.com;Female;13/12/1982;Nigeria
973;Timothy Richardson;matthew82@example.org;Female;06/03/1980;Saint Martin
974;Stephanie Singh;kellynorris@example.com;Male;02/02/1994;British Indian Ocean Territory (Chagos Archipelago)
975;David Collins;jonestammy@example.com;Male;06/12/1984;Liechtenstein
976;Jacob Wilson;jamie01@example.net;Female;22/01/1994;Vanuatu
977;Adam Bell;thomas77@example.org;Male;22/09/1982;Malaysia
978;Dean Hurley;alyssafarrell@example.com;Male;14/07/2001;Ethiopia
979;Jason Parker;knightkendra@example.com;Male;17/05/1964;Bhutan
980;Stacy Sherman;theresa38@example.com;Female;26/06/1975;French Polynesia
981;Joshua Strickland;yfuller@example.com;Female;15/09/1969;Antarctica (the territory South of 60 deg S)
982;Ricky Perez;strongrobert@example.org;Female;23/03/1999;North Macedonia
983;Daniel Reed;tblack@example.org;Male;06/10/1959;United Arab Emirates
984;James Thomas;ashleypalmer@example.net;Female;20/05/2005;Albania
985;Ashley Phillips;james29@example.com;Male;22/05/1976;Jamaica
986;Alison White;danielleroberts@example.net;Female;29/07/1964;Libyan Arab Jamahiriya
987;Brett Garner;kevinrhodes@example.com;Male;13/02/2005;Zimbabwe
988;Laura Nichols;michael00@example.org;Female;28/02/2003;Slovenia
989;Sharon Porter;leejamie@example.com;Female;09/04/2008;Uzbekistan
990;Robert Romero;nicholas18@example.net;Female;21/10/1975;Gibraltar
991;Whitney Bonilla;cbaird@example.org;Female;17/03/1998;Western Sahara
992;Jason Gomez;kstrickland@example.com;Female;29/04/2005;Iraq
993;Victor Cherry;bhunt@example.net;Female;19/08/1995;Panama
994;Troy Horton;ktaylor@example.com;Female;09/10/1962;Niger
995;Bryce Wilkinson;melaniecruz@example.com;Male;13/07/2007;Canada
996;Sarah Hernandez;robinsontodd@example.com;Male;24/09/1984;Norfolk Island
997;Daniel Marshall;lauren37@example.org;Female;17/07/1956;Korea
998;Sharon Fleming;perezkimberly@example.com;Female;18/11/2002;Zimbabwe
999;Wayne Patton;garrettmedina@example.net;Female;01/04/1967;United States of America
1000;Melissa Martin;josephmitchell@example.net;Female;04/09/1973;Fiji
1001;Kelly Williams;campbellalexis@example.org;Female;27/11/1961;Mauritania
1002;Brandon Anderson;tamara53@example.com;Male;03/11/1958;Libyan Arab Jamahiriya
1003;Scott Lewis;hartsonya@example.net;Male;12/09/1997;San Marino
1004;Andrew Wagner;petersonjohn@example.net;Male;12/05/2005;Malta
1005;Micheal Davis;bjones@example.org;Female;24/07/1974;Hong Kong
1006;Debra Chavez;crawfordmichael@example.com;Male;11/06/1963;Honduras
1007;Jose Morris;xgrimes@example.com;Male;12/03/1980;Haiti
1008;Carolyn Howard MD;todd32@example.org;Female;07/07/1985;Heard Island and McDonald Islands
1009;Christopher Graham;jamesfowler@example.org;Male;21/10/1988;Sao Tome and Principe
1010;Alan Ellison;kathryn43@example.net;Female;28/05/1996;Isle of Man
1011;Robert Avila;davidjohnson@example.net;Female;17/05/1985;Netherlands Antilles
1012;Claire Cline;brittneytorres@example.net;Female;10/05/1975;Cape Verde
1013;Christopher Bennett;emily28@example.org;Male;13/05/1977;Sri Lanka
1014;Dennis Murphy;harrispatrick@example.org;Female;05/02/1973;Micronesia
1015;Christine Johnson;michael12@example.net;Male;17/03/1978;Micronesia
1016;Laura Parks;edward13@example.com;Male;22/11/1975;Norfolk Island
1017;Catherine Cohen;jrice@example.org;Male;25/10/1958;Christmas Island
1018;Tammy Gonzalez;williamsjohnathan@example.net;Male;26/03/1991;Israel
1019;Willie Miller;jpalmer@example.org;Male;26/04/1976;Turks and Caicos Islands
1020;Julie Calderon;owensholly@example.com;Male;02/06/1973;Colombia
1021;Ellen Herman;bford@example.org;Female;15/09/1956;American Samoa
1022;Sean Goodman;carpenterlindsey@example.net;Male;31/12/2004;Cambodia
1023;Kevin Johnson;matajasmine@example.org;Male;22/03/1985;Philippines
1024;William Anderson;mendozakeith@example.net;Male;16/01/1972;Martinique
1025;Michelle Randolph;hreyes@example.org;Male;18/10/1985;United States of America
1026;Scott Floyd;alexandraburgess@example.com;Male;27/06/2007;Turkey
1027;Morgan Williamson;lanekimberly@example.net;Male;24/07/1968;Bermuda
1028;Samantha Houston;william14@example.net;Male;02/11/2001;Nicaragua
1029;Nathan Pitts;brian18@example.org;Male;27/06/1996;Guadeloupe
1030;Jonathan George;johnthompson@example.net;Female;12/02/1988;Bolivia
1031;Kristin Martinez;flowersjennifer@example.net;Female;14/07/1961;Afghanistan
1032;Steven Acosta;shawnaunderwood@example.com;Male;17/07/2006;Solomon Islands
1033;Brian Edwards;dlam@example.com;Male;13/02/1979;Cote d'Ivoire
1034;Kenneth Mcdonald;igonzales@example.com;Female;24/11/1995;Denmark
1035;Brenda Riley;greenjamie@example.com;Male;10/04/1981;Singapore
1036;Nicole Reed;gwhite@example.com;Male;27/11/2003;Venezuela
1037;Rebecca Gomez;hgilbert@example.com;Male;19/02/1980;Vanuatu
1038;Russell Brown;heatherroach@example.net;Female;31/10/1957;United Kingdom
1039;Lisa Cole;daniel49@example.net;Female;21/08/1957;Somalia
1040;Matthew Lopez;elizabeth67@example.org;Male;29/08/1975;British Indian Ocean Territory (Chagos Archipelago)
1041;Lisa Hill;jsherman@example.org;Male;22/05/1963;Russian Federation
1042;Jasmine Durham;nholloway@example.net;Male;10/10/1982;Lao People's Democratic Republic
1043;Brian Bean;gharris@example.net;Male;27/09/2002;Gabon
1044;Henry Lewis;pamela60@example.org;Male;14/01/1974;Madagascar
1045;Cynthia Harrington;rsmith@example.org;Female;03/03/1959;Uruguay
1046;Christopher Pitts;amandabryant@example.com;Female;30/07/1962;Nauru
1047;Amber Kelly;charleshanna@example.net;Male;25/09/2000;Ireland
1048;Mr. John Foster MD;bmurray@example.net;Male;27/12/1991;Costa Rica
1049;Bethany Melton;robertparker@example.com;Male;19/03/1968;Chad
1050;Charles Hutchinson;joy99@example.org;Female;02/12/1986;Costa Rica
1051;Timothy Ford;ronald15@example.net;Female;05/07/2008;Norfolk Island
1052;Wayne Li;richard43@example.com;Female;08/12/1976;Montenegro
1053;Laura Oconnor;john63@example.net;Male;11/10/2005;Brunei Darussalam
1054;Margaret Hess;bradley32@example.org;Male;06/04/1958;Togo
1055;Kimberly Castro;daniel87@example.org;Female;01/06/1982;Netherlands
1056;Breanna Fisher;roycombs@example.org;Male;26/05/1985;Morocco
1057;Jordan Morales;clarkcourtney@example.org;Male;13/12/1992;Croatia
1058;Corey Parker;matthew27@example.net;Male;08/12/1980;Luxembourg
1059;Megan Harding;jessicawatts@example.net;Female;06/12/1982;Paraguay
1060;Robert Gomez;felicia54@example.org;Female;03/03/1965;Mauritania
1061;Kyle Washington;frank15@example.net;Female;19/10/1956;Gabon
1062;Thomas Alvarado;juanblair@example.com;Male;20/06/1992;Holy See (Vatican City State)
1063;Stephanie Allen;edwardsjohn@example.net;Female;04/04/1985;Maldives
1064;Samantha Soto;gina56@example.net;Male;06/07/1995;Trinidad and Tobago
1065;Jessica Garcia;smartinez@example.com;Female;12/12/2002;Finland
1066;Donald Chan;janetbeasley@example.com;Male;10/06/1984;Niue
1067;James Jacobson;schneiderkari@example.net;Male;27/10/1972;Guam
1068;Michael Black;sanchezangela@example.net;Female;19/11/1957;Denmark
1069;Dawn Morton;mcdonaldkelly@example.net;Female;01/12/1960;Jordan
1070;Alicia Chavez;gregory52@example.net;Male;22/02/1972;Mozambique
1071;Angela Colon;leah34@example.org;Male;30/07/1980;Holy See (Vatican City State)
1072;Dawn Sanders;thompsonvictoria@example.com;Male;02/12/2000;Nepal
1073;Julie Ho;zdelacruz@example.net;Female;01/02/1997;Liechtenstein
1074;Gerald Ortiz;wesleycarroll@example.com;Female;31/03/2001;Uruguay
1075;Melissa Phillips;qarnold@example.net;Male;18/10/1959;Kuwait
1076;Brian Gross;scottallison@example.net;Female;03/08/1968;France
1077;Steven Morales;sullivansydney@example.net;Female;02/12/1967;Egypt
1078;Jennifer Warren;katiehenry@example.org;Male;01/04/1961;Finland
1079;David Montoya;hannah55@example.net;Male;25/05/1995;Central African Republic
1080;Melissa Boone;rita87@example.org;Female;30/05/1984;Congo
1081;James Wright;ramirezrhonda@example.net;Male;25/04/1969;Namibia
1082;Jesse Lewis;joshua78@example.net;Male;21/09/1995;Finland
1083;Bobby Lee;hbell@example.net;Female;27/02/1979;Holy See (Vatican City State)
1084;Marcus Jennings;davislaurie@example.org;Male;05/08/1969;Mayotte
1085;Jennifer Ibarra;santosrebecca@example.com;Male;01/07/1988;Syrian Arab Republic
1086;Joy Salinas;maytiffany@example.org;Female;03/07/1989;Guyana
1087;Kaitlyn Morgan MD;laura14@example.net;Female;12/03/1982;Saint Kitts and Nevis
1088;Jordan Wilson;mark62@example.com;Male;05/05/1977;Brunei Darussalam
1089;Kevin Gonzalez;monica25@example.net;Male;13/04/1958;Burundi
1090;Samantha Montgomery;jessicacurry@example.com;Female;08/03/1958;Cyprus
1091;Kathryn Brown;virginia56@example.net;Male;19/04/1973;Suriname
1092;Jennifer Sanchez;aanderson@example.net;Female;02/07/1997;Nigeria
1093;Robin Romero;kayla23@example.com;Male;05/05/1995;Morocco
1094;Gregory Aguilar;holdenphilip@example.org;Male;26/04/1958;Guam
1095;Stephen Huerta;chris95@example.com;Male;16/11/1982;Ireland
1096;Brian Fox;williamsonchristy@example.net;Male;08/08/1977;Palau
1097;Kimberly Lee;tcastaneda@example.net;Male;20/03/1959;Rwanda
1098;John Hall;murrayvictoria@example.org;Female;06/05/1959;Cameroon
1099;Michael Velez;yho@example.net;Female;03/04/2000;Gibraltar
1100;William Romero;ehill@example.org;Male;05/12/1963;Netherlands Antilles
1101;James Diaz;rjohnson@example.org;Male;17/10/2007;Niger
1102;Amanda Taylor;washingtonchristopher@example.org;Female;19/02/1969;Cuba
1103;Michael Peterson;wrightjeremy@example.com;Female;23/05/2000;Monaco
1104;James Garcia;mathewsjustin@example.com;Female;28/04/1972;Vietnam
1105;Christine Smith;shawnmonroe@example.net;Male;12/06/1979;Montenegro
1106;Curtis Knox;nicholaswilson@example.org;Male;24/06/1962;Portugal
1107;Todd Mitchell;rwilliams@example.com;Female;03/08/1985;Mauritius
1108;Omar Griffith DDS;carolynkidd@example.org;Male;10/10/1988;Belarus
1109;Judith Carter;kbrooks@example.org;Female;09/02/1977;Cameroon
1110;Kurt Henderson;kdecker@example.org;Male;23/08/1985;Brazil
1111;Ana Allen;howardamy@example.com;Male;13/01/2005;Mauritius
1112;Steve Peck;nicole37@example.com;Female;22/09/2004;Guyana
1113;Linda Barrett;tingram@example.net;Female;09/02/1968;Myanmar
1114;Victoria Kent;annarichards@example.com;Male;26/06/2004;Czech Republic
1115;Jessica Molina;madelineroman@example.net;Male;12/02/1975;Pitcairn Islands
1116;Stephanie Bradley;qcollins@example.net;Male;09/04/2007;Georgia
1117;Samuel Nguyen;wisedanny@example.net;Female;01/07/1988;Mauritania
1118;Stephanie Ellison;casedonald@example.org;Male;16/04/1972;Korea
1119;Chad Foley;wilsonkara@example.org;Female;09/03/1968;Azerbaijan
1120;John Carpenter;mendezcharlene@example.org;Female;06/09/2007;Cote d'Ivoire
1121;Ricky Anderson;justinhenry@example.com;Female;17/07/1996;Belarus
1122;Michael Taylor;thomasfleming@example.org;Male;02/04/1977;Guinea-Bissau
1123;Amber Stevens;vangcrystal@example.com;Female;16/11/1957;Slovakia (Slovak Republic)
1124;Sylvia Clark;npeterson@example.com;Male;24/07/1992;Montserrat
1125;Janice Thomas;alexandercarla@example.net;Male;22/06/1980;Cayman Islands
1126;Robert Santiago;dannyharris@example.net;Female;19/03/1980;Macao
1127;Thomas Butler;ryan29@example.org;Male;10/09/1965;Rwanda
1128;Laura Snyder;ipace@example.com;Male;18/06/1989;Bulgaria
1129;Deborah Williams;mcguirecarl@example.com;Male;02/10/2005;Korea
1130;Thomas Lewis;miguel19@example.org;Male;22/08/2005;Latvia
1131;Todd Robinson;kjackson@example.org;Male;27/03/1979;Cocos (Keeling) Islands
1132;James Moran;lucas77@example.net;Male;06/02/1996;Saint Kitts and Nevis
1133;Dennis Graham;carlos08@example.org;Female;27/12/1978;Slovenia
1134;Angela Sellers;chandlerdavid@example.org;Male;28/01/1963;Palau
1135;Gloria Ramsey;timothy77@example.net;Male;02/10/1975;Timor-Leste
1136;Michael Park;rossadam@example.net;Male;19/01/1975;Anguilla
1137;Christopher Holland;jason13@example.com;Female;26/12/2001;Belgium
1138;Brittany Chavez;davisstacy@example.net;Male;13/09/1995;Japan
1139;Susan Richards;grace19@example.org;Male;12/06/2003;Zambia
1140;Monique Lane;kristihowell@example.org;Female;24/10/2004;Netherlands Antilles
1141;Kim Weiss;zachary50@example.org;Male;06/06/2002;Taiwan
1142;Sarah Villanueva;dustincohen@example.net;Male;01/07/1986;Croatia
1143;Andrew Guzman;nicholas36@example.com;Female;13/02/1998;Albania
1144;Donna Hall;yserrano@example.org;Male;09/11/2005;Saint Helena
1145;Michael Murray;mia95@example.net;Female;28/01/1972;Slovakia (Slovak Republic)
1146;Troy Oliver;hoffmantimothy@example.net;Female;13/06/1986;Netherlands Antilles
1147;John York;zjohnson@example.net;Female;29/07/1990;Bangladesh
1148;Jason Fisher;patricia94@example.net;Female;25/04/1992;Liberia
1149;Mr. Jared Aguilar;linda80@example.org;Female;28/05/1962;Seychelles
1150;Rodney West;christopherbrown@example.net;Female;11/01/1999;Bouvet Island (Bouvetoya)
1151;Jacqueline Landry;staceyadams@example.com;Female;24/05/2006;French Polynesia
1152;Garrett Richardson;williamsonkatie@example.com;Male;02/08/1975;Cuba
1153;Doris Jordan;veronica27@example.org;Male;06/09/1975;Swaziland
1154;Karen Whitaker;sgomez@example.com;Female;28/11/1992;Mauritania
1155;Angie Long;sheliaanderson@example.com;Male;30/08/1972;Mali
1156;Angelica Burgess;kevincooper@example.org;Female;31/12/1995;Gabon
1157;Emily Frey;erinnelson@example.net;Female;22/11/1997;Greece
1158;Douglas Ayala;icrawford@example.org;Female;28/08/1980;Vanuatu
1159;Christopher Estes;xthomas@example.org;Female;23/09/2006;Venezuela
1160;Craig Kennedy;michelletaylor@example.net;Male;20/07/1958;Faroe Islands
1161;Nancy Rowe;thomasraymond@example.com;Female;10/06/1969;Botswana
1162;Kimberly Lewis;jbrooks@example.org;Male;11/11/1957;Cameroon
1163;Nicole West;beckkristina@example.org;Female;03/08/1976;Saint Pierre and Miquelon
1164;David Alvarez;crawfordanthony@example.com;Female;13/04/1978;Norfolk Island
1165;Jeremy Gomez;amycurry@example.org;Male;12/09/1994;Russian Federation
1166;Bryan Richard;orogers@example.org;Male;21/08/1973;Kiribati
1167;Emily Schroeder;jonathanchavez@example.net;Female;06/11/1985;Palestinian Territory
1168;Nathan Hughes;jenny34@example.org;Female;28/03/1974;Tonga
1169;Janice Perez;devon54@example.com;Male;08/09/1981;Malta
1170;Brandi Livingston;brookskristen@example.net;Female;12/05/1978;Malaysia
1171;Edwin Bennett;samantha73@example.net;Male;23/08/1966;Andorra
1172;Gina Cobb;obell@example.org;Male;16/09/2003;Christmas Island
1173;Shawn Jones;teresa58@example.net;Female;12/01/1971;American Samoa
1174;Jerry Martinez;joewilliams@example.org;Male;01/05/1957;Saint Pierre and Miquelon
1175;Francisco Coleman;badams@example.com;Male;15/05/1968;New Zealand
1176;Michael Trujillo;tara09@example.org;Male;21/09/1983;Eritrea
1177;Craig Caldwell;wroberts@example.com;Male;23/07/1993;China
1178;Derrick Hodges;yvelazquez@example.net;Female;09/06/1996;Cayman Islands
1179;Hannah Martin;martinezalex@example.net;Female;14/11/1974;Botswana
1180;Jennifer Sanchez;nancywatson@example.com;Female;24/03/1967;Ireland
1181;Brittany Lucas PhD;diazchad@example.org;Female;30/06/1998;South Africa
1182;Lori Dean;wjohnson@example.com;Female;06/09/1998;El Salvador
1183;Mark Osborne;hannahlynch@example.org;Female;20/10/1989;Seychelles
1184;Mary Ross;ubarton@example.com;Male;06/09/1992;Chile
1185;Derek Morris;huffmanjulia@example.com;Male;18/02/1958;Syrian Arab Republic
1186;Andrew Wright;dixonjoshua@example.org;Male;23/02/2003;Antarctica (the territory South of 60 deg S)
1187;Robert Rogers;hallchristine@example.net;Female;22/03/1963;New Zealand
1188;Terri Hobbs;manuel07@example.com;Female;26/11/2006;Isle of Man
1189;Mrs. Felicia Johnson;robin88@example.net;Male;03/01/1956;Cocos (Keeling) Islands
1190;Amy Lewis;warnerkelsey@example.net;Female;16/08/1972;Tokelau
1191;Jennifer Odonnell;hilldennis@example.com;Female;04/05/1993;Bolivia
1192;Sara Young;lsmith@example.net;Female;06/04/1997;Kiribati
1193;Julie Navarro;connie92@example.net;Male;28/08/1999;Iceland
1194;David Cochran;brian17@example.net;Female;15/06/2002;Latvia
1195;Rachel Sullivan;derrickserrano@example.net;Female;15/10/1971;Malawi
1196;Richard Lyons;jonathantorres@example.com;Male;28/01/1969;Maldives
1197;Robert Gross;james72@example.com;Male;13/11/1960;Bolivia
1198;James Jones;qbrown@example.org;Female;14/12/2002;United States of America
1199;Jeffrey Osborn;zwilson@example.org;Male;01/10/1982;Guadeloupe
1200;Carrie Davidson;susan89@example.org;Male;21/01/1961;Iraq
1201;Joseph Lucero;obrienrobert@example.net;Male;21/09/1984;Montenegro
1202;Terry Wise;jennifer20@example.org;Female;13/05/2008;Tokelau
1203;Dennis Rice;valdezamanda@example.com;Female;21/06/1964;Ecuador
1204;Sandy Alvarez;ucrosby@example.net;Female;30/07/1979;Falkland Islands (Malvinas)
1205;Laura Steele;williamzimmerman@example.org;Female;09/12/1973;Vanuatu
1206;Richard Cooper;hho@example.org;Female;24/12/2007;Saint Lucia
1207;Devin Obrien;christopher28@example.org;Female;06/07/1981;Israel
1208;Jasmine Jordan;dmartinez@example.net;Male;01/01/1988;Iceland
1209;Leslie Parker;andrea67@example.net;Male;11/05/1962;Aruba
1210;David Wilson;zhayden@example.net;Female;17/09/1981;Turkey
1211;Cindy Walker;robertdawson@example.org;Male;28/08/1976;Northern Mariana Islands
1212;Veronica Baker;bhayes@example.net;Female;12/10/1964;Bermuda
1213;Dennis Woods;droberts@example.com;Male;02/06/1956;Tuvalu
1214;Carolyn Clements;christina15@example.com;Male;30/07/1994;Cuba
1215;Brian Cox;rodriguezbrent@example.com;Male;22/04/1973;Vanuatu
1216;Shelia Gray;joseph95@example.com;Female;18/11/1971;Trinidad and Tobago
1217;Joseph Maldonado;xquinn@example.com;Male;27/07/1966;French Guiana
1218;Jose Patel;riveradavid@example.net;Male;08/07/1974;Jamaica
1219;Sharon Cisneros;alyssaramos@example.net;Male;13/09/1970;Macao
1220;Ralph Johnson;danielrogers@example.net;Male;24/04/1978;Pitcairn Islands
1221;Steven Mitchell;lnash@example.com;Female;21/05/1970;United States Virgin Islands
1222;Nichole Chan;christopher80@example.net;Female;16/03/1991;Vietnam
1223;Steven Garrett;timmiller@example.org;Female;06/11/1977;Serbia
1224;Jeanette Harris;victoria56@example.com;Male;07/05/1961;British Indian Ocean Territory (Chagos Archipelago)
1225;Richard Keller;michelle04@example.net;Male;02/06/1990;Lebanon
1226;Mrs. Shelby Gonzalez MD;johnwade@example.net;Male;17/04/2003;Namibia
1227;Matthew Patrick;jaredward@example.com;Female;17/08/1980;Bouvet Island (Bouvetoya)
1228;Danielle Shaw;joangilmore@example.com;Female;25/05/1959;Uzbekistan
1229;Chelsea Dillon;fscott@example.com;Male;05/02/1989;Greece
1230;Alexander Sanchez;ktaylor@example.net;Female;30/10/1967;Latvia
1231;Greg Decker;taylorjennifer@example.com;Male;02/05/1964;Afghanistan
1232;Claudia Jacobson;hollymiller@example.net;Female;30/11/1984;Reunion
1233;Jose Patrick;emmanewman@example.net;Male;30/05/2006;United States of America
1234;Mitchell Cherry;hornjeanette@example.com;Male;31/05/1987;Kuwait
1235;Brendan Warren;lindsey92@example.org;Female;17/06/1965;French Polynesia
1236;Joseph Williams;johnathan08@example.com;Male;29/03/1996;Haiti
1237;Ashley Jones;vegaalexandra@example.com;Female;01/07/1977;Congo
1238;Matthew Gross;collinsmark@example.org;Male;15/09/1960;Falkland Islands (Malvinas)
1239;Joy Hamilton;samantha50@example.com;Male;31/03/2005;Djibouti
1240;Kevin Hobbs;aoliver@example.net;Male;27/11/1989;South Africa
1241;Matthew Martinez;david65@example.com;Male;31/08/2004;Sao Tome and Principe
1242;David Nguyen;teresa46@example.com;Female;04/05/2006;Ghana
1243;Angela Wood;tylerhampton@example.org;Male;25/09/1982;Mauritania
1244;Holly Williams;michael62@example.org;Female;22/12/1992;Cape Verde
1245;Rebecca Farrell;solisrobert@example.net;Male;29/05/1999;Mali
1246;Amber Dennis;christopherpierce@example.com;Female;02/03/1988;United States of America
1247;Julie Salazar;jacksilva@example.org;Male;19/12/1975;Albania
1248;Jeffrey Reyes;anthony47@example.net;Female;15/01/1964;Armenia
1249;Jade Odonnell;smithtravis@example.com;Male;04/05/1989;Central African Republic
1250;James Martin;vaughanjoel@example.net;Male;17/05/1989;Peru
1251;Mark Terry PhD;scottvictoria@example.com;Male;24/12/2002;United Arab Emirates
1252;Earl Lee;kimberlygarza@example.com;Female;03/05/1957;Nigeria
1253;Jennifer Torres;iward@example.net;Male;28/06/1975;New Caledonia
1254;Sean Reynolds MD;robert52@example.org;Male;23/11/1955;Portugal
1255;Carrie Bush;dalton64@example.org;Female;21/08/2000;Chile
1256;Stephanie White;macdonaldsandra@example.org;Female;16/07/2005;Suriname
1257;Daniel Montgomery;stephensonjennifer@example.net;Male;09/03/1990;Namibia
1258;Jeffrey Rivera;walkerdanny@example.net;Male;24/12/1972;Nepal
1259;Craig Stark;zwillis@example.com;Male;28/05/1963;Tuvalu
1260;Jamie Walters;jeffrey56@example.net;Male;03/08/1966;Burkina Faso
1261;Michael Mcintosh;rodriguezemma@example.com;Female;26/01/2001;Malta
1262;Joseph Harper;jokeith@example.net;Male;27/07/1976;Gabon
1263;Dr. Ryan Harrison;johnkrause@example.com;Male;04/11/2003;Mali
1264;Christopher Anderson;bryandavis@example.com;Male;14/08/1969;Sudan
1265;Alexander Lee;huynhrobert@example.net;Female;05/06/1966;Cuba
1266;Felicia Johnson;martinezandrea@example.org;Male;09/02/1993;Sri Lanka
1267;Karen Arnold;gcruz@example.org;Female;22/06/1991;Christmas Island
1268;Justin Barker;lisa93@example.net;Female;18/03/1993;Armenia
1269;Heidi Mathis;pedropierce@example.org;Male;22/05/1976;Yemen
1270;Paul Ross;aarondaniels@example.org;Male;30/09/1968;Zambia
1271;Yvonne Anderson;lisa55@example.com;Female;25/09/1980;Palau
1272;Christopher Elliott;bruce58@example.org;Male;21/07/1964;Christmas Island
1273;Sharon Horne;lori27@example.com;Female;02/04/1976;Svalbard & Jan Mayen Islands
1274;Heather Weber;castrobobby@example.net;Male;20/08/2002;Kiribati
1275;Christopher Acevedo;santiagonicholas@example.org;Female;21/02/1961;Ecuador
1276;Mary Trujillo;david71@example.net;Female;11/01/1986;Taiwan
1277;Melissa Horn;kknight@example.com;Male;17/05/2006;Mauritius
1278;Dylan Wilson;pphillips@example.net;Male;01/01/1962;Ecuador
1279;Carlos Lopez;richardsonmanuel@example.com;Male;22/02/1968;Fiji
1280;Timothy Perez;ashleyharris@example.net;Male;08/08/1978;Samoa
1281;Christina Johnson;davidhansen@example.org;Female;19/02/1999;Niue
1282;James Arnold;zacharyhernandez@example.com;Female;18/09/2007;Tonga
1283;James Carroll;allenholly@example.com;Male;14/05/2006;Algeria
1284;John Watson;angela06@example.org;Female;11/07/1987;Dominican Republic
1285;Andrew Dixon;gfreeman@example.org;Male;11/06/1988;Marshall Islands
1286;Brenda Warren;eellis@example.net;Female;01/09/1979;Falkland Islands (Malvinas)
1287;Michael Crawford;tanya38@example.net;Male;08/04/2001;Djibouti
1288;Betty Wilkerson;codyespinoza@example.com;Female;09/12/1998;Chad
1289;Lori Meadows;gward@example.com;Male;07/01/1997;Liechtenstein
1290;Bryan Henry;davidsonmichael@example.org;Female;04/09/1956;Namibia
1291;William Moore;peteredwards@example.org;Male;06/11/1959;Tokelau
1292;Alicia Mcdonald;andrewcarpenter@example.org;Female;26/11/1997;Sri Lanka
1293;Colton Rodgers;chicks@example.com;Male;11/06/1997;Bouvet Island (Bouvetoya)
1294;Virginia Klein;carrillomonica@example.com;Female;24/02/1984;Egypt
1295;Shannon Reid;yujeremy@example.org;Female;14/12/1973;Armenia
1296;Sarah Jordan;qwallace@example.com;Male;09/09/1996;Singapore
1297;Marcia Baker;reginasharp@example.net;Female;17/03/1995;Italy
1298;Juan Hill;laurabates@example.net;Female;23/12/1990;Hong Kong
1299;Steven Scott;rodneycarter@example.org;Male;22/03/1997;Samoa
1300;Ashley Oconnell;perezlogan@example.org;Male;06/11/1974;Guinea
1301;Brandy Thomas;mileschristopher@example.net;Female;03/06/1967;Mali
1302;Cynthia Wright DDS;teresamayer@example.net;Female;11/10/1996;Italy
1303;Yolanda Rodriguez;michael87@example.com;Female;29/08/1972;Sudan
1304;Sonya Thomas;jeremy92@example.org;Female;02/11/1986;Cyprus
1305;Deanna Cooper;lisa47@example.com;Male;25/05/1990;Pakistan
1306;Heather Harris;christopher09@example.org;Male;27/12/1966;Marshall Islands
1307;Scott Bell;reneelawrence@example.com;Female;23/10/1957;French Southern Territories
1308;Joe Massey;lsmith@example.net;Male;22/05/1966;Nigeria
1309;Susan Humphrey;robert44@example.org;Female;28/01/2001;French Polynesia
1310;Larry Mcgrath;kristin93@example.org;Male;16/03/1967;Heard Island and McDonald Islands
1311;Alexander Watson;michael78@example.com;Male;22/12/1994;Germany
1312;Dr. Dawn Hernandez;anna73@example.org;Male;08/08/1993;New Zealand
1313;David Turner;tonyawoods@example.org;Male;30/08/1957;Malta
1314;Susan Rodriguez;rwilson@example.net;Male;24/01/2007;Falkland Islands (Malvinas)
1315;Patrick Maldonado;woodsmichelle@example.com;Female;15/04/2001;British Virgin Islands
1316;Wendy Fisher;dodsontanner@example.net;Female;21/08/1979;Indonesia
1317;Thomas Spence;nathanpham@example.net;Female;29/12/1993;Denmark
1318;Nicole Roberts;spencerjared@example.org;Male;12/01/1973;Afghanistan
1319;Jesse Dunn;curtis95@example.org;Male;21/03/1977;Western Sahara
1320;Ethan Salas;trevor31@example.org;Female;02/12/2006;Indonesia
1321;Geoffrey Braun;michaelrobinson@example.net;Female;27/09/1988;Poland
1322;Cassandra James;steelekatie@example.com;Female;03/08/1980;Cayman Islands
1323;John Guerrero;amandahorn@example.org;Male;10/01/1972;Madagascar
1324;Andrew Zimmerman;debrareyes@example.net;Male;14/04/1973;Equatorial Guinea
1325;Warren Flores;michael14@example.com;Female;10/06/1993;Saint Kitts and Nevis
1326;David Leonard;ryanbarnes@example.net;Male;07/11/1979;Albania
1327;Stephanie Flores;gallen@example.com;Female;20/03/1983;Turkey
1328;Noah Stanton;marcus05@example.net;Female;03/10/1987;Lebanon
1329;Joshua Martin;nathan90@example.net;Female;05/11/1980;Sri Lanka
1330;Kevin Pena;jessica96@example.org;Female;21/03/1982;Christmas Island
1331;Jeff Anderson;brian10@example.net;Female;23/08/1970;Bolivia
1332;Amanda Alvarez;brownmadeline@example.org;Male;20/05/1994;Finland
1333;Donna Butler;mirandajames@example.net;Male;12/12/2006;Fiji
1334;Rebecca Austin;yharris@example.org;Male;29/01/1961;Chad
1335;Alex Perez;oramirez@example.net;Male;10/02/2000;Australia
1336;Kathryn Johns;hernandezdustin@example.org;Female;25/05/1987;Lebanon
1337;William Lee;josephburton@example.org;Female;18/04/1995;Brazil
1338;Billy Ramirez;ashleydavis@example.org;Male;10/07/1977;Holy See (Vatican City State)
1339;Sharon Knapp;hickscody@example.org;Female;27/02/2008;Guatemala
1340;Jennifer Miles;hawkinsrandy@example.com;Male;11/06/1956;Korea
1341;Brooke Hansen;dawn67@example.com;Male;11/04/2006;Luxembourg
1342;Jared Ibarra;mckinneymonica@example.net;Female;24/08/2002;Spain
1343;Charles Kelley;andradejames@example.net;Female;01/07/1978;Belgium
1344;Nicole Castro;michael58@example.com;Female;18/07/2001;Germany
1345;Lauren Singh;rachelcook@example.com;Male;28/10/1959;Kazakhstan
1346;Karen Jones;jwilliams@example.com;Male;31/08/2008;Tonga
1347;Melissa Gomez;woodjonathan@example.com;Female;12/01/1964;Qatar
1348;Gwendolyn Briggs;adam32@example.net;Male;25/03/1973;Samoa
1349;William Henderson DDS;hardinjoshua@example.com;Female;22/11/1971;Malaysia
1350;Tara Hill;jason87@example.net;Female;12/10/1991;Myanmar
1351;Eric Sanchez;derrickalvarado@example.org;Female;10/06/2004;Kazakhstan
1352;Michael Palmer;barnesleonard@example.com;Male;31/01/1991;Thailand
1353;Ashley Jackson;lorigutierrez@example.net;Male;17/01/1990;Wallis and Futuna
1354;Matthew Chavez;lgillespie@example.com;Male;21/10/1984;Romania
1355;Barbara Wells;ymoore@example.net;Female;07/06/2001;Slovenia
1356;Jennifer Christian;paul44@example.net;Male;06/04/1994;Pitcairn Islands
1357;Shane Hernandez;nashmichael@example.org;Female;24/05/1975;Cape Verde
1358;Ryan Norton;michaelchambers@example.net;Male;05/08/1966;Saudi Arabia
1359;Stacey Espinoza;victor05@example.net;Male;28/07/1956;North Macedonia
1360;Jerry Robertson;vwilkins@example.net;Female;29/03/1986;Guernsey
1361;Denise Rivers;latoyawilliams@example.com;Female;29/03/1982;Argentina
1362;Evan Hartman;jenniferberry@example.com;Female;14/08/1986;Algeria
1363;Michael Hamilton;usmith@example.net;Male;13/10/2004;Zimbabwe
1364;Jacob Wilson;qadams@example.net;Female;14/10/1968;Germany
1365;Gina Hunter;samuelkennedy@example.org;Female;28/01/1986;Cuba
1366;Jeremy Salazar;hortonsean@example.org;Female;17/10/1988;Guyana
1367;Shannon Phillips;csingh@example.net;Female;20/06/1959;United States of America
1368;Jacqueline Mills;danderson@example.net;Male;13/03/1985;Chad
1369;Mark Salazar;jwoodard@example.org;Female;28/02/1961;Philippines
1370;Mary Williams;anthonywright@example.com;Male;10/04/1967;Suriname
1371;Tyler Huerta;georgemurillo@example.net;Male;27/05/1988;Kuwait
1372;Pam Velazquez;lisajohnson@example.org;Male;21/12/1997;Montenegro
1373;Madison Myers;anthony59@example.org;Male;26/05/1965;Tokelau
1374;Peter Caldwell;smithkevin@example.org;Male;17/06/2001;Kazakhstan
1375;Andrea Simpson;grichmond@example.com;Male;09/07/1963;Czech Republic
1376;Pamela Martinez;margaretsteele@example.net;Female;09/06/1998;Papua New Guinea
1377;Adam Ross;mathewscassandra@example.com;Female;09/01/1968;Liberia
1378;Amy Benton;amy84@example.org;Female;01/01/1973;Turks and Caicos Islands
1379;Karen Rice;tammyphillips@example.net;Male;11/11/1982;Sweden
1380;Jacqueline Brown;kimberly47@example.org;Male;19/11/1988;Norfolk Island
1381;Logan Wilson;zwalker@example.org;Female;21/05/1994;Japan
1382;Michelle James;rmeyer@example.org;Male;16/08/1977;Afghanistan
1383;Mary Jordan;john46@example.com;Female;03/02/1967;Singapore
1384;Sonya Ray;mosleyrichard@example.com;Male;10/07/1960;Kuwait
1385;Ryan Rodriguez Jr.;gwoodard@example.net;Male;02/02/1984;India
1386;Luis Allen;mark92@example.org;Male;17/08/1989;Mauritius
1387;Victoria Cook;joanne29@example.net;Male;03/09/1965;Korea
1388;Albert Smith;daviddavis@example.net;Male;11/02/1962;Palestinian Territory
1389;Jeremy Wilson;calvinjennings@example.org;Male;21/06/1956;Montenegro
1390;Brian Norris;rossdavid@example.net;Female;16/04/2006;Ethiopia
1391;Jasmine Jones;lewiskevin@example.org;Female;10/05/1982;San Marino
1392;Aaron Moore;rogersabigail@example.com;Male;16/09/1984;Senegal
1393;Tina Mason;hayesalicia@example.net;Female;27/07/1996;Papua New Guinea
1394;Heather Smith;nmitchell@example.com;Female;01/03/1985;Bermuda
1395;Beverly Harmon;wrightpamela@example.org;Female;22/12/1958;Finland
1396;Randy Mcbride;ekelly@example.com;Male;23/09/1975;Madagascar
1397;Yvette Reynolds;martin90@example.org;Female;28/05/1982;Nauru
1398;Bonnie Jackson;tnorris@example.org;Male;16/06/2005;Nauru
1399;Robert Johnson;williamsdavid@example.com;Female;06/01/1960;Tunisia
1400;Ryan Kelly;jhernandez@example.net;Female;19/03/1992;Angola
1401;Stephen Walsh;vcarter@example.org;Female;17/07/2007;Qatar
1402;Crystal Elliott;lindsey37@example.net;Female;04/08/1998;Romania
1403;William Stokes;warejoseph@example.com;Female;21/01/1986;Ireland
1404;Joseph Taylor;olynch@example.com;Female;22/07/1985;Switzerland
1405;Melissa Williams;xcampbell@example.com;Male;15/10/1976;Somalia
1406;Angela Herman;allison08@example.com;Male;25/09/1983;Macao
1407;Tammy Harris;shill@example.com;Female;22/01/1983;British Indian Ocean Territory (Chagos Archipelago)
1408;William Sanchez;amcclure@example.com;Male;09/11/1994;Ethiopia
1409;Tony Gonzalez;carla77@example.com;Male;07/08/2008;Haiti
1410;Chris Macdonald;yreynolds@example.net;Male;24/04/1989;Iceland
1411;Russell Eaton;ohuff@example.com;Male;23/12/1963;Cote d'Ivoire
1412;Christine Anderson;xperez@example.org;Male;15/12/1975;Nicaragua
1413;Bailey Mitchell;michaelwoods@example.com;Male;13/02/1980;United Arab Emirates
1414;Cathy Lawrence;dschneider@example.net;Female;02/01/1993;Cocos (Keeling) Islands
1415;Lance Smith;vincent31@example.org;Male;10/07/1990;Kazakhstan
1416;Dawn Guzman;qguzman@example.org;Male;21/04/1978;French Polynesia
1417;Richard Suarez;uduncan@example.com;Female;20/07/1976;Guatemala
1418;Danielle Moreno;ubush@example.com;Female;07/02/1973;Mali
1419;Adam Wilson;jholland@example.com;Female;03/02/1961;Iraq
1420;Paul Terrell;newtonjerome@example.net;Male;15/12/1979;Angola
1421;Jennifer Whitaker;matthewvelez@example.com;Female;13/12/1958;Finland
1422;Crystal Walton;melindahoffman@example.org;Male;15/06/1976;Greece
1423;Katherine Jones;hdunn@example.org;Male;04/11/1998;Saint Kitts and Nevis
1424;Jason Flynn;lmartin@example.com;Female;11/11/1990;Portugal
1425;William Brock;yrogers@example.net;Male;07/03/2008;French Guiana
1426;Gregory Anderson;eevans@example.org;Female;27/07/1976;British Virgin Islands
1427;Matthew Moore;carterjames@example.net;Male;15/07/1999;Cyprus
1428;Alex Kim;carterjoshua@example.org;Male;22/04/1992;Germany
1429;Jared Dorsey;william02@example.net;Female;16/06/1992;Honduras
1430;Alexandra Merritt;zjohnson@example.net;Male;26/10/2006;Kazakhstan
1431;Ms. Janice Simmons;thomasross@example.org;Female;24/07/1974;Congo
1432;Willie Riddle;randy07@example.org;Female;24/09/1964;Netherlands Antilles
1433;Anna Garrett;sreese@example.com;Female;11/10/1958;Faroe Islands
1434;Amy Villarreal;gnewman@example.org;Male;04/09/1961;Guernsey
1435;Jonathan Chavez;michael90@example.com;Male;04/12/1977;Benin
1436;Vincent Ortiz;marksnathan@example.net;Female;06/05/1982;Iceland
1437;Jeremy Kerr;todd98@example.com;Female;29/11/1977;Palestinian Territory
1438;Joel Wright;collinsdouglas@example.net;Female;14/06/1987;Belarus
1439;Jay Ross;gwendolyn47@example.net;Female;29/09/2002;Bahamas
1440;Nicole Gonzales;brettmason@example.com;Female;25/01/1987;Anguilla
1441;Andrea Vaughn;rebeccachavez@example.net;Male;18/02/1970;Tokelau
1442;Brittany Robinson;christopher42@example.org;Male;21/04/1975;Andorra
1443;Kathryn Williams;ucalderon@example.com;Male;19/09/1955;Qatar
1444;Michael Baker;michaelsalinas@example.net;Male;17/11/2001;Philippines
1445;Mary Wise;amanda12@example.com;Male;30/03/1957;Guatemala
1446;Nicholas Stewart;mirandadorothy@example.net;Female;05/05/1997;Peru
1447;Anna Smith;ashley89@example.com;Male;24/11/2003;Timor-Leste
1448;Kevin Thompson;stephaniethompson@example.net;Female;14/03/1964;Belize
1449;Theresa Stevens;fergusondavid@example.org;Female;16/01/1966;American Samoa
1450;Marc Martin;rebeccawalsh@example.com;Male;22/02/1986;Mayotte
1451;Stephanie Todd;kathleen07@example.net;Female;06/09/1998;Cape Verde
1452;Evan Lopez;luis31@example.org;Female;07/04/1985;Libyan Arab Jamahiriya
1453;Eric Murphy DVM;criggs@example.com;Male;05/02/1996;Azerbaijan
1454;Dustin Aguilar;danielmclaughlin@example.org;Female;24/04/1973;Gambia
1455;Timothy Case;patrick08@example.com;Female;08/02/1983;Rwanda
1456;John Pugh;donaldsontaylor@example.com;Male;27/09/1994;Malta
1457;Theresa Moore;jonathon28@example.com;Female;05/10/1969;Swaziland
1458;Andrew Cooper;sherryjohnson@example.com;Female;17/03/1960;Sri Lanka
1459;Nathan Anderson;jeffreyholt@example.net;Male;10/11/1966;Guinea-Bissau
1460;Elizabeth Watkins;james34@example.com;Female;16/03/1991;Qatar
1461;Pamela Rogers;qharvey@example.org;Female;08/01/1980;Tunisia
1462;Christina Aguilar;amanda29@example.org;Male;16/06/2007;Guam
1463;Kristine Fry;garciakarina@example.net;Male;10/10/1960;France
1464;Benjamin Rowland;samantha75@example.com;Male;12/04/2003;Suriname
1465;Rebekah Coleman;meyermichael@example.org;Female;28/01/1991;Bangladesh
1466;Yesenia Russell;loganmoreno@example.org;Female;28/03/1966;Australia
1467;Andrew Porter;wtorres@example.org;Female;16/08/2008;Bangladesh
1468;Elizabeth Wolfe;christina83@example.org;Female;02/03/2006;Grenada
1469;Mr. Michael Roberts Jr.;klambert@example.com;Male;18/06/2002;Sudan
1470;Megan Williams;dillonwatkins@example.com;Female;14/05/2002;Nauru
1471;Shelly Castro;april77@example.com;Male;05/12/1996;Luxembourg
1472;Adam Thompson;johnsonchristina@example.org;Male;22/07/1985;Bouvet Island (Bouvetoya)
1473;Shawn Burns;williambates@example.com;Male;05/03/1996;Central African Republic
1474;William Hall;kruegerlisa@example.com;Female;08/12/1986;Chile
1475;Edward Harris DVM;wardanne@example.com;Female;20/06/1990;Uganda
1476;Stephanie Johnson;otorres@example.net;Female;17/06/1975;Iraq
1477;Mr. Bryan Prince;mackrebecca@example.net;Female;05/06/1999;Azerbaijan
1478;Michael Johnson;ricardo53@example.org;Female;02/03/1994;Qatar
1479;Jennifer Love;adrian63@example.org;Male;01/06/1964;Romania
1480;Daniel Mcconnell;lstanton@example.com;Female;16/12/1961;Cambodia
1481;Jared Sanchez;wcastro@example.net;Male;26/05/1972;Denmark
1482;Mr. Kevin Pineda;sbarnett@example.org;Female;11/04/1979;Cyprus
1483;Samantha Miller;brandon70@example.com;Male;20/05/1968;Indonesia
1484;Vanessa Thomas;kirsten30@example.org;Female;19/06/1982;Macao
1485;Christine Williams;courtney70@example.net;Male;20/05/1993;Portugal
1486;Patricia Stanley;xbrown@example.net;Female;05/01/1962;Korea
1487;Michelle Walter;mcdanielyvonne@example.net;Female;05/05/1980;Australia
1488;Pedro Mccullough;riveracraig@example.org;Female;28/03/1998;Botswana
1489;James Rodriguez;tmason@example.com;Male;11/08/1983;Monaco
1490;Michael Small;ariel62@example.org;Female;11/10/1995;Saint Kitts and Nevis
1491;Adam Mills;pattersonjoseph@example.com;Male;16/11/1961;Guyana
1492;Anthony Burns;ramirezkyle@example.org;Male;10/12/1967;Belize
1493;Cindy Sanchez;savannahspears@example.org;Female;17/12/1997;Philippines
1494;Michael Ryan;hicksjasmine@example.net;Female;14/06/1984;Bermuda
1495;Cynthia Farmer;anndecker@example.net;Female;31/12/1978;Myanmar
1496;Eddie Guerrero;stewartterri@example.com;Male;23/08/1987;Saint Lucia
1497;Kaitlin Fuentes;brett36@example.org;Female;01/11/1994;Panama
1498;Vanessa Walker;pricetina@example.org;Male;27/12/2002;Georgia
1499;Daniel Williams;johnsonsierra@example.net;Male;04/02/1965;Ethiopia
1500;Terrance Joseph;amcintyre@example.org;Male;07/07/1992;Saint Pierre and Miquelon
1501;James Hill;hillmargaret@example.org;Female;15/08/2007;Saint Helena
1502;Angela Cobb;michael55@example.net;Male;22/02/2005;British Virgin Islands
1503;Joshua Ho;bdyer@example.net;Male;29/07/1967;Japan
1504;Norma Gonzales;vanessa70@example.com;Male;24/05/1967;Venezuela
1505;Brittany Zimmerman;allison44@example.org;Female;28/06/2004;Cuba
1506;Heather Fisher;meganmcdowell@example.com;Female;17/11/1990;Grenada
1507;Lindsay Fuentes;kimberlygriffith@example.com;Male;12/04/1982;Portugal
1508;Dominique Henderson;briangriffin@example.com;Female;22/11/1981;Cambodia
1509;Rebecca Andrews;foxlaura@example.net;Female;20/03/1999;Mauritania
1510;Kathleen Johnston;lwilliams@example.net;Female;25/06/1985;Dominica
1511;Lisa Lee;qdodson@example.net;Male;01/12/1980;Saint Martin
1512;Mary Phillips;lcole@example.com;Female;30/09/1965;Korea
1513;Diana Martin;amyarmstrong@example.com;Female;13/11/1994;Ethiopia
1514;Betty Holden;lewisrenee@example.net;Male;15/04/1986;Algeria
1515;Jennifer Bell;nobleaustin@example.net;Female;28/07/2000;Liberia
1516;Paul Anderson;hthompson@example.com;Male;06/04/1972;Guernsey
1517;Tonya Johnson;douglas81@example.com;Female;22/05/2001;Sao Tome and Principe
1518;Angela Rojas;drush@example.org;Male;01/03/1976;Saint Lucia
1519;Amy Chambers;cindy75@example.org;Male;11/01/1999;Guyana
1520;James Harris;kathrynphillips@example.com;Male;13/06/1990;Eritrea
1521;Eric Hall;tnolan@example.net;Male;25/09/1961;United Arab Emirates
1522;Jacob Salazar;icoleman@example.com;Female;25/11/1992;Bahamas
1523;Yvette Rodriguez;stevenarnold@example.net;Male;06/10/1963;British Indian Ocean Territory (Chagos Archipelago)
1524;Jennifer Marshall;rowematthew@example.org;Male;06/06/1972;Guernsey
1525;Danielle Kidd;frobbins@example.com;Female;13/04/1986;Benin
1526;Terry Hill;isaiahshannon@example.com;Female;23/11/1981;Grenada
1527;Matthew Moore;hannah17@example.net;Male;22/09/1994;Singapore
1528;Susan Wilkerson;sanchezjoshua@example.com;Female;22/05/1998;Egypt
1529;Sarah Buchanan;twilson@example.com;Female;29/10/1967;Cameroon
1530;Tracy Gonzales;staceygarner@example.org;Female;24/02/1962;Niue
1531;Gabriel Collins;wallacematthew@example.com;Female;29/07/1971;Nicaragua
1532;Stephen Pearson;patrick45@example.com;Male;18/04/1963;Armenia
1533;Shawn Vazquez;gmiller@example.net;Female;03/10/1987;Fiji
1534;Donald Simpson;melvinkennedy@example.net;Female;20/07/1984;Iceland
1535;Chad Stark;ghurst@example.com;Female;18/01/2003;Peru
1536;Daniel Shaw;morrisonnancy@example.org;Male;13/11/1967;Falkland Islands (Malvinas)
1537;Rachel Lang;wduran@example.net;Female;16/03/1971;Kazakhstan
1538;Danny Sosa;simpsonjulie@example.org;Female;24/05/1980;Svalbard & Jan Mayen Islands
1539;John Thompson;churchnicole@example.org;Female;06/09/1981;Holy See (Vatican City State)
1540;Elizabeth Shannon;courtneyvaldez@example.com;Male;30/12/1966;Paraguay
1541;Jennifer Davis;nskinner@example.net;Female;16/08/2003;Falkland Islands (Malvinas)
1542;Joyce Day;cherylrobertson@example.net;Female;26/02/2000;Bulgaria
1543;Joseph Green;kimraymond@example.com;Male;01/09/1984;Moldova
1544;Jennifer Navarro;lynnherrera@example.com;Female;22/10/1975;Norfolk Island
1545;Jodi Castillo;garciadanielle@example.com;Male;19/04/2007;French Southern Territories
1546;Michael Barker;shouston@example.net;Male;10/03/1999;Uzbekistan
1547;Joseph Perkins Jr.;davidgarcia@example.net;Female;20/06/1995;Bhutan
1548;Anna Odonnell;owenphillip@example.net;Female;20/02/1987;New Caledonia
1549;Cindy Harris MD;fmason@example.com;Female;20/07/1978;Suriname
1550;Ronald Contreras;edward46@example.org;Female;19/11/1986;Zimbabwe
1551;Rick Rogers;davidcarter@example.com;Male;10/09/2000;Sierra Leone
1552;Morgan Mills;fchandler@example.com;Female;02/03/1988;French Guiana
1553;Dr. Benjamin Smith;zwilliams@example.com;Female;10/10/2001;Congo
1554;Deborah Garza;jonesalyssa@example.net;Male;31/05/1987;Heard Island and McDonald Islands
1555;Kenneth Simpson;kevinmorrow@example.net;Female;11/10/1957;Malawi
1556;Steven Sanchez;sarahrichard@example.net;Male;09/06/1961;South Georgia and the South Sandwich Islands
1557;Chad Hunt;tcook@example.org;Female;18/01/2005;Jamaica
1558;Kathleen Mendoza;cookjill@example.org;Female;30/01/1970;Gabon
1559;Elizabeth Phillips;andrea07@example.net;Male;05/11/1965;Mayotte
1560;Michael Edwards;guzmansteven@example.org;Male;29/08/1973;Slovenia
1561;Kevin Anderson;knightcheryl@example.com;Female;12/02/1981;Panama
1562;Robert Lane;christopherfernandez@example.com;Female;28/09/1995;Ghana
1563;Nicholas Tapia;stephaniejones@example.net;Male;12/02/1975;Togo
1564;Amber Bernard;kathleenhernandez@example.net;Female;05/03/1957;Kuwait
1565;Erica Burns;brittney91@example.com;Male;25/08/1988;French Guiana
1566;Joanna Johnson;shannonking@example.net;Female;19/08/2004;Equatorial Guinea
1567;Chad Sullivan;kenneth74@example.net;Female;09/03/1970;Brazil
1568;Hailey Vargas;jacobsmith@example.net;Female;10/11/1984;Liechtenstein
1569;Heidi Scott;amandabarry@example.com;Female;20/08/2001;Mali
1570;David Myers;jlarsen@example.net;Male;07/08/1991;Nauru
1571;Philip Hoffman;fkim@example.org;Male;03/07/1988;Bangladesh
1572;Caitlyn Hill;turnerjerry@example.org;Female;03/08/1999;Tajikistan
1573;Aaron Hunt;horneashley@example.net;Male;16/11/1956;Oman
1574;Danielle Craig;lee17@example.com;Female;17/09/1969;Tokelau
1575;Sarah Barber;joseph82@example.org;Female;24/08/1963;Saint Pierre and Miquelon
1576;Antonio Harrell;walkerleonard@example.com;Female;16/09/1967;Bhutan
1577;Katherine Hill;kellydeborah@example.com;Male;27/09/2005;Micronesia
1578;Nicole Castillo;danielle20@example.org;Male;23/01/1994;Isle of Man
1579;Brian Lee;mason19@example.org;Female;11/07/1999;Seychelles
1580;Sharon Jones;webbsylvia@example.com;Female;28/01/1970;Slovakia (Slovak Republic)
1581;Benjamin Phelps;durhamtodd@example.org;Female;20/01/1967;Lebanon
1582;Theresa Duncan;nathan06@example.org;Male;10/11/2007;Uganda
1583;Tammy Walter;nwilliams@example.org;Male;22/05/1983;Egypt
1584;Raven Holmes;annettesalas@example.org;Male;04/08/1980;Indonesia
1585;Cynthia Gaines;teresa09@example.org;Male;06/07/1973;Trinidad and Tobago
1586;Karen Wilson;allenashley@example.net;Female;28/04/1984;Cameroon
1587;Robert Martinez;kboyer@example.net;Female;29/06/1986;Austria
1588;Kimberly Lewis;bradleyvictoria@example.net;Female;21/06/1958;Mexico
1589;Melanie Williams;jgaines@example.net;Female;22/07/1980;Jersey
1590;Zachary Dominguez;powellwilliam@example.org;Female;27/04/1965;Malaysia
1591;Lisa Glover;ethan59@example.org;Female;20/01/2003;Grenada
1592;Elizabeth Daniels;nbowman@example.org;Female;05/09/1988;Gibraltar
1593;Sarah Rivera;laura35@example.com;Male;24/10/2001;Bulgaria
1594;Robert Smith;uwatkins@example.com;Female;27/07/1993;Myanmar
1595;Christopher Farley;arthur48@example.org;Male;21/08/1975;Palestinian Territory
1596;Scott Kennedy;kmarshall@example.com;Male;29/09/2003;Ecuador
1597;Brandon Perkins;vhenry@example.com;Female;12/01/1996;Georgia
1598;Carlos Avila;kimdarryl@example.com;Male;03/01/1985;India
1599;Jason Smith;ewarren@example.com;Female;01/09/1992;Guinea
1600;Nancy Robinson;lball@example.com;Female;16/02/1992;Liechtenstein
1601;Janice Charles;lsanchez@example.net;Male;17/07/1966;Suriname
1602;Susan Jordan;ggonzalez@example.com;Male;05/08/1966;Netherlands
1603;Mary Robertson;thompsonmichelle@example.com;Female;23/01/1981;Syrian Arab Republic
1604;John Elliott;blanchardwendy@example.com;Male;28/05/1970;Mexico
1605;Kristen Garcia;krystalolson@example.com;Male;18/08/1986;Andorra
1606;Amy Taylor;adamstyler@example.org;Male;06/01/2004;Nepal
1607;Haley Logan;iaguilar@example.org;Female;04/01/1983;Angola
1608;Richard Johnston;cartercourtney@example.com;Female;10/03/1998;Bolivia
1609;Jerry Ramirez;alexis97@example.com;Male;26/08/1987;Cayman Islands
1610;Robert Carrillo;brian24@example.org;Male;09/10/1997;Gabon
1611;April Johnson;danielmcdonald@example.net;Male;30/06/2002;Romania
1612;Gary Brennan;lauraalvarez@example.net;Male;25/09/1984;Mayotte
1613;Robin Parker;hturner@example.com;Female;06/04/1983;New Caledonia
1614;Brandon Thomas;maria81@example.com;Female;26/09/1963;Liberia
1615;Richard Christian;yesparza@example.net;Male;22/12/1975;Italy
1616;Peter Willis;dhernandez@example.com;Male;20/09/1961;Morocco
1617;Fred Gallagher;wilkinsonlisa@example.org;Female;04/07/1996;Belgium
1618;Sarah Brady;shane13@example.org;Female;31/05/1976;Argentina
1619;Christina Cochran;emorales@example.com;Female;21/01/2006;Serbia
1620;Jonathan Olson;holly34@example.net;Male;04/03/2005;Suriname
1621;Jamie Carey;brandon52@example.org;Male;27/05/1991;Peru
1622;Parker Kaufman;chadbrown@example.com;Male;18/12/1993;Cote d'Ivoire
1623;Nicholas Warren;jacobmurray@example.net;Female;27/11/1963;Malawi
1624;Heather Warren;dmullen@example.org;Male;30/04/1991;Turkmenistan
1625;Alexis Brown;williamalexander@example.org;Male;03/12/1992;Ukraine
1626;Joseph Sanders;hortontammy@example.org;Female;17/07/1980;Cayman Islands
1627;Dr. Spencer Brown Jr.;richardchandler@example.net;Male;07/09/1965;Jersey
1628;Anthony Hughes;leahdelgado@example.net;Male;04/04/1965;Honduras
1629;Tracey Rivera;karenwilliamson@example.org;Female;22/02/1960;Solomon Islands
1630;David Mccarthy;gjohnson@example.net;Female;04/03/1997;Cook Islands
1631;Amber Anderson;djohnston@example.net;Female;14/07/2006;Monaco
1632;Jonathan Proctor;glindsey@example.com;Male;22/11/1981;France
1633;Barbara Roberts;kreed@example.com;Male;20/11/1987;Kazakhstan
1634;Andrea Patton;kayla96@example.net;Female;14/04/1982;Saint Helena
1635;Elizabeth Taylor;joshua57@example.com;Male;20/05/1985;Uganda
1636;Matthew Wright;whitejames@example.com;Female;11/10/1982;South Georgia and the South Sandwich Islands
1637;Brian Kelly;jessicahunter@example.net;Male;06/05/1958;Egypt
1638;Mary Mitchell;sarah84@example.com;Female;15/11/1979;Australia
1639;Dawn Everett;wilsonadam@example.org;Female;31/05/1978;Cape Verde
1640;Stephen Jackson;blakeandrew@example.org;Male;28/03/1998;Congo
1641;James Roberts;christianbradley@example.com;Female;17/09/1967;Japan
1642;Jay Freeman;jerry58@example.org;Male;16/02/1989;Iraq
1643;Gloria Horton;leahanderson@example.org;Male;15/05/1979;Zambia
1644;Judith Turner;vnichols@example.org;Male;12/12/1966;Northern Mariana Islands
1645;Joseph Carpenter;teresa58@example.com;Male;29/05/1998;Trinidad and Tobago
1646;Curtis Ferguson;anthonyreed@example.net;Female;01/10/1996;Spain
1647;Alexander Martin;lmcintosh@example.com;Male;05/06/1972;Burkina Faso
1648;Allison Huff;charles66@example.org;Male;11/10/2006;San Marino
1649;Nathan Patel;ndominguez@example.org;Male;15/11/1976;Mali
1650;Alyssa Singh;xwilliamson@example.org;Male;01/04/2008;Yemen
1651;Reginald Martin;zoe00@example.net;Female;02/01/1965;Netherlands
1652;Rebecca King;veronicastout@example.com;Male;04/03/2003;Cocos (Keeling) Islands
1653;Sherri Johnson;brubio@example.org;Male;02/02/1995;Mauritius
1654;Bonnie Flowers;misty78@example.net;Male;30/11/1979;Guinea
1655;Joe Morrison;robertjones@example.org;Female;17/10/1960;Saudi Arabia
1656;Megan Mcintyre;schneidersophia@example.com;Male;08/05/2002;Saint Kitts and Nevis
1657;Angela Jenkins MD;marcgreen@example.com;Male;15/04/1963;Armenia
1658;Jeffrey Ferrell;johnkeller@example.org;Female;19/03/2001;Costa Rica
1659;Angelica Sullivan;ghurst@example.net;Female;26/08/1994;Poland
1660;Brian Hamilton;dianarose@example.com;Female;22/02/1996;Ethiopia
1661;Darlene Taylor;moorebrian@example.net;Female;06/12/1981;Sierra Leone
1662;Colin Lynch;rnelson@example.net;Male;21/03/1961;Tunisia
1663;Tami Crawford;qedwards@example.org;Male;03/07/1994;Afghanistan
1664;Ryan Stewart;charles67@example.com;Male;30/03/1956;Svalbard & Jan Mayen Islands
1665;Brandi Miller;wjohnson@example.com;Male;06/09/1986;Ghana
1666;Laura Willis;tshaw@example.net;Male;24/01/1982;Timor-Leste
1667;Joshua Johnson;hallamber@example.org;Female;18/01/1985;Spain
1668;Dawn Howell;patrick55@example.com;Female;09/12/1978;Ecuador
1669;Timothy Gallagher;kcompton@example.net;Male;17/06/1968;Congo
1670;Jason Benson;franklinwesley@example.org;Male;02/09/1990;Hungary
1671;Angela Vargas;jnorton@example.net;Male;17/11/1982;Netherlands Antilles
1672;James Miller;xalexander@example.com;Male;18/01/1993;Lebanon
1673;Amber Rivera;usanders@example.net;Female;08/08/2006;Zambia
1674;Justin Martinez;andre78@example.com;Male;10/06/1984;Egypt
1675;Timothy Fitzpatrick;alee@example.org;Female;29/12/1958;Niger
1676;Nancy Elliott;justin33@example.org;Male;13/10/1984;Slovakia (Slovak Republic)
1677;Daniel Ward;willisnancy@example.net;Male;08/07/1965;Malta
1678;Justin Oneill;pbailey@example.org;Female;27/01/1988;New Caledonia
1679;Donald Mendoza;lisa15@example.com;Male;21/04/1981;Saint Kitts and Nevis
1680;Noah Hernandez;tprice@example.com;Male;05/02/1991;Equatorial Guinea
1681;Lauren Collins;sgonzalez@example.com;Male;05/03/1983;Kiribati
1682;William Parker;justintorres@example.com;Male;12/10/1982;Tonga
1683;Devin Lam;jcox@example.net;Male;10/09/1979;Turkmenistan
1684;Heather Alvarez;richardchapman@example.com;Male;02/09/2005;Hong Kong
1685;Kevin Hubbard;hwright@example.com;Male;23/06/2005;Sweden
1686;Denise White;jennaowens@example.net;Male;29/09/2003;Bosnia and Herzegovina
1687;Timothy Burns;cynthiachase@example.net;Male;30/08/2000;Nigeria
1688;Barbara Roberts;lisa42@example.com;Female;27/07/1971;Iraq
1689;Rebecca White;lwebster@example.org;Male;07/06/1976;Mongolia
1690;Steven Mayo;williamsclifford@example.org;Female;24/10/1971;Sweden
1691;Amanda Kennedy;jacobsonmichael@example.net;Male;06/12/1956;Spain
1692;Heidi Walker;milleramy@example.com;Female;21/04/1995;French Guiana
1693;Cole Petersen;andersonryan@example.org;Male;10/08/2003;Northern Mariana Islands
1694;Stephen Dickerson;ufoster@example.com;Female;24/05/1996;Qatar
1695;Bailey Lewis;amyjones@example.org;Female;26/02/1967;Spain
1696;Sheila Hill;davidallen@example.net;Female;01/04/1982;Central African Republic
1697;Sean Cox;brian98@example.net;Male;11/12/1962;Isle of Man
1698;Charles Mccarthy;laura55@example.net;Male;17/02/1990;Qatar
1699;Yvonne Yoder;robertlandry@example.net;Female;09/12/1980;Czech Republic
1700;Sean Underwood;alexandria85@example.net;Female;23/03/2000;San Marino
1701;Sean Jones;josephzimmerman@example.net;Male;12/03/1991;Macao
1702;Michelle Holmes;uwade@example.com;Female;14/09/2007;Tokelau
1703;Kelly Robertson;mariasullivan@example.net;Female;23/06/1957;Burundi
1704;Eric Dodson;ashleylopez@example.org;Male;19/09/1983;Mozambique
1705;John Collins;pinedaelizabeth@example.com;Male;15/06/1960;Guinea-Bissau
1706;Ryan Harris;elizabethtaylor@example.org;Male;22/01/1999;China
1707;Samantha Forbes;ambersanchez@example.com;Male;03/10/1958;Moldova
1708;Joseph Fields;tylerstephen@example.org;Female;19/10/2005;Italy
1709;Paul Coleman;linda51@example.org;Male;08/10/1992;Bangladesh
1710;Kevin Holland;reynoldstimothy@example.net;Male;20/07/1964;Greenland
1711;Jason Morrow;rreyes@example.com;Female;13/02/2008;Namibia
1712;Trevor Norris;ihall@example.net;Male;03/05/1999;Namibia
1713;Stuart Gomez;kevinwilson@example.net;Male;01/05/1980;Senegal
1714;Raymond Jones;qcruz@example.net;Male;02/05/1974;Macao
1715;Mary Turner;codyandrews@example.com;Male;25/11/2004;Denmark
1716;William Turner;robert21@example.org;Male;20/01/1956;Kenya
1717;Charles Kent;daniel06@example.org;Female;15/01/2005;Spain
1718;Tony Lane;dixonpeter@example.net;Female;28/11/1974;Pitcairn Islands
1719;Rhonda Davis;nicholas11@example.net;Female;20/12/1971;Sweden
1720;Nicole Salinas;igardner@example.org;Female;29/07/1974;Tunisia
1721;Kenneth Day;otorres@example.net;Female;02/02/1982;Nicaragua
1722;Thomas Jenkins;thall@example.net;Female;03/03/1957;Cameroon
1723;Patricia Clarke;halexander@example.net;Female;28/05/1966;Madagascar
1724;Jason Roy;daniellejordan@example.com;Male;21/11/1958;Seychelles
1725;Sierra Hopkins;charles69@example.net;Male;04/11/1987;Nauru
1726;Christine Johnson;mcooper@example.com;Male;20/09/1988;Martinique
1727;Robert Lee;davidflores@example.org;Female;29/03/1964;Malawi
1728;Kenneth Irwin;petersmith@example.org;Female;04/10/1976;Antigua and Barbuda
1729;Raven Bean MD;maurice43@example.net;Male;11/04/1960;Haiti
1730;Valerie Clark;alfred10@example.com;Male;11/04/1992;Costa Rica
1731;Tiffany Atkinson;johnnycohen@example.com;Male;27/07/1968;Yemen
1732;Jeffrey Bell;rpeterson@example.com;Female;30/05/2001;Bosnia and Herzegovina
1733;Tyler Rodgers;gbowers@example.org;Female;15/03/2003;Congo
1734;Michael Davidson;lglover@example.com;Male;07/07/1971;Suriname
1735;Sara Wright;jillian10@example.com;Male;15/10/1976;Madagascar
1736;Michaela Singleton;bkerr@example.net;Male;08/10/1998;Zimbabwe
1737;Julie Rosario;charles48@example.com;Female;17/06/1978;Holy See (Vatican City State)
1738;Kevin Reed;michael68@example.com;Female;10/09/1989;Saint Martin
1739;Anthony Robinson;igonzalez@example.com;Female;04/03/1987;Reunion
1740;Kimberly Johnson;fwright@example.com;Male;06/10/1979;North Macedonia
1741;Amanda Edwards;michael32@example.org;Male;21/02/1997;Saint Kitts and Nevis
1742;Jordan Savage;hicksxavier@example.org;Female;03/10/1955;North Macedonia
1743;Jonathan Price;amandayoung@example.com;Male;02/04/1991;Italy
1744;Rachel Ford;hharper@example.net;Male;14/09/2004;Netherlands
1745;Michele Martin;carpenterzachary@example.org;Female;28/11/1994;Peru
1746;Christina Floyd;tlee@example.net;Male;09/08/2001;Dominican Republic
1747;William Cummings;vasquezholly@example.net;Male;21/02/2000;Niger
1748;Joshua Montoya;wdyer@example.net;Female;21/10/1990;Pitcairn Islands
1749;Gregory Espinoza;russellowens@example.net;Male;07/07/2006;Portugal
1750;Kayla Rivera;danieljessica@example.org;Male;21/09/1967;Mali
1751;Eileen Banks;james68@example.com;Female;15/11/2007;France
1752;Daniel Parker;nelsonfelicia@example.net;Female;26/11/1967;Georgia
1753;Michael Williams;emiller@example.net;Female;12/05/1992;Saint Helena
1754;Donna Rose;brittany47@example.com;Female;23/11/1978;Moldova
1755;Leon Luna;burtonjose@example.com;Female;21/06/1983;Wallis and Futuna
1756;Alicia Hernandez;brandon44@example.com;Male;14/11/1969;Rwanda
1757;Jacqueline Simmons;rosscourtney@example.net;Male;01/02/1990;Slovenia
1758;Jay Reeves;cjohnson@example.com;Female;02/01/1958;Kiribati
1759;Nancy Davidson;bcampbell@example.org;Female;21/01/2003;Cape Verde
1760;Ryan James;crosssherri@example.org;Female;27/08/1977;Benin
1761;Kristen Williams;kingdesiree@example.com;Female;13/10/1966;Gibraltar
1762;Jennifer Miller;bradley52@example.net;Male;21/05/2004;Bulgaria
1763;Samantha Flores;sharvey@example.com;Female;08/01/1975;Italy
1764;April Joseph;diane37@example.net;Male;06/03/1986;Swaziland
1765;Shawn Walsh;seangreen@example.com;Male;29/10/2000;Mozambique
1766;Jared Glenn;nnielsen@example.net;Male;27/11/1955;Nicaragua
1767;Lisa Raymond;adamlee@example.org;Female;26/03/2003;Sweden
1768;Amy Thompson;daniel77@example.com;Male;07/01/2007;China
1769;Colleen Woods;stevengonzalez@example.net;Female;15/01/2002;Honduras
1770;Ronald Collins;angelica63@example.org;Male;05/11/1996;Japan
1771;David Parker;natalie65@example.net;Male;27/08/1973;India
1772;James Middleton;fsantiago@example.net;Male;07/02/1999;Malawi
1773;George Dominguez;mileslindsey@example.net;Female;24/08/1965;Taiwan
1774;Corey Moyer;ryan73@example.org;Female;29/12/1981;Nigeria
1775;Mariah Collier;nstevens@example.com;Female;07/09/1964;Georgia
1776;Jessica Burke;schwartzmary@example.net;Male;02/11/1979;Falkland Islands (Malvinas)
1777;Rick Rodriguez;denise48@example.net;Female;07/11/2003;Northern Mariana Islands
1778;Robert Daniel;petersonnicole@example.net;Female;09/08/1972;Chad
1779;Eric Wagner;lewisfrank@example.com;Female;08/06/1958;Zambia
1780;Katie Gibson;andersonholly@example.org;Female;10/10/1977;Macao
1781;Russell Simmons;raymond10@example.com;Female;16/03/2007;Angola
1782;Michelle Nelson;ierickson@example.org;Female;29/10/2005;Indonesia
1783;Shawn Perez;scottkimberly@example.org;Male;26/12/1991;Benin
1784;Jeffrey Friedman;petersonbrian@example.net;Male;03/12/1973;Cape Verde
1785;Crystal Contreras;chouse@example.org;Male;04/10/1960;Morocco
1786;Nancy Russell;rbartlett@example.org;Male;24/05/1987;Moldova
1787;Michael Smith;jennymiller@example.com;Female;06/06/1982;Switzerland
1788;Richard Vega;rodrigueztyler@example.net;Female;14/03/1992;Pitcairn Islands
1789;Steven Smith;martinezchad@example.net;Male;28/09/1986;Switzerland
1790;Jason Roberts;john82@example.com;Male;05/04/1980;Vietnam
1791;Bonnie Jordan;margaretbarr@example.com;Female;19/06/1989;Rwanda
1792;Wanda Madden;nicolenelson@example.org;Female;16/09/1965;Kiribati
1793;Tyler Howe;kelleyalison@example.org;Male;17/09/1955;Sweden
1794;Tiffany Whitehead;mahoneymatthew@example.org;Male;11/06/1968;Turkey
1795;Joshua Miller;jeffery72@example.org;Female;17/11/1982;Austria
1796;Elizabeth Kelly;jordanrichard@example.net;Female;06/09/1959;Libyan Arab Jamahiriya
1797;Victoria Romero;bryantmark@example.com;Female;02/04/1964;North Macedonia
1798;Austin Wilson;david32@example.org;Male;28/07/1991;Estonia
1799;Daniel Gardner;travisturner@example.net;Male;19/02/1991;El Salvador
1800;Cristina Hensley;jacksonanna@example.net;Male;14/02/1997;Sao Tome and Principe
1801;David Dennis;davilaemily@example.com;Female;08/04/1984;Bhutan
1802;Margaret Walker;herreragail@example.net;Female;19/02/1957;Norway
1803;Charles Hanson;emilyfrancis@example.com;Male;13/06/1974;Barbados
1804;Jason Smith;jonathanlindsey@example.com;Female;04/03/1988;Bouvet Island (Bouvetoya)
1805;Kathryn Duarte;bferguson@example.com;Female;17/10/1998;Venezuela
1806;Taylor Herring;joshuamoreno@example.org;Male;30/05/1995;Saint Pierre and Miquelon
1807;Cody Phelps;lacey39@example.org;Female;21/08/1977;Ukraine
1808;Alexander Martinez;austin24@example.com;Female;19/06/1997;Angola
1809;Wayne Gibson;jonathon95@example.net;Female;24/04/1991;Serbia
1810;Christina Burnett;catherinelamb@example.com;Female;19/03/2003;Montenegro
1811;Eric May;breannaschwartz@example.net;Male;06/03/1979;Saint Martin
1812;Megan Kennedy;holmesmelissa@example.com;Female;21/11/1972;Mayotte
1813;Kevin Morgan;laura33@example.net;Female;30/07/1986;Georgia
1814;Monica Phillips;ymiles@example.com;Male;08/02/1999;Iran
1815;Teresa Butler;drakebradley@example.com;Male;29/09/1983;Czech Republic
1816;Samantha Mcmahon;kimalexandra@example.net;Female;19/04/1973;Saint Vincent and the Grenadines
1817;Victoria Morris;russelldillon@example.net;Male;03/11/1974;Syrian Arab Republic
1818;Jose Nelson;bwallace@example.org;Male;04/10/1959;Madagascar
1819;Connie Mckenzie;hjones@example.org;Male;19/04/1988;Anguilla
1820;Andrew Powell;kristin89@example.org;Female;11/06/1987;Puerto Rico
1821;Sabrina Peters;ericcook@example.org;Male;20/03/2007;Christmas Island
1822;Gabriel Diaz;rdunn@example.net;Female;07/11/1980;Lithuania
1823;Thomas Gray;luke34@example.org;Female;16/05/1995;Central African Republic
1824;Tiffany Price;pruittamy@example.net;Male;12/07/1962;United Arab Emirates
1825;Jonathan Davis;alyssa74@example.org;Female;06/11/1974;Taiwan
1826;Jacqueline Arias;kylieperez@example.com;Female;08/11/1967;Venezuela
1827;Rebecca Hughes;lauriegregory@example.com;Female;28/02/1998;Barbados
1828;Lisa Melton;ibarralaura@example.org;Male;02/07/1983;Switzerland
1829;Morgan Manning;marshsarah@example.com;Male;07/10/1965;New Caledonia
1830;Tammy Mccormick;cunninghamamanda@example.com;Female;16/07/1988;Liberia
1831;Jared Jones;andres16@example.org;Female;09/11/1985;Rwanda
1832;Matthew Mendoza;zscott@example.net;Male;25/11/1955;Uganda
1833;Meghan Salazar;jeffery09@example.org;Male;04/01/1986;Tuvalu
1834;Jared Anderson;fordjared@example.org;Male;21/01/2006;Malawi
1835;Samuel James;qmiller@example.net;Female;14/08/1993;Isle of Man
1836;Gwendolyn Wilkins;joshua48@example.com;Female;18/05/1971;Saint Barthelemy
1837;Carlos Arroyo;vancedawn@example.com;Male;29/04/1969;Yemen
1838;Kylie Peterson;bonniecarter@example.org;Male;01/01/2007;Ireland
1839;James Waters;pbartlett@example.com;Male;01/06/2000;Tunisia
1840;Brett Brown;sabrinacasey@example.com;Male;23/07/1980;Brunei Darussalam
1841;Todd Rodriguez;mejiajacob@example.com;Female;28/06/1956;Saint Vincent and the Grenadines
1842;Matthew Jennings;lowerussell@example.org;Male;01/05/1964;Kiribati
1843;Lori Moore;stevenalexander@example.com;Male;17/12/1962;Romania
1844;Mitchell Davies;meaganjacobs@example.com;Female;23/06/2001;Hong Kong
1845;Dana Schneider;ruizdanielle@example.net;Female;24/09/1966;Wallis and Futuna
1846;Peter Taylor;gberry@example.org;Female;03/01/1991;United Arab Emirates
1847;Kelly Lopez;huntvictoria@example.org;Female;21/11/1986;India
1848;Jeffrey Holder;crystal49@example.com;Female;10/08/1999;Spain
1849;Ryan Benson;squinn@example.org;Female;12/06/1991;Philippines
1850;Shannon Miller;isanders@example.com;Female;30/07/1961;Sudan
1851;Brian Zavala;zmaxwell@example.net;Male;20/01/1965;Romania
1852;David Miller;parkerchristina@example.org;Male;23/08/1981;Ecuador
1853;Rebecca Taylor;amanda55@example.net;Male;01/11/1959;Western Sahara
1854;Lisa Strickland;christina43@example.com;Male;21/12/1980;Spain
1855;William Fisher;ujohnson@example.net;Female;19/05/1991;Ukraine
1856;Alexander Hughes;brendan45@example.org;Female;07/03/1985;Vietnam
1857;Chloe Blair;djackson@example.org;Male;19/04/1991;British Virgin Islands
1858;Elijah Meyer;jennifermorales@example.com;Female;17/02/1970;Norway
1859;Michael Bush DDS;sandravasquez@example.org;Male;01/09/1999;Papua New Guinea
1860;Douglas Mccoy;watkinscrystal@example.com;Female;20/07/2008;Monaco
1861;Allison Wilson;yvette66@example.org;Male;17/12/1961;Slovenia
1862;Annette Quinn;annhawkins@example.com;Female;24/07/1975;Solomon Islands
1863;Robert Nunez;dennistimothy@example.net;Female;06/02/1978;Nigeria
1864;Debra Morris;lbennett@example.net;Male;06/07/1982;France
1865;Brandy Leach;larry47@example.net;Male;05/10/2005;Cote d'Ivoire
1866;Karen Green;duncanjon@example.org;Female;18/08/1959;Isle of Man
1867;Christopher Norris;eblanchard@example.org;Male;09/01/1966;Solomon Islands
1868;William Tate;ipaul@example.com;Male;19/08/2001;Vietnam
1869;Joel Marshall;dannylyons@example.org;Male;21/08/1969;Argentina
1870;Jason Wood;sweeneyjanice@example.net;Male;31/07/1975;Guinea
1871;Jessica Gonzalez;jenniferarmstrong@example.org;Male;03/04/1998;Finland
1872;Crystal Robinson;cbooth@example.net;Male;11/11/1994;Tonga
1873;Robert Rocha;castillojon@example.com;Female;15/12/1985;Japan
1874;Leslie Williams;patricia42@example.com;Female;08/01/1978;Ghana
1875;Trevor Smith;cynthiawatkins@example.net;Male;16/07/1996;Paraguay
1876;Linda Aguilar;brownjeanette@example.net;Female;20/02/1972;Burundi
1877;Scott Burton MD;qsalazar@example.org;Male;21/12/1960;Greenland
1878;Jesus Moore;baldwinruth@example.com;Male;05/04/1958;Vietnam
1879;Laurie Bradley;kurtjohnson@example.com;Male;07/12/1976;Costa Rica
1880;Christopher Powers;ashley43@example.org;Female;29/10/1977;Timor-Leste
1881;Cristina Williams;odaniel@example.net;Male;27/06/1998;Saint Kitts and Nevis
1882;David Blake;alexandrawilliams@example.org;Male;08/03/2008;Saint Pierre and Miquelon
1883;Cynthia George;tracybyrd@example.com;Male;18/01/1982;Honduras
1884;Phillip Jones;pochoa@example.net;Female;19/10/1987;Turkmenistan
1885;Mark Green;emeyer@example.net;Female;09/12/2007;Bangladesh
1886;Rodney Scott;zwilkins@example.com;Male;22/03/1981;Australia
1887;Jeffrey Odonnell;reedelizabeth@example.net;Male;13/07/1978;Bulgaria
1888;Kyle Farmer;sjones@example.org;Female;14/12/2006;Bangladesh
1889;Kristen Brown;sylvia94@example.com;Male;06/02/1985;Grenada
1890;Richard Gentry;nicholas00@example.net;Male;27/05/1987;Malawi
1891;Sophia Rogers;gary84@example.com;Female;20/05/1967;Faroe Islands
1892;Dylan Walker;williamlee@example.net;Female;12/10/1987;Belarus
1893;Willie Brock;andradedawn@example.net;Male;15/03/1968;Brazil
1894;Christina Joseph;melissalee@example.com;Male;24/09/2007;Nepal
1895;Anthony Brown;alexandercarol@example.org;Female;24/04/1981;Saint Barthelemy
1896;Andrea Vega;jonathan36@example.net;Female;16/04/1997;North Macedonia
1897;Michael Smith;cboyer@example.org;Female;19/03/1991;Taiwan
1898;Mary Wilson;bstewart@example.org;Female;16/08/1979;Haiti
1899;David Walsh;williamsjessica@example.net;Male;14/09/1979;Grenada
1900;Brenda Nicholson;reyeswendy@example.com;Male;23/09/1999;South Georgia and the South Sandwich Islands
1901;Christian Taylor;amandapierce@example.org;Female;05/05/1965;Oman
1902;Sara Koch;krystal18@example.org;Female;04/04/1967;Madagascar
1903;Gina Navarro;brittney45@example.org;Female;09/01/1979;Namibia
1904;Elizabeth Thornton;tina40@example.com;Female;16/06/1978;Sudan
1905;Lisa Merritt;johnsoncrystal@example.com;Female;08/03/1963;North Macedonia
1906;Kimberly Erickson;estesjennifer@example.com;Male;02/05/1987;Hungary
1907;Carol Parker;gsmith@example.net;Female;01/07/1963;Malta
1908;Yolanda Porter;sarah84@example.org;Male;04/05/1996;Yemen
1909;Theresa Jackson;wongchristian@example.com;Male;03/11/1985;Norway
1910;Alicia Haynes;harrisalex@example.com;Female;11/02/1956;North Macedonia
1911;James Smith;arthur78@example.com;Male;11/02/1956;Norfolk Island
1912;Kimberly Schultz;bensondominique@example.net;Female;29/06/2002;Jamaica
1913;Pamela Cuevas;sanchezlaura@example.net;Male;24/03/1982;Switzerland
1914;Christopher Kline;lblack@example.com;Male;13/06/1979;Bosnia and Herzegovina
1915;Dr. Samuel Mcdonald;tgilbert@example.com;Female;29/01/1981;South Georgia and the South Sandwich Islands
1916;Jenna Brown;zcalhoun@example.net;Male;30/08/1974;Mayotte
1917;Mark Kane;danielhart@example.org;Male;22/12/2000;Ecuador
1918;Mary Bennett;vsmith@example.org;Male;28/01/1957;Morocco
1919;Mallory Lee;stephenmedina@example.org;Female;07/07/2003;Andorra
1920;Christine Norris;nicole65@example.net;Female;21/10/1995;Saint Vincent and the Grenadines
1921;Chase Weber;hensonmike@example.org;Male;05/08/1973;Bermuda
1922;Wendy Hardy;nicholas45@example.org;Female;09/06/2000;United States Virgin Islands
1923;Douglas Weeks;pdiaz@example.net;Male;26/01/1981;Philippines
1924;Julian Boyd;matthewhayes@example.net;Male;14/07/2007;Venezuela
1925;Kari Bennett;russelljulie@example.net;Male;02/06/1982;Tonga
1926;Mary Avila PhD;belljulie@example.com;Male;08/04/2001;Somalia
1927;James Rhodes;wwade@example.com;Male;21/07/1984;China
1928;Nathan Byrd;nancymcdonald@example.com;Female;06/01/1993;Germany
1929;Rachel Barnes;amandadyer@example.com;Male;16/08/1960;Colombia
1930;Paul Cunningham;april79@example.com;Male;14/07/2000;Romania
1931;Mrs. Veronica Martinez;walshglenda@example.net;Female;22/09/1965;Saint Helena
1932;Shane Gomez;renee64@example.org;Female;17/10/1997;Botswana
1933;Donald Serrano;vanessa17@example.org;Female;29/03/1989;French Guiana
1934;Charles Thompson;angela07@example.com;Male;04/07/1979;Guyana
1935;Joe Brown DVM;brandon67@example.org;Female;05/02/1966;Suriname
1936;Donald Thomas;daniel46@example.com;Male;27/03/1958;Uganda
1937;Mary Jackson;blakedakota@example.org;Female;19/03/1987;Malta
1938;David Pena;tylermolly@example.net;Male;28/06/1979;Anguilla
1939;Wesley Dillon;robert48@example.com;Female;03/01/1976;Andorra
1940;Timothy Li;vwhite@example.com;Female;25/10/1963;El Salvador
1941;Carrie Barron;watersjoshua@example.org;Male;06/10/1962;Micronesia
1942;Douglas Wells;jensenkatie@example.net;Male;29/11/1976;Grenada
1943;Caleb Young;vaughngary@example.net;Female;10/07/1985;Djibouti
1944;Paul Thomas;pamelamartinez@example.com;Female;03/07/1995;Oman
1945;Christina Howard;derrick61@example.org;Male;18/09/1998;Montenegro
1946;Ashley Barrett;usanchez@example.net;Female;25/01/1978;Mauritania
1947;Christopher Howard;ericgarcia@example.net;Female;19/02/1959;Cook Islands
1948;Richard Dunlap;ryanflores@example.org;Female;05/02/1964;Jersey
1949;Mercedes Hernandez;salasrachel@example.org;Female;19/05/1993;Lesotho
1950;Teresa Clark;ronnie71@example.net;Male;07/12/1993;Turkey
1951;Stephanie Schultz;blackjoseph@example.com;Male;06/12/1970;American Samoa
1952;Maria Nguyen;serranodaniel@example.net;Female;29/05/1992;Mozambique
1953;Elizabeth Sanchez;chadstewart@example.net;Female;10/07/1978;Nicaragua
1954;Thomas Thomas;kayleeunderwood@example.com;Female;19/02/1960;Greenland
1955;Matthew Greene;alicia05@example.net;Female;23/02/1985;Nicaragua
1956;Jonathan Cox;brownchristopher@example.org;Male;28/11/1980;Niue
1957;Melissa Gentry;jasonjones@example.org;Female;26/01/1958;Spain
1958;Holly Dawson;valeriegutierrez@example.org;Female;08/10/1992;Argentina
1959;Jonathan Mcbride;sewing@example.net;Male;15/05/2001;Uzbekistan
1960;April Clark;donnacompton@example.org;Female;23/02/2002;Andorra
1961;Stephanie Phillips;baileylarry@example.org;Male;16/03/1956;Samoa
1962;Carolyn Ramirez;vking@example.com;Female;20/04/1963;Cuba
1963;Anthony Chandler;lynnrobert@example.com;Male;21/09/2005;Turkey
1964;Brandy Taylor;brownsteven@example.com;Male;23/04/1966;Bulgaria
1965;Laura Stanley;carolstevens@example.net;Male;08/02/1991;Togo
1966;Jerry Sosa;vholland@example.com;Female;29/09/1965;Kenya
1967;Christopher Hardy;barbara30@example.org;Male;10/02/1994;Ghana
1968;Scott Estrada;erin34@example.com;Female;09/07/1980;Belize
1969;Ashley Johnson;umcdonald@example.net;Female;25/10/2006;Syrian Arab Republic
1970;Kimberly Armstrong;granteric@example.org;Female;25/07/1978;Suriname
1971;Carol Scott;frobinson@example.org;Female;04/05/1979;Nepal
1972;Anthony Horn;onorton@example.org;Male;12/02/1967;New Caledonia
1973;Brandon Taylor;jessica97@example.org;Male;18/04/1981;Chile
1974;David Johnson;brian92@example.net;Female;05/03/1983;Papua New Guinea
1975;Jesse Ray;rmoore@example.net;Female;14/08/1990;Yemen
1976;John Valdez;omoore@example.org;Male;14/05/1977;Latvia
1977;Heather Bartlett;laura34@example.com;Male;23/04/1989;Australia
1978;Amanda Donaldson;operry@example.com;Female;31/08/1980;United Kingdom
1979;Jordan Castro;chenstephanie@example.com;Female;09/11/1970;Cote d'Ivoire
1980;Stephen Ball;thomas66@example.org;Female;06/10/1978;Malawi
1981;Travis Schultz;xjohnson@example.net;Female;01/01/1967;Kyrgyz Republic
1982;George Jones;baileykristin@example.net;Male;01/08/1969;Macao
1983;Corey Whitney;lozanojessica@example.org;Male;09/10/2007;Saint Vincent and the Grenadines
1984;Jeremiah Donaldson;kelly62@example.org;Female;06/07/1963;Faroe Islands
1985;Megan Williams;ldavis@example.com;Female;31/01/2000;South Africa
1986;Kristopher Krause;ingramcynthia@example.net;Male;17/01/2004;New Zealand
1987;Rebecca Torres;michaeljackson@example.com;Male;21/07/1985;Mongolia
1988;Megan Stewart;jesusrichardson@example.com;Female;01/09/1998;Barbados
1989;Stephen Pacheco;ophillips@example.com;Male;26/10/2000;Chile
1990;Thomas Perez;cmunoz@example.com;Female;06/10/1972;Guernsey
1991;Clifford Williams;james68@example.com;Male;31/10/1959;Turkmenistan
1992;Arthur Garcia;garciajennifer@example.org;Male;27/11/2004;Antarctica (the territory South of 60 deg S)
1993;Joseph Sanchez;andersenmichael@example.net;Male;18/03/1995;Cuba
1994;Andrew Cooper;jacob55@example.net;Male;18/01/1977;Bahrain
1995;Christine Rich;marymorse@example.com;Female;02/10/2005;Uzbekistan
1996;Lindsay Manning;nicholas99@example.com;Female;10/11/1983;Guinea
1997;Jennifer Frazier;wilsonsara@example.org;Female;06/09/1999;Suriname
1998;Sean Hickman;petersonjessica@example.org;Female;04/12/1969;Latvia
1999;John Miller;nancy97@example.com;Female;18/09/1986;Anguilla
2000;Kyle Hanson;xcameron@example.net;Male;27/04/1994;Jordan
2001;Matthew Dyer;hmartin@example.net;Female;30/01/1957;Benin
2002;Robert Austin;cwalker@example.org;Male;12/11/1988;Burkina Faso
2003;Jacob Taylor;qburns@example.com;Male;26/07/1986;Kuwait
2004;Anthony Figueroa;williamaguilar@example.net;Female;02/03/2000;Antarctica (the territory South of 60 deg S)
2005;Danielle Olson MD;kstevenson@example.net;Male;30/11/1972;Mozambique
2006;James Hubbard;pbrown@example.net;Female;09/07/1969;Egypt
2007;Kenneth Bradford;gburgess@example.org;Female;14/09/1969;Pitcairn Islands
2008;Dennis Callahan;mbryant@example.com;Male;28/07/1986;Belarus
2009;Alex Brewer;alee@example.com;Female;01/02/1976;Saint Kitts and Nevis
2010;Alexandra Martin;johnsonanthony@example.org;Male;08/09/2005;South Africa
2011;Amanda Mays;douglas04@example.net;Female;27/12/1983;Guinea-Bissau
2012;Angela Ortega;markschultz@example.com;Female;06/02/1983;New Caledonia
2013;Brandon Meza;kmoore@example.org;Female;14/10/2004;Belgium
2014;Collin Nguyen;kristin23@example.com;Female;04/11/1985;Bosnia and Herzegovina
2015;Sarah Smith;patricia17@example.org;Female;24/09/1959;Chad
2016;Kristin Mcdowell;jessica33@example.org;Male;30/03/1974;Malaysia
2017;Hannah Munoz;angelahays@example.net;Male;13/09/1982;Egypt
2018;Vincent Gomez;maria03@example.net;Female;06/04/1985;Ethiopia
2019;Wanda Berry MD;jessicabaldwin@example.org;Female;26/06/2006;Latvia
2020;Amanda Smith;william63@example.net;Male;24/06/1975;Malawi
2021;Stephanie Reed;alan59@example.com;Male;27/08/2006;Moldova
2022;Richard Anderson;steve98@example.org;Male;07/08/1960;Monaco
2023;Shannon Robertson;tsmith@example.net;Female;26/09/1961;Malawi
2024;Elizabeth Cruz;nicolebates@example.net;Male;02/05/1957;Hong Kong
2025;Michael Swanson;wesley44@example.com;Male;29/01/1963;Brazil
2026;James Hernandez;edwardsemily@example.org;Male;28/01/2000;South Georgia and the South Sandwich Islands
2027;Elizabeth Klein;katiemcdonald@example.org;Female;27/02/1988;French Guiana
2028;Dr. Samuel King Jr.;wolfmelvin@example.com;Male;17/04/2008;Holy See (Vatican City State)
2029;Cynthia Henderson;jeremy64@example.com;Male;08/02/2003;Marshall Islands
2030;Amber Maldonado;folson@example.com;Male;10/01/1961;Reunion
2031;Adam Carpenter;lamjennifer@example.org;Female;04/02/2007;Bahamas
2032;Erin Wright;ywalker@example.org;Male;15/07/1984;Chile
2033;Ellen Tanner;carlsonmichael@example.net;Male;20/12/1976;Germany
2034;Adrian Clark;stricklandisaac@example.net;Female;20/08/2002;Bahamas
2035;Kimberly Myers;yjacobs@example.org;Male;21/12/2002;Somalia
2036;Rachel Burton;lambstephanie@example.com;Male;06/12/1971;Lithuania
2037;Whitney Butler;michelle34@example.com;Male;12/04/1992;Niger
2038;Michael Hodge;michaeljoseph@example.net;Female;06/12/1977;Oman
2039;Erik Hill;floydarthur@example.net;Male;12/09/1991;Kenya
2040;Timothy Blanchard;john64@example.org;Female;26/02/1972;Nigeria
2041;Yolanda Shelton;carrie14@example.net;Female;06/02/1982;Haiti
2042;Ms. Sandra Nelson;laura81@example.com;Male;10/10/1963;Vanuatu
2043;Amy Choi;yhernandez@example.com;Female;25/05/1997;Svalbard & Jan Mayen Islands
2044;Thomas Oconnell;morsetyler@example.org;Female;23/07/1979;Egypt
2045;Laura Dunlap;karl58@example.org;Female;09/09/1988;Myanmar
2046;Mr. Kevin Johnson;anthonyclark@example.net;Female;20/11/1973;Croatia
2047;Sarah Clark;maria52@example.net;Male;07/04/1997;Turks and Caicos Islands
2048;Jesse Horton;caseymorales@example.com;Female;31/03/1957;Ireland
2049;Katie Ramirez;tiffanydonovan@example.org;Male;05/02/1979;Switzerland
2050;Rachael Woods;hstewart@example.org;Female;13/09/1975;Uganda
2051;Carla Sanchez;xfields@example.com;Female;12/05/1966;Palestinian Territory
2052;Joseph Taylor;collinsjimmy@example.com;Male;05/12/1990;Liechtenstein
2053;Kimberly Davidson;jessica13@example.org;Female;04/01/1965;Mayotte
2054;Angela Smith;sacevedo@example.net;Male;22/10/1978;Gambia
2055;Meagan Harris;anne39@example.net;Female;30/07/1965;Singapore
2056;Bruce West;williamslaura@example.net;Female;31/03/2006;Mayotte
2057;Tracy Marsh;lancecruz@example.net;Female;12/05/1996;Turkmenistan
2058;Joshua Yang;williamsariel@example.org;Female;09/08/1966;Switzerland
2059;Helen Torres;dgreen@example.org;Male;07/06/2006;Mayotte
2060;Reginald Atkins;anthony25@example.com;Male;02/08/1979;Tajikistan
2061;Amber Keller;smithmary@example.com;Female;29/04/1986;Montserrat
2062;Heidi Torres;williamsshane@example.com;Male;07/09/1974;Montserrat
2063;David Watson;kristen30@example.com;Male;10/06/1998;Botswana
2064;Stephanie Lynn;johnberry@example.net;Male;01/04/1978;Cameroon
2065;Alexandra Ray;wlopez@example.com;Female;18/09/1986;Slovakia (Slovak Republic)
2066;Jeanette Martinez;grantsierra@example.net;Female;04/04/1961;Gambia
2067;Heather Harrison;jeffreywagner@example.org;Male;04/07/1981;Morocco
2068;Shannon Campbell;tylerfrazier@example.com;Male;10/11/1991;Central African Republic
2069;Kyle Nelson;michael05@example.com;Female;20/03/1957;Saint Kitts and Nevis
2070;Teresa Garza;jeff76@example.com;Male;29/01/1956;French Southern Territories
2071;Michael Bailey;elizabethboyd@example.com;Female;01/01/1993;Antigua and Barbuda
2072;Michelle Christian;lozanomaria@example.com;Male;19/10/1968;Mauritania
2073;Jessica Golden;dcooper@example.com;Male;14/01/1959;Korea
2074;Megan Hansen;david60@example.com;Female;28/01/1993;Bahrain
2075;Alexis Edwards;hmarks@example.org;Male;29/10/1999;Kuwait
2076;Dr. Jacqueline Griffin DVM;karen90@example.com;Female;30/09/1959;Swaziland
2077;Dylan Logan;elizabethblackburn@example.com;Female;16/11/1971;Faroe Islands
2078;Curtis Douglas;rachel46@example.com;Male;15/06/1988;Namibia
2079;Holly Brown;tcarter@example.org;Female;13/12/1964;Chad
2080;Mr. James Estes MD;johnsonkyle@example.net;Female;06/02/1977;Tokelau
2081;Angela Shaw;andreawhite@example.org;Male;17/03/1961;French Polynesia
2082;Douglas Griffin;todd96@example.net;Female;15/02/1988;Iraq
2083;Paul Jones;bradley51@example.com;Female;13/07/1976;Tonga
2084;Adriana Lynch;khansen@example.com;Female;10/04/2005;Algeria
2085;Christopher Steele;ymoreno@example.com;Male;11/09/1965;Hong Kong
2086;Jerry Smith;heather31@example.net;Male;27/05/1969;Micronesia
2087;Timothy Jennings;smithcolleen@example.org;Male;22/02/1981;United States Virgin Islands
2088;Alexander Hall;sherri26@example.net;Male;24/11/1969;Isle of Man
2089;Jacob Santos;watsoncarrie@example.org;Female;03/08/1959;Jordan
2090;Kimberly Smith;ogreen@example.org;Male;23/12/1957;Bermuda
2091;Charles Richardson;ryanadkins@example.com;Female;24/11/1974;Albania
2092;Robert Johnson;austinbutler@example.com;Female;22/09/1973;Liberia
2093;Nicholas Gray;brenda01@example.org;Female;07/03/2008;Cocos (Keeling) Islands
2094;Zachary Bridges;ashley50@example.net;Female;12/09/1971;Afghanistan
2095;Anthony Dean;tgraves@example.net;Female;27/10/2005;Moldova
2096;Blake Norman;llambert@example.org;Male;27/01/1988;Norway
2097;Natalie Ramirez;herringshannon@example.org;Male;31/12/1982;Iran
2098;Jonathan Simmons;ynielsen@example.org;Male;23/02/1979;Papua New Guinea
2099;Victor Robertson;kyle74@example.net;Male;10/10/2006;Luxembourg
2100;Wayne Hendricks;jhuber@example.net;Female;08/11/1995;Saint Lucia
2101;Theresa Smith;marywilliams@example.com;Female;15/08/1962;Austria
2102;Bruce Raymond;loconnor@example.org;Male;01/05/1993;Japan
2103;Laura Coleman;hebertsara@example.org;Female;26/06/1987;Bahamas
2104;Ana Cameron;oballard@example.com;Male;17/03/1982;Malta
2105;Jeffery Wilkins;barrydonna@example.com;Female;01/03/1974;Burkina Faso
2106;Christopher Perez;penajennifer@example.org;Male;14/07/1975;El Salvador
2107;Dr. Jeanne Knight;sandra67@example.org;Female;28/07/2006;Ireland
2108;Robert Bradley;upeterson@example.com;Female;08/06/1981;Cape Verde
2109;Cody Williams;foleysheila@example.org;Male;17/07/1961;Micronesia
2110;Pamela Smith;vincentcruz@example.com;Female;06/02/1991;South Georgia and the South Sandwich Islands
2111;Dr. Andrew Kim MD;russellamy@example.com;Male;24/11/1998;Tokelau
2112;Craig Becker;aprilgarner@example.net;Female;17/12/1986;Zambia
2113;Julia Scott;perrychristopher@example.org;Male;14/03/1970;Palau
2114;Christopher Nicholson;coryclark@example.net;Male;10/07/1968;Spain
2115;Nicole Blanchard;huntralph@example.net;Female;26/03/2003;Jamaica
2116;Sean Romero;wendy78@example.org;Female;10/04/1993;Netherlands
2117;Oscar Hardin;henrylori@example.com;Female;13/07/2001;Holy See (Vatican City State)
2118;Mindy Dean;poolealejandro@example.org;Female;04/11/1961;Northern Mariana Islands
2119;David Caldwell;burnettryan@example.com;Male;21/02/1967;Montserrat
2120;Mark Williams;robert79@example.org;Male;07/04/1975;Mozambique
2121;Marc Bell;evansjoseph@example.org;Female;29/03/1991;Liechtenstein
2122;Nathan Wade;lewiskristopher@example.com;Female;09/05/1997;San Marino
2123;Kevin Hughes;ojackson@example.net;Male;26/01/1977;Czech Republic
2124;Stephen Gardner;daniellerichards@example.org;Female;31/08/1991;Colombia
2125;Lori Parsons;nathan80@example.org;Female;10/09/2007;Seychelles
2126;Jennifer Diaz;llee@example.org;Male;19/06/1969;Saint Helena
2127;Christine Turner;stephanie69@example.net;Female;14/10/1967;Philippines
2128;Brandy Long;amymartinez@example.org;Male;06/05/1967;Italy
2129;John Dougherty;lopezdavid@example.com;Male;19/07/1968;Spain
2130;Corey Scott;thompsonjudy@example.org;Female;04/09/1965;Liberia
2131;Jason Marshall;maria39@example.com;Female;20/03/1982;Cook Islands
2132;Mrs. Veronica Rodriguez DDS;ewilson@example.com;Male;01/02/1987;Jamaica
2133;Donald Jones PhD;pattersonandre@example.com;Female;21/10/1976;Jersey
2134;Samantha Anderson;nancy21@example.org;Female;07/08/1972;Mauritius
2135;Aaron Lewis;edward48@example.com;Male;15/01/1993;Mali
2136;Brian Schultz;amybryant@example.com;Male;04/09/1996;Holy See (Vatican City State)
2137;Jesse Henderson;wgarcia@example.net;Male;27/12/1982;Faroe Islands
2138;Jonathan Brock;ortizjesus@example.net;Female;01/02/1959;Korea
2139;Jerry Paul;ochandler@example.net;Female;02/08/2000;Seychelles
2140;Ronald Richards;qmendoza@example.com;Male;19/06/1972;North Macedonia
2141;Erin Hernandez;molinakatie@example.org;Male;15/08/1993;Djibouti
2142;Maria Harris;rebeccacaldwell@example.net;Male;13/04/1983;Malaysia
2143;Christopher Bennett;ortizkeith@example.net;Female;02/09/1956;Monaco
2144;Jeffrey Johnson;meganbrennan@example.com;Female;24/09/1958;Mexico
2145;Courtney Cruz;andrewcollins@example.org;Female;08/08/1960;Turkey
2146;Angela Jones;ysparks@example.net;Male;23/08/1957;French Polynesia
2147;Kendra Willis;trevormanning@example.com;Male;10/02/1964;Georgia
2148;Melissa Lopez;billymurphy@example.org;Female;04/02/1983;Anguilla
2149;Melissa Smith;hruiz@example.org;Female;20/08/1985;Czech Republic
2150;Julian Harris;fdennis@example.net;Male;23/05/1961;Faroe Islands
2151;Amanda Snow;erika46@example.org;Female;06/09/2008;Spain
2152;Heidi White;torrestimothy@example.com;Male;24/02/1986;Tonga
2153;Susan Braun;osbornedenise@example.org;Male;25/11/1990;Anguilla
2154;Linda James;linda55@example.org;Male;08/01/1988;Qatar
2155;Jane Olsen;jonesmichael@example.org;Male;18/09/1997;Grenada
2156;Allison Smith;lloyddavid@example.com;Male;18/07/1977;Vietnam
2157;Nicole Fuller;aprilbell@example.net;Female;02/10/2006;Iran
2158;Charlotte Romero;nicholasallen@example.net;Female;05/09/2001;Belgium
2159;Shannon Martin;sanchezjason@example.net;Female;02/01/1995;Taiwan
2160;Timothy Weaver;john80@example.net;Female;27/04/1981;Nigeria
2161;Gregory Williams;fflowers@example.com;Female;14/05/1969;Maldives
2162;Tony Kline;hannah32@example.net;Female;18/12/2005;Canada
2163;Dana Watkins;padillatimothy@example.org;Female;16/07/1998;Netherlands
2164;Christina Henderson;herrerajessica@example.com;Male;02/01/1959;Togo
2165;Lisa Brown;jon76@example.com;Female;20/08/1972;Christmas Island
2166;Maria Turner;onicholson@example.org;Male;06/09/1996;Canada
2167;Larry Walsh;colemancarol@example.com;Male;20/08/1985;Lithuania
2168;Linda Boone;biancalowery@example.net;Male;09/05/1959;Honduras
2169;Edward Roth;josephtyler@example.com;Male;15/01/1959;French Southern Territories
2170;Austin Lee;emily96@example.net;Female;08/05/1976;Montenegro
2171;Robert Lopez;davidcollins@example.org;Female;15/02/1998;Yemen
2172;Crystal Townsend;lindahardy@example.net;Female;22/07/1962;Falkland Islands (Malvinas)
2173;Madison Weeks;xwilliams@example.com;Female;14/03/1975;Cyprus
2174;Steven Taylor;danderson@example.com;Male;10/02/1976;Greece
2175;Rachel Ferguson DVM;peter87@example.net;Male;14/07/1978;Saint Martin
2176;Ricky Cross;mitchell28@example.org;Male;29/07/1976;Jersey
2177;Laura Hickman;xlowe@example.net;Female;10/04/1976;Bahrain
2178;David Miller;briannataylor@example.net;Female;02/11/1961;Vanuatu
2179;Brittany Johnson;vjones@example.com;Male;07/05/1981;Kiribati
2180;Marie Williams;mark54@example.org;Female;18/10/1989;Bouvet Island (Bouvetoya)
2181;James Zamora;tristan35@example.org;Female;21/08/1985;Ukraine
2182;Tyler Smith;petersonmichael@example.net;Male;26/05/1959;Faroe Islands
2183;Mrs. Lori Barron MD;kingcrystal@example.org;Female;18/04/1990;France
2184;James Rodgers MD;casemiranda@example.net;Female;24/02/1978;Heard Island and McDonald Islands
2185;David Gomez;danielle23@example.net;Female;27/11/1982;Bouvet Island (Bouvetoya)
2186;Taylor Sullivan;cynthia88@example.org;Female;15/04/1974;Lao People's Democratic Republic
2187;Catherine Fernandez;vmoreno@example.com;Female;01/09/2005;Heard Island and McDonald Islands
2188;Courtney Gillespie;ufrank@example.org;Female;07/06/1987;United Kingdom
2189;Stacey Townsend;willismelissa@example.org;Female;29/07/1997;Colombia
2190;Jean Ross;david11@example.org;Male;15/03/1986;Ethiopia
2191;Deborah Sims;kelseybrock@example.org;Male;21/05/1983;Sri Lanka
2192;Jennifer Newton;wutyrone@example.net;Female;04/06/1969;Costa Rica
2193;Amanda Smith;mariodavis@example.com;Female;16/01/1974;Cameroon
2194;Valerie Garcia;ericgriffin@example.com;Female;16/09/1958;Samoa
2195;Robert Chen;smithandrew@example.org;Female;01/03/1992;Guyana
2196;Richard Dominguez;tanyabradley@example.org;Female;06/09/2003;Falkland Islands (Malvinas)
2197;Carol Gibson;smithheather@example.com;Male;20/07/1979;Dominica
2198;Charles Avila;jessicamay@example.net;Female;28/04/1997;Bermuda
2199;Brendan Gray;michaeltaylor@example.com;Male;10/08/1998;Estonia
2200;Tammy Guzman;markvang@example.com;Male;10/04/1964;Slovakia (Slovak Republic)
2201;Brian Steele;mcdonaldbradley@example.org;Male;09/05/1963;Mongolia
2202;Bradley Ryan;tylermitchell@example.org;Male;06/06/1988;Qatar
2203;Colin Park;hayley93@example.org;Male;15/07/1978;Northern Mariana Islands
2204;Tammy Church;lori99@example.org;Female;29/06/1966;Norway
2205;Robert Hanson;umcdonald@example.net;Male;07/05/1987;Bouvet Island (Bouvetoya)
2206;Megan Hodges DDS;wrodriguez@example.net;Male;13/04/1965;Aruba
2207;Richard Jefferson;mitchellmatthew@example.net;Female;07/12/1995;Azerbaijan
2208;Jacob Dawson;williamgoodman@example.org;Female;01/12/1977;Tokelau
2209;Susan Brown;ldougherty@example.net;Male;27/06/1969;Bouvet Island (Bouvetoya)
2210;Sergio Schmidt;shannon38@example.org;Male;09/03/1975;Ghana
2211;Ethan Moore;desiree29@example.net;Male;03/03/1993;Falkland Islands (Malvinas)
2212;Jordan Burnett;padillajacob@example.com;Female;05/02/1976;Turkey
2213;Crystal Bishop;nina54@example.net;Male;18/03/1974;Estonia
2214;Marc Stevens;rdelgado@example.net;Female;04/07/1977;Nepal
2215;Nancy Miles;gordonwilliam@example.org;Female;07/02/1985;Malta
2216;Kelly Roberson;alexander93@example.com;Female;25/08/2008;Jamaica
2217;Laura Taylor;lynchbrianna@example.org;Male;09/01/1998;Monaco
2218;Julian Camacho;amanda19@example.org;Male;16/07/1971;Estonia
2219;Timothy Jones;vaughnseth@example.net;Female;26/10/1957;Fiji
2220;Kayla Smith;rickymiller@example.com;Male;01/02/1973;Micronesia
2221;Phillip Anderson;tanyasmith@example.org;Female;19/04/1989;Croatia
2222;Joseph Pollard;thomaskelsey@example.org;Male;10/11/2006;Grenada
2223;Madison Alvarado;acevedodarren@example.net;Male;11/12/2003;Chad
2224;Stephanie Brooks;vcannon@example.org;Male;17/02/2002;Swaziland
2225;Jonathan Huffman;zgilbert@example.org;Female;07/09/1967;Sudan
2226;Lisa Johnson;jeffreymorgan@example.org;Male;31/05/1990;Congo
2227;Jonathan Henderson;jennifer88@example.com;Male;11/04/1981;Macao
2228;Jacqueline Mendoza;ireyes@example.net;Female;15/05/1962;Mali
2229;Diana Rojas;amandalopez@example.com;Male;14/11/1981;Cuba
2230;Lauren Cooper;sandersheather@example.com;Female;04/10/2002;Slovenia
2231;Debra Myers;aprilrodriguez@example.net;Male;16/05/2000;Botswana
2232;David Rocha;grobinson@example.net;Female;25/01/1973;France
2233;Shannon Thomas;jessereid@example.net;Male;10/03/1960;Montserrat
2234;Joel Wade;tanyajones@example.net;Female;15/03/1992;Greece
2235;Mark Dean;barbara56@example.net;Female;06/01/1992;Pakistan
2236;Jonathan Mccormick;johnsonabigail@example.org;Female;25/06/2006;Saint Helena
2237;Jennifer Thompson;clarkbrian@example.net;Male;10/02/2001;Kyrgyz Republic
2238;Stacey Howard;craigroberts@example.org;Female;13/06/1964;Saint Vincent and the Grenadines
2239;Donna Turner;dcarrillo@example.net;Female;10/04/2006;Fiji
2240;Elizabeth Cook;ashleybowen@example.net;Male;08/02/2005;Marshall Islands
2241;Mrs. Danielle Murray;rclark@example.com;Female;01/09/1957;Uganda
2242;Rhonda Santiago;perrybriana@example.org;Male;15/10/1978;Maldives
2243;Brandon Diaz;kadams@example.net;Male;27/01/1971;Costa Rica
2244;Craig Perry;francisco96@example.net;Male;14/08/2004;Comoros
2245;Cheryl Barnes;gonzalezbrian@example.org;Male;07/10/1977;Senegal
2246;Audrey Swanson;acastillo@example.com;Male;22/01/2001;Ecuador
2247;Alyssa Matthews;krystal79@example.net;Female;24/11/1991;Turkey
2248;Michele Jackson;matthewreed@example.com;Female;05/04/1975;Reunion
2249;Anthony Wolfe;trandavid@example.net;Female;07/11/1982;Armenia
2250;Wesley Smith;adrian18@example.com;Female;13/10/1969;South Africa
2251;Benjamin Pollard;cfoster@example.com;Female;09/02/1965;Jamaica
2252;Karen Jarvis;brownautumn@example.net;Female;11/05/1989;Estonia
2253;Eric Myers;alvaradokimberly@example.com;Male;02/06/1976;United Kingdom
2254;Lindsey Chambers;pamelapark@example.org;Male;06/02/1995;Saudi Arabia
2255;Dennis Parker;brownrandy@example.org;Male;16/01/1956;Mali
2256;Yvonne Khan;zbowman@example.net;Female;23/03/1983;Iraq
2257;Shawn Wright;vmcdowell@example.com;Male;30/08/1974;New Zealand
2258;Peggy Harris;vromero@example.org;Female;29/12/1969;Sudan
2259;Craig Smith;todd55@example.net;Male;01/08/1995;Paraguay
2260;Elaine Nguyen;revans@example.com;Female;04/10/2001;Holy See (Vatican City State)
2261;Tammy Dunn;amberjohnson@example.org;Female;20/03/2007;China
2262;Caroline Brewer;flemingdavid@example.net;Female;20/09/1972;Dominica
2263;David Hansen;bfernandez@example.net;Female;05/11/1969;Nigeria
2264;Stacy Mcdowell;longsarah@example.com;Female;14/10/1999;Guyana
2265;Stephen Coleman;jason99@example.org;Female;18/12/1993;Guinea
2266;Veronica Anderson;jason38@example.net;Female;08/05/2007;Czech Republic
2267;Vanessa Mercer;charlenefriedman@example.net;Female;18/03/1973;Greece
2268;Robert Gray;xjames@example.net;Male;18/02/1972;Nauru
2269;Amber Bush;mary97@example.org;Female;27/06/1964;Zimbabwe
2270;Catherine Bradford;cwhite@example.net;Male;13/10/1973;Cuba
2271;Julia Phillips;castilloashley@example.org;Female;05/06/1970;China
2272;Dr. Teresa Duncan;lhernandez@example.org;Male;04/03/1966;Marshall Islands
2273;Geoffrey Wiley;batesjessica@example.com;Male;07/09/1964;Ecuador
2274;Brian Kemp;markrodriguez@example.com;Female;04/03/1991;United States of America
2275;Johnny Wyatt DVM;ewaller@example.com;Male;29/10/2007;United States Minor Outlying Islands
2276;Samantha Ramsey;jennifer95@example.org;Male;28/02/1964;French Polynesia
2277;Ryan Salinas;brandon01@example.org;Female;24/03/1992;Saudi Arabia
2278;Christopher Cooper;lewisheather@example.com;Female;11/02/1991;Ghana
2279;Stephanie Thompson;sototheresa@example.net;Female;03/04/1994;Cyprus
2280;Kim Mccoy;echandler@example.org;Male;18/09/2006;Argentina
2281;Erica Hayes;rachel91@example.org;Female;04/08/1993;Switzerland
2282;Jessica Vasquez;conradryan@example.com;Male;17/01/1962;Estonia
2283;Stephanie Russo;sarahhenry@example.net;Female;16/06/2002;Zimbabwe
2284;Austin Thomas;gilbertjessica@example.org;Female;07/04/1956;Nicaragua
2285;Christopher Scott;slozano@example.net;Male;20/07/1969;Tanzania
2286;Hayley Larson;julie87@example.org;Female;15/11/1962;Saint Lucia
2287;Gabriel Perez;erikafaulkner@example.com;Female;29/09/1970;Cyprus
2288;Jeremy Perez;smeadows@example.org;Male;25/10/1991;Sao Tome and Principe
2289;Jennifer Wyatt;rollinsmichele@example.com;Female;13/06/2008;Cyprus
2290;Rachel Kennedy;iwilliams@example.net;Female;13/09/1969;Rwanda
2291;Cynthia Black;jonathanphillips@example.net;Female;16/12/1995;Andorra
2292;Renee Hartman;douglas86@example.com;Female;09/12/1960;Cape Verde
2293;Roger Hernandez Jr.;wrightsusan@example.com;Male;07/08/1968;Antarctica (the territory South of 60 deg S)
2294;Michelle Sanders;tiffany74@example.com;Male;21/04/1971;Estonia
2295;Willie Carter;simmonsjeanne@example.org;Female;26/09/1978;Suriname
2296;Nicole Rodriguez;ianholder@example.net;Female;22/02/2003;Samoa
2297;Keith Gregory;duranvictor@example.com;Female;14/12/1978;Djibouti
2298;Lucas Mitchell;stantondavid@example.net;Male;24/08/1995;Palau
2299;Kristen Bass;aking@example.org;Male;10/12/1990;Chad
2300;Christian Zimmerman;reedlisa@example.org;Female;07/04/1962;Nepal
2301;Kevin Richard;jamie18@example.org;Female;02/11/1969;South Africa
2302;Marie Duke DDS;mchristian@example.net;Female;19/01/1960;Madagascar
2303;Krista Sanchez;warrenchristy@example.net;Male;27/07/1960;Turkmenistan
2304;Gregory Sanders;david04@example.net;Male;17/08/1962;Zimbabwe
2305;Andrea Williams;ldixon@example.org;Male;26/05/1968;Uruguay
2306;George Krause;baileycrosby@example.net;Female;20/11/1961;Falkland Islands (Malvinas)
2307;Chelsea Sanders;danaingram@example.net;Male;05/11/1978;Marshall Islands
2308;Laura Wilson;manuel23@example.org;Female;11/05/1992;Taiwan
2309;Kyle Davis;gdavidson@example.org;Male;04/02/1978;Swaziland
2310;John Edwards;joshuamoss@example.com;Male;13/11/1995;Burundi
2311;Sarah Phillips;leesweeney@example.org;Female;21/02/1979;Martinique
2312;Trevor Jones;farmerwilliam@example.org;Female;10/11/1972;Estonia
2313;Emily Carter;coleblackburn@example.org;Male;24/12/2006;Philippines
2314;Kevin Stewart;cesar10@example.com;Female;13/07/1964;Gambia
2315;Justin Williams;smithkevin@example.net;Male;30/06/1991;Iran
2316;Kathryn Cervantes;ystevens@example.net;Male;23/09/1961;Ghana
2317;Joshua Fox;jenniferwells@example.net;Male;17/09/1989;Tonga
2318;Kelly Bruce;brandon42@example.net;Female;13/01/1990;Uruguay
2319;Mark Carter;qanderson@example.com;Female;09/04/2008;Senegal
2320;Christine Diaz;sherrera@example.org;Male;19/05/1985;Madagascar
2321;Jesse Mora MD;croman@example.com;Male;19/05/2005;France
2322;James Smith;riggschristine@example.org;Female;16/10/1966;Luxembourg
2323;Lindsey Berry;maria53@example.net;Male;29/01/1963;Ireland
2324;Dr. Greg Riley;brianmcmillan@example.net;Female;14/06/1956;Jamaica
2325;Anthony Gomez;nhubbard@example.net;Female;17/05/1967;Jamaica
2326;Barbara Stevens;welliott@example.com;Male;22/02/1972;Saint Kitts and Nevis
2327;Nicole Wilson;shelley64@example.org;Female;18/08/2000;Ethiopia
2328;Katherine Hayes;zsmith@example.org;Male;22/09/1993;Kazakhstan
2329;Bonnie Estrada;katie66@example.net;Male;30/10/1964;Seychelles
2330;Danny Nichols;danielsmith@example.org;Female;21/03/1957;Cocos (Keeling) Islands
2331;Jeffrey Lawson;trevinokevin@example.com;Female;01/11/1992;Cook Islands
2332;Victoria Nielsen;dixonmark@example.com;Male;08/08/1972;Burundi
2333;Roberto Garcia;yolandagordon@example.net;Female;29/10/1963;Yemen
2334;Annette Macdonald;bgarrett@example.com;Female;22/06/1976;Heard Island and McDonald Islands
2335;Anthony Conley;debrasmith@example.org;Male;11/04/1971;Uzbekistan
2336;Martha Brown;julie20@example.net;Female;16/02/2007;Netherlands Antilles
2337;Teresa Morales;bortiz@example.org;Male;14/07/2001;Christmas Island
2338;Paul Ramos;danasanford@example.com;Female;23/11/1995;Uzbekistan
2339;Karen Villarreal;valentinemichael@example.org;Female;28/04/1993;Luxembourg
2340;Mitchell Thomas;watersjoseph@example.net;Female;07/05/1992;Anguilla
2341;Tony Holmes;rgray@example.net;Male;23/05/2006;Niger
2342;Tracy Walker;suttonjoseph@example.org;Male;03/01/2008;United States Minor Outlying Islands
2343;Emily Blackburn;deborah33@example.com;Male;20/07/1988;Romania
2344;Dan Zamora;dleblanc@example.net;Male;07/06/1982;Guam
2345;Kimberly Hicks;david32@example.net;Female;24/01/1990;Timor-Leste
2346;James Stokes;anthony45@example.com;Male;07/11/1997;Gabon
2347;Elizabeth Ford;rachel14@example.org;Male;29/05/1969;Mauritania
2348;Eric Johnson;wrightjennifer@example.net;Male;06/07/2007;Tuvalu
2349;Sean Barber;clementschristopher@example.org;Female;27/04/2002;Congo
2350;Shelia Morris;joshuathomas@example.org;Female;22/03/1968;Qatar
2351;Eddie Patel;peterconner@example.org;Male;23/12/1981;Saint Martin
2352;Jennifer Coleman;markrodriguez@example.com;Male;04/10/1959;Timor-Leste
2353;Sandra James;adamsstacie@example.com;Male;21/01/1997;Libyan Arab Jamahiriya
2354;Eric Williamson;ywolfe@example.com;Female;20/06/1991;Belize
2355;Michael Curtis;xherring@example.net;Male;02/02/1963;Algeria
2356;Tricia Avila;wendyturner@example.org;Female;29/07/1959;Denmark
2357;Robert Gaines II;shannon65@example.net;Female;12/09/1961;Guam
2358;Wayne Jackson;vstewart@example.net;Female;19/04/1974;Norway
2359;Carl Martinez;jonathan91@example.org;Female;07/12/1965;Japan
2360;Keith Carney;mchaney@example.net;Male;29/11/1984;China
2361;Kelly Richardson;justindalton@example.net;Female;26/03/1971;Turks and Caicos Islands
2362;Jose Beck;scott06@example.com;Male;26/05/1979;Kuwait
2363;Troy Holloway;matthewclark@example.org;Male;30/05/1976;Mali
2364;Alexander Torres;benjaminharris@example.com;Male;05/09/1968;Brunei Darussalam
2365;Jesse Kirk;don00@example.net;Female;17/07/2000;Tajikistan
2366;Alexis Casey;vkim@example.com;Female;29/11/1957;Equatorial Guinea
2367;Jaime Shelton;carl26@example.net;Female;25/05/1978;Qatar
2368;John Marsh;benjamin97@example.net;Male;23/07/1990;Hungary
2369;Allen Brooks;charlesjackie@example.org;Male;22/12/1993;Lesotho
2370;Sean Frost;brendahernandez@example.net;Female;12/03/1989;Maldives
2371;Christina Deleon;brandonsolomon@example.org;Female;08/09/1957;Mauritius
2372;Karen Weiss;gdavis@example.org;Male;01/05/1972;Comoros
2373;Rebecca Smith;karen00@example.net;Female;14/06/2008;Saint Barthelemy
2374;Michelle Smith;elizabethfry@example.org;Male;01/03/1978;Bulgaria
2375;Nicole Cole;sanchezwilliam@example.com;Female;19/08/1984;Senegal
2376;David Vaughn;vmassey@example.com;Female;28/10/1957;Mauritius
2377;Gregory Casey;tlewis@example.org;Female;23/02/2007;Svalbard & Jan Mayen Islands
2378;Brent Graham;ifuller@example.net;Male;21/10/1996;Paraguay
2379;Valerie Day;justinroberts@example.com;Male;01/09/1971;Yemen
2380;Heidi Collins;cynthia61@example.net;Male;21/02/1984;Grenada
2381;Mary Holland;jadams@example.net;Male;29/12/1980;Peru
2382;Carol Ramsey;amandaclark@example.org;Female;04/01/1979;Brunei Darussalam
2383;Elizabeth Williams;renee23@example.net;Male;22/07/1970;Nauru
2384;Krista Kennedy;kathleen54@example.net;Male;06/02/1985;Vietnam
2385;Gina French;schmidtkayla@example.net;Male;21/05/1956;South Africa
2386;Theresa Torres;megan73@example.net;Male;28/02/1987;Lao People's Democratic Republic
2387;Sandra Frank;connorbender@example.net;Male;23/02/1985;Palau
2388;Michael Hoffman;fmalone@example.net;Male;22/12/1994;Norway
2389;Vincent Rivera;hannaeric@example.org;Male;30/10/1993;San Marino
2390;Lee Guerra;lharvey@example.com;Male;22/03/1970;Hong Kong
2391;Vincent Martinez;mirandablackburn@example.org;Female;11/07/1999;Liberia
2392;Manuel Hudson;kelly76@example.com;Female;20/01/1985;Bahrain
2393;Tyler Bishop;timothyhall@example.net;Female;06/07/1989;Ukraine
2394;Alexandria Smith;jessicabrown@example.net;Male;16/03/1969;Afghanistan
2395;Tammy Cook;cory43@example.org;Female;01/06/1975;Uruguay
2396;Nicole Jordan MD;angelicawilson@example.com;Female;19/09/1986;Tokelau
2397;Brian Williams;samantha98@example.com;Female;09/05/1988;British Indian Ocean Territory (Chagos Archipelago)
2398;Christopher Thomas;adriana07@example.net;Male;15/10/1989;Gibraltar
2399;Ashley Chandler;tylerwilliams@example.org;Female;20/07/1990;Sao Tome and Principe
2400;Megan Webster;paigejohnson@example.net;Male;06/03/1982;Hungary
2401;Andrea Contreras;hoganian@example.com;Male;17/08/1957;Montserrat
2402;James Perry;heathmark@example.net;Male;31/10/1971;Guam
2403;Douglas Brown;tricia59@example.org;Male;01/08/1972;Thailand
2404;Caroline Olsen;christopher36@example.org;Female;26/06/1988;Azerbaijan
2405;Melanie Cunningham;pamelajordan@example.org;Male;14/07/1992;Ukraine
2406;Melissa Collins;gibsonamber@example.org;Female;30/12/1998;Nicaragua
2407;Angela Arnold;heather58@example.com;Female;24/11/1963;Rwanda
2408;Lindsey Smith;kristenkennedy@example.com;Male;16/07/1991;Mauritius
2409;Sarah Robertson;sean47@example.net;Female;02/01/1963;Fiji
2410;Joel Savage;cspence@example.org;Male;02/12/1980;Bosnia and Herzegovina
2411;Robin Carroll;harmonisaac@example.com;Female;23/03/1986;Bahrain
2412;Jennifer Reyes;zmullins@example.org;Female;07/02/1992;Jersey
2413;Mrs. Marisa Ferguson;carol68@example.net;Male;16/12/1963;Ukraine
2414;Frances Baird;williamdaniel@example.com;Male;25/09/1970;Croatia
2415;Edward Gill;ddavis@example.org;Male;08/01/2000;Puerto Rico
2416;Mark Mann;tylerbailey@example.org;Female;12/08/1995;Central African Republic
2417;David Payne;colleengonzalez@example.org;Female;18/04/1957;Palau
2418;Courtney Lucero;jefferyklein@example.net;Female;09/04/2007;Antigua and Barbuda
2419;Sarah Marshall;amybaker@example.net;Female;06/10/1991;Vietnam
2420;Eric Powell;jennifer51@example.org;Male;23/06/2006;Grenada
2421;Audrey Acosta;mmorris@example.com;Male;16/09/1969;Pakistan
2422;Stacy Ryan PhD;reyesjeffrey@example.com;Male;16/08/1965;Panama
2423;Joshua Diaz;danielwhite@example.org;Female;17/12/1987;Georgia
2424;Tonya Williams;perryashley@example.com;Male;10/09/1966;Liechtenstein
2425;Nicholas Cain;jonathanjackson@example.org;Male;03/06/1973;Qatar
2426;Jennifer Stewart;cmercado@example.com;Male;04/10/1957;Saint Lucia
2427;Christy Sanders;jacksonkaren@example.net;Female;08/08/1974;Cameroon
2428;Randall Fuller;smithjason@example.org;Male;03/01/1996;Jamaica
2429;Matthew Gibson;gterrell@example.com;Male;06/08/1998;Brazil
2430;Shane Johnson;wdavis@example.com;Male;21/12/1979;French Southern Territories
2431;Catherine Espinoza;cbutler@example.net;Male;16/07/1988;Singapore
2432;Bradley Collier;brad97@example.net;Female;03/12/2005;San Marino
2433;Aimee Carlson;gonzalesjordan@example.net;Male;08/09/2006;Comoros
2434;Michael Nicholson;oparker@example.net;Male;21/09/1995;Singapore
2435;Emily Riggs;james24@example.net;Male;03/09/1984;Portugal
2436;Gregory Diaz;natalieprice@example.com;Male;04/05/2008;Saint Martin
2437;James Jarvis;henryjeffery@example.org;Female;02/03/1960;Dominican Republic
2438;Erin Ford;natashazuniga@example.com;Male;27/12/1996;Costa Rica
2439;Michelle Evans;andrew72@example.com;Male;09/07/2007;Portugal
2440;Kenneth Estes;nmiller@example.com;Female;22/08/1963;Senegal
2441;David Carter;amanda30@example.net;Male;10/03/1987;Madagascar
2442;James Davis;suzannemccarty@example.org;Female;09/05/1980;Norway
2443;Mr. Mike Wood;daniel52@example.org;Male;26/06/1970;Zimbabwe
2444;Christopher Freeman;paul02@example.net;Female;20/12/1956;French Guiana
2445;Connie Hunter;eriggs@example.net;Male;29/09/1997;Netherlands
2446;Jerry Juarez;nsutton@example.com;Male;10/08/1982;Congo
2447;Michael Pollard;janthony@example.net;Female;03/08/1959;Croatia
2448;James Cruz;smithtina@example.org;Male;07/04/1978;Micronesia
2449;Mr. Christian Jones;thomasaudrey@example.net;Female;15/04/1964;Barbados
2450;David Robinson;wdawson@example.com;Male;29/03/2000;Congo
2451;Stephanie Cabrera;david91@example.org;Female;07/09/1962;Liberia
2452;Patrick Vega;xwilliams@example.org;Female;30/01/1967;Colombia
2453;Justin Savage;guzmandavid@example.net;Female;23/04/1965;Italy
2454;Amber Jones;ievans@example.com;Male;17/06/1964;Saint Kitts and Nevis
2455;Antonio Mitchell;jenniferhodge@example.net;Male;28/10/2007;Kazakhstan
2456;Mary Farrell;johnsonjamie@example.net;Male;10/08/2002;Chile
2457;Brian Stevens;larry31@example.net;Male;02/11/1998;Gambia
2458;Beth Delgado;mfrye@example.com;Female;02/10/1976;Burkina Faso
2459;Jill Morris;josephmorris@example.org;Female;05/03/1969;Trinidad and Tobago
2460;Javier Leach;petermeyer@example.org;Male;11/07/1999;Seychelles
2461;Pamela Hurst;roger29@example.com;Female;04/01/2007;Somalia
2462;Matthew Anthony;mcclainlaura@example.com;Female;15/05/1978;Antarctica (the territory South of 60 deg S)
2463;Kristie Curry;paigekennedy@example.com;Female;31/03/1988;Chad
2464;Kari Green;sandramonroe@example.com;Female;02/03/1996;Tunisia
2465;Benjamin Johnson;patricia89@example.com;Female;18/11/2001;Palestinian Territory
2466;Juan Carney;heather60@example.net;Female;09/01/1996;Guam
2467;Samuel Baker;keith67@example.org;Female;06/03/1968;Costa Rica
2468;Janet Thornton;ucarter@example.org;Female;02/04/2004;Korea
2469;Chelsea Meadows;janet35@example.net;Female;10/11/1994;Sao Tome and Principe
2470;William Brown;umendoza@example.org;Female;08/11/2000;Solomon Islands
2471;Laura Henson;oscar99@example.net;Female;21/07/1965;Guatemala
2472;Jennifer Lynch;juarezchristian@example.com;Male;28/06/1965;Libyan Arab Jamahiriya
2473;Valerie King;popeterri@example.com;Male;13/01/1982;Liechtenstein
2474;Hannah Bowen;jhinton@example.org;Female;19/08/1989;Guadeloupe
2475;Teresa Callahan;martinezjasmin@example.net;Male;05/12/2001;Vietnam
2476;Christopher Jackson;deborahjackson@example.com;Female;26/10/1973;Peru
2477;Elaine Evans;nrodriguez@example.net;Female;01/06/1974;Gambia
2478;Christina Richardson;diazdonald@example.org;Male;31/08/1957;Mauritania
2479;Larry James;jasonclark@example.net;Female;19/02/1969;Zimbabwe
2480;David Smith;dianaanderson@example.net;Male;13/12/2005;Mozambique
2481;Dr. Kristen Underwood;kinggeorge@example.net;Male;04/11/1965;Austria
2482;Jenny Kelley;wendybrown@example.com;Female;13/11/1971;Congo
2483;Susan Smith;njefferson@example.com;Female;21/04/1979;Bahamas
2484;Taylor Perry;crystalwest@example.org;Male;04/06/2003;Burundi
2485;Joshua Harris;castillojulie@example.org;Female;22/10/1993;Costa Rica
2486;Andrew Bond;phillipvasquez@example.com;Female;29/12/1966;United States of America
2487;Stuart Brooks;allisonhernandez@example.org;Male;08/01/1977;Saint Barthelemy
2488;Thomas Harvey;deckerbrian@example.net;Female;15/01/1966;Cyprus
2489;James Pope;robin92@example.net;Male;22/11/1974;Cote d'Ivoire
2490;Kenneth Rodriguez;hwilliams@example.net;Female;09/10/1979;Guinea-Bissau
2491;Darren Ponce;oneillricardo@example.org;Male;14/07/1981;Myanmar
2492;Samuel Jones;patelamanda@example.org;Female;03/05/1992;Guinea
2493;Crystal Steele;cohenkristi@example.com;Male;15/09/2005;Pakistan
2494;John Mendez;patricia72@example.com;Female;16/01/1984;Cambodia
2495;George Weber;sarahproctor@example.com;Male;02/04/1993;Saint Vincent and the Grenadines
2496;Jeffrey Smith;grichmond@example.net;Male;28/11/1978;Tajikistan
2497;Deborah Floyd;stephanielee@example.org;Female;01/09/1975;Thailand
2498;Jennifer Thompson;aliciagonzalez@example.org;Male;13/01/2006;Cyprus
2499;Jeffrey Golden;davidwoods@example.net;Male;06/12/2005;New Zealand
2500;Jason Parker;edwardsdeborah@example.net;Male;08/08/1957;Sao Tome and Principe
2501;Chad Smith;tiffanyconner@example.org;Female;12/10/1984;Tunisia
2502;Laura Hicks;myersrobert@example.net;Male;20/09/1983;Jamaica
2503;Edward Bird;emueller@example.net;Female;13/02/1970;Lao People's Democratic Republic
2504;Mckenzie Martinez;kyle28@example.org;Male;09/03/2001;Jamaica
2505;Mark Medina;rodriguezedward@example.com;Male;28/12/1969;Germany
2506;Joseph Estrada;ncollins@example.com;Male;24/06/1997;Fiji
2507;Amanda Gray;kimberlyjackson@example.org;Male;27/08/1982;Martinique
2508;Lauren Jordan;ruizdawn@example.net;Female;06/03/1983;Israel
2509;Daryl Pearson;yvonnebradford@example.net;Male;21/07/1978;Dominican Republic
2510;Taylor Brooks;mcmillanjacqueline@example.org;Female;03/10/1963;Congo
2511;Matthew Dunn;nicholassandoval@example.org;Male;13/07/1963;Vietnam
2512;Catherine Brown;lgonzalez@example.com;Male;07/04/2006;Portugal
2513;Kendra Walsh;xgoodman@example.com;Female;14/05/2001;Maldives
2514;Jodi Cross;kennethgamble@example.com;Female;08/05/2006;Armenia
2515;Megan Banks;sandovalgene@example.net;Female;25/09/1989;Tokelau
2516;Maria Diaz;mitchelljeremiah@example.com;Female;25/01/1985;New Caledonia
2517;Lori Mays;patriciasmith@example.com;Male;20/02/1972;Luxembourg
2518;Ricky Stout;lisa15@example.org;Female;10/05/2005;Cambodia
2519;Tonya Yang;aaron16@example.com;Male;10/11/1985;Turkmenistan
2520;Joshua Pitts;gregory00@example.com;Female;01/03/1961;Equatorial Guinea
2521;Robin Church;rachelholloway@example.com;Male;17/03/1992;Russian Federation
2522;Destiny White;anne81@example.org;Male;17/04/1968;Reunion
2523;Renee Johnson;xperez@example.com;Male;05/11/1990;Guernsey
2524;Shawn Pena MD;christopher19@example.com;Male;08/03/1986;Cyprus
2525;Amber Archer;patricia64@example.org;Female;11/09/1988;Kazakhstan
2526;Alejandro Edwards;christopher98@example.net;Male;16/05/1974;Kazakhstan
2527;Lindsay Mitchell;jeff27@example.net;Female;04/11/1972;Romania
2528;Michael Ball;delgadomichele@example.com;Male;14/11/1958;Suriname
2529;Christopher Smith;holly83@example.net;Female;21/05/1969;Saint Vincent and the Grenadines
2530;Sherry Richards;vjones@example.com;Male;07/03/1994;Kyrgyz Republic
2531;Kelly Wallace;ztaylor@example.net;Female;31/08/1999;Guam
2532;Edward Patterson;ltucker@example.net;Male;12/11/1988;Saint Barthelemy
2533;Cody Lee;carloshatfield@example.org;Female;02/11/1982;United States of America
2534;Derek Dominguez;scottjulie@example.com;Female;10/03/1981;Gabon
2535;Ernest Moore;zmurphy@example.net;Male;25/02/1966;Cambodia
2536;Lauren Rivera;davisaustin@example.com;Female;11/05/1956;Puerto Rico
2537;Emily Hampton;pdunn@example.org;Male;25/02/1978;Zambia
2538;Nicole Houston;smithelizabeth@example.net;Female;21/10/1991;Western Sahara
2539;Erik Lewis;shannon27@example.net;Male;09/06/1983;Bosnia and Herzegovina
2540;John Reynolds;kelligarrett@example.net;Female;07/02/1994;Saint Pierre and Miquelon
2541;Carolyn Mitchell;dillonsmith@example.com;Female;10/04/1983;British Virgin Islands
2542;Kaitlin Campbell;dbarajas@example.net;Female;30/01/1986;Anguilla
2543;Jacob Cross;lisa61@example.net;Male;22/06/1999;Belarus
2544;Gina Nguyen;andrewdiaz@example.net;Male;03/02/2000;Tanzania
2545;Lori Wilson;wadejames@example.com;Female;10/10/1980;Iran
2546;Tyler Williams;lbailey@example.net;Male;24/03/1972;Mali
2547;Roy Carter;elizabethjones@example.com;Male;15/07/2004;Tunisia
2548;Sharon Ward;stacybailey@example.com;Female;15/09/1989;Mongolia
2549;Alexander Hester;mhale@example.org;Female;06/08/1959;Yemen
2550;Angela Harris;stephen98@example.org;Female;16/01/2008;Saint Vincent and the Grenadines
2551;Mary Schneider;xmartinez@example.com;Female;23/11/1961;Afghanistan
2552;Heather Romero;bretthill@example.com;Male;05/04/2002;Japan
2553;Elijah Morton;vkane@example.com;Male;16/09/1994;Jordan
2554;Teresa Delgado;catherine09@example.net;Male;11/09/1996;Paraguay
2555;Daniel Hudson;mary03@example.org;Male;03/10/1977;Zimbabwe
2556;Mary Richard;vicki19@example.com;Male;28/11/2004;Palau
2557;Jerry Baker;samanthamartinez@example.org;Female;30/06/1962;Georgia
2558;Diane Proctor;sherisilva@example.org;Female;28/01/1999;Chad
2559;Samuel Maynard;bonilladawn@example.org;Male;14/07/1960;Peru
2560;Shannon Romero;grayashley@example.com;Male;16/06/1976;Zambia
2561;Alex Mcgrath;amandaduncan@example.com;Male;04/06/1967;Portugal
2562;Jonathan Williams;zacharystone@example.com;Female;29/05/1973;Marshall Islands
2563;Dan Little;anthony27@example.com;Female;29/04/1968;Jordan
2564;Ryan Deleon;lorirodriguez@example.com;Male;19/09/1957;Luxembourg
2565;Holly Johnston;ashley72@example.org;Male;08/12/1993;Tonga
2566;Heidi Smith;djenkins@example.com;Male;29/12/2007;Equatorial Guinea
2567;Ricky Bailey;andreaarmstrong@example.org;Female;06/07/1995;Colombia
2568;Dennis Heath;qwilkinson@example.org;Female;08/06/1986;San Marino
2569;Chad Sloan;omartin@example.com;Female;07/09/1980;Pitcairn Islands
2570;Tami Bennett;dianamendez@example.org;Female;09/04/2000;South Georgia and the South Sandwich Islands
2571;Zachary Ellis;ewright@example.com;Female;09/01/1956;Myanmar
2572;Melissa Mitchell;john39@example.org;Female;27/09/1974;El Salvador
2573;Carrie Shepard;travisbarnes@example.net;Male;02/02/1997;New Caledonia
2574;Kimberly Sullivan;kbeck@example.net;Female;07/03/1965;Slovenia
2575;Christopher Francis Jr.;fdelgado@example.org;Male;31/12/1984;Liberia
2576;Brenda Fields;dawn75@example.net;Male;01/03/1958;Dominica
2577;Anna Hartman;dicksonhector@example.com;Male;08/03/1978;Saudi Arabia
2578;Preston Lee;hartmichael@example.com;Male;11/03/1975;Chile
2579;Nathan Campbell;emily88@example.com;Female;07/10/1956;Samoa
2580;Eric Dean;fmitchell@example.com;Male;07/06/1987;Switzerland
2581;Megan Wallace;frederickdavid@example.org;Female;15/12/1988;Mongolia
2582;Renee Stewart;ssmith@example.com;Female;10/04/1966;Iran
2583;Christopher Ross;williamjohnson@example.net;Female;27/10/2007;Bolivia
2584;Jeremy Smith;jessica46@example.net;Male;28/06/2000;Ukraine
2585;David Diaz;bjones@example.net;Male;13/08/1964;Saint Martin
2586;Amber Ortiz;hoodchristopher@example.org;Male;31/07/1969;Kuwait
2587;Roger Key;mccoysarah@example.com;Male;23/06/1960;Algeria
2588;Mia Avila;twilson@example.net;Female;24/11/1990;Kenya
2589;Tracy Alvarado;rodgersjames@example.org;Female;04/09/1982;Nigeria
2590;Jennifer Lopez;michaelcollier@example.net;Female;28/11/1977;Turks and Caicos Islands
2591;Carlos Frazier;jonathanmcclure@example.org;Female;21/08/2002;Reunion
2592;Vickie Stewart;dennis27@example.net;Male;19/06/1983;Montserrat
2593;Lisa Mcbride;zachary79@example.net;Female;25/01/1990;Ghana
2594;Lisa Maxwell;tburns@example.com;Female;13/03/1997;China
2595;Matthew Garcia;haynesgloria@example.org;Female;09/11/2007;Kiribati
2596;Brandon White;caguilar@example.com;Female;15/01/1961;Syrian Arab Republic
2597;Michelle Petty;tonya02@example.net;Male;21/05/1984;Spain
2598;Paul Alvarado;greendanny@example.org;Male;19/01/2000;Bouvet Island (Bouvetoya)
2599;Lisa Fox;kevinbaker@example.com;Female;15/12/1981;New Caledonia
2600;Patricia Green;colleencooper@example.net;Male;21/06/1969;New Zealand
2601;Justin White;kimberlyoliver@example.org;Female;19/12/1994;Tajikistan
2602;Latoya Werner;tbruce@example.net;Female;12/10/1983;Chile
2603;Jose Dean;bernardgilbert@example.com;Female;22/03/2002;Zambia
2604;John Fritz;kendra81@example.com;Female;26/05/1993;Portugal
2605;Erika Murillo DDS;jonathan54@example.org;Male;04/07/2000;New Caledonia
2606;Rose Boone;thomasrodriguez@example.org;Male;05/10/1956;United Arab Emirates
2607;Katie Davis;urivera@example.com;Male;21/06/1987;Costa Rica
2608;Kyle Miller;lopezteresa@example.org;Male;16/11/2000;Pitcairn Islands
2609;Frank Gibson;jerryellis@example.net;Male;27/06/1970;Saint Martin
2610;Patrick Coleman;hopkinsshelby@example.com;Male;19/03/2004;Togo
2611;Cory Hogan;sstone@example.net;Female;05/12/1996;Montserrat
2612;Margaret Figueroa;james96@example.com;Female;26/05/1992;Uganda
2613;Patrick Garcia;angela82@example.com;Female;24/09/1969;Sierra Leone
2614;Michael Lopez;eric97@example.com;Male;24/03/1977;Cote d'Ivoire
2615;Mary Kelly;christinapoole@example.org;Female;13/08/1983;Bahrain
2616;Holly Baxter;meganperkins@example.org;Male;30/09/2005;Tajikistan
2617;Jennifer Jones;ydelgado@example.net;Male;09/09/1978;Bermuda
2618;Jason Morales;ojimenez@example.org;Male;24/03/1991;Belarus
2619;Tina Fox;vschultz@example.org;Male;20/08/1974;Nigeria
2620;Mark Davis;xhill@example.org;Male;04/07/1973;Mayotte
2621;Roy Harris;moorechristian@example.com;Male;13/08/1972;Georgia
2622;Benjamin Walker;eugene76@example.com;Female;10/03/1992;Cape Verde
2623;Felicia Ramirez;tcampbell@example.org;Female;17/12/1984;Christmas Island
2624;Jeffrey Miller;zstark@example.org;Male;10/09/1995;Slovakia (Slovak Republic)
2625;Victoria Lane;michael64@example.org;Male;19/06/2006;Pitcairn Islands
2626;Keith Whitaker;bookershane@example.com;Female;29/08/1970;Austria
2627;Elizabeth Kim;toddcannon@example.com;Female;09/12/1977;Latvia
2628;Michael Vargas;pittslindsey@example.net;Female;13/11/2000;Greece
2629;Lisa Lee;hoovermark@example.org;Female;14/01/2000;Brunei Darussalam
2630;Justin Lewis;jeremywalsh@example.net;Female;16/10/1987;Cape Verde
2631;Robin Matthews;elizabethwebb@example.org;Female;29/03/1978;Brazil
2632;Brianna Ellis;ovargas@example.net;Female;30/11/1998;India
2633;Kelly Sullivan;brian78@example.net;Male;07/12/1977;El Salvador
2634;Michael Bird;briansheppard@example.com;Male;15/05/1972;French Polynesia
2635;Steven Allen;amanda86@example.org;Female;30/06/2004;Ecuador
2636;Jennifer Salinas;pennyrodriguez@example.com;Male;06/09/1971;Egypt
2637;Travis Ferguson;anna84@example.com;Male;26/03/1966;Belarus
2638;Dr. Danielle Farmer;kmoreno@example.net;Male;01/02/1966;Japan
2639;David Clements;joseph06@example.com;Male;11/06/1986;North Macedonia
2640;Alexander Hood;melissareilly@example.net;Male;02/07/1974;Azerbaijan
2641;Kenneth Miller;rodriguezisaac@example.net;Female;16/07/1995;Estonia
2642;Barry Glenn;jessicacantu@example.net;Male;03/03/2006;Costa Rica
2643;Jasmine Lane DVM;isaiahrose@example.net;Male;11/09/1975;Maldives
2644;Barbara Yu;anthonyochoa@example.net;Female;26/11/2002;Bosnia and Herzegovina
2645;Jodi Lewis;hochoa@example.net;Male;03/02/2008;Uganda
2646;Christopher Scott;michelle89@example.org;Male;08/11/1987;Sao Tome and Principe
2647;George Patterson;adamsmichelle@example.org;Male;15/09/1995;Nicaragua
2648;Edward Parker;pgutierrez@example.com;Female;24/05/1981;Svalbard & Jan Mayen Islands
2649;Brooke Combs;maria04@example.org;Male;07/09/1978;Timor-Leste
2650;Christine Ayala;alexanderdeborah@example.com;Male;29/06/1966;Ecuador
2651;Heather Walton;chelseawright@example.org;Female;11/01/2007;Haiti
2652;Sandra Snyder;ashleymorris@example.com;Female;22/12/1985;Colombia
2653;James Brown;fsullivan@example.com;Male;11/07/1971;Bouvet Island (Bouvetoya)
2654;Scott Bell;contrerassandra@example.net;Female;01/06/1963;Northern Mariana Islands
2655;April Clark;kennedyamanda@example.com;Male;20/06/1994;Netherlands
2656;Richard Dean;wilsonjennifer@example.net;Male;17/10/1983;India
2657;Corey Baker;thomasadam@example.com;Female;26/06/1976;Luxembourg
2658;Jennifer Burke;padillasherry@example.com;Female;14/08/1980;Dominica
2659;Deborah Wilson MD;susan87@example.org;Male;01/09/1992;Chile
2660;James Rios;wandamccoy@example.org;Female;07/09/1997;Gibraltar
2661;Donald Green;qguerrero@example.net;Female;14/11/1961;Zimbabwe
2662;Angela Green;xarias@example.org;Female;10/02/1973;United States Minor Outlying Islands
2663;Donald Porter;joshua90@example.org;Female;24/11/1980;Tanzania
2664;Holly Hines;davidmaldonado@example.net;Male;15/02/1997;Tajikistan
2665;Andrea Miller;bethwilkins@example.org;Male;25/10/1967;Suriname
2666;Linda Barker;meagan23@example.net;Male;29/01/1991;Jordan
2667;Sabrina Matthews;michellecook@example.net;Female;14/08/1994;Slovenia
2668;Gina Harris;vrivera@example.net;Female;02/06/1981;Ukraine
2669;Anita Acosta;billy91@example.net;Male;17/03/1986;Romania
2670;Alexis Mccarthy;njackson@example.net;Female;18/12/1983;Paraguay
2671;Justin Barnes;matthew22@example.org;Female;14/02/1985;United States Virgin Islands
2672;Amy Perry;scottfisher@example.net;Female;12/10/1995;Cook Islands
2673;Matthew Richardson;marialozano@example.org;Female;03/09/1969;Saint Pierre and Miquelon
2674;Stuart Murray;mwhitaker@example.net;Female;30/05/1987;Armenia
2675;David Foster;zvargas@example.org;Female;02/08/1999;Lebanon
2676;Larry Guzman;shane38@example.net;Male;20/05/1987;Pitcairn Islands
2677;Elizabeth Horn;andrea35@example.com;Male;27/08/2008;British Indian Ocean Territory (Chagos Archipelago)
2678;Carla Ryan;darlene78@example.org;Male;21/04/2005;Cayman Islands
2679;Jennifer Simon;rioskristen@example.net;Female;05/02/1974;Sudan
2680;Justin Craig;ypittman@example.net;Male;11/07/1956;Fiji
2681;Michael Stewart;randerson@example.org;Female;16/02/1974;American Samoa
2682;James Castillo;uchapman@example.com;Male;22/01/1963;Netherlands
2683;Kristin King;joseph37@example.org;Male;16/06/1994;Isle of Man
2684;Adriana Hill;mark12@example.net;Male;25/10/1973;Norfolk Island
2685;Logan Harvey;jenniferhansen@example.net;Male;03/09/2002;Botswana
2686;Sarah Rivera;jocelyn45@example.net;Female;11/07/2008;British Virgin Islands
2687;Ashley Wells;patrickhenry@example.com;Male;22/08/1960;Gambia
2688;Don Navarro;tracy75@example.com;Male;11/04/1957;Jersey
2689;Hailey Jensen;hartrebecca@example.net;Male;09/05/1970;Ecuador
2690;Laura Camacho;bradley52@example.org;Female;19/10/1978;Ghana
2691;Brandon Miller;sryan@example.org;Male;23/01/1971;Italy
2692;Ashley Campbell;lynn02@example.org;Male;05/01/1996;Botswana
2693;Daniel Park;amyyang@example.org;Male;28/06/1992;United Kingdom
2694;James Myers;richardstrickland@example.net;Male;30/09/1982;Western Sahara
2695;Marcus Burch;ramirezlinda@example.com;Male;17/02/1957;Samoa
2696;Jonathan Burns;timothy36@example.org;Male;07/04/1981;Uganda
2697;Michael Alexander;michelle64@example.net;Male;21/11/2002;Bolivia
2698;Calvin Waters;hensonbrianna@example.org;Female;23/04/1962;Liechtenstein
2699;Jack Gonzalez;yjacobs@example.org;Female;02/12/1959;Grenada
2700;Sarah Smith;diazlinda@example.net;Female;02/10/2002;Tanzania
2701;George Turner;thompsonnatalie@example.org;Female;18/04/1974;Mali
2702;Christopher Gamble;michaelriddle@example.org;Male;12/11/1966;Zambia
2703;Manuel Powell;daviselizabeth@example.org;Female;24/03/1974;United States of America
2704;Kyle Johnson;jill98@example.com;Male;05/11/1968;Estonia
2705;Jessica Dominguez;nicholas11@example.org;Female;22/04/1961;Saint Martin
2706;Laura Harrell;sheilawise@example.net;Female;08/02/1986;Switzerland
2707;Elizabeth Johnson;amarshall@example.org;Male;22/02/1994;Guinea-Bissau
2708;Loretta Rogers;mckenzieshannon@example.com;Male;13/09/2005;Estonia
2709;Julie Smith;martinbrent@example.com;Male;07/01/1988;Croatia
2710;Erica Li;mary28@example.net;Female;31/07/1994;Guernsey
2711;Joseph Hall;carl86@example.net;Male;24/07/2004;Pitcairn Islands
2712;Shaun Collier;kennethgonzalez@example.com;Female;04/05/1972;Greece
2713;Stacy Mccall;brian41@example.org;Male;04/12/1974;Pitcairn Islands
2714;Amy Parker;crosbykathryn@example.com;Female;28/11/1993;Turks and Caicos Islands
2715;Ashley Harris;harveyrhonda@example.org;Female;06/02/2008;New Zealand
2716;Louis Huber;bateshaley@example.org;Female;08/05/1979;Latvia
2717;Mary Lin;myersellen@example.org;Female;10/12/1991;Swaziland
2718;Breanna Jones;dakota84@example.com;Male;09/05/1983;Palestinian Territory
2719;John Romero;richardrichardson@example.com;Male;16/04/1986;Gibraltar
2720;Andrea Perry;vasquezcassandra@example.org;Female;05/12/2001;Mayotte
2721;Xavier Brown;matthew71@example.net;Female;21/08/1984;Somalia
2722;Carmen Holt;reidheather@example.com;Male;09/07/1977;Canada
2723;Alexis Dean;elizabeth64@example.net;Female;11/07/1994;Sao Tome and Principe
2724;Cynthia Edwards;qwagner@example.org;Male;20/09/1994;Ukraine
2725;Linda Melendez;diamondday@example.com;Female;16/12/1963;Cameroon
2726;Kimberly Phillips MD;brittney54@example.net;Female;28/12/1984;Cocos (Keeling) Islands
2727;Emily Clark;omarcarter@example.com;Female;07/04/2008;Sierra Leone
2728;Shelly Green;wnelson@example.net;Female;03/12/2006;Lithuania
2729;Chad Howard;kyle61@example.org;Male;24/06/1973;Tokelau
2730;Whitney Mitchell;mortonjames@example.com;Female;08/11/1984;Zambia
2731;Kevin Powell;wesleyhernandez@example.net;Female;20/09/1981;Senegal
2732;Drew Fry;ohale@example.com;Male;27/06/2003;French Guiana
2733;Lori Mathis;mejiaandrew@example.org;Male;04/09/2002;Nigeria
2734;Ryan Zimmerman PhD;pattersonchristine@example.org;Female;31/10/1987;Monaco
2735;Robin Gonzalez;allenturner@example.org;Female;14/03/1997;Cote d'Ivoire
2736;Derrick Nelson;brivera@example.net;Male;26/06/1997;Burundi
2737;Richard Carter;ofoley@example.org;Male;20/09/1972;Sudan
2738;Thomas Hamilton;victor27@example.org;Male;16/08/1991;Cambodia
2739;Jason Brown;qgutierrez@example.net;Male;08/01/2006;Belgium
2740;Timothy Thompson;moramichele@example.org;Male;21/10/2001;Tunisia
2741;Kimberly Mitchell;collinsandrew@example.com;Female;24/03/1984;Canada
2742;Alexandra Day;wilsonmackenzie@example.net;Male;11/10/2003;Tajikistan
2743;Casey Thomas;michaeldean@example.com;Male;29/03/1995;Guatemala
2744;Kyle Meyer;amanda40@example.org;Female;23/11/1970;India
2745;Kelly Johnson;rachel44@example.net;Female;02/06/1963;Norway
2746;Christopher Curry;julie90@example.net;Male;26/10/1980;Maldives
2747;James Briggs;khopkins@example.org;Female;20/05/1989;Jersey
2748;Amy Dyer;ysmith@example.net;Male;30/03/1976;Venezuela
2749;Ann Jones;mortonjoshua@example.net;Male;07/06/1961;Lithuania
2750;Margaret Carey;gking@example.net;Male;05/01/1994;Canada
2751;Shawn Harrison;bwatkins@example.com;Male;01/11/1959;Cyprus
2752;Patrick Davis;clinejerry@example.net;Male;08/08/2002;Pakistan
2753;Michelle Ross;robert33@example.org;Male;07/08/2001;Kuwait
2754;Yvonne Lopez;rjohnson@example.net;Female;01/03/2003;Thailand
2755;Monica Lozano;wpacheco@example.net;Male;07/10/1955;Lebanon
2756;Timothy Brown;ryan97@example.org;Female;01/12/2000;Central African Republic
2757;Doris Hunter;shannonallen@example.org;Female;17/08/1996;Saint Kitts and Nevis
2758;Matthew Riley;hannah56@example.com;Female;28/08/1980;Macao
2759;Crystal Montgomery;hgarcia@example.org;Female;30/04/1999;Congo
2760;Austin Williams;nicholasshannon@example.net;Male;07/03/1994;Saint Barthelemy
2761;Nathaniel Warner;qjackson@example.org;Female;06/04/1963;Macao
2762;Dr. Karina Shaffer;pmorgan@example.org;Female;19/06/1961;Brunei Darussalam
2763;Mary Shah;chenamy@example.net;Male;13/10/1986;Slovakia (Slovak Republic)
2764;Joyce Vaughn;tdecker@example.org;Male;13/07/1971;Peru
2765;Kimberly Carter;nherrera@example.org;Male;06/07/1979;Tajikistan
2766;Aaron Gregory;lthompson@example.net;Female;07/05/1997;Slovakia (Slovak Republic)
2767;Timothy Wilson;deborahmoore@example.com;Female;23/03/1964;Monaco
2768;Michael Bird;woodwardbryan@example.org;Male;28/01/1972;Guinea
2769;Cheryl Anderson;anne77@example.org;Female;18/06/1988;Mauritius
2770;Julie Kirby;gregoryflynn@example.net;Female;25/12/1989;Panama
2771;Gina Johnson;burnettjoshua@example.org;Male;05/07/1974;Dominican Republic
2772;Annette Gibson;jamie44@example.net;Female;31/12/1999;Haiti
2773;Michelle Cook;ashley32@example.net;Male;30/05/1972;Martinique
2774;Joanna Phillips;lee52@example.net;Male;11/12/1998;Dominica
2775;Julia Jackson;mcgeebrian@example.net;Female;03/09/1967;Paraguay
2776;Nicholas Payne;fgeorge@example.net;Female;10/04/1973;French Southern Territories
2777;Tony Garcia;masonrebecca@example.com;Female;20/10/1993;Guinea
2778;John Vargas;gcain@example.org;Male;07/02/1976;Trinidad and Tobago
2779;Tina Hayes;george99@example.com;Female;19/01/2004;Vietnam
2780;Dustin Williams;kstewart@example.net;Female;29/03/1962;Mozambique
2781;Alec Barber;tyler15@example.org;Male;24/06/1989;Eritrea
2782;Matthew Cook;wwagner@example.org;Male;03/05/1982;Saint Martin
2783;Johnny Colon;williamsondenise@example.net;Female;04/05/1995;Sierra Leone
2784;Hannah Woods;brianray@example.com;Male;04/05/1997;Mauritius
2785;Katie Elliott;yholden@example.net;Female;04/06/1979;Oman
2786;James Baker;april73@example.net;Female;09/05/1956;Reunion
2787;Tamara Graham;latoya01@example.net;Female;23/06/1977;Thailand
2788;Reginald Collins;khernandez@example.org;Male;16/03/2004;Japan
2789;Kimberly Hopkins;jeffrey56@example.com;Female;26/03/1978;Palestinian Territory
2790;Connor Bruce;burnsmegan@example.com;Female;09/11/2005;Isle of Man
2791;Kari Palmer;jorgecervantes@example.net;Female;05/02/1985;Jordan
2792;Anna Rowe;stevengreen@example.com;Female;10/09/1997;Serbia
2793;Sharon Wong;tbowen@example.net;Male;15/03/1957;Rwanda
2794;John Gutierrez;mcdonalddeborah@example.com;Female;29/11/1967;Marshall Islands
2795;William Fields;lewisdylan@example.com;Male;13/09/1987;Samoa
2796;Daniel Guzman;michelle43@example.com;Male;06/07/1963;Cambodia
2797;John Bauer;eevans@example.org;Female;17/07/1964;Sao Tome and Principe
2798;Daniel Smith;kayla78@example.org;Female;29/04/2003;Malaysia
2799;Rachel Ponce;michaelmyers@example.com;Male;19/11/1967;Benin
2800;David Rich;stephenlucero@example.com;Female;13/03/1958;Christmas Island
2801;Allen Perry;alvarezcynthia@example.net;Female;31/05/1963;India
2802;Kristina Lopez;leahrobertson@example.org;Male;17/07/1985;Armenia
2803;David Clarke;elizabeth65@example.com;Female;21/06/1993;Angola
2804;Dr. Ronald Thomas DDS;jasminemontgomery@example.com;Female;18/12/1991;Nigeria
2805;Todd Lewis;qhamilton@example.net;Male;01/04/1986;Guinea-Bissau
2806;Timothy Klein;patrickcarey@example.net;Female;30/05/1963;Cape Verde
2807;Scott Baldwin;catherine07@example.org;Male;09/07/1964;Brazil
2808;Mark Coleman;rubenpratt@example.net;Male;28/08/1998;France
2809;Jordan Mccormick;gdiaz@example.net;Male;29/12/1962;Honduras
2810;Douglas Brooks;bcline@example.com;Male;19/02/1979;Tuvalu
2811;Alexis Cobb;rward@example.org;Female;13/02/1957;Mali
2812;Courtney Bullock;nathan70@example.net;Male;06/12/1980;Venezuela
2813;Brian Orr;scortez@example.com;Female;15/08/1999;Cambodia
2814;Steven Petersen;vanessa16@example.net;Male;07/05/1969;Cameroon
2815;Eugene Roberts;meyerkara@example.com;Female;03/10/1980;Sao Tome and Principe
2816;Matthew Powell;edgar48@example.com;Female;15/05/1973;Tuvalu
2817;Amy Snyder;salazarandrew@example.org;Male;13/09/2002;Holy See (Vatican City State)
2818;Eric Baldwin;vgray@example.net;Male;05/03/1975;Fiji
2819;Robert Andrews;michael65@example.com;Male;09/08/1988;Chile
2820;Billy Hill;esantos@example.org;Male;31/07/1991;Finland
2821;Larry Skinner;dking@example.com;Female;05/08/2001;Sri Lanka
2822;Lindsey Wang;brivera@example.org;Female;26/10/1994;Maldives
2823;Robert Avila;kathrynbenson@example.org;Female;14/09/1972;Belgium
2824;Robert Curtis;garciachristian@example.net;Male;06/03/1994;Turkey
2825;Joseph Collins;lsmith@example.org;Male;13/11/1987;Croatia
2826;Paul Browning;howelljavier@example.net;Female;07/02/1992;Aruba
2827;Francisco Gomez;sarah04@example.com;Female;17/10/1958;Andorra
2828;Theresa Melton;john25@example.net;Male;02/04/1975;Equatorial Guinea
2829;Ebony Burns;toddandrew@example.org;Male;05/03/2007;Saint Martin
2830;Robin Curtis;william24@example.com;Male;27/05/1984;Mongolia
2831;Barbara Blake;oalvarado@example.net;Female;17/05/1991;El Salvador
2832;Michael Fitzpatrick;npowers@example.com;Female;07/11/1996;Uruguay
2833;Meredith Brown;daniel00@example.org;Male;14/07/1999;Niger
2834;Charles Mcguire;perrycarpenter@example.net;Female;17/08/1975;Georgia
2835;Andrea Garcia;kallen@example.org;Female;04/10/1983;Madagascar
2836;Victoria Elliott;zramirez@example.com;Female;25/05/1999;Austria
2837;Rachael Jackson;maryrios@example.org;Female;29/09/2002;Pakistan
2838;Charles Welch;andrew63@example.org;Male;08/07/1996;Tanzania
2839;Michael Beard;kristin54@example.net;Male;31/10/1992;Korea
2840;John Lawson;katie12@example.org;Female;13/07/1970;Canada
2841;Paul Wright;gmoore@example.org;Male;27/01/1976;New Zealand
2842;Amanda Cunningham DDS;nicole68@example.net;Female;29/05/1982;Turkey
2843;Jeffery Jones;jennifer41@example.com;Male;25/07/2003;Iraq
2844;Kaitlin Walker;maxwellmark@example.net;Female;26/07/2001;Hungary
2845;Nicholas Barrett;hunterwilliams@example.org;Male;28/03/1984;Slovenia
2846;David Craig II;yhuynh@example.net;Male;06/01/1984;Somalia
2847;Stephanie Huang MD;john73@example.net;Male;19/07/2003;Kenya
2848;Peter Thompson;edwardskendra@example.net;Female;05/10/1962;Cambodia
2849;Brittany Weber;arobles@example.org;Female;11/12/1983;Zimbabwe
2850;Brian Fernandez;vthomas@example.com;Male;27/05/1975;Marshall Islands
2851;Billy Cook;christophernewton@example.net;Male;01/09/1967;Macao
2852;Melissa Oneal;juliaoliver@example.org;Female;30/12/1981;Liechtenstein
2853;Samantha Roberts;staffordwilliam@example.org;Male;08/12/2007;Macao
2854;Mrs. Amanda Flores;fmassey@example.net;Male;04/05/1962;Honduras
2855;Victoria Bishop;ssanchez@example.net;Female;26/04/1971;Djibouti
2856;Kevin Garcia;jeremyrivera@example.org;Male;13/03/2005;Anguilla
2857;Madison Curtis;ftaylor@example.com;Male;20/10/1981;Oman
2858;Mrs. Andrea Wright;jenny67@example.org;Male;13/12/2004;Paraguay
2859;Renee Yates;alexandraespinoza@example.net;Male;17/03/1988;Morocco
2860;Lauren Luna;lauramcbride@example.com;Male;17/07/1997;Uruguay
2861;David Jones;qdavis@example.org;Male;20/12/1996;Sweden
2862;Harold Cooper;steve62@example.org;Male;25/08/2007;Sao Tome and Principe
2863;Donna Carey;fmccall@example.net;Male;13/11/1997;Uzbekistan
2864;Laura Best;gary90@example.com;Female;05/11/1978;Ghana
2865;Jennifer Evans;carolinebeck@example.net;Male;27/03/1976;Paraguay
2866;Tiffany Harris;cheryl49@example.org;Male;27/06/1977;Tokelau
2867;Richard Lara;karinadawson@example.org;Male;19/11/1975;Monaco
2868;Chad Black;melissa05@example.org;Male;05/05/2005;Cocos (Keeling) Islands
2869;Elizabeth Terry;jamierodriguez@example.net;Female;29/08/1988;Lao People's Democratic Republic
2870;Michelle Johnson;edwardssteven@example.org;Female;23/12/1988;Anguilla
2871;Matthew Williams;ohorton@example.org;Female;17/11/1975;Western Sahara
2872;Elizabeth Rodriguez;sierrapeterson@example.com;Male;22/09/1985;Isle of Man
2873;Donna Harrison;kschmitt@example.net;Female;16/12/1987;United Kingdom
2874;Cody Stevens;walkeramanda@example.net;Male;31/10/1968;Malaysia
2875;Michaela Bennett;cooperblake@example.org;Female;21/06/1963;Pakistan
2876;Alicia Hunt;hartbruce@example.com;Male;20/04/1971;Cape Verde
2877;Amanda Rogers;breanna79@example.org;Male;05/08/1997;Jersey
2878;Jacob Burgess;thompsoneugene@example.com;Female;20/07/1964;Guinea-Bissau
2879;Desiree Sanchez;benjaminrodriguez@example.org;Male;02/01/1966;Pakistan
2880;John Mueller;steven13@example.net;Female;22/10/1988;Tajikistan
2881;Felicia Whitney;michaelweaver@example.com;Male;10/11/2004;Saudi Arabia
2882;Zachary Ross;wendyjordan@example.net;Female;20/04/1992;United States of America
2883;Michael Ramirez;frankheather@example.com;Female;11/09/1987;Iceland
2884;Alexander Jones;powellkristen@example.com;Female;21/08/1995;Korea
2885;Jamie Patton;robertsonbrandon@example.org;Male;10/10/1969;Estonia
2886;Maria Wagner;mendezstephen@example.org;Male;26/05/1998;Canada
2887;Howard Mack;susansmith@example.org;Male;02/05/1977;Haiti
2888;Amanda Long;jason30@example.net;Male;14/12/1957;Congo
2889;William Martin;melissa11@example.com;Female;28/11/1977;France
2890;Paula Reese;wadejennifer@example.net;Female;06/01/1969;Falkland Islands (Malvinas)
2891;Donald Davis;lmiller@example.com;Male;22/01/1998;Vietnam
2892;Colin Brooks;johnsonana@example.net;Male;27/05/1982;United States Virgin Islands
2893;John Reyes;scottnguyen@example.com;Female;15/10/1965;Burkina Faso
2894;Julia Taylor;denise72@example.net;Female;09/09/1961;Serbia
2895;Kevin Jenkins;michellejohnson@example.org;Female;04/12/1997;Serbia
2896;Hannah Murray;wchang@example.com;Male;29/06/2008;Dominica
2897;Teresa Rush;morriseric@example.com;Male;07/05/1959;Oman
2898;Andrea Taylor;tgonzalez@example.net;Male;29/12/2006;Mongolia
2899;Ann Brown;virginiaholmes@example.com;Male;04/11/1981;Iran
2900;Steven Barton;catherine52@example.com;Male;10/03/1989;Singapore
2901;Katie Goodman;angela10@example.net;Female;12/04/1968;Lesotho
2902;Frank Hernandez;rossphyllis@example.com;Female;21/01/2001;Nauru
2903;Kristen Hammond;sierraferguson@example.net;Female;12/02/1986;Syrian Arab Republic
2904;Ian Sexton;bradley87@example.com;Female;13/03/1981;Bulgaria
2905;Jamie Rodriguez;alexandrasavage@example.com;Female;29/05/1963;Algeria
2906;Ricky Martinez;fullergerald@example.net;Male;23/10/1971;Korea
2907;Willie Taylor;medinaricky@example.org;Female;01/10/1985;Australia
2908;Tracey Young;lewistabitha@example.org;Female;22/01/1961;Finland
2909;Nicholas Tran;mitchell35@example.net;Female;21/11/1999;Germany
2910;Donald Garcia;vflynn@example.org;Female;15/07/1958;Saint Helena
2911;Meghan Campbell;xvargas@example.org;Female;15/05/1987;Cameroon
2912;Barbara Keith;kristine55@example.org;Female;09/09/1984;Bulgaria
2913;Angela Hooper;perryjames@example.com;Female;07/06/1964;Grenada
2914;Amanda Mcintyre;holmesanthony@example.com;Male;09/02/1958;Netherlands Antilles
2915;Thomas Coleman;gburns@example.org;Male;16/03/1981;Bhutan
2916;Carol Howe;nhayes@example.org;Male;14/03/1989;Bolivia
2917;Jessica Hicks;xjohnson@example.net;Female;24/05/1963;Samoa
2918;John Powell;lloydjoy@example.com;Female;11/06/1966;Spain
2919;Frank Wilkerson;alexisreed@example.com;Male;30/01/1962;Sierra Leone
2920;Laura Williams;samuel27@example.org;Male;13/06/1981;Latvia
2921;Christopher Monroe;ltapia@example.net;Female;24/08/2002;Togo
2922;Jennifer Gardner;bakerariel@example.com;Male;01/10/2001;Oman
2923;Seth Best;vanessa31@example.net;Female;31/03/2000;Solomon Islands
2924;Shannon Taylor;bonnie58@example.org;Male;20/04/1982;Christmas Island
2925;Daniel Hart;bpratt@example.net;Male;06/02/2004;Cyprus
2926;Kelsey Gomez;lauren45@example.org;Male;29/10/1983;Sudan
2927;Katie Rodriguez;ronaldbest@example.org;Male;17/02/1970;Cook Islands
2928;Daniel Humphrey;codywilkerson@example.com;Male;19/08/1970;Congo
2929;Peter Reilly;amanda82@example.net;Male;16/11/1986;Cuba
2930;Brenda Coleman;keith77@example.net;Female;11/07/1994;Saint Barthelemy
2931;Chelsea Perez;michaelperry@example.net;Female;09/09/2007;Bangladesh
2932;Kathleen Love;jonathanharrington@example.net;Male;14/01/1986;Cote d'Ivoire
2933;Julie Washington;martha61@example.com;Male;15/04/1970;Eritrea
2934;Jessica Smith;stacyroman@example.com;Male;12/04/1968;Saint Lucia
2935;Jacqueline Reynolds;vclements@example.com;Female;31/12/1968;Burundi
2936;Jeremy Dean;mroberts@example.com;Female;12/02/1977;Armenia
2937;Victoria Spencer;singhsamuel@example.net;Female;16/01/1975;Eritrea
2938;Sharon Lin;holly09@example.net;Male;23/07/1970;Anguilla
2939;Denise Atkins;madisongarner@example.com;Male;24/05/1978;Rwanda
2940;John Garcia;mdunn@example.net;Female;22/04/1959;Canada
2941;Matthew Hutchinson;rogerstravis@example.org;Female;24/02/1960;Dominican Republic
2942;Erika Terry;floydamber@example.com;Female;11/03/1967;Estonia
2943;Lisa Sims;bensonmichael@example.com;Female;10/11/2003;Moldova
2944;Johnny Williams;xruiz@example.net;Female;12/02/1979;Antigua and Barbuda
2945;Cindy Hubbard;agoodman@example.com;Female;22/07/1997;Sudan
2946;Sandra Bowen;yhayes@example.org;Female;07/05/1958;Tunisia
2947;Allison Edwards;anthony79@example.org;Female;14/11/1983;India
2948;Crystal Nunez;sheilahardy@example.net;Female;01/08/1978;Madagascar
2949;Heather Martinez;laura99@example.com;Male;16/12/1995;Switzerland
2950;Julie Pennington;yallen@example.org;Female;06/08/2008;Nauru
2951;Stephen Moreno;katherinemartinez@example.org;Female;15/04/1956;Egypt
2952;Danielle Ellis;christine49@example.com;Female;09/10/1956;Netherlands
2953;Claudia Hall;rsanchez@example.net;Female;08/04/2003;Mongolia
2954;Adrienne Bonilla;rcobb@example.net;Male;06/12/1955;Cote d'Ivoire
2955;Tony Sanford;wilsonstephanie@example.com;Female;19/11/1969;Egypt
2956;Melissa Zhang;edward54@example.org;Female;10/09/1981;Northern Mariana Islands
2957;Nathaniel Gibson;drewhunter@example.com;Male;11/02/1982;United Kingdom
2958;Tammy Cline;lauren68@example.net;Female;15/10/2001;Montserrat
2959;Jason Stewart;kimberly87@example.com;Female;25/01/2004;Bermuda
2960;Brian Marsh;jade79@example.net;Male;14/04/1971;Austria
2961;Melissa Baker DDS;andrewespinoza@example.net;Male;16/10/1966;Peru
2962;Anna Jones;frichards@example.net;Female;25/06/1997;Jamaica
2963;Tony Hartman;samuelbrown@example.net;Male;07/02/2002;Equatorial Guinea
2964;Cassandra Hernandez;sellersbeth@example.org;Male;18/08/1967;Syrian Arab Republic
2965;Christopher Pollard;daniel75@example.org;Male;30/05/1993;Isle of Man
2966;Chris Ramos;award@example.org;Female;09/03/1962;Bosnia and Herzegovina
2967;Michele Wells;rmarsh@example.com;Female;23/01/1962;Ecuador
2968;Jennifer Armstrong;qcisneros@example.net;Female;28/10/1969;Peru
2969;Amanda Henderson;brookssamantha@example.net;Female;20/01/1992;Kenya
2970;Rebekah Glass;omiller@example.net;Female;24/07/1975;Bosnia and Herzegovina
2971;Brandon Sanders;glendabrown@example.net;Male;19/07/1988;Latvia
2972;Chris Lewis;ewalton@example.org;Male;27/06/1985;Saint Barthelemy
2973;Kelsey Turner;danny84@example.org;Male;02/09/1965;Singapore
2974;Rebecca Abbott;freyes@example.net;Male;26/12/1992;Moldova
2975;Jared Wilson Jr.;odickson@example.net;Male;15/01/1980;Heard Island and McDonald Islands
2976;Cynthia Krueger;aroberts@example.com;Male;02/10/2000;Swaziland
2977;Joshua Santos;katherinebrooks@example.org;Female;19/08/1980;Guinea-Bissau
2978;Taylor Walker;amanda62@example.org;Male;25/11/2004;Vietnam
2979;Aaron Wang;martinsara@example.org;Female;03/06/1979;Netherlands
2980;Peggy Davis;mjensen@example.net;Female;01/02/1982;Comoros
2981;Carl Marsh;david95@example.net;Male;14/08/2005;Zambia
2982;Michael Hernandez;pfranklin@example.org;Male;04/04/1995;North Macedonia
2983;Glenn Davis;anne34@example.org;Male;06/08/2000;Central African Republic
2984;Rachel Camacho;samuel60@example.net;Female;10/05/1959;Slovakia (Slovak Republic)
2985;Tiffany Smith;saragarcia@example.net;Female;07/10/2003;Canada
2986;Cheryl Bennett;meghan91@example.net;Female;07/08/1970;Senegal
2987;Susan Rogers;dtownsend@example.com;Male;31/08/1978;Fiji
2988;Kyle Hernandez;jill92@example.com;Male;01/08/1990;Costa Rica
2989;Charles Bauer;tylerflynn@example.com;Male;28/08/1985;Spain
2990;Joseph Wood;paulcombs@example.com;Male;25/07/2002;Somalia
2991;Brenda Burns;angelaespinoza@example.com;Female;17/03/2008;Saint Martin
2992;Devin James;brownkimberly@example.net;Male;29/10/1976;San Marino
2993;Benjamin Reed;vsmith@example.org;Female;07/12/2005;Portugal
2994;Christopher Clark;mark36@example.com;Male;22/01/1963;Pitcairn Islands
2995;Valerie Rose;lrobertson@example.com;Female;09/12/1994;Cocos (Keeling) Islands
2996;Jennifer Stewart;brendahamilton@example.com;Female;09/08/1990;Philippines
2997;Mr. Jordan Nunez;emilygordon@example.org;Female;27/10/1955;Spain
2998;Luke Turner;eduncan@example.org;Female;07/02/1979;Maldives
2999;Paul Lambert;cliffordmartinez@example.com;Male;04/04/1999;Wallis and Futuna
3000;Stephen Dickson;rosscaitlin@example.org;Female;01/10/1991;Bouvet Island (Bouvetoya)
3001;Jeffrey Giles;cjackson@example.com;Female;09/09/1976;United States Minor Outlying Islands
3002;Matthew Tucker;patrick30@example.net;Male;08/10/1974;Niger
3003;Jessica Jones;craig10@example.com;Male;22/05/2005;Vietnam
3004;Nichole Walton;howardclaire@example.net;Female;26/02/1988;Luxembourg
3005;Michael Martinez;ralphreid@example.org;Female;30/09/1982;Malaysia
3006;Edwin Hamilton;susanhenderson@example.net;Male;06/10/1993;Niue
3007;Michelle Avila;dprice@example.net;Female;17/08/1966;Spain
3008;Samuel Weaver;kevin41@example.org;Male;15/08/1987;Taiwan
3009;Richard Haney MD;jacobwilson@example.net;Female;18/12/2007;Ghana
3010;Nancy Underwood;james62@example.org;Female;24/05/1973;France
3011;Lisa Smith;pjones@example.org;Male;22/10/1995;Saint Kitts and Nevis
3012;William Wright;lisacox@example.com;Male;01/03/1995;Malaysia
3013;George Price;ygilbert@example.net;Male;25/01/1979;Kenya
3014;Michael Blake;xguerrero@example.com;Female;28/07/1997;Denmark
3015;Lori Terry;laurenjimenez@example.net;Male;24/12/1989;Austria
3016;Aaron Ryan;kingmatthew@example.net;Male;27/12/1988;Saint Martin
3017;Pamela Sanders;ryan91@example.net;Male;26/05/1956;Swaziland
3018;James Olson;tanyaboyer@example.com;Female;19/06/1965;Saint Barthelemy
3019;Darren Chambers;ashleygomez@example.com;Male;19/11/1996;Somalia
3020;Melissa Phillips;umathews@example.com;Male;31/03/1977;Qatar
3021;Rebecca Mcknight;gkelley@example.com;Male;10/01/1975;Eritrea
3022;Marilyn Brown;kathryn17@example.com;Male;21/08/1964;Cape Verde
3023;David Erickson;john53@example.net;Male;29/07/2003;United States Minor Outlying Islands
3024;Shawn Gray;heidibrown@example.com;Female;19/10/1991;Jersey
3025;April Rogers;tjuarez@example.org;Female;18/04/1965;Cook Islands
3026;Heather Dixon;courtney97@example.com;Male;26/09/2007;Dominican Republic
3027;Sharon Morales;palmerjessica@example.net;Male;14/09/1976;Honduras
3028;David Harvey;jonesdaryl@example.org;Female;19/08/1983;Bahamas
3029;Brandon Murray;imeadows@example.org;Male;27/01/1968;Antarctica (the territory South of 60 deg S)
3030;Jason Blackwell;patrick01@example.net;Male;16/08/1980;Solomon Islands
3031;Maria Brown;davidhall@example.org;Male;24/06/2002;Somalia
3032;Lindsey Anderson;peter56@example.com;Female;16/03/1963;Eritrea
3033;Eddie Allen;rodriguezsarah@example.com;Female;13/08/2000;Antarctica (the territory South of 60 deg S)
3034;Mark Schultz;krobinson@example.com;Male;19/11/1984;Luxembourg
3035;Christine Brown;gkim@example.com;Female;20/06/2001;Peru
3036;Michael Barker;jramsey@example.net;Female;10/08/1985;Jersey
3037;Grant Campbell;jdillon@example.net;Female;07/11/1991;Costa Rica
3038;Amber Gallegos;kevingreen@example.net;Male;17/07/2008;Micronesia
3039;Jonathan Hammond;ayoung@example.net;Male;24/07/1960;Northern Mariana Islands
3040;Courtney Mccann;anthony11@example.com;Male;12/01/1993;Gibraltar
3041;Kelly Williams;douglasoconnell@example.org;Male;15/01/1958;Kiribati
3042;Justin Harris;lisabrown@example.com;Female;01/09/1957;El Salvador
3043;Robert Ramos;williamthomas@example.com;Female;11/07/2003;Netherlands Antilles
3044;William Delgado;jenniferhouston@example.org;Male;15/09/1995;Jamaica
3045;Donald Montoya;vmora@example.org;Male;25/02/1970;Honduras
3046;Danielle Allen;sydney27@example.net;Male;09/06/2007;Ukraine
3047;Christopher Reid;colliertaylor@example.org;Female;25/04/1982;Somalia
3048;Rebecca Simmons;tabitha06@example.net;Male;07/06/1975;Indonesia
3049;Bobby Anderson;ronald53@example.org;Male;24/12/1987;Turks and Caicos Islands
3050;Joshua Rodriguez MD;zdiaz@example.com;Male;16/10/1960;Lithuania
3051;Amber Tran;hmckinney@example.com;Female;15/08/1965;Mayotte
3052;David Riley;stacyperez@example.com;Female;31/10/1956;Iraq
3053;Brendan Townsend;rcarter@example.com;Female;15/07/1981;Qatar
3054;Calvin Shaw;mcdanielamanda@example.org;Male;20/05/1956;Tuvalu
3055;Anthony Esparza;mezalatasha@example.com;Female;25/11/1977;Maldives
3056;Maria Santos;lgraham@example.org;Male;06/05/1974;Saint Pierre and Miquelon
3057;Stacey Hess;timothy14@example.net;Female;04/02/1977;Albania
3058;Rachel Saunders;munderwood@example.net;Male;26/08/1965;Cote d'Ivoire
3059;Allison Smith;williamsjames@example.org;Female;16/04/1980;Ecuador
3060;Tina Smith;smithmatthew@example.com;Female;12/03/1975;Syrian Arab Republic
3061;Joshua Maldonado;carmenchristensen@example.net;Male;04/04/1956;Latvia
3062;Benjamin Elliott;nancy27@example.net;Male;13/04/2001;Saint Helena
3063;David Stanley;robert70@example.org;Male;30/03/1956;North Macedonia
3064;Miguel Hernandez;robertjohnson@example.org;Female;15/06/1969;Tonga
3065;Julie Estrada;srodgers@example.org;Female;31/08/2005;Saint Martin
3066;Philip Harrison;lperez@example.com;Female;21/07/1990;Botswana
3067;Jessica Foster;anthony50@example.com;Female;16/05/1977;Mongolia
3068;Jennifer Orr;vkirby@example.net;Male;05/08/1991;American Samoa
3069;William Scott;reedjohn@example.com;Female;12/04/1990;Portugal
3070;Michael Johnson;ihale@example.com;Male;17/07/1978;Canada
3071;Noah Summers;calebrodriguez@example.net;Male;15/03/1972;Saint Vincent and the Grenadines
3072;Dustin Smith;aliciawebb@example.org;Male;03/03/1972;Hong Kong
3073;Victor Gordon;wrightheather@example.org;Female;13/03/1958;Canada
3074;Jeffrey Herring;donnarichardson@example.net;Male;16/08/1956;Antigua and Barbuda
3075;Cheryl Johnson;taylorjoseph@example.org;Female;26/07/1969;France
3076;Curtis Nguyen;tlittle@example.com;Female;25/10/1998;Kiribati
3077;Brenda Garcia;aaron15@example.org;Female;27/11/1957;Uganda
3078;Kaitlin Pierce;hillwilliam@example.org;Male;23/12/1980;Montserrat
3079;Kelly Perkins;sbaker@example.com;Male;22/08/1967;Marshall Islands
3080;Barry Jones;torresalec@example.net;Female;28/11/1961;Russian Federation
3081;Albert Collins;christophersmith@example.org;Male;04/09/2006;Mauritius
3082;Mary Beard;johnglenn@example.org;Male;08/12/2001;Eritrea
3083;Emily Rodriguez;christophermiranda@example.net;Female;13/09/1988;Ukraine
3084;Kristin Brooks;aneal@example.net;Female;16/10/1968;Bolivia
3085;Megan Matthews;williamsjason@example.org;Female;08/04/1994;Rwanda
3086;Gary Meyers;kristaknox@example.com;Female;28/10/1993;Comoros
3087;Jesse Walters;qmills@example.com;Male;24/03/1963;Sudan
3088;Kimberly Graham;michelle72@example.com;Female;09/07/1983;Martinique
3089;Caitlin Fisher;jensendawn@example.com;Female;03/11/1963;Tanzania
3090;Omar Hernandez;qhamilton@example.net;Female;26/10/1972;Bermuda
3091;Russell Nicholson;ortizrodney@example.com;Female;26/03/1985;Netherlands Antilles
3092;Jacqueline Newton;richard09@example.net;Male;17/09/1976;Hong Kong
3093;Brittany Smith;timothy51@example.com;Female;14/05/1985;United States of America
3094;Kevin Pruitt;michelledeleon@example.org;Male;11/03/1961;Aruba
3095;Mr. Michael Camacho;sandragrimes@example.com;Female;16/09/2004;Poland
3096;Amanda Dixon;stacygray@example.net;Male;23/06/1959;Cocos (Keeling) Islands
3097;Darrell Stout;roy59@example.net;Female;07/02/1986;Solomon Islands
3098;Nicholas Meyers;hernandezheather@example.net;Female;29/03/2001;Indonesia
3099;Tracy Lee;soliver@example.net;Female;28/07/1968;Albania
3100;Rebecca Johnston;nathan78@example.net;Female;25/06/1975;France
3101;Anthony Bean;philip39@example.com;Male;27/11/1969;Nauru
3102;Leonard Kennedy;rodney09@example.org;Female;29/11/1958;Gabon
3103;Laura Ortiz;stephenmclaughlin@example.net;Male;02/01/1975;Faroe Islands
3104;Jeffrey Warren;jacqueline54@example.com;Male;02/06/2002;Marshall Islands
3105;Jennifer Pham;danielle36@example.com;Female;30/01/1988;India
3106;Denise Johnson;vwiggins@example.com;Male;01/09/1960;Ethiopia
3107;Carolyn Rivera;jamie69@example.com;Male;26/07/1966;Germany
3108;Wesley Day;mayshunter@example.org;Male;06/06/1971;Georgia
3109;Gregory Levine;nmorton@example.org;Male;13/06/1975;Togo
3110;Kerry Campbell;jeffreyholden@example.com;Female;16/02/1963;Mexico
3111;Peter Howard;johnstonnicholas@example.com;Male;23/05/1961;Cape Verde
3112;Christopher Stark;alansoto@example.org;Male;16/07/1974;Belgium
3113;Mark Stephenson;candacemaldonado@example.net;Male;17/04/1957;Taiwan
3114;James Williams;cbailey@example.net;Male;26/02/2007;Antarctica (the territory South of 60 deg S)
3115;Kimberly Carey;maddenstephen@example.com;Female;04/01/1983;Central African Republic
3116;Joseph Russell;emason@example.org;Male;23/08/1960;Pitcairn Islands
3117;Kayla Rogers;omar83@example.net;Female;03/03/1978;Tonga
3118;Emily Salazar;bellvincent@example.org;Female;20/12/1997;Cook Islands
3119;Michael Scott;cesarrodgers@example.com;Female;25/01/1986;Suriname
3120;Timothy Rodriguez;scurtis@example.net;Male;02/03/2003;Mexico
3121;Daniel Cochran;lozanostephen@example.com;Female;24/12/1977;Bermuda
3122;Ryan Smith;dallen@example.org;Female;03/04/1985;Swaziland
3123;Tyler Reynolds;fgrant@example.com;Male;15/02/1970;Solomon Islands
3124;Laura Rivas;lynnraymond@example.org;Female;19/05/1973;Jordan
3125;Thomas Tate;orrkimberly@example.org;Male;22/07/2001;Lithuania
3126;Jason Miller;vaughntiffany@example.net;Female;20/08/1959;Estonia
3127;Dr. Rachel Mays;rebecca93@example.net;Male;28/01/2001;Cambodia
3128;Jackie Gonzalez;ann11@example.com;Female;16/02/1966;Turkmenistan
3129;Melissa Weber;angelacollins@example.net;Male;09/06/1971;Nicaragua
3130;Gail Schneider;robin71@example.net;Male;24/06/1992;French Polynesia
3131;Kathy Vance;xliu@example.org;Male;22/08/1981;South Georgia and the South Sandwich Islands
3132;Michael Flores;jkirby@example.org;Male;29/05/2004;Malawi
3133;Marie Adkins;jamie77@example.com;Male;27/01/1957;Andorra
3134;Jade Lopez;rpatterson@example.org;Female;05/06/1956;Kenya
3135;Donna White;michaeljones@example.org;Female;17/10/1974;Cuba
3136;Jamie Booth;masseytimothy@example.net;Female;14/03/1963;Jersey
3137;Edward Mclaughlin;pamela81@example.org;Female;19/07/2003;Moldova
3138;Brian Mcbride;carneyjennifer@example.net;Male;23/12/1959;Andorra
3139;Ashley Stewart;hernandeztammy@example.com;Male;25/01/1982;Tunisia
3140;Miss Kimberly Wood MD;jeffrey98@example.org;Female;11/02/1975;Sri Lanka
3141;Patricia Estes;michaelcannon@example.org;Female;06/10/2000;Saint Helena
3142;Morgan Ramirez;william98@example.com;Female;24/05/1972;Morocco
3143;Jennifer Drake;frenchmercedes@example.net;Female;15/12/2003;American Samoa
3144;Jamie Mueller;odonnellangela@example.net;Male;17/01/1988;Turkey
3145;Michael Henry;cathyhale@example.net;Female;14/02/1966;Lao People's Democratic Republic
3146;Susan Lopez;sgraham@example.com;Female;14/05/1962;Hong Kong
3147;Christopher Cummings;seanmaynard@example.org;Female;28/05/1973;South Georgia and the South Sandwich Islands
3148;Jonathan Barrera;sharris@example.net;Female;05/05/1985;Kyrgyz Republic
3149;Cheryl Petersen;wendychavez@example.com;Female;18/02/1999;Antarctica (the territory South of 60 deg S)
3150;Raymond Wilson;jane45@example.com;Male;26/01/1969;Jamaica
3151;Linda Phillips;zbrown@example.com;Female;06/06/1967;Jamaica
3152;Melissa Smith;mortonsarah@example.org;Female;13/09/1963;Argentina
3153;Tami Ray;bbennett@example.org;Male;25/03/1991;Bermuda
3154;Stephanie Acosta;alyssa46@example.net;Male;14/11/1962;Ukraine
3155;Carl Mclaughlin;gregoryhall@example.net;Male;21/04/1998;Indonesia
3156;Jonathan Parker;smithmaria@example.org;Female;15/06/2000;United States Virgin Islands
3157;John Duffy;ryanpratt@example.org;Male;16/03/1995;Japan
3158;Nicole Rodriguez;jacob07@example.net;Female;09/07/1968;Antarctica (the territory South of 60 deg S)
3159;Ruben Jones;jacob29@example.org;Male;15/11/1983;Mali
3160;Marcia Weaver;marklopez@example.org;Male;09/10/2005;Saudi Arabia
3161;Mr. Christopher Keller;danielle55@example.net;Female;27/07/1999;Netherlands
3162;Peter Martinez;joseoneal@example.com;Male;18/08/1960;Kyrgyz Republic
3163;Hayden Wilson;jcamacho@example.org;Male;17/01/1964;Kiribati
3164;Mr. Matthew Oneill;jonesdeborah@example.org;Male;11/10/2004;Cambodia
3165;Lindsay Alexander;jasonmorris@example.org;Male;30/12/1982;Haiti
3166;Donna Rivera;luis55@example.net;Female;25/02/2008;Montserrat
3167;Joshua Alvarado;larsonsydney@example.com;Female;29/03/1997;Benin
3168;Teresa Freeman;shannonbray@example.org;Female;08/12/1996;Hungary
3169;Nathan Hopkins;qwatts@example.com;Female;29/11/1991;Jamaica
3170;Justin Martinez;higginsjackie@example.net;Male;07/12/1977;Gabon
3171;Jaime Moore;carterstephanie@example.org;Female;29/06/1988;Grenada
3172;Adam Ramirez;qritter@example.com;Female;25/05/1995;Uzbekistan
3173;John Fitzgerald;larsenstephen@example.com;Male;28/08/1969;Samoa
3174;Glenn Smith;elizabethroberts@example.org;Female;17/08/2003;Bouvet Island (Bouvetoya)
3175;Stephen Nichols;mendozajacob@example.org;Female;14/07/1986;Cayman Islands
3176;Diana Davis;tiffany87@example.com;Male;07/09/2003;Guernsey
3177;Brian Perez;lindasmith@example.net;Male;28/04/1992;Djibouti
3178;Robert Williams;ian74@example.net;Male;27/10/1963;Finland
3179;Adam Kirk;timothy96@example.com;Male;11/11/1992;Falkland Islands (Malvinas)
3180;Christopher Yang;pughlinda@example.org;Male;17/03/1961;Heard Island and McDonald Islands
3181;Kristen Mccoy MD;reedbeth@example.net;Female;20/09/2006;Mongolia
3182;Edward Fisher;gregg08@example.net;Female;30/07/1984;Bahamas
3183;Carol Hayes;jeff89@example.net;Female;19/01/1990;Lithuania
3184;Dr. Jennifer Frank;brittanywright@example.org;Male;19/10/1976;Cambodia
3185;Benjamin Green;austin63@example.com;Female;12/01/1995;Burkina Faso
3186;Scott Jones;beth90@example.com;Male;20/08/1961;Germany
3187;Molly Lane;utaylor@example.com;Male;27/02/1995;Ireland
3188;Nichole Pitts;nguyenbenjamin@example.net;Female;07/09/1979;Cote d'Ivoire
3189;Chelsea Griffin;smithshane@example.com;Male;17/04/1957;Germany
3190;Donna Clark;sarahthomas@example.net;Female;26/03/1970;Myanmar
3191;Crystal Morgan;steven52@example.org;Male;14/07/1981;Saint Pierre and Miquelon
3192;Theresa Phillips;bonniecobb@example.net;Male;30/11/1966;Congo
3193;Lindsey Hurley;olopez@example.net;Male;21/01/1972;Guyana
3194;Sandra Reese;pittmanmelissa@example.net;Female;02/08/1982;Gabon
3195;Jacqueline Marquez;christine58@example.net;Female;12/09/1964;Saint Kitts and Nevis
3196;Dana Peterson;quinncristian@example.com;Female;25/08/1975;Monaco
3197;Anna Brown;andre78@example.net;Male;21/11/1987;Indonesia
3198;Brandy Dean;gregoryroger@example.net;Male;21/06/1956;Netherlands Antilles
3199;Karen Guzman;thomasdavid@example.com;Male;04/05/1994;Saint Helena
3200;Randall Todd;lisa59@example.org;Female;05/04/1981;British Indian Ocean Territory (Chagos Archipelago)
3201;Daniel Guzman;gbutler@example.net;Female;10/03/1976;Iraq
3202;Christine Floyd;ericrobinson@example.com;Male;04/07/1983;Italy
3203;Kiara Johnson;andersontommy@example.net;Male;14/08/1988;Guernsey
3204;Robert Flores;owu@example.org;Male;28/11/1995;Palestinian Territory
3205;Kevin Martinez;fryemichael@example.net;Male;31/10/1967;Japan
3206;Michael Smith;robinrobertson@example.org;Female;15/08/1972;Iraq
3207;Ashley Woods;solomonbrenda@example.org;Female;04/03/1975;Saint Lucia
3208;Michael Pace;obates@example.org;Female;28/12/1972;Brunei Darussalam
3209;Dr. Rachel Aguilar;ricardo97@example.net;Male;17/01/1998;Iceland
3210;Scott Cruz;jamieromero@example.net;Female;13/10/2000;Guernsey
3211;Jesus Davis;nthomas@example.net;Male;21/10/1999;Denmark
3212;Andrew Hensley;lynchcynthia@example.org;Male;09/04/1957;Argentina
3213;Steven Stafford;youngbrian@example.com;Male;10/01/1979;India
3214;Emily Chavez;piercegeorge@example.net;Female;07/05/1997;North Macedonia
3215;Michelle Martin;frederickjill@example.net;Female;03/09/1993;Anguilla
3216;Kyle Stout;ssoto@example.org;Male;26/06/1957;Netherlands
3217;Kristina Serrano;steventhompson@example.org;Male;11/02/1985;Togo
3218;John Guzman;andrewsmichael@example.net;Female;15/01/2006;Congo
3219;Michelle Odom;ryanfox@example.org;Female;07/09/1985;Turks and Caicos Islands
3220;Melody Howard;shawnstone@example.org;Male;10/04/1960;Cameroon
3221;Richard Parker;bernardchad@example.org;Female;18/11/1963;Canada
3222;Traci Jenkins;jimenezamanda@example.org;Male;25/09/1976;Guyana
3223;Wesley Williams;smithgerald@example.net;Male;09/12/1961;Greenland
3224;Paul Cervantes;gregorywhite@example.com;Male;09/05/1983;Gibraltar
3225;Jennifer Boone;bmorgan@example.net;Female;24/01/1988;Tuvalu
3226;Sharon Schmidt;joebenson@example.net;Male;09/06/1966;Macao
3227;Elizabeth Braun;ojackson@example.net;Female;21/05/1964;Bolivia
3228;Alec Norman;smithamy@example.com;Female;18/04/1979;Bolivia
3229;Matthew Cobb;nicholas30@example.com;Male;07/06/2004;Mongolia
3230;Amber Pollard;joshua96@example.org;Female;12/04/1957;Swaziland
3231;Denise Burke;qevans@example.net;Male;11/05/2006;Senegal
3232;Elizabeth Cox;kwilliamson@example.org;Female;26/05/1959;Tunisia
3233;Cory Caldwell;rstevens@example.com;Female;12/05/1984;Seychelles
3234;Edward Fox;tlozano@example.com;Female;24/09/1982;Isle of Man
3235;Sandra Booth;patricia77@example.com;Male;04/07/1986;San Marino
3236;Kristine Poole;russellrobertson@example.org;Male;23/12/1998;Nicaragua
3237;Lindsay Bond;michael54@example.net;Female;19/06/1973;Syrian Arab Republic
3238;Victoria Brown;brittany31@example.org;Male;10/12/1987;United States Virgin Islands
3239;Dr. Ashley Lowe;hernandezjames@example.com;Female;28/04/2006;Grenada
3240;Bernard Lambert;keithjohnson@example.net;Female;09/03/1957;Libyan Arab Jamahiriya
3241;Tina Reid;johnathanalexander@example.org;Female;26/08/1957;Christmas Island
3242;Rodney Hernandez;mcclainraymond@example.net;Female;28/08/1982;Panama
3243;Larry Pittman;raymondholt@example.com;Male;05/11/1990;Northern Mariana Islands
3244;James Blair;moodytina@example.net;Male;16/12/1972;Chad
3245;Christopher Palmer;andrewbrown@example.net;Male;19/08/1992;Peru
3246;Lauren Miller;michelemanning@example.net;Male;14/07/1997;Thailand
3247;Brett Smith;mariofrank@example.org;Female;27/11/1983;Indonesia
3248;Danielle Moore;diazchristopher@example.com;Female;21/01/1973;Senegal
3249;Amy Johnson;ballamanda@example.com;Male;28/07/2002;Cayman Islands
3250;Nicole Davis;holly32@example.net;Male;27/08/1966;Cambodia
3251;Joshua Hernandez;yangvalerie@example.net;Male;18/01/1971;Australia
3252;Ashley Larson;nicholsamanda@example.net;Female;30/09/1976;Philippines
3253;Timothy Rosario;mrobinson@example.org;Male;02/06/2006;Afghanistan
3254;Oscar Morris;wflowers@example.com;Female;10/06/1993;San Marino
3255;Savannah King;brandicline@example.org;Female;13/12/2000;Cuba
3256;Russell Hicks;dromero@example.com;Female;18/10/1959;Jersey
3257;Megan Sullivan;thorntongary@example.com;Male;11/08/1975;Wallis and Futuna
3258;Gregory Benjamin;joshua14@example.net;Male;07/10/1964;Austria
3259;Anne Davis;gmcgrath@example.org;Female;20/01/1964;Cyprus
3260;Patricia Nelson;joshuayoung@example.org;Female;18/05/1960;Nepal
3261;Mary Wolfe;aharrington@example.org;Male;14/09/2000;Senegal
3262;Michael Gonzalez;williamcollins@example.net;Female;18/12/1969;Cape Verde
3263;Christina Richardson;bmorgan@example.com;Female;12/09/2001;Argentina
3264;Michael Crosby;imullen@example.net;Male;04/11/1982;Liberia
3265;Matthew Cordova;stephaniecruz@example.com;Male;15/04/2002;Senegal
3266;Connor Wolfe;nmoore@example.org;Male;27/02/1972;Malawi
3267;William Bishop;yrodriguez@example.org;Female;10/03/1956;Gambia
3268;Jonathan Foster;luispatrick@example.net;Female;25/02/1967;Lithuania
3269;Mr. Richard Rodriguez;william61@example.org;Female;18/02/1985;Rwanda
3270;David Barr;robert86@example.org;Female;11/03/2003;Central African Republic
3271;Brian Crane;travis81@example.com;Male;13/12/1976;Oman
3272;Linda Rivers;akrueger@example.com;Female;21/11/1975;San Marino
3273;Jordan Bailey;evansmonica@example.com;Male;02/04/1973;Rwanda
3274;Mary Rogers;saunderssamantha@example.org;Male;20/12/1979;Saint Lucia
3275;Cynthia Ward;christy19@example.org;Male;21/03/2001;Malawi
3276;Julie Ramirez;mitchellkurt@example.org;Female;18/06/1979;Saint Vincent and the Grenadines
3277;Ashley Lee;jennifer74@example.org;Male;06/09/1979;Croatia
3278;Stacy Knight;brandon11@example.org;Female;16/08/2006;Paraguay
3279;Angela Cruz;cruzroy@example.net;Male;02/06/1988;Svalbard & Jan Mayen Islands
3280;Victor Conley;zfrank@example.org;Male;23/05/2008;San Marino
3281;Dana Coleman;tmoore@example.net;Male;14/03/2006;Colombia
3282;Anita Thomas;christineheath@example.org;Female;25/07/1978;Anguilla
3283;Tami Watkins;pbryant@example.org;Male;17/01/1981;Guatemala
3284;Jillian Robertson;myersjames@example.org;Female;30/06/2008;Netherlands
3285;Cynthia Gray;rodriguezmatthew@example.org;Female;04/08/1969;Uzbekistan
3286;Kevin Miller;linda62@example.net;Female;03/06/1992;Eritrea
3287;Michael Miller;timothy69@example.com;Female;25/11/1989;Zambia
3288;Jeremy Wilson;margaret71@example.com;Male;12/10/2004;Sudan
3289;Bobby Weeks;stephenskatherine@example.org;Female;30/07/1994;Antigua and Barbuda
3290;Andrea Stein MD;emendoza@example.org;Female;26/08/1976;Venezuela
3291;Michael Mills;amandawolf@example.org;Male;10/07/1960;Botswana
3292;Justin Lynn;robert87@example.com;Female;06/11/1994;Syrian Arab Republic
3293;Maureen Walters;amyjones@example.com;Male;18/09/2001;Sierra Leone
3294;Kevin Rubio;gentryomar@example.net;Female;19/07/1992;Cyprus
3295;Hannah Ray;michellemullins@example.org;Male;12/03/1962;Djibouti
3296;Wendy Harris;ofisher@example.com;Male;31/10/1977;Cambodia
3297;Austin Crawford;christopher49@example.com;Male;10/12/1956;Morocco
3298;Jennifer Hernandez;kherman@example.com;Male;03/01/1981;Equatorial Guinea
3299;Ana Brown;troy73@example.org;Male;04/05/1958;Gibraltar
3300;Antonio Clark;joshua37@example.com;Female;29/09/1957;Tajikistan
3301;Jeremy Short;qwang@example.org;Female;11/12/1976;Eritrea
3302;Jeanette Proctor;tquinn@example.org;Female;30/08/1961;Philippines
3303;Kelly Cooper;danny74@example.com;Male;28/06/1968;Congo
3304;Kristina Jensen;elizabeth09@example.net;Female;02/09/1986;Bouvet Island (Bouvetoya)
3305;Guy Cook;oward@example.net;Male;16/08/1974;Isle of Man
3306;Craig Andersen;melanieskinner@example.net;Female;25/01/1966;Paraguay
3307;Sean Brown;haleyreese@example.com;Female;19/06/1964;Faroe Islands
3308;Michael Moore;stephengreen@example.net;Female;23/02/1982;Zambia
3309;Samantha Daniels;blloyd@example.com;Female;22/05/1967;Georgia
3310;Michael Garcia;karavincent@example.com;Female;15/01/1969;Tanzania
3311;Lindsey Joseph;krandall@example.com;Female;04/05/1974;Cayman Islands
3312;Anthony Cunningham;jcole@example.com;Female;04/03/2007;Vietnam
3313;Robert Knox;apetersen@example.com;Male;20/07/1956;Seychelles
3314;Cynthia Bradley;rmoon@example.org;Female;22/11/1958;Belize
3315;Robert Gonzalez;shannon03@example.net;Female;11/02/1989;Ukraine
3316;Allison Jones;kendragonzales@example.com;Male;25/07/1987;Dominica
3317;David Riley;christopherhobbs@example.net;Female;12/12/1980;Finland
3318;Madison Williams;lisa80@example.com;Male;03/09/1988;Cyprus
3319;Andrew Lane;barry26@example.org;Male;09/07/1979;Brazil
3320;Nathan Robertson;nancy03@example.com;Female;15/11/1968;Solomon Islands
3321;Tyler Bowman;nicholas93@example.com;Female;05/09/1971;Zambia
3322;Theresa Newton;sara61@example.com;Male;04/06/1968;Pakistan
3323;Heidi Hall;erika40@example.com;Male;20/08/2005;Thailand
3324;Angela Johnson;stephen25@example.org;Female;29/07/1961;Colombia
3325;David Taylor;matthew79@example.com;Male;27/02/1958;Jersey
3326;Diana Smith;stephanie08@example.com;Male;05/09/1988;Congo
3327;Melissa Frazier;andrew20@example.net;Male;08/04/1961;Haiti
3328;Heather Drake;martinezjoshua@example.org;Female;18/08/1977;Belize
3329;Brian Floyd;gonzalesvanessa@example.org;Male;11/09/1998;British Indian Ocean Territory (Chagos Archipelago)
3330;Kathleen David;jessicagomez@example.com;Male;26/08/1984;Kenya
3331;Kathy Wu;derekkim@example.org;Male;11/09/2001;Slovakia (Slovak Republic)
3332;Jeffrey Owen;douglas13@example.net;Female;14/06/1994;Iraq
3333;Rachel Mayer;lthomas@example.com;Female;22/12/1981;Kazakhstan
3334;Mark King;tdixon@example.org;Female;07/05/1956;Nigeria
3335;Justin Smith;pamela41@example.net;Female;03/04/1967;Montenegro
3336;Rachel Hernandez;alexandrarowe@example.org;Female;25/09/1975;Panama
3337;Christopher Martin;marcusrice@example.org;Female;17/02/1961;Cuba
3338;Sally Wilson;briannaprice@example.net;Male;11/12/1977;Mongolia
3339;Cody Martin;fischerluis@example.com;Female;26/05/1994;Uruguay
3340;Cheryl Burgess;hbrandt@example.net;Male;20/03/1976;Uruguay
3341;Patrick Berry;ygonzalez@example.org;Female;03/05/1976;Cameroon
3342;Garrett Cook;thomas27@example.net;Female;28/03/2006;Ireland
3343;Victoria Burch;darrell25@example.com;Male;09/05/2004;Peru
3344;Abigail Becker;shawn15@example.org;Male;21/01/1996;Japan
3345;Patrick Murray;aaroncoleman@example.com;Female;16/07/1960;Norfolk Island
3346;Jason Gonzalez;donaldfrazier@example.com;Male;15/10/1988;Canada
3347;John Stephens;oconnoramanda@example.org;Male;23/04/1988;Peru
3348;Jonathan Richards;scottmichelle@example.com;Female;16/01/1978;Saint Martin
3349;Natalie Blair;gbest@example.com;Male;31/01/1985;Chad
3350;Jordan Nelson;penasarah@example.com;Male;24/07/1973;Nauru
3351;Joseph Diaz;ryan16@example.net;Female;02/07/1980;Mongolia
3352;Caitlin Johnson;susanellis@example.com;Male;19/08/2007;Korea
3353;Taylor Woodard;grantcharles@example.com;Male;26/06/1967;Burundi
3354;Thomas Jackson;plawrence@example.com;Male;25/11/1956;Monaco
3355;Tina Mcmahon;kristin48@example.com;Female;30/07/1987;Holy See (Vatican City State)
3356;Todd Webb;princecynthia@example.org;Male;03/06/1985;Congo
3357;William Nelson;brentrobertson@example.com;Female;05/11/1976;Montserrat
3358;Evelyn Ayala;petersmelissa@example.org;Female;10/12/1985;Cameroon
3359;Ronnie Smith;kristin48@example.org;Female;24/07/1974;Slovakia (Slovak Republic)
3360;Taylor Phillips;janetfigueroa@example.com;Male;21/04/1991;Mauritius
3361;Carla Johnson;thompsontammy@example.com;Male;07/04/1986;Malaysia
3362;Katherine Stanley;mendezlisa@example.com;Male;13/07/1976;United Arab Emirates
3363;Jason Spencer;mary19@example.com;Female;06/09/1977;Svalbard & Jan Mayen Islands
3364;Denise Jefferson;tkim@example.org;Female;20/02/1967;North Macedonia
3365;Jamie Wilson;jon72@example.org;Female;06/05/1959;French Southern Territories
3366;Mary Johnson;sanchezvictoria@example.com;Female;21/07/1997;Macao
3367;Kathy Walters;michelleibarra@example.com;Male;21/08/1986;Netherlands Antilles
3368;Jonathan Benson;smithamanda@example.org;Male;01/08/1977;Thailand
3369;Kristen Bradley;mullenjoshua@example.net;Male;04/11/1978;Japan
3370;Kylie Thomas;robertscrystal@example.org;Female;18/05/2007;Croatia
3371;Megan Gray;jonesjonathon@example.net;Female;11/06/2008;Yemen
3372;Dr. Sarah Edwards;wooddiana@example.org;Female;24/12/1969;Western Sahara
3373;Kevin Sanchez;gmartinez@example.org;Male;04/02/2001;Nepal
3374;Dr. Scott Lawson;colson@example.net;Female;15/02/1957;Palestinian Territory
3375;Erin Walker;kimberly75@example.org;Female;10/01/2002;Ukraine
3376;Chelsea Walker;mmiller@example.com;Male;25/01/1978;Saint Barthelemy
3377;Jessica Stafford;martingary@example.net;Female;28/04/1985;Mayotte
3378;Dr. Carrie Brennan DVM;barneswanda@example.net;Female;15/12/1963;Maldives
3379;Paige Singh;msmith@example.org;Female;22/03/1957;Netherlands
3380;Joshua Coleman;rodney05@example.net;Female;02/06/1959;Cambodia
3381;Jennifer Yoder;samuel15@example.com;Female;19/05/1985;Djibouti
3382;Jennifer Butler;aguirretiffany@example.net;Male;04/04/2001;Tonga
3383;Barbara Hall;chadgarcia@example.com;Male;08/05/1970;San Marino
3384;Michael Lin;wrightaudrey@example.com;Male;26/09/1980;Kiribati
3385;Kayla Graham;valdezpam@example.com;Female;15/06/1999;Korea
3386;Gary Mack;cruzjohnny@example.org;Male;26/10/1972;Peru
3387;Kelly Leach;chelsea47@example.org;Male;27/04/1964;Congo
3388;Casey Brooks;bmejia@example.com;Female;08/06/1992;Christmas Island
3389;Dawn Chapman;gjackson@example.com;Male;12/11/2001;Myanmar
3390;Amy Dean;yhicks@example.net;Female;10/11/1965;North Macedonia
3391;Tasha Smith;chouse@example.org;Female;18/03/1987;Isle of Man
3392;Ryan King;hartdaniel@example.net;Female;01/06/2002;Seychelles
3393;Jennifer Owen;ldennis@example.net;Female;26/12/1992;Cameroon
3394;Gregory Cox;kristen43@example.net;Male;02/01/1980;Afghanistan
3395;Kimberly Choi;hawkinsdebra@example.org;Female;22/03/2007;Thailand
3396;Carol Mullins;karenhess@example.com;Female;30/07/2007;San Marino
3397;Melinda Campbell;hrobinson@example.org;Male;08/07/1958;Moldova
3398;Stacy Nelson;heidi20@example.net;Female;15/03/1999;Nauru
3399;Caitlyn Baker;longdavid@example.net;Female;17/06/1961;Trinidad and Tobago
3400;Vincent Ward;david71@example.org;Male;16/05/1978;Puerto Rico
3401;David Henderson;iruiz@example.net;Female;27/07/1987;Nicaragua
3402;Philip Sharp;ewalker@example.net;Female;30/04/2003;Gambia
3403;Sabrina Butler;austindavid@example.org;Female;08/08/1997;Saint Martin
3404;Alan Moore;ugilbert@example.org;Female;18/03/1964;South Georgia and the South Sandwich Islands
3405;Peter Bradford;justin49@example.com;Male;23/06/1961;Guadeloupe
3406;Karen Mayer;christopherlewis@example.com;Female;15/07/1971;South Georgia and the South Sandwich Islands
3407;Ryan Tran;valerie37@example.net;Male;08/06/1962;South Georgia and the South Sandwich Islands
3408;Paige Washington;deborah89@example.org;Female;20/07/1972;Swaziland
3409;Melissa Little;rgarrett@example.org;Male;26/08/1978;Kazakhstan
3410;Deborah Nichols;amandadavis@example.net;Male;26/12/1978;Gibraltar
3411;Molly Green;cmorales@example.org;Female;23/10/2002;Tanzania
3412;Ann Gregory;lindsayanderson@example.com;Male;25/11/1990;Sri Lanka
3413;Nicole Johnson;xwest@example.com;Male;04/12/1958;Argentina
3414;Dana Glenn;gkelly@example.net;Female;26/02/1980;Turkmenistan
3415;Mrs. Christine Stevenson DVM;catherine62@example.org;Male;16/12/1984;Netherlands
3416;John Perkins;joseph35@example.com;Male;30/07/1959;Ukraine
3417;Bruce Ward;pacehelen@example.org;Female;21/06/1964;Iceland
3418;Gordon Smith;myerscharles@example.com;Female;27/10/1997;Papua New Guinea
3419;Christine Romero;brucechristopher@example.com;Male;14/08/1990;Turks and Caicos Islands
3420;Margaret Hahn;fwest@example.net;Male;17/06/1966;Brunei Darussalam
3421;Chris Holmes;bdavis@example.net;Female;02/01/1976;Cook Islands
3422;Shelby Jackson;petersenanne@example.org;Male;01/01/2001;Sri Lanka
3423;Kevin Craig;brandonmoss@example.net;Male;03/06/1986;Italy
3424;Brian Nunez Jr.;kathleendickerson@example.net;Male;23/05/1967;Singapore
3425;Jennifer Adams;ghenry@example.org;Male;29/07/1985;Tunisia
3426;Michelle Cole;tjohnson@example.net;Female;07/03/1962;Lao People's Democratic Republic
3427;Michelle Saunders;patricia49@example.org;Male;05/03/1967;Bhutan
3428;Sean Santos;gibsonpatricia@example.org;Female;10/07/1966;Cyprus
3429;Maurice Freeman;tracy91@example.net;Female;06/08/1993;Malawi
3430;Blake Brown;brucekimberly@example.com;Female;04/07/1972;Paraguay
3431;Beverly Bass;riddlejacob@example.com;Male;25/05/1961;Guinea-Bissau
3432;John Kirby;james35@example.org;Female;14/02/1981;Guyana
3433;Katherine Williams;millerwendy@example.net;Male;09/08/1973;Yemen
3434;Mark Hammond;smithdawn@example.net;Female;25/03/1983;China
3435;Mr. Randy Armstrong;kevinmccullough@example.org;Male;08/03/1956;United States of America
3436;Andrea Barron;michele55@example.com;Male;07/08/1988;Solomon Islands
3437;Nicole Jones;george17@example.com;Female;01/10/1985;French Polynesia
3438;Michael Mccarthy;landerson@example.org;Male;21/02/1973;Micronesia
3439;Robyn Sanchez;greenjames@example.net;Female;01/10/1955;Spain
3440;Cynthia Perez;brittany70@example.org;Female;16/06/2004;Eritrea
3441;Deanna Perez;iburns@example.com;Female;08/02/1988;Ireland
3442;Nicolas Collier;bcunningham@example.com;Male;18/01/1985;Papua New Guinea
3443;Michael Jones;williamcampos@example.net;Female;16/08/1989;Belgium
3444;Edward Simpson;danielgarcia@example.org;Male;02/06/2001;Niue
3445;Haley Rangel;ycook@example.net;Female;01/06/1961;Saudi Arabia
3446;Gerald Ortiz;danny23@example.net;Female;19/09/1998;Poland
3447;Tammy Walker;wbenson@example.net;Male;11/10/1988;Qatar
3448;Vanessa Duke;ayoung@example.net;Female;29/05/1974;Mayotte
3449;Ryan Owen;christophernixon@example.net;Female;06/09/1983;Grenada
3450;Rachel Taylor;perezgary@example.com;Male;09/02/1964;Cambodia
3451;Matthew Ballard;charles15@example.org;Male;14/09/1998;Congo
3452;Alexandra French;taylorashlee@example.org;Female;23/06/1989;Finland
3453;Jose Lane;mayotravis@example.org;Male;14/09/1973;Philippines
3454;Mathew Mason;mcdonaldsusan@example.com;Male;16/10/1984;Malaysia
3455;Cheryl Campbell;freemanjavier@example.net;Male;28/09/1988;Maldives
3456;Amanda Randall;justingonzalez@example.net;Female;05/01/1966;Guinea
3457;Ryan Turner;jlewis@example.com;Female;04/01/1974;Liberia
3458;Mr. Timothy Vargas;ovasquez@example.org;Male;06/03/1980;Finland
3459;Mike Dawson;richardjohnson@example.org;Female;01/01/1961;Benin
3460;Jeffrey Erickson;medinalori@example.com;Female;01/11/2007;Faroe Islands
3461;Joshua Salazar;christiansharp@example.com;Female;07/12/1980;Iran
3462;Matthew Miller;vhess@example.com;Male;02/08/1972;Guatemala
3463;Caroline Conner;sonia40@example.com;Female;11/07/1988;Christmas Island
3464;Ashley Wright;haleydavis@example.org;Male;12/03/1958;Australia
3465;Gregory Baker;jennifer34@example.com;Female;25/02/1957;Marshall Islands
3466;Tina Lamb;rlivingston@example.org;Female;14/04/1959;Indonesia
3467;Teresa Lowe;jacob17@example.com;Male;09/05/1959;Jamaica
3468;Pamela Tanner;jennifer01@example.net;Female;22/02/1982;Mauritania
3469;John Patterson;jessicahayes@example.org;Male;06/06/1984;India
3470;Amy Jensen;chawkins@example.com;Male;08/10/1986;Reunion
3471;Evan Dillon;carlos50@example.com;Female;14/07/1976;Martinique
3472;Adam Wilson;chris75@example.net;Female;08/04/1956;Korea
3473;Donna Fitzgerald;tasha61@example.net;Female;02/09/1981;Korea
3474;Brittany Miller;vhess@example.org;Male;16/03/1991;Latvia
3475;Christopher Hamilton;adrienneburton@example.com;Male;08/10/1965;Uzbekistan
3476;Luke Taylor;fharvey@example.org;Male;15/06/1982;Costa Rica
3477;Adam Cox;jonathandavis@example.com;Male;22/11/1991;Northern Mariana Islands
3478;William Simon;johnsonjohn@example.com;Male;27/01/1996;Saint Vincent and the Grenadines
3479;Heather Johnson;gbrown@example.net;Female;21/11/1971;Montserrat
3480;Jonathan Harding;lisa73@example.org;Male;24/08/1980;Guam
3481;Bob Mccall;mbates@example.net;Male;01/05/1963;Slovakia (Slovak Republic)
3482;Christine Lynch;lopezjohn@example.org;Female;07/08/1996;Ecuador
3483;Kaitlyn Brown;josephzamora@example.net;Female;17/06/1997;United States of America
3484;Kathy Diaz;taylorjonathan@example.net;Male;21/06/1987;British Indian Ocean Territory (Chagos Archipelago)
3485;Mrs. Samantha Black MD;michaelhodge@example.org;Male;08/03/1983;Seychelles
3486;Larry Flores;tonysmith@example.com;Male;19/12/1981;Timor-Leste
3487;Tammy Mcbride;kathleen77@example.net;Male;21/02/1968;North Macedonia
3488;Jessica Kelly;bobbyshaw@example.org;Male;01/06/1989;Suriname
3489;Timothy Jones;andrew94@example.org;Male;04/05/1961;San Marino
3490;Jennifer Wright;beckercheryl@example.org;Male;19/07/2008;American Samoa
3491;Bethany Smith;mosleylindsey@example.com;Male;19/05/1975;Belgium
3492;Angel Garza;mbennett@example.net;Female;22/05/1961;Tokelau
3493;Hannah Macias;qhernandez@example.org;Male;07/05/1981;Montenegro
3494;Victor Baldwin;xrivera@example.net;Female;24/07/1966;Cote d'Ivoire
3495;Dennis Young;adam81@example.net;Female;09/03/1974;New Caledonia
3496;Sean Harmon;simmonsjeffrey@example.net;Female;15/09/2005;Bouvet Island (Bouvetoya)
3497;Courtney Campos;suarezsteven@example.org;Female;14/03/1973;Gabon
3498;Steven Hess;james99@example.com;Male;04/09/1956;Barbados
3499;Leroy Ruiz;jasminemolina@example.com;Female;26/06/1981;Mexico
3500;Michael Mendoza;kimberlyacevedo@example.org;Male;13/02/1989;Bhutan
3501;Ronald Espinoza;jshelton@example.com;Male;28/02/1969;El Salvador
3502;Kaitlyn Peck;fward@example.org;Male;10/09/1964;Mexico
3503;Amy Miller;whitekatherine@example.org;Male;30/03/2004;Solomon Islands
3504;Michele Mcmillan;loricoleman@example.net;Male;16/09/1955;Netherlands
3505;Cesar Hanson;smithsusan@example.com;Female;24/05/1966;Timor-Leste
3506;Stephen Collins;lindarhodes@example.com;Male;28/12/1971;France
3507;Jeffrey Marks;bjohnson@example.com;Female;03/11/1965;Chad
3508;Harold Lee;perkinsrobert@example.org;Male;21/02/2006;Holy See (Vatican City State)
3509;Daniel Chapman;kevinfox@example.com;Female;18/05/2002;Cyprus
3510;Courtney Garcia;amywright@example.net;Female;26/10/1977;Swaziland
3511;Benjamin Cox;paynesarah@example.net;Female;10/02/1959;Sao Tome and Principe
3512;Carrie Roy;xkelly@example.org;Female;29/06/1963;Belize
3513;James Washington;maureenday@example.org;Female;18/05/1964;American Samoa
3514;Lisa Jones;rblackwell@example.org;Male;21/01/2008;Myanmar
3515;Jacob Carroll;pamela29@example.org;Male;07/11/1955;Netherlands Antilles
3516;Jessica Lawson;zachary77@example.net;Male;15/07/1998;Martinique
3517;Jessica Rich;ucook@example.net;Female;07/01/1994;Kuwait
3518;Jerry Rodriguez;april36@example.org;Male;19/04/1968;Iceland
3519;Emily Bailey;richardvasquez@example.com;Female;07/05/1964;Cocos (Keeling) Islands
3520;Dylan Ramirez;kellerjames@example.org;Female;11/11/1987;Brunei Darussalam
3521;Roberto Patterson;katieroman@example.com;Male;01/11/1974;Central African Republic
3522;Colin Perkins;olsonkathy@example.org;Female;27/02/2003;Monaco
3523;David Martinez;gabriel67@example.net;Female;03/01/1980;Wallis and Futuna
3524;Anthony Mcdaniel;dianehodges@example.net;Female;16/05/1958;Martinique
3525;Amber Turner;terrellerica@example.net;Female;26/09/1963;Saint Helena
3526;Edwin Ponce;xflores@example.org;Male;11/07/1991;Turks and Caicos Islands
3527;Veronica Freeman;butlermary@example.com;Male;21/03/1982;Bolivia
3528;Eugene Clark;manuelmccoy@example.com;Female;24/08/1972;Czech Republic
3529;Scott Carroll;frostamber@example.org;Male;12/01/1956;Mauritius
3530;Melissa Hall;carl91@example.org;Male;16/07/2002;Maldives
3531;Kristi Bryant;hensleytracey@example.net;Male;07/09/1992;Brunei Darussalam
3532;Willie Jones;fbooker@example.net;Female;01/11/1961;Korea
3533;Brianna Kent;timothy48@example.com;Male;21/03/1978;Saint Barthelemy
3534;Paul Foster;jason86@example.org;Female;26/05/1963;Eritrea
3535;Kimberly Jones;scottbrewer@example.org;Male;17/07/1968;Kiribati
3536;Sharon Turner;bonddorothy@example.net;Male;04/09/1983;Pakistan
3537;Mike Mayo;barbaralopez@example.com;Male;22/11/1964;Israel
3538;Terry Whitehead;rebeccabarron@example.net;Female;05/12/1957;Micronesia
3539;Colin Whitehead;jessicahall@example.net;Male;19/04/1975;Macao
3540;Carla Anthony;zmahoney@example.org;Female;09/01/2008;Lesotho
3541;Jeremy Miller;bowersashley@example.org;Female;17/02/1997;Turkmenistan
3542;Justin Pierce;gbrown@example.com;Male;28/12/2001;New Caledonia
3543;Jennifer Davis;morganjessica@example.net;Male;14/09/1982;Christmas Island
3544;Mary Scott;lisa98@example.com;Male;12/01/1990;Indonesia
3545;Taylor Carter;xguerrero@example.com;Male;17/05/1964;Hong Kong
3546;Matthew Cole;justin52@example.org;Female;24/12/1972;Tokelau
3547;Nathan Carter;william03@example.org;Female;08/03/1984;Belgium
3548;Willie Smith;pking@example.org;Male;21/11/1982;Korea
3549;Miss Nicole Perez;ujohns@example.org;Male;08/02/1993;Uganda
3550;Dawn Henson;lmcgee@example.net;Female;15/05/1979;Tokelau
3551;Hannah Russell;scotttracy@example.org;Male;18/06/1956;Mauritania
3552;Alan Castro;smithnathan@example.net;Female;15/09/2005;Greece
3553;Mikayla Stout;christopher00@example.org;Male;15/02/1992;Tuvalu
3554;Craig Jones;michelle68@example.net;Female;02/06/1975;Western Sahara
3555;Alan Robinson;tiffanyprice@example.com;Male;05/05/1969;Algeria
3556;Monica Washington PhD;melissagriffith@example.com;Female;19/04/1984;Uzbekistan
3557;Tanner Powell;jenningsjohn@example.net;Male;18/11/1991;Suriname
3558;Jonathan Tapia;john62@example.org;Female;10/09/1963;Heard Island and McDonald Islands
3559;Rickey Davis;jeffery90@example.net;Female;12/10/1994;China
3560;Alexis Chavez;randy20@example.net;Female;01/12/2004;Nigeria
3561;Justin Davis;sanchezlaura@example.net;Male;21/08/1963;Turkey
3562;Stephen Morris;cynthiameyer@example.org;Female;25/01/1996;Hungary
3563;Elizabeth Weiss;summer11@example.org;Male;07/04/1997;Brunei Darussalam
3564;Scott Parker;gonzaleszachary@example.com;Male;21/01/1978;San Marino
3565;Austin Quinn;noblelisa@example.org;Female;25/08/1971;Kyrgyz Republic
3566;Jeffrey Rodriguez;dustin92@example.net;Female;30/03/1962;Thailand
3567;April Howard;monique61@example.net;Female;05/08/1987;Iceland
3568;Kyle Bailey;mikegilbert@example.com;Male;16/10/2000;Japan
3569;Brandon Carr;jodiblair@example.com;Male;19/12/1961;Moldova
3570;Robert Cantu;jacqueline53@example.org;Male;21/03/1988;South Africa
3571;Adrian Smith;lwest@example.org;Male;06/04/1989;United Arab Emirates
3572;Karen Rich;jessica15@example.net;Female;21/03/1985;Sudan
3573;Shelby Rodriguez;franciscoterry@example.com;Female;11/12/1967;Svalbard & Jan Mayen Islands
3574;Lisa Blake;rmcdowell@example.com;Female;20/02/2008;Armenia
3575;Emily Rodriguez;donald95@example.org;Female;21/03/1960;Ukraine
3576;Matthew Smith;julia93@example.com;Female;04/04/2001;Belize
3577;Danny Sherman;shelley37@example.org;Male;29/06/1983;Falkland Islands (Malvinas)
3578;Robert Watson;heidijohnson@example.com;Female;06/04/1970;Luxembourg
3579;Kevin Smith;codylewis@example.com;Male;15/07/1985;San Marino
3580;Gina Ferguson;rebekah47@example.com;Female;19/07/1981;Azerbaijan
3581;Joseph Hill;tberg@example.net;Male;30/04/1996;Turkmenistan
3582;Tiffany Harris;ellengreen@example.net;Male;24/06/1985;Saint Barthelemy
3583;Danielle Thornton;omartinez@example.org;Female;23/05/1995;Russian Federation
3584;Terrence Conrad;kathrynsmith@example.net;Female;04/10/1986;Bahamas
3585;Kimberly Thompson;barbarawilliams@example.net;Female;12/08/1964;Isle of Man
3586;Carrie Martinez;evelynmoore@example.com;Female;30/05/1983;Falkland Islands (Malvinas)
3587;Michael Hall;campbellrhonda@example.com;Female;21/08/1993;Mayotte
3588;Laura Copeland;audrey25@example.org;Male;16/05/1967;Hong Kong
3589;Keith Gutierrez;fanderson@example.com;Male;16/06/2005;Portugal
3590;Kimberly Sanchez;brucewilliams@example.net;Male;19/03/1997;Malaysia
3591;Nicole Wheeler;phillipsbrittany@example.org;Male;26/02/1973;French Polynesia
3592;Anthony Phillips;stephanie88@example.org;Female;03/08/2005;Cape Verde
3593;Corey Walker;deborahlane@example.org;Female;13/10/1985;Iraq
3594;Alejandra Rice;ericclark@example.com;Male;21/04/1998;Brazil
3595;Brandon Banks;edwin70@example.org;Female;27/12/1957;Barbados
3596;Mario Gentry;jacqueline65@example.net;Male;25/11/1980;Argentina
3597;Wendy Rodriguez;cromero@example.com;Male;03/03/1982;Fiji
3598;Melody Smith;jefferywright@example.net;Male;16/09/1959;Bosnia and Herzegovina
3599;Thomas Jones;andersoneric@example.com;Female;21/06/1974;Falkland Islands (Malvinas)
3600;Kristen Davis;rbranch@example.org;Female;05/09/1979;Venezuela
3601;James Tran;bakerkenneth@example.net;Male;30/01/1996;Japan
3602;Carlos Edwards;jamiemaldonado@example.com;Female;12/10/1993;Albania
3603;Jessica Taylor;brianfisher@example.org;Female;20/01/2002;Palau
3604;Lisa Roberson;stricklandanthony@example.org;Male;20/02/1961;British Indian Ocean Territory (Chagos Archipelago)
3605;Stacey Alexander;utaylor@example.net;Male;24/05/1964;Vietnam
3606;Kyle Carlson;nayala@example.org;Male;01/01/2001;Cote d'Ivoire
3607;Justin Blankenship;kimberlysampson@example.com;Male;03/11/1990;Congo
3608;Aaron Williams;janice98@example.org;Female;06/04/1994;Cambodia
3609;Patrick Carter;turnerluke@example.com;Male;09/01/1977;Ghana
3610;Tina Jones;dsexton@example.org;Female;01/04/1997;Ukraine
3611;Rhonda Smith;baileyjamie@example.net;Male;18/12/1965;El Salvador
3612;Tiffany Terry;sarah77@example.net;Male;15/03/1991;Cayman Islands
3613;Joseph Jones;qbrewer@example.net;Male;28/09/1968;Thailand
3614;Lindsey Clay;osimmons@example.org;Male;14/12/1986;Saint Martin
3615;Julie Morrison;pyoung@example.net;Male;25/07/1991;Sri Lanka
3616;Joshua Cortez;thomaswilson@example.net;Female;18/12/1986;Micronesia
3617;Sara Fleming;mmiller@example.com;Male;24/10/2005;Samoa
3618;Beth Mitchell;scott41@example.net;Female;11/03/1958;Serbia
3619;Emily Mejia;dennishall@example.org;Female;22/04/1999;Tunisia
3620;Lori Riley;kayla90@example.org;Female;07/09/1986;Somalia
3621;Megan Meyers;coxangela@example.net;Male;27/04/1993;Morocco
3622;Stephen Green;qadams@example.net;Male;09/10/1989;Svalbard & Jan Mayen Islands
3623;Caitlyn Clarke;tammymcgrath@example.com;Male;05/11/1984;Andorra
3624;Jose Long;mezaheather@example.net;Male;31/03/1962;Hong Kong
3625;Cynthia Lawson;marcus20@example.net;Male;08/11/1977;Faroe Islands
3626;Jo Reed;james51@example.net;Male;02/10/1958;France
3627;Tracy Perkins;andrebrooks@example.net;Female;19/11/1985;South Georgia and the South Sandwich Islands
3628;Zachary Moore;lauriewarner@example.com;Male;16/10/2004;Cambodia
3629;Danny Bradshaw;randall52@example.com;Male;26/10/1971;Cote d'Ivoire
3630;Denise Frazier;jennifercaldwell@example.net;Female;17/05/1983;Benin
3631;Charles Jones;tyler14@example.org;Male;13/07/2007;Liberia
3632;Sue Boone;kathleen20@example.net;Male;06/04/1964;Myanmar
3633;Andrew Rose;smata@example.com;Male;03/11/1975;Russian Federation
3634;Justin Hodges;kgibson@example.com;Female;01/05/1963;Kazakhstan
3635;Brittany Davis DDS;zrivera@example.net;Female;17/07/1980;Venezuela
3636;Helen Rodriguez;fblevins@example.net;Male;09/03/2001;Qatar
3637;Ryan Cruz;denisehammond@example.com;Female;10/02/2004;Central African Republic
3638;Paul Weiss;edavis@example.net;Male;06/05/1996;Mauritania
3639;Kristen Price;jonathan12@example.net;Male;28/12/1983;Malaysia
3640;Kenneth Benton;ochoarobin@example.org;Female;09/03/1981;Central African Republic
3641;Cassidy Jones;schroederjoseph@example.net;Male;19/12/1997;Falkland Islands (Malvinas)
3642;Heather Jimenez;jfinley@example.org;Female;06/04/1997;Niue
3643;Anthony Collins;amber86@example.com;Female;22/05/1958;Vietnam
3644;Austin Taylor;jacqueline89@example.net;Male;18/03/1984;Gabon
3645;Amanda Henry;robertellis@example.com;Male;23/02/1979;Egypt
3646;Timothy Haynes;hharvey@example.org;Female;12/02/1965;American Samoa
3647;Emily Rivera;gloverjames@example.net;Female;02/08/1971;Guyana
3648;Michael Dunn;raykimberly@example.com;Male;27/12/1978;Montenegro
3649;Steven Snow;michelle01@example.com;Female;10/05/1956;Suriname
3650;Amy Dickson;tgalloway@example.org;Female;25/10/1995;Colombia
3651;Miss Cynthia Harris DDS;george77@example.net;Female;04/01/1980;Guam
3652;Timothy Torres;woodcody@example.com;Female;22/01/1956;Kyrgyz Republic
3653;Larry Terry;rmontgomery@example.org;Male;04/08/1956;Samoa
3654;Kathryn Jones;kelly33@example.net;Male;06/04/1986;Uruguay
3655;Kenneth Stone;gomezvincent@example.com;Male;18/12/2007;Mozambique
3656;Miss Jennifer Harrison MD;utyler@example.net;Female;13/09/1964;Sao Tome and Principe
3657;Michelle Castillo;bakeryolanda@example.org;Male;11/02/1971;Qatar
3658;Brianna Glenn;posborne@example.org;Female;17/10/1965;United States of America
3659;Jessica Gibson;patrick38@example.org;Male;22/01/1971;Djibouti
3660;Louis White;xriddle@example.net;Male;28/11/1971;Botswana
3661;Amy Jones;kimberly92@example.org;Male;31/08/1992;Niger
3662;Ashley Clark;marie58@example.net;Male;07/10/1976;Afghanistan
3663;Michael Johnson;dawn39@example.net;Male;21/05/1964;Venezuela
3664;Danielle Cook;tabitha21@example.net;Male;01/08/2004;Iceland
3665;George Jones;turnersamuel@example.org;Male;26/06/1983;Argentina
3666;Lisa Kennedy;mwilliams@example.org;Female;07/05/1972;Algeria
3667;Timothy Martinez;andersondennis@example.org;Male;07/01/1957;Turkmenistan
3668;Brian Sanford;gerald62@example.org;Male;21/06/1981;Equatorial Guinea
3669;Carolyn Murphy;rgreen@example.com;Male;13/08/1964;Korea
3670;Gregory Gamble;woodcharles@example.org;Female;29/10/1997;Thailand
3671;Dorothy Dunlap;powerspaul@example.com;Female;23/12/2002;Venezuela
3672;Gregory Gray;clarkkarl@example.org;Female;05/01/1994;Falkland Islands (Malvinas)
3673;Sarah Davis;jweaver@example.net;Male;19/11/1988;Svalbard & Jan Mayen Islands
3674;Jeffrey Fields;lbarnes@example.org;Male;22/01/1974;Syrian Arab Republic
3675;Jason Ross;jessica93@example.net;Female;29/01/1990;Bahamas
3676;Courtney Allen;nichole67@example.net;Female;27/05/1961;Chad
3677;Brian Harvey;qochoa@example.com;Male;22/05/1994;Chile
3678;Michael White;imcmahon@example.com;Male;11/02/1957;Singapore
3679;Jean Sanchez;zacharybanks@example.net;Male;02/05/1972;Ecuador
3680;Megan Barker;amanda82@example.net;Male;30/12/1958;Cocos (Keeling) Islands
3681;Laura Gillespie;fsosa@example.net;Female;16/11/1983;Tanzania
3682;Steven Pace;ohines@example.net;Male;31/08/1979;Cote d'Ivoire
3683;John Miller;anthony89@example.com;Female;20/05/1983;Antarctica (the territory South of 60 deg S)
3684;Thomas Martin;victoria30@example.net;Female;04/09/1993;Iceland
3685;Paul Price;zrojas@example.com;Female;06/11/1980;Finland
3686;Andrea Houston;smithcarrie@example.com;Male;23/09/1990;Belgium
3687;John Lane;johnperez@example.org;Male;29/08/1963;Sierra Leone
3688;Olivia Hughes MD;michael06@example.net;Male;27/07/2004;Timor-Leste
3689;David Thompson;tranbrandon@example.com;Male;04/12/2006;Israel
3690;Penny Madden;mike39@example.net;Female;26/09/1988;North Macedonia
3691;Roberto Harmon;nancybautista@example.com;Female;31/08/1999;Kenya
3692;Hannah Conrad;joshuaedwards@example.com;Female;02/10/1999;Argentina
3693;Miss Anna Morgan;phurley@example.org;Female;30/01/1993;Denmark
3694;Kenneth Paul;chavezjacob@example.org;Male;20/09/1978;Turkmenistan
3695;Catherine Wood;ygutierrez@example.org;Female;23/03/1997;Lesotho
3696;Jennifer Whitehead;chanmicheal@example.com;Female;23/01/2002;Netherlands Antilles
3697;Janet Scott;kaitlyn40@example.com;Male;24/10/1983;Christmas Island
3698;Joshua Holt;zhowell@example.org;Male;17/06/1997;Sri Lanka
3699;Heather Johnson;edwardscrystal@example.com;Female;22/09/1977;French Guiana
3700;Jill Nelson;michaelballard@example.com;Male;23/11/1964;France
3701;Kelly Arnold;david76@example.org;Male;24/01/1969;Netherlands Antilles
3702;Rebecca Lynn;victorlowe@example.org;Female;18/05/2006;Martinique
3703;Justin Cross;vhester@example.org;Male;22/05/1974;Hong Kong
3704;James Wright;amandaspencer@example.com;Male;14/03/1984;Nepal
3705;Kristen Johns;vickiwhitaker@example.org;Female;03/08/1976;Ghana
3706;Christopher Hampton;hamptonkendra@example.com;Female;12/01/1988;Sudan
3707;Anna Baker;jasminesmith@example.net;Female;10/11/1968;Cuba
3708;Benjamin Aguilar;edward67@example.org;Male;24/08/1991;Brunei Darussalam
3709;Amber Blackburn;brittneyryan@example.org;Female;21/09/1998;Equatorial Guinea
3710;Ann Richardson;robertlopez@example.net;Male;21/08/2002;Serbia
3711;Veronica Humphrey;willisgeorge@example.com;Female;14/12/1958;Fiji
3712;Raven Weber;cnavarro@example.com;Male;02/04/1992;Montserrat
3713;Kevin Tate;dawnhuber@example.com;Female;14/12/2006;North Macedonia
3714;Donald Galloway;steelesharon@example.net;Male;03/08/1987;Haiti
3715;Melinda Mcguire;morganjustin@example.org;Male;09/05/2008;Bhutan
3716;Diane Garza;rachaelfrank@example.com;Male;10/01/1989;Philippines
3717;Dylan Garcia;ashley94@example.net;Male;20/06/1979;Mexico
3718;Kimberly Brown;pricedavid@example.org;Female;01/05/1968;Brazil
3719;Jennifer Watson;sjenkins@example.net;Male;06/09/1992;Czech Republic
3720;Douglas Miller;miguelmartinez@example.com;Female;24/02/1978;Isle of Man
3721;Samantha Washington;alexisgriffin@example.com;Male;14/03/2000;Hungary
3722;Joseph Scott;bnunez@example.net;Female;09/04/1999;Antarctica (the territory South of 60 deg S)
3723;Heather Davis;gking@example.org;Male;03/08/1977;Czech Republic
3724;Alexis Smith;grantmichelle@example.com;Male;09/05/1963;New Caledonia
3725;Christine Barr;gregorylopez@example.com;Male;29/01/1964;Faroe Islands
3726;Mary Walsh;dbeard@example.com;Male;23/11/1980;Saint Barthelemy
3727;Danielle Price;fwebb@example.com;Male;05/01/1980;Poland
3728;Mr. David Gray PhD;hollyodom@example.net;Male;03/07/2001;Vietnam
3729;Alexander Rose;robinsonjennifer@example.org;Female;12/11/1991;Slovakia (Slovak Republic)
3730;Chad Davis;lgarcia@example.net;Male;17/06/1998;Falkland Islands (Malvinas)
3731;Katelyn Roberts;bradyjoshua@example.com;Female;17/02/1986;Martinique
3732;Ralph Miller;robert70@example.org;Female;21/01/1984;New Caledonia
3733;Grant Huff;karen11@example.org;Male;08/02/1990;Liberia
3734;Craig Barnes;richard93@example.net;Male;14/09/1987;Mozambique
3735;Andrew Barnes;leah66@example.net;Male;24/05/1984;Malaysia
3736;Brian Thompson;jacob53@example.org;Male;26/03/1968;Italy
3737;Kenneth Henson;jessepeterson@example.net;Female;08/03/1990;Comoros
3738;Teresa Jimenez;clarkhelen@example.net;Male;13/04/1959;Guatemala
3739;Carlos Valentine;creed@example.com;Female;21/08/2001;Dominica
3740;Sarah White;tammydaniels@example.net;Female;26/01/1998;Tokelau
3741;Joseph Baker;matthewlindsey@example.org;Male;11/11/1994;Saint Vincent and the Grenadines
3742;Andrea Jackson;kevinmooney@example.net;Female;28/05/1958;Namibia
3743;Victor Mcdonald;jeffreyacevedo@example.com;Male;25/11/1983;Sao Tome and Principe
3744;Kevin Wilson;sotowilliam@example.com;Male;09/05/2003;Libyan Arab Jamahiriya
3745;Scott Mathews;kathrynperry@example.org;Female;22/12/1975;Malawi
3746;Sierra Peterson;wallacethomas@example.com;Female;24/01/1991;Kenya
3747;Crystal Jones;bethsmith@example.com;Female;18/02/1978;Rwanda
3748;Renee Wright;elizabethsilva@example.com;Female;19/05/1995;Brunei Darussalam
3749;Jason Tucker;janicejordan@example.com;Female;12/07/1989;Greece
3750;Emily Skinner;juanjohnson@example.com;Male;11/03/1997;French Polynesia
3751;Timothy Kennedy;hensleysydney@example.net;Female;11/01/1998;Cuba
3752;Madison Gomez;xperry@example.net;Male;15/10/2002;Senegal
3753;Shannon Stewart;sarahthompson@example.net;Male;17/09/1976;Zimbabwe
3754;Amanda Aguilar;richard59@example.com;Male;22/04/1959;Holy See (Vatican City State)
3755;Nicholas Liu;ahorton@example.com;Female;27/09/2005;Vanuatu
3756;John Norman;tylergonzalez@example.org;Female;12/12/1976;Aruba
3757;Karina Rocha;hernandezandre@example.com;Male;08/12/1980;Dominica
3758;Nathan Mcmahon;rclark@example.com;Female;17/07/2000;Jamaica
3759;Andrew Stout;richardsonshane@example.com;Male;23/03/1995;Bolivia
3760;Nicholas Thomas;lyonsholly@example.com;Female;07/04/1959;Greenland
3761;Alex Nolan;awaters@example.org;Male;13/04/1972;Israel
3762;Sarah Wilson;jlogan@example.org;Female;18/09/1982;Vietnam
3763;James Martinez;rjackson@example.com;Male;20/10/1956;United States of America
3764;Mark Johnston;qfleming@example.com;Female;08/10/1972;Barbados
3765;Marissa Vazquez;javierlindsey@example.org;Male;02/08/1984;Heard Island and McDonald Islands
3766;Jennifer Graves;tmckinney@example.com;Male;22/10/1959;French Southern Territories
3767;Theresa Hill;nhall@example.net;Male;14/08/1959;Myanmar
3768;Gary Solomon;bcardenas@example.com;Male;23/12/1986;Aruba
3769;Anna Branch;hillcrystal@example.com;Male;24/10/1981;Bahamas
3770;Amber Black;jasmine69@example.org;Male;10/05/1960;Dominica
3771;Evelyn Jones;gatesmark@example.net;Female;28/04/1992;Belarus
3772;Heather Long;spencertara@example.com;Female;03/04/1972;Peru
3773;Jonathan Williams;shawnsanchez@example.org;Male;01/12/1977;Cyprus
3774;Joseph Simmons;vsingh@example.net;Female;03/01/1976;Bosnia and Herzegovina
3775;Kathy Turner;sarahmoore@example.net;Male;21/07/1989;Lebanon
3776;Ruth Porter;lisaking@example.com;Male;02/06/1999;Serbia
3777;Henry Reeves;esmith@example.net;Male;07/07/1994;Heard Island and McDonald Islands
3778;Patrick Lane;silvajoseph@example.com;Female;22/11/1956;Georgia
3779;Carolyn Reid;todd63@example.org;Male;13/10/1959;Guernsey
3780;Michael Sparks II;sthompson@example.com;Male;02/05/1992;Ukraine
3781;Douglas Fisher;carriegordon@example.org;Female;16/05/1995;Yemen
3782;Donna Brown;brittney22@example.org;Male;05/09/1974;Sao Tome and Principe
3783;Dr. Sean Yoder PhD;jnewman@example.com;Male;14/05/1998;Cuba
3784;Todd Wright;perezeric@example.com;Male;27/02/2006;Saint Lucia
3785;Kelly Elliott;michaelmartinez@example.com;Male;28/08/1964;Brunei Darussalam
3786;Abigail Yoder;jonathan72@example.org;Female;27/11/1958;Uruguay
3787;Courtney Richardson;smitchell@example.org;Male;14/05/1982;Tanzania
3788;Claudia Gentry;warrenwilson@example.com;Male;20/08/1980;Yemen
3789;Alan Harrington;timothy26@example.org;Female;31/12/1987;Togo
3790;Angela Quinn;gutierrezstephen@example.com;Female;19/01/2001;Bermuda
3791;Patricia Powell;xjacobs@example.com;Female;23/11/1970;Libyan Arab Jamahiriya
3792;Christopher Harmon;tevans@example.net;Female;30/06/1972;United States Minor Outlying Islands
3793;Brian Wilson;thomas14@example.com;Female;07/01/1982;Anguilla
3794;Timothy Avila;collinssamantha@example.org;Male;02/03/2002;Marshall Islands
3795;Marcus Davis;sancheztimothy@example.net;Male;17/07/1974;Svalbard & Jan Mayen Islands
3796;Jason Clarke;cannonmichael@example.net;Female;29/05/2001;Panama
3797;Donald Sullivan;brian57@example.net;Female;01/12/1971;Swaziland
3798;Gregory Anderson;vincentgarcia@example.com;Female;25/01/2004;Romania
3799;Adam Martinez;kcollins@example.com;Male;01/09/1956;France
3800;Sarah Williams DDS;pphillips@example.com;Male;15/03/1968;Bosnia and Herzegovina
3801;Jeffrey Riley;sandersdavid@example.com;Female;15/10/1970;Venezuela
3802;Jeffery Morton;clintonwhite@example.com;Male;11/05/1985;Mozambique
3803;Nicole Ali;ubryant@example.net;Male;24/09/1958;Mali
3804;Sara Reynolds;benjamin47@example.net;Male;21/01/1964;Tokelau
3805;Rebecca Rodriguez;watersjeremy@example.net;Male;26/07/1970;Bosnia and Herzegovina
3806;Edward Miller;clang@example.net;Female;30/11/1967;Netherlands Antilles
3807;Kenneth Wagner DDS;dedwards@example.org;Male;17/12/1957;Panama
3808;Jennifer Roach;wcombs@example.com;Female;04/06/1977;Saint Lucia
3809;Catherine Petersen;katrina32@example.net;Female;21/07/1973;South Georgia and the South Sandwich Islands
3810;Mark Walton;hmatthews@example.com;Female;07/10/1967;Mongolia
3811;Amber Walker;iberry@example.com;Male;17/05/1956;Rwanda
3812;Joanne Carter;carly89@example.net;Male;12/12/1972;Antigua and Barbuda
3813;Michael Coleman;mking@example.com;Male;26/05/2004;Pakistan
3814;Melissa Woods;elizabeth39@example.net;Female;10/10/1971;Estonia
3815;David Brooks;adam76@example.net;Female;03/09/1996;Ireland
3816;Kerri Price;brandon30@example.com;Female;25/09/1989;Iraq
3817;Dylan Romero;andersoncindy@example.net;Female;25/11/1990;Svalbard & Jan Mayen Islands
3818;Debbie Jackson;sarahevans@example.org;Male;23/01/2001;Reunion
3819;Joseph Davis;villegascourtney@example.com;Female;06/07/1987;Canada
3820;Thomas Luna;bgonzalez@example.com;Male;08/08/1973;Lebanon
3821;Julia Clark DVM;kwagner@example.org;Male;26/05/1978;Guinea-Bissau
3822;Pamela Hughes;shirley56@example.net;Female;11/07/1968;Portugal
3823;James Pittman;michaelperez@example.com;Male;06/08/2000;Barbados
3824;Mackenzie Simmons;kimberlytanner@example.com;Male;18/11/1972;Samoa
3825;Pamela Brown;maryfernandez@example.org;Female;02/09/1964;Singapore
3826;Harry White;rebecca06@example.com;Male;22/11/1981;Kazakhstan
3827;Jeffrey Rhodes;kurt89@example.org;Female;31/12/1996;Guadeloupe
3828;David Martinez;gonzalezandrea@example.org;Male;23/02/1992;Timor-Leste
3829;William Aguilar;knovak@example.org;Female;28/04/1982;Latvia
3830;Patricia Miller;adamaguilar@example.org;Male;07/07/1958;Mozambique
3831;Amy Hickman;clarkkelly@example.com;Male;08/07/1959;Ethiopia
3832;Derrick Mendez;wellsthomas@example.net;Female;27/06/1986;Central African Republic
3833;David Payne;johnsonbrian@example.net;Male;24/07/1976;Egypt
3834;Jason Thomas;thomascraig@example.net;Female;06/11/1959;Bahamas
3835;Adam Gardner;brenda25@example.org;Female;01/07/1993;Luxembourg
3836;Sarah Davis;michael89@example.org;Female;09/09/1984;Zambia
3837;Chloe Stephens;prattrebecca@example.org;Female;24/02/1976;Guinea-Bissau
3838;Jennifer Johnson;timothytorres@example.net;Female;26/01/1962;Guinea
3839;Leah Miller;tannermatthew@example.org;Male;14/10/1999;United States Virgin Islands
3840;Don Barber;kylehall@example.org;Female;04/05/1995;Cameroon
3841;Jean Wright;davistanner@example.com;Male;30/06/1988;Austria
3842;Angela Bernard;yjones@example.org;Male;31/08/1976;Syrian Arab Republic
3843;Maria Griffin;yvonnemartin@example.org;Male;06/12/1999;Seychelles
3844;Wendy Acosta;owensbenjamin@example.net;Male;17/05/1995;Northern Mariana Islands
3845;Dennis Landry;julie21@example.net;Male;05/05/1967;Burkina Faso
3846;Matthew Meyer;thomashoward@example.com;Female;04/11/1994;San Marino
3847;Penny Wright;youngdorothy@example.com;Female;18/04/1959;Yemen
3848;Brittany Sampson;rachelparks@example.com;Male;21/04/2002;Tajikistan
3849;Lisa Mullins;tinapalmer@example.org;Female;12/10/1960;Reunion
3850;Miss Krista Kennedy DDS;davissergio@example.com;Male;03/02/2000;Palestinian Territory
3851;Justin Santos;awillis@example.org;Female;13/02/1994;India
3852;Cindy Pena;marieherrera@example.org;Female;01/07/1960;Lao People's Democratic Republic
3853;Chris Robinson;howard10@example.com;Male;01/02/1966;Albania
3854;Logan Maynard;qmercer@example.org;Female;26/06/1990;Cameroon
3855;Gabrielle Salinas;ugardner@example.com;Male;28/11/1994;Hong Kong
3856;Dr. John Chang;johnsonalexander@example.net;Female;26/11/2001;Bulgaria
3857;Abigail Frazier;johnathanmoore@example.org;Female;04/06/1996;Guernsey
3858;Adrian Garrison;wbyrd@example.org;Male;16/08/1980;Bhutan
3859;Stanley Brown;gregory10@example.net;Female;05/01/1956;Tuvalu
3860;Robin Love;gregoryhouse@example.net;Male;19/03/1961;Pakistan
3861;Theresa Sanchez;melanielin@example.net;Male;26/03/1977;Djibouti
3862;Don Walton;dakota12@example.org;Female;01/04/2004;Argentina
3863;Riley Holmes;eellis@example.net;Female;11/06/1970;British Virgin Islands
3864;Curtis Rodriguez;smithdavid@example.com;Female;01/10/1992;Saint Helena
3865;Heather Wilson;ohenry@example.org;Female;08/06/1999;Cayman Islands
3866;Rachel Smith;oliviathomas@example.org;Female;05/03/1987;Moldova
3867;Jason White;brownwendy@example.org;Male;08/02/1978;Saint Kitts and Nevis
3868;Sarah Gonzalez;osmith@example.net;Female;10/11/1955;Syrian Arab Republic
3869;Stephanie Williams;katherinemedina@example.org;Male;18/02/1959;Namibia
3870;Kimberly Ray;debrasmith@example.net;Male;01/04/1964;Mexico
3871;Timothy Tanner;jonesthomas@example.org;Female;01/11/1993;Saint Pierre and Miquelon
3872;Sharon Martin;ofleming@example.com;Female;20/11/1968;Palestinian Territory
3873;Amy Brown;thompsonvincent@example.org;Female;20/06/1963;Micronesia
3874;Victoria Logan;kunderwood@example.net;Female;31/07/1978;United Arab Emirates
3875;Lisa Stephens;melissa55@example.net;Male;01/12/1955;Aruba
3876;Tracy Cooper;utorres@example.net;Female;07/04/1987;Slovakia (Slovak Republic)
3877;James Meyer;omason@example.com;Male;08/09/1991;Slovakia (Slovak Republic)
3878;Lisa Jensen MD;evelyndavis@example.org;Female;23/12/1979;El Salvador
3879;Christopher Brewer;stephen34@example.org;Male;13/07/1984;Hong Kong
3880;Brianna Roman;heatherbrown@example.org;Male;27/05/1956;Fiji
3881;Adam Holland;goconnor@example.net;Male;02/07/1995;Mauritius
3882;Alexander Valdez;scottanderson@example.net;Male;08/01/1961;Isle of Man
3883;Heather Chan;watkinschristopher@example.net;Female;19/10/1968;Oman
3884;Jacob Copeland MD;mwhitaker@example.net;Male;07/03/2000;Saint Kitts and Nevis
3885;Brian Jackson;josephcole@example.org;Male;29/07/1992;Venezuela
3886;Ms. Joanne Hernandez;lmann@example.net;Male;18/02/1993;Cayman Islands
3887;Jill Ortiz;mark14@example.com;Female;19/01/1968;Slovakia (Slovak Republic)
3888;Ernest Burnett;williamsnatalie@example.com;Male;30/03/1960;Poland
3889;Jennifer Richardson;shane44@example.com;Female;07/12/1997;Liberia
3890;Audrey Lopez;jonathongreene@example.com;Female;07/12/1957;Cuba
3891;Jeremy Chambers;richardmcgee@example.org;Female;06/04/1959;Jordan
3892;Edward Jackson;nburton@example.com;Male;13/06/1968;Swaziland
3893;Michael Bridges;cristinajohnson@example.com;Male;07/12/1959;Switzerland
3894;Kenneth Rodriguez;robert54@example.com;Male;21/02/1985;Turkey
3895;John Moore;castillojason@example.com;Male;18/01/2001;Kazakhstan
3896;Stacey Lopez;katherine45@example.org;Female;25/12/1997;Cook Islands
3897;Heather Larsen;john68@example.net;Female;29/03/2007;Guyana
3898;Warren Payne;browland@example.net;Female;10/10/1960;French Guiana
3899;Hannah Johnson;davissamantha@example.com;Female;27/02/1998;Gibraltar
3900;Elizabeth Taylor;jessica24@example.org;Female;01/10/1963;Chile
3901;Eric Knapp;uhenderson@example.net;Female;25/05/1956;Venezuela
3902;Kyle Grant;nielsenjames@example.net;Female;07/06/1974;British Virgin Islands
3903;Heather Finley;philip32@example.org;Male;15/12/1977;Canada
3904;Garrett Hart;roblesdavid@example.net;Male;02/03/1975;Svalbard & Jan Mayen Islands
3905;David Phillips;brittanyjohnson@example.com;Male;17/06/1974;Myanmar
3906;Dr. Brian Hall DDS;lindaaguilar@example.org;Female;20/02/1966;North Macedonia
3907;Jose Terrell;desireekelly@example.org;Female;02/11/1980;Greece
3908;John Mata;erinwhite@example.org;Male;13/01/1969;Botswana
3909;Harry Hall;ryan42@example.com;Male;17/10/1989;Turkmenistan
3910;William Bird;jrogers@example.org;Male;10/10/1991;Madagascar
3911;Karla Hoover;donaldhill@example.org;Male;04/01/1976;United States Virgin Islands
3912;Matthew Gordon;paulrodriguez@example.net;Female;08/04/1978;Iceland
3913;Eric Garrett;zphillips@example.net;Female;15/11/1969;Martinique
3914;Nicole Rivera;dpowell@example.net;Male;26/05/1966;Tonga
3915;Amber Lester;brian02@example.org;Male;08/03/1974;Saint Lucia
3916;Rachel Castillo;xkim@example.com;Female;18/03/1968;Malta
3917;Darrell Short;edwardsrachel@example.org;Female;30/12/1960;Burkina Faso
3918;Earl Moon;davispeter@example.net;Female;04/11/2004;Iceland
3919;Deborah Saunders;matthewprice@example.org;Female;02/12/1959;Timor-Leste
3920;Joe Anderson;palmergregory@example.net;Male;29/05/1961;Indonesia
3921;Adriana Spears;toddjohn@example.net;Female;19/11/1996;Mozambique
3922;Mitchell Gonzales;yudavid@example.org;Male;26/11/1968;Reunion
3923;David Brown;taylor63@example.org;Male;11/09/2003;British Virgin Islands
3924;Tammie Moore;troysexton@example.com;Female;02/12/1960;Tanzania
3925;Sharon Navarro;kathy85@example.com;Female;19/11/1979;American Samoa
3926;Laura Lawson;sjackson@example.net;Male;29/11/1955;Eritrea
3927;Tracy Bass;michael37@example.org;Female;17/09/1986;Honduras
3928;Adam Gardner;kayla15@example.org;Male;01/07/1990;Anguilla
3929;Ian Neal;odonnellcrystal@example.org;Male;15/11/1979;Northern Mariana Islands
3930;Charles Vargas;collinsjessica@example.org;Male;17/05/1956;Morocco
3931;Jonathan Williams;patricia10@example.org;Male;03/07/1995;Cyprus
3932;Jason Butler;jeremy74@example.net;Female;03/03/1977;Timor-Leste
3933;Maria Sanchez;masonjo@example.net;Female;10/09/1962;Tunisia
3934;Andrew Benton;ronald78@example.net;Male;03/04/1994;Monaco
3935;Erin Jordan;kennethmiller@example.org;Male;14/10/1975;Guadeloupe
3936;John Flores;hicksmichael@example.com;Female;24/08/1970;Cocos (Keeling) Islands
3937;Bradley Turner;dhoward@example.org;Male;11/11/1987;Turkmenistan
3938;Kelly Carpenter;qtran@example.com;Female;15/04/1995;North Macedonia
3939;Rita Thompson;garciasharon@example.org;Male;22/12/1967;Turkey
3940;Tammy Butler;jay28@example.net;Female;28/06/1960;Afghanistan
3941;Jennifer Travis;melindadavis@example.com;Male;25/11/2000;Anguilla
3942;Crystal Wallace;james76@example.com;Male;30/08/2008;Norfolk Island
3943;Brooke Graham;gonzalezanthony@example.org;Male;12/07/1986;Norfolk Island
3944;Lisa Hart;wwebb@example.com;Male;15/04/1982;Togo
3945;Brittany Roberts;russell92@example.net;Female;02/10/2002;Macao
3946;Clayton Johnson;ruizleslie@example.net;Female;05/01/2001;Nigeria
3947;Nancy Lam;delgadoangelica@example.com;Male;18/01/1968;Indonesia
3948;Sarah Frazier;haasemma@example.net;Male;20/09/1963;Tuvalu
3949;Crystal Collins;hodgesjoseph@example.org;Female;28/11/1986;South Georgia and the South Sandwich Islands
3950;Edward Galvan;oliviabowman@example.org;Male;08/11/1978;United States Minor Outlying Islands
3951;Mark Briggs;phernandez@example.com;Female;15/03/1997;Portugal
3952;Mitchell Allison;hchandler@example.com;Male;02/04/1979;Antarctica (the territory South of 60 deg S)
3953;James Davis;mbaker@example.net;Female;04/06/1964;Svalbard & Jan Mayen Islands
3954;Sharon Page;emily05@example.org;Male;06/09/2001;Chile
3955;Calvin Kim;knixon@example.org;Male;17/08/2000;El Salvador
3956;Michaela Gonzalez;richardsonanita@example.org;Female;30/08/1991;Norway
3957;Juan Gill;riveraaaron@example.net;Female;11/09/1965;Egypt
3958;Jason White;keithhumphrey@example.org;Male;13/04/1989;Sweden
3959;Amy Hobbs;lmitchell@example.net;Female;08/02/1964;Guinea-Bissau
3960;Matthew Marshall;moorevickie@example.net;Female;18/03/1977;Cayman Islands
3961;Gary Le;jason85@example.net;Male;11/01/1967;Austria
3962;Cathy Tucker;stevensonroberto@example.net;Male;25/03/1992;Bouvet Island (Bouvetoya)
3963;Joseph Gonzalez;jessica49@example.net;Female;11/01/1996;Peru
3964;Rebecca Green;kim00@example.com;Male;05/10/2007;Cocos (Keeling) Islands
3965;Darrell Arnold;cohenteresa@example.org;Female;28/09/1963;Anguilla
3966;Samantha Smith;gbenson@example.net;Female;19/03/1981;New Zealand
3967;Mark Hudson;iwilliams@example.org;Male;03/03/2005;Gabon
3968;Joseph Harris;tpetersen@example.org;Male;30/06/1959;Korea
3969;Melissa Thompson;zrodriguez@example.com;Female;22/05/1977;Antigua and Barbuda
3970;Suzanne Smith;shawnrichards@example.net;Female;01/09/1968;Guinea
3971;Brittany Mccoy;amy35@example.com;Male;04/07/1969;Latvia
3972;Jonathan Moore;hammondjames@example.com;Male;11/05/2005;Suriname
3973;Nicholas Campbell;melissacurtis@example.net;Male;27/04/1975;Papua New Guinea
3974;Ms. Molly Bailey;gonzalezrhonda@example.net;Male;11/04/1964;New Zealand
3975;Jessica Roy;zdean@example.com;Male;15/11/1959;United Kingdom
3976;Andrew Cain;tinaluna@example.com;Female;09/07/1999;Suriname
3977;Traci Wilson;mathew93@example.com;Male;23/08/1963;Guadeloupe
3978;James Neal;thomasjoyce@example.net;Female;08/05/2004;United States Minor Outlying Islands
3979;Kristina Woodward;christopher85@example.net;Male;20/10/1966;Mexico
3980;Shawn Harper;garciacurtis@example.com;Male;21/08/1980;United States Minor Outlying Islands
3981;Robert Blanchard;cainpaul@example.com;Female;07/06/1972;Trinidad and Tobago
3982;Cathy Bush;jamesmelissa@example.net;Male;08/06/1977;Guatemala
3983;Ashley Gregory;elizabeth82@example.com;Male;25/08/1996;Lesotho
3984;Andre Brooks;veronicaaguilar@example.org;Male;25/01/2004;Netherlands Antilles
3985;Tracy Gibson;craighoward@example.net;Female;27/07/1960;Martinique
3986;Beth Watson;mark54@example.org;Male;30/01/1979;South Georgia and the South Sandwich Islands
3987;Taylor Silva;jacquelinechapman@example.com;Male;31/01/1972;France
3988;Carla Warren;matthew98@example.com;Female;23/02/1978;Mauritania
3989;Daniel Johnson;troberts@example.net;Male;17/06/1992;Cocos (Keeling) Islands
3990;Mark Adams;benjaminwilson@example.net;Male;14/06/1973;Marshall Islands
3991;Kim Richards DDS;mercerjohn@example.org;Male;29/03/1961;Puerto Rico
3992;Emily Campos;rickyfrench@example.org;Female;22/12/1975;Poland
3993;Samantha Anderson;dorothy52@example.org;Male;30/08/1983;Bahamas
3994;Albert Padilla;pachecojason@example.org;Female;01/12/2007;Iran
3995;Lisa Thomas;george16@example.org;Male;04/08/1982;Bulgaria
3996;Katherine Roberts;jacobsmaria@example.com;Male;12/01/1994;Ethiopia
3997;James Taylor;carriefoster@example.com;Female;20/01/1983;Georgia
3998;Meghan Gonzalez;jamesmorris@example.org;Male;06/04/1969;Bermuda
3999;Jose Young;crystalnelson@example.com;Female;11/03/1984;Jamaica
4000;Cynthia Ward;shopkins@example.net;Female;22/09/1957;Eritrea
4001;David Owen;gomezdavid@example.org;Male;27/11/1968;Peru
4002;Jeffrey Miller;brownrichard@example.net;Female;28/09/2004;Kuwait
4003;Kevin Barker;coffeyheather@example.org;Male;12/03/1991;Tanzania
4004;John Lambert PhD;jessicawhite@example.org;Male;15/10/2006;Tuvalu
4005;Victor Reid;emilythompson@example.org;Male;11/01/1977;Nigeria
4006;Carl Martinez;wbriggs@example.com;Male;15/08/1977;Maldives
4007;Renee Bartlett;brenda97@example.net;Female;19/05/2001;South Africa
4008;Jennifer Brown;ebrown@example.org;Female;28/10/1988;Peru
4009;Emily Pierce;christian43@example.net;Female;29/10/1962;Greenland
4010;Andrea Ponce;reynoldscaleb@example.org;Male;03/04/2002;British Virgin Islands
4011;Sandra Cameron;qyu@example.net;Female;29/09/1957;Philippines
4012;Vernon Jackson;rhood@example.net;Female;21/10/1998;Mongolia
4013;Jessica Jackson;woodjose@example.net;Female;22/01/1983;United States Virgin Islands
4014;Mariah Bowers;michael53@example.net;Female;10/01/1958;American Samoa
4015;Patricia Elliott;diamondgriffin@example.org;Male;17/07/1990;Saudi Arabia
4016;Martha Taylor;nmccarthy@example.net;Female;07/07/1978;Ireland
4017;Joshua Cole;megansmith@example.net;Female;23/03/1992;Turkmenistan
4018;Heather Ashley;michelemcdaniel@example.com;Male;25/05/2006;Bosnia and Herzegovina
4019;Michelle Holmes;hoffmanjordan@example.net;Male;24/08/1994;Slovenia
4020;Logan Jones;anita16@example.com;Female;03/03/1985;Taiwan
4021;Cathy Sanchez;robertsevan@example.org;Male;10/04/1971;Luxembourg
4022;Jason Gibson;andrew29@example.org;Male;02/10/1990;Azerbaijan
4023;Eric Morris;jamesrogers@example.org;Male;29/01/1995;Jordan
4024;Richard Bush;michael44@example.org;Female;12/01/1995;Botswana
4025;Jonathan Boyd;brendawallace@example.com;Male;01/10/1959;Croatia
4026;Mark Ellison;rogerrodriguez@example.com;Male;22/09/1987;Swaziland
4027;Anthony Neal;johnny58@example.net;Male;12/01/2005;Cocos (Keeling) Islands
4028;Melanie Santana;gscott@example.org;Female;17/03/1977;Guinea
4029;Laura Williams;jeffrey65@example.net;Male;22/12/1989;Mozambique
4030;Christopher Jackson;whitneyyoung@example.org;Female;23/11/2000;South Africa
4031;Andrew Ross;tiffany19@example.com;Female;15/04/1966;Uzbekistan
4032;Jennifer Deleon;robertguerrero@example.com;Male;09/01/1961;Tonga
4033;Sara Flores;fowens@example.com;Male;10/02/1966;Libyan Arab Jamahiriya
4034;Kristen Taylor;agarcia@example.net;Female;03/05/1967;Japan
4035;Amy Cortez;garciapaige@example.net;Male;02/06/1989;Netherlands Antilles
4036;Marissa Tate;rreed@example.net;Female;21/05/1997;Romania
4037;Dr. Ryan Hernandez;haasian@example.com;Female;03/11/1983;Singapore
4038;Wyatt Campbell;jesus47@example.com;Male;24/09/2000;Sierra Leone
4039;Christopher Barnes;herrerascott@example.org;Male;07/04/1998;Estonia
4040;Kevin Bolton;catherine00@example.org;Female;12/11/2002;Spain
4041;Michelle Hall;kristapalmer@example.com;Female;17/10/1996;Svalbard & Jan Mayen Islands
4042;Molly Fleming MD;ramirezjamie@example.net;Male;29/08/1995;Guinea-Bissau
4043;James Gibbs;marcusbrooks@example.net;Female;25/08/1983;Luxembourg
4044;Chris Castillo;elizabeth31@example.com;Male;29/06/2001;Korea
4045;Jeremiah Espinoza;vazquezlawrence@example.com;Male;15/12/1980;Mauritius
4046;Angela Clark;dianeflores@example.org;Male;30/04/1986;Oman
4047;Patricia Jones;angela21@example.net;Male;28/12/1987;France
4048;Marcus Glass;jasmine45@example.com;Female;26/04/1960;Cameroon
4049;Vanessa Mendoza;patriciarios@example.org;Male;16/08/1962;Brunei Darussalam
4050;Christopher Baker;jay44@example.net;Male;24/06/2004;Cuba
4051;Justin Davis;hmendez@example.org;Male;05/05/1988;Saint Barthelemy
4052;Martha Martin;mirandadavid@example.net;Female;24/03/1994;Monaco
4053;Rebecca Morales;iross@example.net;Female;27/06/1984;Iceland
4054;Robert Griffin;vickie55@example.net;Male;03/03/1968;Bahrain
4055;Rhonda Burns;ghoward@example.net;Male;03/03/1987;Kuwait
4056;Alex Myers;edwarddickerson@example.com;Male;13/03/1977;Argentina
4057;Shannon Mcintosh DVM;msilva@example.org;Female;11/01/2000;Latvia
4058;Kimberly Howard;sanchezalison@example.org;Female;20/12/1968;Wallis and Futuna
4059;Ronald Casey;kenneth90@example.net;Male;07/06/1976;Algeria
4060;Molly Garcia;josephstewart@example.org;Female;04/03/1999;Tajikistan
4061;Ms. Sara Curry;matthew89@example.com;Male;06/06/1964;French Southern Territories
4062;Andrew Estrada;isaacreynolds@example.net;Female;04/03/1968;Madagascar
4063;Ashley Davis;patriciachapman@example.com;Male;23/05/1967;Hungary
4064;Abigail Taylor;stewarthaley@example.net;Male;28/05/1969;Taiwan
4065;James West;mcneilmatthew@example.com;Male;04/10/1971;Kenya
4066;Paul Hanson;smithkevin@example.net;Female;06/02/1962;Cote d'Ivoire
4067;Maria Hall;tfisher@example.com;Female;09/12/1993;Iraq
4068;Eric Campbell;nicolebyrd@example.com;Female;02/01/1959;Swaziland
4069;Lisa Short;choward@example.com;Female;18/07/1970;Russian Federation
4070;Daniel Williams;wferguson@example.org;Male;11/12/1960;Reunion
4071;John Parker;kellydakota@example.net;Female;30/11/1974;Montserrat
4072;Jeffrey Beard;robinsonemily@example.com;Female;26/06/1982;Nepal
4073;Elizabeth Warren;grace04@example.org;Female;13/05/1988;Uganda
4074;Kimberly Higgins;travisrodriguez@example.net;Male;04/04/1958;Pitcairn Islands
4075;Tina Anderson;jacksonlori@example.net;Female;30/03/2004;Antarctica (the territory South of 60 deg S)
4076;Sheena Williams;bramsey@example.com;Female;16/10/1958;Swaziland
4077;Vanessa Fuentes;harrelltodd@example.net;Female;27/07/1978;Brunei Darussalam
4078;Emily Ford;brice@example.net;Female;04/04/1972;Congo
4079;Thomas Johnson;rebekah72@example.net;Male;28/03/1967;Honduras
4080;Amy Flores;evansrobert@example.net;Male;03/04/2006;Sweden
4081;Richard Coleman;bbrennan@example.com;Male;02/05/1998;Maldives
4082;Nicole Medina;lindseyroger@example.org;Male;24/12/1996;Iran
4083;Amy Taylor;nlawson@example.com;Male;26/08/1983;Germany
4084;Cory Gibson;johnsonlindsey@example.org;Male;26/04/1982;Qatar
4085;Thomas Howard;grahamjeremy@example.org;Female;27/03/1957;United States Virgin Islands
4086;Jessica Adams;barbarawilliams@example.com;Male;16/12/2001;Kiribati
4087;Antonio Floyd;xburton@example.net;Female;30/04/2000;Liechtenstein
4088;Christopher Garcia;owhitaker@example.org;Male;30/06/2007;China
4089;Haley Espinoza;wflores@example.org;Female;09/04/1978;Bahrain
4090;Andrew Hurley;nelsonjohn@example.net;Female;27/05/1991;Portugal
4091;Paul Leblanc;vanessa78@example.com;Male;16/08/1994;Saint Barthelemy
4092;Alec Allen;emily11@example.com;Female;02/06/1968;Greenland
4093;Dennis Jensen;hodgesleah@example.org;Female;24/10/1964;El Salvador
4094;Eric Ramirez;mahoneyeric@example.net;Male;19/08/1991;Nigeria
4095;Carmen Palmer;dawn90@example.com;Female;07/11/1985;Korea
4096;Kayla Williams;kathy62@example.com;Female;07/09/1997;Tonga
4097;Darlene Ferrell;patriciaguerrero@example.com;Male;03/07/1960;Korea
4098;Mary Pierce;crystalle@example.com;Female;22/08/1980;Saint Vincent and the Grenadines
4099;Susan Simmons;imoore@example.net;Male;28/02/2007;Palau
4100;Kevin Williams;parkerbrian@example.com;Female;09/02/1997;Cote d'Ivoire
4101;Robert Cain;michaelkelley@example.net;Male;03/01/1965;Congo
4102;Madeline Garcia;roycameron@example.org;Male;12/12/1992;Djibouti
4103;Barbara Hughes;natalieramirez@example.org;Male;06/08/1988;Saint Lucia
4104;Robert Sullivan;tyler76@example.org;Female;15/09/1959;Tuvalu
4105;Kevin Schwartz;sonya92@example.org;Male;22/04/1994;Bulgaria
4106;Sandra Perry;peter50@example.net;Female;08/11/1981;Mongolia
4107;Joshua Townsend;omcdowell@example.org;Male;15/01/1996;Swaziland
4108;Michael Stewart;kevinbarnes@example.net;Female;17/02/1971;Chad
4109;Destiny Schroeder;bruce29@example.org;Female;19/02/1992;Tonga
4110;Steven Wagner;vbrown@example.net;Male;09/10/2004;Jersey
4111;Kenneth Graham;fdeleon@example.org;Male;07/02/1971;Puerto Rico
4112;Michael Merritt;patriciaday@example.com;Female;29/10/1993;Iceland
4113;Justin Mejia;gregorymichael@example.net;Female;12/05/2002;Spain
4114;Cesar Miles;udavis@example.org;Male;25/11/1980;French Southern Territories
4115;Herbert Allen;nelsonstephanie@example.net;Female;20/01/1956;Gambia
4116;Phillip Taylor;carolyn17@example.com;Male;20/12/1985;Czech Republic
4117;Karina Johnson;jasonjohnson@example.net;Female;05/04/1984;Sri Lanka
4118;Ryan Chavez;lopezstephanie@example.net;Male;19/08/1994;Kiribati
4119;Thomas Taylor;coryjohnston@example.com;Female;06/02/1956;Estonia
4120;Scott Waters;ygarcia@example.net;Male;21/12/1999;Greece
4121;Lori Davis;christinavasquez@example.org;Female;23/09/1961;Grenada
4122;Barbara White;daniel10@example.net;Male;27/11/1972;Kyrgyz Republic
4123;Darren Wells;nicholskyle@example.org;Female;29/11/1974;Central African Republic
4124;Jacqueline Diaz;marksrobert@example.com;Male;15/12/1982;Norway
4125;Melissa Gallegos;johnsonrichard@example.org;Male;08/10/1970;French Southern Territories
4126;Shannon Martinez;tmercer@example.com;Male;28/11/1980;Cocos (Keeling) Islands
4127;Ryan Ramsey;martinjackson@example.net;Female;17/02/2000;Vanuatu
4128;Amber Sanchez;chobbs@example.org;Female;18/01/1961;Martinique
4129;Scott Smith;cannonkaitlyn@example.com;Male;26/03/2006;Bulgaria
4130;Anthony Phillips;mathew06@example.net;Female;17/08/1968;Syrian Arab Republic
4131;Laura Collier;cynthiaharris@example.org;Female;28/03/1998;United States Virgin Islands
4132;Thomas Shaw;christopher52@example.com;Male;27/05/1968;Panama
4133;Kimberly Terry;donaldespinoza@example.net;Female;01/08/1979;Cote d'Ivoire
4134;Bryan Blanchard;steve65@example.com;Male;21/05/1997;Lebanon
4135;Margaret Allison;zprice@example.com;Male;23/02/1975;Tajikistan
4136;Stephen Miller;devinsullivan@example.net;Female;13/03/2003;Zambia
4137;Pamela Foster;rachelleon@example.net;Male;04/08/1989;New Caledonia
4138;Dennis Davis;bridgetjohnson@example.net;Male;15/10/1976;Mauritania
4139;Joshua Roman;pmcdaniel@example.net;Male;30/03/2007;Syrian Arab Republic
4140;Teresa Davis;zwilliams@example.net;Male;13/08/1987;Korea
4141;Carol George;eholland@example.org;Male;14/06/1967;Saint Kitts and Nevis
4142;Michael Rodriguez;kfrost@example.org;Female;21/07/1960;Falkland Islands (Malvinas)
4143;Brian Moore;annettemathis@example.net;Female;18/02/1981;Togo
4144;Richard Graves;keithgrant@example.net;Female;09/06/1958;Montenegro
4145;Joseph Ellison;patricktaylor@example.com;Female;05/08/1995;Lebanon
4146;Ashley Morrison;rasmussentracy@example.net;Male;30/12/1975;Martinique
4147;Shelley Clarke;kmason@example.org;Male;10/08/1985;Palestinian Territory
4148;Jose English;joshuacalhoun@example.com;Male;29/02/1964;Gabon
4149;Jeffrey Jones;alexander88@example.com;Male;28/10/1985;Cambodia
4150;Amy Simmons;sevans@example.net;Male;16/09/2007;Nepal
4151;Timothy Smith;bbenson@example.net;Female;03/03/1988;Israel
4152;Nicole Carter;ldavenport@example.com;Male;22/03/1968;Mozambique
4153;Elizabeth Alvarado;travis15@example.com;Female;15/11/1979;Sierra Leone
4154;Justin Walker;julie39@example.org;Male;17/04/2005;Bulgaria
4155;Joshua Green;reyescharles@example.org;Female;24/12/1972;Costa Rica
4156;Robert Myers;oaustin@example.org;Female;21/10/1964;Costa Rica
4157;Melanie Sweeney;jhanna@example.com;Female;17/11/1966;Benin
4158;Joseph Martinez;thomas05@example.net;Male;07/10/1977;Eritrea
4159;Kelsey Cannon;ryanpatty@example.com;Female;01/07/1994;Uzbekistan
4160;Richard Sanchez;brandonmyers@example.net;Female;30/07/1989;Montserrat
4161;Christopher Berg;williammoore@example.net;Male;27/07/2007;Bahamas
4162;Levi Moore;garciawanda@example.net;Male;25/10/1966;Papua New Guinea
4163;Scott Castillo;shellysimon@example.com;Female;26/12/2003;Netherlands Antilles
4164;Paul Navarro;karenhale@example.com;Male;12/04/2005;Saint Vincent and the Grenadines
4165;Evan Davis;johnmcmahon@example.org;Female;12/05/1969;Burkina Faso
4166;William Johnson;cindy58@example.net;Female;09/11/1973;Montserrat
4167;Marco Moore;allenscott@example.net;Female;17/01/1970;United States of America
4168;Jason Ferrell;julie58@example.org;Male;30/10/1972;Isle of Man
4169;Brian Jarvis;paula10@example.org;Female;18/08/1978;Vietnam
4170;Christopher Miller;douglascohen@example.net;Male;12/09/1963;Korea
4171;Isabel Hill;awalker@example.org;Female;23/03/2007;Jersey
4172;Kevin Newman;mcguirelauren@example.net;Male;17/04/2001;China
4173;Lisa Carr;wesleydavis@example.com;Male;08/11/1972;Madagascar
4174;Lauren Woods;sabrina96@example.com;Male;01/09/1993;Albania
4175;Caleb Grant;cynthia56@example.org;Female;11/07/1990;Bahrain
4176;Christine King;josethomas@example.com;Female;12/10/1984;Turkmenistan
4177;Christopher Norris;ambermccoy@example.org;Male;09/09/1966;Philippines
4178;Paula Moreno;kaylapeck@example.org;Female;26/09/1974;Saint Barthelemy
4179;Teresa Bradshaw;orrgary@example.com;Female;22/07/1992;Nauru
4180;Steven Anderson;gwilkins@example.org;Male;23/07/2003;Zimbabwe
4181;Vicki Kim;zhernandez@example.net;Female;03/02/2008;Saint Pierre and Miquelon
4182;Amber Robinson;rosschristine@example.com;Male;22/10/1959;Trinidad and Tobago
4183;Alejandro Rose;nfranco@example.net;Male;15/11/1957;Andorra
4184;Elizabeth Klein;kimberlydoyle@example.com;Female;11/03/1983;Bouvet Island (Bouvetoya)
4185;Stephanie Park;jessica38@example.org;Male;16/11/1965;Guadeloupe
4186;Richard Gonzalez;pwashington@example.org;Female;20/03/2003;Suriname
4187;Jennifer Davis;yhunt@example.org;Male;10/12/1980;Taiwan
4188;Curtis Rodriguez;millergeorge@example.net;Female;19/01/1981;Greece
4189;Rachael Berg;gilbertdavis@example.org;Male;07/11/1955;Micronesia
4190;Joseph Young;jared05@example.com;Female;25/09/1983;Latvia
4191;Scott Erickson;joshuaconley@example.net;Male;02/02/2001;Zimbabwe
4192;John Crawford;william50@example.com;Male;24/11/1977;Sudan
4193;Matthew Jordan;carternathaniel@example.com;Female;13/09/1992;Marshall Islands
4194;Alan Woods;lindaoconnor@example.com;Female;16/08/1996;Netherlands
4195;Monique Barrett;yolandawilliams@example.com;Male;15/06/1998;El Salvador
4196;Jared Schwartz;kelly48@example.net;Female;23/08/1998;Lebanon
4197;Natalie Hoffman;rebecca39@example.com;Female;24/11/1966;Mauritania
4198;Shawn Burns;kristinadowns@example.net;Male;20/10/1958;Vanuatu
4199;Brian Dunn;nneal@example.com;Female;04/10/1992;Somalia
4200;Carrie Payne;kiaracunningham@example.org;Female;16/02/1960;Georgia
4201;Carrie Ewing;murrayshannon@example.net;Male;19/07/1963;Serbia
4202;Joseph Holt;natalie82@example.org;Female;22/03/2000;Venezuela
4203;Carl Arnold;potteraaron@example.net;Female;07/09/1998;Barbados
4204;Jordan Gutierrez;alisonsmith@example.com;Female;18/11/1987;Turkey
4205;Stephanie Smith;jeffreywinters@example.org;Male;21/06/1984;Uzbekistan
4206;Donald Moreno;tsilva@example.com;Female;11/04/1984;Djibouti
4207;Erica Williams;vashley@example.com;Male;13/08/2002;Israel
4208;Christopher Hendricks;ryan69@example.com;Male;10/10/1965;Tajikistan
4209;Becky Greene;ucarroll@example.org;Male;25/05/1968;Mayotte
4210;Julia Myers;joseph43@example.com;Male;14/03/1991;Mauritania
4211;Jesus Madden;marshallmisty@example.net;Female;03/12/1963;Gambia
4212;Charles Brown;abradley@example.net;Male;27/12/1993;Kenya
4213;Jordan Graham;nnicholson@example.net;Female;05/09/1973;Luxembourg
4214;Sarah Logan;crawfordjohn@example.net;Female;10/06/1995;Comoros
4215;Sharon Reed;kathleen23@example.net;Female;22/05/1967;Ireland
4216;Justin Davis;cainjeremy@example.org;Male;23/10/1955;Qatar
4217;Charlotte Noble;qmendoza@example.net;Male;02/09/1976;Cyprus
4218;Amy Miller;martingeorge@example.com;Female;30/01/1989;Senegal
4219;Terry Montoya;uyoung@example.org;Female;19/02/1986;Rwanda
4220;Angela Martinez;singletonwilliam@example.com;Female;25/04/1967;Sudan
4221;Ashley Cox;shelbymartinez@example.com;Female;13/09/2006;Fiji
4222;Sarah Wang;christinamoody@example.com;Female;23/01/1980;North Macedonia
4223;Valerie Fuller;daniellemayer@example.com;Male;04/07/1969;China
4224;Kevin Aguilar;amystewart@example.com;Female;19/02/1972;Austria
4225;Christopher York;sethgarcia@example.org;Male;12/03/1983;Pakistan
4226;Andrea Robinson;mgarcia@example.org;Male;15/07/1981;Romania
4227;William Brown;daviskristi@example.net;Female;05/10/1969;Wallis and Futuna
4228;Sara Long;coffeywilliam@example.org;Female;01/05/1959;San Marino
4229;Emily Williams;lanemargaret@example.org;Male;04/11/1969;Ghana
4230;Melissa Williams;mannjeffrey@example.com;Female;19/04/1971;Cameroon
4231;Amanda Jones;lauralee@example.org;Male;21/06/1956;Serbia
4232;Valerie Graves;christinaturner@example.net;Male;15/11/2003;Bouvet Island (Bouvetoya)
4233;Sandra Hodge;danielle74@example.org;Female;18/10/1984;Cape Verde
4234;Aaron Murphy;philip07@example.net;Male;20/09/1980;Brunei Darussalam
4235;Juan Alvarez;lmartinez@example.com;Female;12/11/1986;Slovakia (Slovak Republic)
4236;Shelly Maldonado;randall51@example.org;Female;13/11/2004;Turks and Caicos Islands
4237;Jennifer Hunt;reedkimberly@example.org;Male;10/10/2006;Turks and Caicos Islands
4238;Anita Allen;kennedychristina@example.com;Female;14/10/1978;Papua New Guinea
4239;Erik Wilson;wgarrison@example.com;Male;28/07/1979;Taiwan
4240;Samuel Davis;adamclark@example.org;Female;10/05/1999;Tunisia
4241;Anthony Ward;lwoods@example.com;Female;16/10/1998;Chad
4242;Todd Lowe;elizabethware@example.org;Male;07/02/1985;Netherlands Antilles
4243;Lisa Smith;derrick93@example.net;Male;14/12/1992;Iceland
4244;Colleen Johnson;josephlopez@example.org;Female;20/05/1956;New Caledonia
4245;Thomas Riley;sharon45@example.net;Male;12/05/1958;Saint Vincent and the Grenadines
4246;Kayla Schmidt;valentinecynthia@example.com;Male;21/06/1956;Mali
4247;Alexis Coleman;jason79@example.net;Female;05/06/1966;Brunei Darussalam
4248;Charles Kent;carlsmith@example.com;Male;14/05/1994;Australia
4249;Vanessa Stein;derrick29@example.com;Female;11/07/1995;Jersey
4250;Martin Hall;jamessullivan@example.com;Female;26/03/1961;Benin
4251;Diamond Reeves;burnsanna@example.net;Male;21/12/1976;South Africa
4252;Evelyn Turner;fwilliams@example.net;Male;16/08/1963;Slovakia (Slovak Republic)
4253;Sandra Dickson;uhowell@example.org;Male;23/05/1965;Venezuela
4254;Carlos Perry;vgray@example.com;Male;08/08/1976;Vanuatu
4255;Larry Williams;jamesmendoza@example.org;Female;04/01/1979;Jamaica
4256;Leah Grimes;reedjason@example.com;Female;23/03/1990;Isle of Man
4257;Miranda Bowers;herrerasally@example.org;Female;13/06/1964;Guadeloupe
4258;Jacqueline Miller;andersonchristina@example.net;Female;24/03/2003;Pakistan
4259;Lisa Wilson;douglas67@example.com;Male;25/12/1965;Uzbekistan
4260;Jeffrey Smith;john54@example.com;Female;25/05/1975;Mauritania
4261;Gina Taylor;turnershawn@example.net;Male;25/09/1996;Greece
4262;Gabrielle Bowen;dsmith@example.com;Female;23/06/2003;Moldova
4263;James Parker;heather42@example.net;Female;11/05/1977;Sudan
4264;Sean Anderson;ogarcia@example.org;Male;08/09/1958;Cape Verde
4265;Dennis Johnson;dhernandez@example.com;Female;10/08/2003;Cuba
4266;David Gordon;townsendtaylor@example.net;Male;03/11/2002;Peru
4267;Brian Vargas;hwarren@example.net;Female;29/06/1961;Benin
4268;Kimberly Estes;janeandrews@example.com;Female;22/11/1994;Micronesia
4269;Matthew Wiley;courtneycunningham@example.org;Female;03/02/1990;Eritrea
4270;Jason Flynn;stephenmedina@example.net;Female;25/07/1963;Sweden
4271;David Burton;april01@example.net;Male;02/08/1995;Timor-Leste
4272;Michael Rasmussen;kstevens@example.net;Male;16/04/1996;Reunion
4273;William Khan;jacksonsteven@example.net;Female;27/12/1958;Hungary
4274;Jessica Hanson;brendasmith@example.net;Female;27/10/1958;Armenia
4275;Jonathan Cardenas;patrick82@example.net;Female;27/12/2003;North Macedonia
4276;Jacqueline Bartlett;xmorris@example.org;Male;15/05/1970;Ghana
4277;Jacob Bates;cameron73@example.net;Male;05/04/2008;Croatia
4278;Jamie Brown;william92@example.org;Female;02/07/1964;Ecuador
4279;James Berry;shaneroth@example.net;Male;03/08/1992;Myanmar
4280;Kevin Gardner Jr.;dsanders@example.org;Male;22/12/1996;Cameroon
4281;Joseph Green;phillip46@example.com;Female;07/06/1992;Wallis and Futuna
4282;Daniel Carroll;stephensoneric@example.org;Female;04/02/2007;Anguilla
4283;Mary Gay;gyoung@example.net;Male;12/08/1969;Thailand
4284;Cory Solomon;jennifergutierrez@example.com;Male;05/04/1985;Gibraltar
4285;James Joyce;maldonadomichelle@example.org;Female;06/10/1981;Nauru
4286;Jimmy Davis;barnesthomas@example.org;Female;27/11/1980;Svalbard & Jan Mayen Islands
4287;Madison Nichols;lynnscott@example.net;Male;11/03/1970;Ecuador
4288;Carl Stephens;morrowryan@example.org;Male;23/05/1961;British Indian Ocean Territory (Chagos Archipelago)
4289;Sean Drake;shelbymanning@example.com;Female;29/10/1998;Nicaragua
4290;David Figueroa;qunderwood@example.net;Male;23/04/1970;Greenland
4291;Sydney Martinez;bkirby@example.org;Female;06/12/1987;Bangladesh
4292;Erica Moss;danieldavis@example.org;Male;30/09/2004;Djibouti
4293;Eric Taylor;kathyhebert@example.org;Male;24/04/1988;Netherlands Antilles
4294;Donald Newman Jr.;brownjeffrey@example.org;Female;28/05/1978;Guyana
4295;Jeffrey Acevedo;patrickhogan@example.org;Female;18/01/1977;New Caledonia
4296;Michelle Brown;taylorlaura@example.org;Male;03/06/1964;Cameroon
4297;Jim Walker;adam24@example.net;Female;08/07/1995;Bahrain
4298;Laura Anderson;ulopez@example.net;Female;04/05/1982;Western Sahara
4299;Sydney Jennings;xhamilton@example.net;Male;19/07/1981;Italy
4300;Robert James;sheila13@example.org;Female;16/06/1988;Thailand
4301;Wendy Macias;richardjessica@example.com;Female;19/02/1984;Aruba
4302;Curtis Ramos;longsean@example.net;Female;01/04/2002;Anguilla
4303;Shaun Brennan;christinaherrera@example.org;Female;26/05/2008;Philippines
4304;Jim Long;wadekatie@example.org;Female;20/04/2005;Montenegro
4305;Vincent Lopez;jamiearroyo@example.org;Male;11/08/1976;United States of America
4306;Willie Ortiz;matthewsmith@example.com;Male;04/10/1999;Seychelles
4307;Donald Robinson;zhowe@example.org;Female;20/11/1971;Saint Barthelemy
4308;Kenneth Contreras;parkerjoshua@example.com;Male;21/07/1997;Germany
4309;Jeffrey Kirk;amy72@example.net;Female;10/12/1976;Pitcairn Islands
4310;Laurie King;patrickgavin@example.net;Female;31/01/1959;Sudan
4311;Logan Waller;xavier48@example.net;Female;05/09/1987;Gibraltar
4312;Brian Hicks;hinesmelissa@example.net;Male;14/12/1973;Oman
4313;Joseph Scott;wvalenzuela@example.com;Male;01/07/1979;Zambia
4314;Kaitlin Brown;frank18@example.net;Male;18/03/1993;Belgium
4315;Richard Hart;rodriguezkevin@example.com;Female;23/05/1964;Montenegro
4316;Kathleen Mitchell;sharonconway@example.org;Female;17/08/2003;Zimbabwe
4317;Kevin Williams;kevin32@example.com;Male;05/11/2001;Northern Mariana Islands
4318;Danielle Willis;thompsonandrew@example.com;Female;22/04/1986;Bhutan
4319;David Brooks;thomas20@example.net;Male;21/09/1996;Mongolia
4320;Sarah Sullivan;thomas61@example.com;Female;09/01/2002;Costa Rica
4321;Gregory Bennett;ericksonlogan@example.com;Male;01/10/1992;United States Virgin Islands
4322;Katrina Buck;sarahhernandez@example.org;Female;23/12/1991;Guatemala
4323;Anna Kirk;richard59@example.com;Male;21/03/1993;United States Virgin Islands
4324;Karen Peterson;villarrealdarlene@example.com;Male;11/07/1999;Saint Helena
4325;Lindsay Gonzalez;richardsimmons@example.org;Female;06/03/2002;Norway
4326;Scott Johnson;zhart@example.com;Male;10/04/2006;India
4327;Steven Clark;timothy02@example.org;Female;01/04/1983;Congo
4328;Patrick Watson;anthonybryan@example.org;Female;08/04/1976;Rwanda
4329;Ernest Vance;velasquezjennifer@example.org;Female;25/03/1970;Bolivia
4330;Dr. Jacob Smith;floydcaitlin@example.net;Male;06/06/2000;Tunisia
4331;Keith Brown;laramargaret@example.org;Female;28/08/1969;Russian Federation
4332;Christina Parks;monicamiller@example.org;Female;03/06/1990;Bahrain
4333;Terry Campbell;erica42@example.net;Male;10/11/1994;New Caledonia
4334;Diane Williams;michaelhunt@example.com;Male;16/05/1957;Cambodia
4335;Michael Shaw PhD;russell69@example.org;Female;23/01/2008;Micronesia
4336;Maria Armstrong;arichards@example.org;Male;05/03/2005;Norfolk Island
4337;Daniel White;riceangela@example.org;Female;20/02/1968;Denmark
4338;Lee Carter;amber34@example.org;Female;12/11/1962;Nigeria
4339;Robert Hayes;patrick54@example.com;Female;19/07/2007;Venezuela
4340;Daniel Romero;jmartinez@example.org;Female;21/06/1992;Bahamas
4341;Steve Richardson;jonathan96@example.com;Male;29/07/1979;Namibia
4342;Gina Howell;lori10@example.net;Female;10/08/2004;Saint Barthelemy
4343;Shaun Cruz;schmidttyler@example.org;Female;21/03/1958;Guam
4344;Nicholas Pennington;kevin99@example.org;Female;07/07/1980;Niger
4345;Brittany Jackson;stephanielara@example.org;Male;21/07/1974;Nicaragua
4346;Barbara Rivera;mckinneydavid@example.net;Female;20/05/1978;British Indian Ocean Territory (Chagos Archipelago)
4347;Monica Robertson;matthewdavis@example.org;Male;06/12/2001;Romania
4348;Rachel Cruz;vanessaalexander@example.com;Female;10/11/1978;Central African Republic
4349;Christopher Castillo;allenoscar@example.com;Male;06/03/1986;Marshall Islands
4350;Gregory Hill;wwillis@example.net;Male;26/09/1972;Qatar
4351;Lauren Flores;rayjessica@example.net;Female;11/05/1961;United States Virgin Islands
4352;Mary Butler;powerschristine@example.net;Male;03/11/1977;Svalbard & Jan Mayen Islands
4353;Lisa Sanders;michael54@example.com;Female;19/03/2000;Zimbabwe
4354;Natalie Rogers;ryanmitchell@example.net;Female;09/08/2002;Vietnam
4355;Brandy Fox;mlopez@example.org;Male;22/02/1961;San Marino
4356;Joseph Johnson;connerlorraine@example.com;Female;18/10/1986;Solomon Islands
4357;Patricia Briggs;tylerrhodes@example.org;Male;21/01/1969;Guam
4358;Heather Smith;cardenasrenee@example.net;Female;25/03/1985;Micronesia
4359;Sean Wilson;zsalas@example.net;Male;03/01/1982;Tonga
4360;Tina Bowen;sean10@example.com;Female;22/07/1957;Tanzania
4361;Javier Powers;qwhite@example.org;Female;30/07/1969;Tonga
4362;Destiny Thomas;mjohnson@example.com;Female;14/04/1981;Anguilla
4363;Crystal Sexton;allen27@example.org;Female;15/06/2006;Svalbard & Jan Mayen Islands
4364;Rebecca Gonzalez;dbutler@example.net;Male;17/01/1958;Ecuador
4365;Melissa Fields;hellis@example.com;Female;05/07/1980;Bermuda
4366;Mr. Benjamin Garcia;rstewart@example.com;Female;31/01/1965;Lebanon
4367;Erin Wilson MD;pearsonsean@example.net;Male;03/08/1963;Zambia
4368;James Campos;kwatts@example.com;Female;02/02/1994;Lao People's Democratic Republic
4369;Raymond King;stevenmarsh@example.org;Female;06/11/1963;Cocos (Keeling) Islands
4370;Cassandra Wheeler;wcarey@example.org;Male;29/01/1975;Chile
4371;Martin Marks;danielwheeler@example.net;Male;18/03/1978;Guinea
4372;Mark Stanley;jlewis@example.org;Male;28/01/1971;Central African Republic
4373;Wayne Huang;shellymorris@example.org;Male;29/06/1993;Kuwait
4374;Jennifer Berg;joseph95@example.net;Male;17/02/1994;Guyana
4375;William Lewis;agood@example.org;Male;17/09/1985;Colombia
4376;Michael Rich;aellison@example.org;Male;02/12/1999;Reunion
4377;Adam Tucker;lanezachary@example.com;Male;22/11/1996;Netherlands
4378;Christopher Mcdonald;xodonnell@example.com;Female;26/01/1974;Heard Island and McDonald Islands
4379;Danielle King;donna10@example.com;Female;12/08/1992;Venezuela
4380;Elizabeth Evans;omason@example.com;Female;13/03/1972;Yemen
4381;Lisa Hall;lewisnancy@example.org;Male;24/11/1956;Montserrat
4382;Joel Gutierrez;phampaula@example.net;Female;18/03/2000;Guinea-Bissau
4383;Thomas Mooney;shane03@example.org;Female;27/08/2000;Lithuania
4384;Andrew Rodriguez;javier48@example.com;Male;22/12/1983;Sweden
4385;Daniel Jones;pellis@example.com;Female;20/03/1988;Bolivia
4386;Kelli Fisher;jenna95@example.net;Male;11/07/1958;Fiji
4387;Joy Craig;murphyluis@example.com;Male;22/10/1968;Djibouti
4388;Margaret Adams;ashley25@example.org;Male;06/11/2004;Tanzania
4389;Edwin Pennington;michelle59@example.net;Male;19/01/1985;Liechtenstein
4390;Abigail Rowe;rossclinton@example.org;Female;26/07/1958;Korea
4391;Claudia Baker;ffowler@example.com;Female;23/01/1998;Maldives
4392;Megan Hamilton;waynebenitez@example.org;Female;13/08/1973;Bermuda
4393;Bryce Alexander;amberreed@example.net;Female;25/02/1986;Togo
4394;Michelle Lynn;nwolfe@example.org;Female;02/12/1989;Indonesia
4395;Dawn Pacheco;ocarey@example.net;Female;10/01/2008;Dominican Republic
4396;Michelle Lewis;halljennifer@example.com;Female;04/09/2003;Iceland
4397;Colleen Mason;vball@example.com;Female;26/05/1971;Cote d'Ivoire
4398;Vincent Reynolds;cheryl14@example.net;Female;09/10/1991;Western Sahara
4399;Sherry Price;stephanie59@example.org;Male;07/04/1968;Antarctica (the territory South of 60 deg S)
4400;Maria Hughes;mblake@example.org;Male;29/06/1986;Honduras
4401;Jesus Frank;matthewcabrera@example.net;Female;28/09/1980;Barbados
4402;Scott King;emilyroberts@example.org;Female;21/02/2005;Iceland
4403;Kristin Williamson;kaitlincruz@example.net;Male;01/07/1958;Antarctica (the territory South of 60 deg S)
4404;Lee Rogers;stephendunlap@example.net;Male;31/07/1972;Gibraltar
4405;Jessica James;ksmith@example.com;Male;20/07/1997;Somalia
4406;Shane Fischer;forbesmeagan@example.org;Male;04/02/1981;Guadeloupe
4407;Erica Olson;vcohen@example.net;Male;14/11/2002;Cameroon
4408;Erin Butler;griffinrichard@example.net;Male;22/05/1960;Somalia
4409;Zoe Pratt;jerrybaker@example.org;Female;30/07/1977;Bangladesh
4410;Chad Jones;johnturner@example.org;Male;25/06/1971;Portugal
4411;Paul Flores MD;sawyermichael@example.org;Female;11/07/1999;Belize
4412;Jason Weaver;sandramarsh@example.net;Male;25/12/1972;Bhutan
4413;Jennifer Morales;hallsuzanne@example.com;Female;26/04/1984;Svalbard & Jan Mayen Islands
4414;Noah Martinez;jeffrey64@example.org;Female;02/05/1959;Oman
4415;Gary Johnson;tinajensen@example.org;Female;27/05/2004;Sri Lanka
4416;Samuel Stewart;hdaniels@example.org;Male;17/04/1970;Guadeloupe
4417;Tammy Hamilton;williamspam@example.net;Female;18/01/1980;Ecuador
4418;Mr. Matthew Wallace;cwalsh@example.com;Male;10/03/1983;Paraguay
4419;William Hale;jerry86@example.com;Male;04/08/1992;Cayman Islands
4420;Matthew Jones;plewis@example.com;Male;11/10/1985;Svalbard & Jan Mayen Islands
4421;Patrick Faulkner;csmith@example.net;Female;25/12/1967;Canada
4422;Tammy Kirby;pwyatt@example.org;Female;03/02/2003;Moldova
4423;Ashley Blankenship;pbruce@example.com;Female;25/03/1998;Lao People's Democratic Republic
4424;Heather Peterson;coxjennifer@example.net;Female;27/05/1966;Faroe Islands
4425;Adam Clark;bryan34@example.net;Male;16/10/1962;Madagascar
4426;Kyle Meyer;timothy04@example.org;Female;03/04/1974;Saint Helena
4427;Jessica Wolfe;qwhite@example.net;Male;02/03/1958;Samoa
4428;Sarah Garcia;nina46@example.org;Male;15/09/1970;Latvia
4429;Krystal Davis;wjefferson@example.net;Female;11/11/1987;Croatia
4430;Kimberly Gibbs;dhobbs@example.net;Female;05/07/1964;Bahrain
4431;Rebecca Thompson;chenspencer@example.com;Female;31/01/2005;Italy
4432;Joshua Knight;henrywatson@example.net;Male;30/07/1967;Cocos (Keeling) Islands
4433;Thomas Flores;qhaynes@example.net;Male;02/04/1964;Grenada
4434;Evan Johnson;ebender@example.com;Male;05/03/1973;Iceland
4435;Shannon Ferguson;jacksonerika@example.com;Female;28/12/1991;Madagascar
4436;Amanda Harrison;gonzalezmonique@example.com;Female;25/02/1994;Guyana
4437;Adam Hart;austinsarah@example.com;Female;04/01/1995;Cuba
4438;Aaron Welch;bradfordfrank@example.org;Male;19/01/2003;United States of America
4439;Joshua Thompson;jonesjackson@example.net;Female;15/10/1986;Cambodia
4440;Daniel Carroll;amythompson@example.com;Male;18/11/1991;Belarus
4441;Mark Hughes;christy69@example.org;Female;28/06/1978;Pitcairn Islands
4442;Christopher Jones;jenniferbest@example.com;Male;05/01/1981;Mozambique
4443;Christopher Harrell;crystaljackson@example.org;Male;06/01/1995;Svalbard & Jan Mayen Islands
4444;Jamie Sanders;meghan27@example.org;Male;04/04/1991;Saudi Arabia
4445;Daniel Huber;drose@example.com;Male;20/10/1974;Switzerland
4446;Norman Miller;nsmith@example.net;Female;20/11/1974;Japan
4447;Kimberly Marsh;cameronkatherine@example.net;Female;16/10/1968;San Marino
4448;Diane Adams;andersonelizabeth@example.com;Female;20/05/1973;Mali
4449;Jessica Guerra;gene97@example.org;Male;11/11/1985;Malta
4450;Shane Griffin;davidcoleman@example.net;Female;27/04/2006;Solomon Islands
4451;Gregory Mccall;kevingutierrez@example.net;Female;03/04/1968;Taiwan
4452;Mr. Joseph Turner;derek57@example.org;Male;30/04/1987;Korea
4453;Mary Diaz;lisa59@example.com;Female;09/06/1965;Saint Kitts and Nevis
4454;Paul Ray;qwilliams@example.net;Male;28/09/1991;Ethiopia
4455;Suzanne Miller MD;jacob14@example.net;Male;22/02/2006;Libyan Arab Jamahiriya
4456;Gregory Galloway;thomasking@example.org;Female;21/12/2005;Martinique
4457;Dr. Susan Franklin;timothy62@example.net;Female;11/11/2004;Barbados
4458;Joseph Frank;martintanner@example.com;Male;17/09/1973;Croatia
4459;Rebecca Jenkins;colejason@example.net;Female;16/11/1956;Bahrain
4460;Randy Santiago;victoria92@example.net;Female;12/03/1996;Barbados
4461;Melanie Scott;jamesthomas@example.net;Female;18/04/1986;Turks and Caicos Islands
4462;Kimberly Smith;aaron66@example.org;Female;09/05/2005;Congo
4463;Todd Murphy;cosborne@example.com;Female;23/07/1966;Aruba
4464;Judy Martinez;murraycheyenne@example.com;Male;19/02/1977;Western Sahara
4465;James Park;jennifer62@example.org;Male;27/04/1998;Zimbabwe
4466;Erin Quinn;andrew71@example.org;Female;10/09/1974;Guatemala
4467;Jennifer Holmes;amanda23@example.com;Female;26/09/1965;Jamaica
4468;John Franklin;ralvarez@example.org;Female;06/08/1993;Czech Republic
4469;Laura King;rgonzalez@example.org;Female;07/07/1999;American Samoa
4470;Richard House;sherijohnson@example.net;Female;20/03/1991;Luxembourg
4471;Misty Ho;mcarney@example.net;Female;12/03/1960;Liechtenstein
4472;Amanda Rosario;gregoryjohnson@example.net;Male;27/12/1964;Sudan
4473;Michael Williams;aaron99@example.org;Female;07/12/1980;Spain
4474;Nicole Long;stephanie48@example.com;Male;19/03/1989;Hungary
4475;Matthew Galvan;powellalexander@example.net;Female;13/07/2001;Belarus
4476;Jason Hensley;angelabrowning@example.org;Male;12/07/1962;Cote d'Ivoire
4477;Carlos Myers;toddewing@example.com;Male;01/11/1995;British Virgin Islands
4478;Daniel Joseph;nclark@example.net;Female;07/10/1972;Northern Mariana Islands
4479;Molly Rodriguez;davidmatthews@example.com;Male;10/08/1971;Niue
4480;Vanessa Perez;daniel47@example.com;Female;13/02/1960;Montserrat
4481;Tammy Campbell;lisaadams@example.com;Female;06/09/1978;North Macedonia
4482;David Alexander;kgomez@example.org;Male;15/01/1983;Mongolia
4483;Mr. George Wilson;lyoung@example.com;Male;02/03/1992;Kiribati
4484;Shawn Wagner;antoniohill@example.net;Male;08/08/1971;French Polynesia
4485;John Sanchez;gomezcindy@example.net;Female;02/03/1991;Argentina
4486;Patricia Davis;smithbrandy@example.org;Male;26/01/1977;Marshall Islands
4487;Deborah Williams;jillgreene@example.net;Male;05/11/2006;Malta
4488;Mason Campos;clucas@example.net;Male;18/12/1971;Malaysia
4489;Justin Johnson;gibbsannette@example.com;Male;27/08/1964;Guam
4490;Timothy Lane;everettkurt@example.org;Female;11/12/1983;Gambia
4491;Jamie Mann;joshua76@example.net;Female;13/07/1970;Saint Martin
4492;Marisa Holland;nicholasnash@example.com;Female;16/08/2003;Zimbabwe
4493;Paul Gilbert;daviddouglas@example.org;Male;12/08/1961;Seychelles
4494;Chad Williams;williamsdavid@example.net;Female;31/10/1995;Lithuania
4495;Justin Hogan;clarkashley@example.com;Female;20/04/1987;Tajikistan
4496;Melissa Martin MD;martinchristopher@example.net;Female;29/10/1963;Trinidad and Tobago
4497;William Singh;david00@example.net;Female;22/04/1963;South Georgia and the South Sandwich Islands
4498;Sean Brooks;jvaughn@example.com;Female;09/03/1974;Madagascar
4499;Lauren Moore;egonzalez@example.net;Female;19/03/1958;Tunisia
4500;Kimberly Turner;pestrada@example.org;Female;21/07/1999;Cocos (Keeling) Islands
4501;Jared Howell;gharris@example.com;Male;01/08/1964;Guam
4502;Mariah Sandoval;richard60@example.net;Male;09/11/1980;Bhutan
4503;Kelly Garcia;paul98@example.com;Female;17/06/1975;Libyan Arab Jamahiriya
4504;Rita Turner;wellsdiana@example.org;Male;27/12/1976;Macao
4505;Debbie Tucker;gibsonwhitney@example.org;Female;06/12/1971;Singapore
4506;Robin Hernandez;kelly28@example.net;Male;03/06/1977;Montenegro
4507;Christopher Wilson;glovermark@example.org;Female;06/03/1968;Isle of Man
4508;Lauren Bradford;peterdavis@example.com;Female;28/02/1986;Heard Island and McDonald Islands
4509;Amy Garcia;bjames@example.com;Female;29/07/1956;Haiti
4510;Pamela Arias;laura49@example.net;Female;04/01/1978;Netherlands
4511;Michael White;bjimenez@example.org;Female;12/07/1958;Syrian Arab Republic
4512;William Chen;pearsonteresa@example.com;Female;01/10/1972;French Guiana
4513;Holly Smith;xsalas@example.org;Female;16/12/2001;Isle of Man
4514;Rodney Turner;levinerhonda@example.com;Male;24/10/2007;Niue
4515;Richard Prince;ptaylor@example.com;Male;03/04/1956;Tanzania
4516;Dave Black;rgonzales@example.org;Male;08/07/1986;Zimbabwe
4517;Tracey Zamora;lawrencecharles@example.org;Male;08/02/1994;Georgia
4518;Jerome Moyer;obright@example.net;Female;10/10/1990;Russian Federation
4519;Jason Davis;melissa60@example.com;Male;03/06/1992;Bahrain
4520;Kathryn Bennett;eric36@example.net;Female;31/12/1974;French Polynesia
4521;Erin Anderson DVM;sharon51@example.org;Female;28/12/2006;Italy
4522;Megan Riley;glewis@example.org;Female;29/06/1972;Latvia
4523;Daniel Morgan;julievelasquez@example.org;Male;24/06/1995;Iraq
4524;Katherine Boyd;mark90@example.net;Female;23/02/2004;Guinea-Bissau
4525;Lisa Johnson;monica48@example.org;Male;09/10/1958;Burkina Faso
4526;Thomas Austin;hamiltontara@example.org;Male;09/11/2001;Ireland
4527;Brittany Schroeder;dianagarcia@example.org;Male;06/09/1970;Libyan Arab Jamahiriya
4528;Kristy Meyer;zhangjustin@example.org;Male;22/06/1956;Vietnam
4529;Ashley Baxter;tclark@example.com;Male;04/11/1972;United States Virgin Islands
4530;Thomas Rosales;jasmine58@example.org;Male;12/03/2003;Sudan
4531;Cynthia Roberts;jonathan04@example.net;Male;13/02/2008;Somalia
4532;Madeline Walker;daniel95@example.org;Male;09/01/1998;Venezuela
4533;John Fitzgerald;petersonwilliam@example.com;Female;24/10/1993;Myanmar
4534;Teresa Johnson;jenniferrichards@example.net;Female;14/09/1981;Bouvet Island (Bouvetoya)
4535;Shawn Carter;danielwade@example.com;Male;12/11/1982;Angola
4536;Kevin Farmer;kimberlymora@example.net;Male;08/01/1965;Bermuda
4537;Jaime Richards;abigail54@example.com;Male;08/10/1962;Equatorial Guinea
4538;David Rice;teresanichols@example.com;Female;11/08/1961;Latvia
4539;Lynn Smith;georgejimenez@example.org;Female;29/01/1991;United Arab Emirates
4540;Suzanne Gilbert;jamesbooker@example.net;Female;10/10/2000;Qatar
4541;William Hughes;sjames@example.org;Male;31/01/1986;Malaysia
4542;James Eaton;nicholas72@example.com;Female;09/06/1999;Estonia
4543;Jill Alexander;prestonaaron@example.org;Female;18/11/1999;Ghana
4544;Chad Fisher;aaron25@example.com;Male;26/12/2004;Anguilla
4545;Jeffrey Nelson;lucasdaniel@example.org;Male;19/09/1992;Montserrat
4546;Devon Meyer;wjuarez@example.net;Female;14/05/1987;Trinidad and Tobago
4547;Autumn Bowen;linda08@example.net;Female;12/09/1990;Luxembourg
4548;Sara Martinez;lewisstephen@example.org;Male;02/02/1978;Greece
4549;Elizabeth Allen;carrieschneider@example.org;Female;11/04/1977;New Caledonia
4550;Charles Faulkner;floresbrandi@example.org;Female;17/12/1983;Israel
4551;Dakota Marshall;frederickmorris@example.net;Male;04/09/2008;Pakistan
4552;Melanie Turner;jacobperez@example.com;Male;14/01/1981;Norway
4553;Kathleen Soto;hector24@example.net;Female;03/07/1967;Hungary
4554;Jennifer Bender;mooresherry@example.com;Female;09/10/1981;Japan
4555;Jason Riley;sellersjesse@example.org;Female;26/12/2001;Guinea
4556;Alyssa Benson;raydavid@example.net;Male;17/07/2001;Ethiopia
4557;Brian Sellers;smithkyle@example.net;Female;19/05/2002;Eritrea
4558;Jeffery Drake;elizabethruiz@example.net;Female;18/01/1964;Gambia
4559;Alejandro Schwartz;daniel29@example.org;Female;15/04/2008;Sri Lanka
4560;Emma West;wjackson@example.net;Male;15/04/1957;Saint Kitts and Nevis
4561;Heather Decker;omccullough@example.net;Male;04/11/1976;Hong Kong
4562;Amanda Kemp;ethanwatson@example.com;Female;13/02/1956;Indonesia
4563;Joshua Taylor;zamoradylan@example.org;Female;04/09/1956;Ireland
4564;Hayden Bentley;amyhernandez@example.org;Female;04/12/2001;Korea
4565;Steven Welch;daviddiaz@example.com;Female;16/12/1982;Ecuador
4566;Dawn Tran;jsmith@example.net;Female;07/06/1987;Kazakhstan
4567;William Lopez;jenniferwarner@example.net;Female;20/10/1997;Belgium
4568;Randy Allen;wcline@example.com;Male;06/09/1987;Ethiopia
4569;Jessica Gilmore;carrieabbott@example.net;Female;07/02/1978;Ukraine
4570;Tyler Shea;spencerrebecca@example.org;Female;16/05/1985;United Kingdom
4571;Amanda Clark;joseph71@example.net;Female;12/04/1980;Haiti
4572;Susan Webb;meganadams@example.org;Male;14/04/1993;Portugal
4573;Cory Flores;batessean@example.net;Male;23/08/2001;Trinidad and Tobago
4574;Christopher Brown;oortega@example.net;Male;25/06/1988;France
4575;Lauren Hampton;russoaaron@example.org;Male;25/02/1976;Slovenia
4576;Renee Goodman;berrythomas@example.net;Female;18/03/2008;Romania
4577;Christina Shaw;janicemaldonado@example.org;Male;05/06/1983;Norway
4578;Jake Grant;marissa91@example.com;Female;16/01/1983;Kuwait
4579;Vincent Rodriguez;jason41@example.com;Female;19/02/1962;Greenland
4580;Richard Williams;lisa08@example.net;Male;25/10/1972;Saint Pierre and Miquelon
4581;Corey Long DDS;heatherfischer@example.net;Male;15/11/1992;North Macedonia
4582;Daniel Johnson;cassandra41@example.com;Female;13/07/1970;Barbados
4583;Tina Miles;adamsullivan@example.org;Female;17/02/1964;Guinea-Bissau
4584;Clayton Jones;vmorales@example.org;Female;28/09/1994;Denmark
4585;Zachary Gonzalez;oneillrichard@example.org;Female;08/01/1971;Uruguay
4586;Luis Rivera;robertthomas@example.com;Male;02/06/1959;Brunei Darussalam
4587;Johnny Burns;obrienmelinda@example.org;Female;23/06/1997;Austria
4588;Luis Erickson;tonyalee@example.org;Male;08/05/1963;Nauru
4589;Lance Gibson;michelle61@example.org;Male;30/09/1989;Brazil
4590;Dr. Donna Wilson;joshuawilkinson@example.com;Female;10/09/1978;Japan
4591;Kevin Molina;khill@example.com;Female;31/12/1997;United States of America
4592;Teresa Phillips;ubell@example.net;Female;15/06/2007;Malawi
4593;Jasmine Johnson;crystal14@example.net;Male;31/07/1993;Bermuda
4594;Taylor Thompson;mariahunter@example.org;Male;23/12/1976;Chad
4595;Robert Griffin;zphillips@example.org;Male;20/09/1974;Ethiopia
4596;James Henry;traviscooper@example.com;Male;17/07/2004;Tonga
4597;Bobby Hampton;wardtammie@example.net;Female;30/12/1983;Bahamas
4598;Joel Brown;juliajohnson@example.net;Female;20/03/1971;Cocos (Keeling) Islands
4599;Lisa Perry;walkertyler@example.org;Male;09/12/2004;Cyprus
4600;Luis Baker;fcollins@example.org;Female;28/10/2004;Mauritius
4601;Anna Rodgers;rogersrobert@example.net;Male;06/09/1957;United Kingdom
4602;Dillon Chavez;patrick64@example.com;Female;25/07/1972;Nepal
4603;Veronica Moore;charlene52@example.net;Female;16/03/1985;Burundi
4604;Brittany Stewart;kvazquez@example.net;Male;01/12/1981;Tanzania
4605;Robert Evans;robinsonchristine@example.net;Male;08/12/1960;Ireland
4606;Rhonda Benitez;albertthompson@example.com;Male;26/06/1961;Monaco
4607;James Clark;mhardin@example.com;Female;12/09/1999;Indonesia
4608;Donna Harris;reidnicholas@example.org;Male;06/08/1971;Cocos (Keeling) Islands
4609;George Sanchez;diane36@example.com;Male;26/04/1963;Sudan
4610;Kendra Chang;michael76@example.org;Male;21/04/1989;Argentina
4611;David Johnson;twilson@example.net;Male;08/10/1972;Djibouti
4612;Diana Weber;mary65@example.org;Male;01/08/1984;Switzerland
4613;Andrew Woodard;ashley56@example.net;Male;01/10/1968;Namibia
4614;Nicole Collins;molinagregory@example.com;Female;23/11/1964;Mauritius
4615;Mr. Ryan Johnson;kenneth15@example.net;Female;20/09/1962;Norway
4616;Theresa Serrano;david74@example.net;Male;21/08/1956;Sri Lanka
4617;Rhonda Dunn;julie42@example.org;Female;15/05/1993;Holy See (Vatican City State)
4618;Norman Schultz;lnichols@example.com;Female;14/03/1984;Indonesia
4619;Taylor Perez;xjones@example.org;Male;04/06/1990;Botswana
4620;Jennifer Smith;randy09@example.org;Male;02/11/1970;Jersey
4621;Katie Moore;paceangela@example.com;Female;12/02/1999;Falkland Islands (Malvinas)
4622;Rachel Nguyen;patrick59@example.net;Male;07/06/1994;Monaco
4623;Mark Adams;jeffreygross@example.com;Female;16/01/1996;Afghanistan
4624;Angela Keller;paul48@example.com;Male;29/12/1989;France
4625;Timothy Hurley;kyle94@example.com;Male;04/03/1968;Seychelles
4626;Nancy Leon;dlewis@example.net;Male;11/01/1967;Singapore
4627;Patricia Fernandez;wcopeland@example.com;Male;11/02/2003;Nauru
4628;Kim Fuentes;jonesanna@example.net;Male;20/02/1996;Suriname
4629;Misty Rubio;uallen@example.org;Female;01/10/1956;Congo
4630;Amanda Suarez;emily18@example.net;Female;06/02/1956;Czech Republic
4631;Lauren Leonard;millerjulia@example.net;Female;07/08/1987;Suriname
4632;Deborah Holmes;dlowe@example.com;Female;19/12/1983;Cayman Islands
4633;Felicia Williams;pjones@example.net;Male;25/05/2000;Bouvet Island (Bouvetoya)
4634;Chris Webster;sheltonnathaniel@example.net;Female;31/10/1961;Wallis and Futuna
4635;Timothy Murray;murrayemily@example.org;Male;13/10/1986;Albania
4636;Nicole Perry;bboyle@example.net;Male;08/08/2001;Thailand
4637;Jerry Russell;danieljohnson@example.com;Female;10/09/2005;Grenada
4638;Mark Murphy;mayrachel@example.com;Female;05/03/1966;Brazil
4639;Michael Nguyen;dpena@example.org;Male;12/02/1985;Colombia
4640;Nicole Love;michellesantos@example.com;Female;19/11/1985;Libyan Arab Jamahiriya
4641;Benjamin Shields;josephhill@example.com;Male;31/05/1978;Madagascar
4642;John Branch;imolina@example.net;Female;14/01/1960;Puerto Rico
4643;David Roberts;jeffreyfowler@example.net;Female;10/12/1994;Thailand
4644;John Wilcox;james89@example.net;Male;16/05/1958;Saint Lucia
4645;Lindsey Bean;ashley34@example.org;Male;06/03/1969;Saint Pierre and Miquelon
4646;Mark Neal;wjohnson@example.com;Male;09/01/1983;Indonesia
4647;Rebecca Robles;melissaward@example.org;Female;01/09/1980;French Guiana
4648;Tina Douglas;brittany05@example.org;Male;25/05/1962;Romania
4649;James Miles;jacquelinefrancis@example.net;Male;17/04/2006;Bahrain
4650;Caitlin Huff;mwalker@example.com;Female;11/06/2006;Netherlands Antilles
4651;Robert Miller;matthewcarson@example.org;Male;26/05/2002;Bouvet Island (Bouvetoya)
4652;Erika Peters MD;millerkyle@example.org;Female;11/07/1959;Singapore
4653;Brandon Kim;gbanks@example.com;Male;25/09/1991;Luxembourg
4654;Mary Gonzales;xelliott@example.org;Female;09/03/1995;Israel
4655;Brandon Todd;leemallory@example.org;Male;26/10/1957;Bouvet Island (Bouvetoya)
4656;Margaret Jones;gabrielaturner@example.net;Male;18/02/1956;Netherlands
4657;John Parker;sherry52@example.net;Male;23/07/1990;China
4658;Carmen Jackson;pwilliams@example.com;Female;27/05/1998;Nicaragua
4659;Gregory Garcia;davidmiller@example.net;Male;04/06/1958;Togo
4660;Michael Hooper;nhayes@example.com;Female;08/06/2006;Benin
4661;Heather Rogers;contrerassteven@example.net;Female;29/12/1985;Costa Rica
4662;Charles Taylor;pamelahughes@example.com;Male;06/06/1962;Wallis and Futuna
4663;Jeffrey Fletcher;mvaughn@example.com;Female;26/10/1957;Uganda
4664;Darren James;justin69@example.com;Female;12/11/1958;Northern Mariana Islands
4665;Dr. Stephen Hale Jr.;imartinez@example.net;Male;20/08/1962;Vanuatu
4666;Cody Patton;vanessaholt@example.org;Male;16/07/1971;Algeria
4667;Maria Woodward;michael71@example.net;Male;24/05/2006;Antarctica (the territory South of 60 deg S)
4668;Tiffany Rogers;richard32@example.net;Female;20/10/1993;Sudan
4669;Kristin Lopez;kennedysteven@example.org;Female;30/05/1962;South Africa
4670;Shelley Clark;alexanderkim@example.net;Female;22/11/2004;Sao Tome and Principe
4671;Crystal Rush;kelseymiller@example.net;Male;18/03/2005;Netherlands Antilles
4672;Brian Schwartz;brian12@example.com;Male;29/06/1994;Armenia
4673;Charles White;brandyking@example.com;Female;09/09/1969;Nicaragua
4674;Kathryn Vargas;desireecooper@example.org;Male;12/12/1990;Solomon Islands
4675;Cynthia Kent;nturner@example.org;Female;11/02/1990;Jamaica
4676;Victoria Maxwell;anthony03@example.com;Female;01/07/1976;Ghana
4677;Heidi Buck;heatherreed@example.com;Male;09/09/1963;United States Virgin Islands
4678;John Mitchell;xlove@example.org;Female;22/01/1990;Cameroon
4679;Tracy Barnett;ywood@example.com;Male;10/04/1974;Kuwait
4680;Katherine Ramos;lsmith@example.net;Female;18/06/1987;India
4681;Daniel Mcclain;johnblack@example.net;Female;28/10/1978;Belize
4682;Cynthia Blake;cvincent@example.com;Female;04/02/1979;Peru
4683;Crystal Moore;ggray@example.org;Female;25/07/1988;Pitcairn Islands
4684;Jason Anderson;hannah32@example.com;Female;20/07/1961;Netherlands Antilles
4685;Brittney Flores;wrightsarah@example.com;Female;03/02/1986;Burundi
4686;Dawn Allen;josebeck@example.org;Female;04/02/1980;Timor-Leste
4687;Scott Knox;careychristopher@example.net;Female;07/09/2008;Saint Kitts and Nevis
4688;Tony Chandler;jeffrey13@example.org;Male;29/03/1977;Cayman Islands
4689;Darin Harvey;lindaflores@example.com;Female;07/11/1994;Czech Republic
4690;Jasmine Orr;bianca52@example.org;Female;20/03/1968;Honduras
4691;Joshua Hobbs;spowers@example.org;Female;24/07/1966;Maldives
4692;Donna Juarez;rodriguezleah@example.org;Female;22/07/1977;Faroe Islands
4693;Jamie Freeman;ashleypeterson@example.com;Female;05/09/1963;Senegal
4694;Michael Jones;mariah59@example.net;Female;22/08/1977;Puerto Rico
4695;Samantha Rogers;michael87@example.org;Female;14/03/1988;Taiwan
4696;Mark Davis;trandawn@example.com;Male;20/10/1971;Mexico
4697;James Davis;fbecker@example.net;Female;05/12/1962;Saint Barthelemy
4698;Cynthia Foster;christina02@example.com;Male;05/02/1991;France
4699;Joshua Randolph;ypena@example.org;Female;04/08/1974;United States Virgin Islands
4700;Michael Morales;alexa35@example.net;Male;05/12/1983;Latvia
4701;Tyler Miller;agarcia@example.com;Female;26/12/1980;El Salvador
4702;Christian Adkins;lisaward@example.com;Female;23/10/1979;United States of America
4703;Charles Byrd;larrysanchez@example.net;Male;31/12/1988;Nicaragua
4704;Jason Stout;rlee@example.org;Male;05/06/1984;Western Sahara
4705;Michael Castro;fosterrhonda@example.net;Female;26/04/1985;Burkina Faso
4706;Laura Martinez;erica01@example.org;Male;22/01/1957;Kyrgyz Republic
4707;Crystal Martin;leejermaine@example.com;Male;06/10/1979;Suriname
4708;Erik Henderson;anthonyjon@example.com;Male;13/07/1980;Austria
4709;Laura Campbell;steve77@example.org;Male;09/09/1999;Netherlands Antilles
4710;Deborah Mckenzie;ethanmoore@example.com;Female;27/03/1979;Venezuela
4711;Eric Wall;dustin23@example.net;Female;17/01/1956;Guyana
4712;Rachel Hill;obrienchristopher@example.com;Male;17/04/1976;Senegal
4713;Pamela Lopez;dvargas@example.com;Female;20/06/1961;Belarus
4714;Timothy Woods;pamela84@example.org;Male;04/11/1993;Congo
4715;Holly Macdonald;maynardcharles@example.org;Male;27/11/2000;Malawi
4716;Dr. Maurice Johnson Jr.;emcintyre@example.com;Male;27/08/1989;Oman
4717;Melanie Green;udavis@example.org;Male;19/07/2001;Congo
4718;Erica Rosales;kgordon@example.net;Male;18/10/1993;Uruguay
4719;Christina Ramirez;linda50@example.net;Female;05/09/1991;Thailand
4720;Tyler Decker;cabreramichael@example.net;Female;06/02/1975;Korea
4721;Hannah Gilbert;rachelbrown@example.com;Female;13/04/2008;Liberia
4722;Daniel Young;jorgebarker@example.net;Female;17/04/1982;Mozambique
4723;Shane Lee;ashleysmith@example.com;Female;27/11/1986;Bhutan
4724;Margaret Shaw;sharonsanchez@example.net;Female;18/01/1984;Heard Island and McDonald Islands
4725;Jesse Anderson;dustin31@example.net;Male;02/07/1963;South Africa
4726;Kelly Thomas;justinbell@example.org;Female;16/06/1974;Mauritania
4727;Brianna Delgado;joseph26@example.com;Female;29/11/1984;Haiti
4728;Keith Norris;carteralex@example.net;Female;15/08/1971;Slovenia
4729;Robert Newman;heathalbert@example.com;Male;28/05/2000;Isle of Man
4730;Kimberly Lee;jeremy21@example.net;Male;01/06/1990;Paraguay
4731;Jessica Morgan;kimberlycaldwell@example.org;Male;12/08/1984;Zambia
4732;Darren Glenn MD;mrussell@example.com;Male;07/08/1983;Bangladesh
4733;Anthony Payne;pjohnson@example.org;Male;24/04/2002;Niue
4734;Richard Warren;lucas04@example.com;Male;23/08/1967;San Marino
4735;Joseph Obrien;sethcooper@example.org;Male;25/11/1968;Northern Mariana Islands
4736;Laura Rodriguez;ycampbell@example.com;Female;29/06/2003;Palestinian Territory
4737;Sarah Anderson;wheelerjonathan@example.net;Male;15/10/2001;Mongolia
4738;Christopher Reyes;saracruz@example.org;Female;01/11/1999;Norway
4739;Robert Perry;beltranricky@example.org;Female;08/07/1966;Philippines
4740;Patricia Ward;gonzaleskelly@example.net;Male;30/05/2005;Korea
4741;Teresa Jordan;ibaker@example.org;Female;17/03/1984;Botswana
4742;Elizabeth Ortiz;walllauren@example.org;Male;01/07/1964;Saint Helena
4743;Tonya Fields;mark69@example.net;Female;27/03/1976;Saint Martin
4744;Edward Turner;simpsonnicole@example.org;Male;12/07/1995;Tanzania
4745;Melissa Hernandez;bsmith@example.org;Female;09/11/1970;Congo
4746;Tracey Smith;megan70@example.net;Male;22/05/2007;Iraq
4747;Anthony Dennis;russelljacob@example.org;Male;21/01/1993;Romania
4748;Richard Cannon;sandy70@example.org;Male;21/02/2002;Central African Republic
4749;Joshua Stephens;bweber@example.com;Female;27/11/1989;Denmark
4750;Kara Taylor;kevin87@example.org;Female;22/06/1989;Belize
4751;Samuel Simpson;aclements@example.net;Female;23/01/1965;Northern Mariana Islands
4752;Pamela Pearson;doris80@example.org;Female;18/10/1967;Oman
4753;Rebecca Cochran;danielle09@example.com;Female;30/11/1983;Lao People's Democratic Republic
4754;Christina Mullins;kelseylee@example.com;Female;02/05/1958;Cyprus
4755;Nathan Brown;monicaduncan@example.net;Female;20/08/1982;Turkey
4756;Lori Anderson;lindseydixon@example.net;Female;27/11/1995;Dominica
4757;John Hendricks;aanderson@example.org;Male;22/05/1973;Bermuda
4758;Kelsey Smith;iphillips@example.com;Male;14/12/1987;Zimbabwe
4759;Dale Lee;nwells@example.net;Male;31/07/1982;Grenada
4760;Jennifer Walter;cburton@example.net;Female;26/03/2007;Nauru
4761;Rachel Peters;angeladavis@example.org;Male;16/03/2005;China
4762;Shirley Collins;john88@example.net;Male;06/05/2008;Azerbaijan
4763;Carlos Baxter;brent03@example.net;Male;17/05/1965;Netherlands Antilles
4764;Kenneth Roman;patrick55@example.com;Female;24/03/1960;Jordan
4765;Jason Farmer;sbuchanan@example.net;Female;30/05/1964;Switzerland
4766;Carl Brooks;beasleysean@example.com;Male;06/10/1959;Macao
4767;Leslie Dorsey;vmiller@example.org;Male;23/10/1995;Nauru
4768;Sarah Smith;kevin69@example.com;Female;14/03/1971;Papua New Guinea
4769;Brett Kelly;diazsteven@example.net;Male;08/06/1997;Libyan Arab Jamahiriya
4770;Anthony Young;jeremy06@example.net;Female;09/02/1971;Ireland
4771;Brian Chang;thomasfred@example.com;Male;23/10/2001;Bahamas
4772;Emily Young;joseph43@example.net;Male;09/10/1958;Afghanistan
4773;Dylan Henry;brian93@example.net;Male;10/12/1994;Nepal
4774;Adrienne Conrad;umalone@example.net;Female;05/09/1998;South Africa
4775;Mrs. Michele Paul;comptonjoshua@example.com;Male;27/02/1956;Saint Helena
4776;Thomas Buchanan;howardmisty@example.net;Female;20/10/1985;Sweden
4777;Zachary Johnson;ysanchez@example.net;Female;12/01/1998;Sweden
4778;Angel Barber;austin43@example.com;Female;25/01/2006;Christmas Island
4779;Kenneth Carroll;davidhenson@example.net;Male;11/05/1974;Solomon Islands
4780;Tara Dudley;tiffany89@example.com;Male;10/09/1967;Argentina
4781;Alicia Williams;richard46@example.net;Male;01/04/1999;Senegal
4782;Jamie Welch;ronald75@example.com;Male;11/01/1956;Cyprus
4783;Stephen Boyle;alyssa34@example.net;Female;27/07/2000;Guadeloupe
4784;Billy Thompson;jasonprice@example.net;Female;30/03/1978;Libyan Arab Jamahiriya
4785;Joseph Black;chapmangary@example.org;Female;12/01/1959;Netherlands
4786;Gregory Chambers;pjordan@example.org;Male;13/01/1996;Ukraine
4787;Jesse Rivera;kevin80@example.com;Male;07/07/1993;Zimbabwe
4788;Charlotte Burns;slove@example.com;Female;21/07/1962;Suriname
4789;Brittany Paul;ajones@example.net;Female;05/09/1981;Antarctica (the territory South of 60 deg S)
4790;Tammy Jones;byork@example.org;Male;18/03/1970;Bosnia and Herzegovina
4791;Bradley Campbell;calvin93@example.com;Male;05/05/1984;Sweden
4792;Michelle Malone;brian69@example.org;Female;19/08/1980;Greece
4793;David Price;choward@example.com;Male;18/03/1960;United States Minor Outlying Islands
4794;Margaret Russell;karen62@example.com;Male;10/06/1978;Turkmenistan
4795;Michael Morton;katherinehall@example.org;Male;22/08/2004;Christmas Island
4796;Holly Ortiz;kristopher48@example.org;Female;21/05/1977;United Arab Emirates
4797;Jenny Wilson;kimberlysilva@example.net;Male;24/08/1958;Saudi Arabia
4798;Mercedes Carson;ujohnson@example.com;Male;22/11/1963;Iran
4799;Crystal Smith;ryandavis@example.net;Male;29/05/1977;Argentina
4800;Thomas Sweeney;taylorjohnson@example.org;Female;22/05/1964;Uruguay
4801;Scott Carter;pinedajesse@example.net;Female;18/08/1966;Lesotho
4802;William Clark;bakercourtney@example.com;Female;11/10/1989;Turkey
4803;Scott White;ianruiz@example.net;Female;05/06/1968;Falkland Islands (Malvinas)
4804;Troy Oliver;michaelrivera@example.org;Female;26/08/1988;Lebanon
4805;Eddie Baker;jhughes@example.net;Female;11/06/2002;Nauru
4806;Sarah Sanders;jenniferfox@example.net;Female;21/12/1959;Isle of Man
4807;Shawna Hunter;timothybrown@example.com;Male;16/12/2002;Israel
4808;Brian Thompson;allenshane@example.net;Male;21/08/1964;Somalia
4809;Christy Irwin;garciajohn@example.org;Female;14/03/1957;Cyprus
4810;Joseph Crawford;cynthia70@example.org;Female;22/03/1971;Nepal
4811;Heather Pugh;katherine97@example.org;Male;31/12/1984;Western Sahara
4812;Mark Ayala;catherine24@example.org;Male;30/03/2000;Korea
4813;Mr. John Peterson;kristinamurray@example.com;Female;02/03/1985;Indonesia
4814;Yvonne Fernandez;jesse84@example.org;Male;17/09/1998;Nicaragua
4815;Kyle Bryan;andersondaryl@example.org;Female;30/03/1987;American Samoa
4816;Katrina Evans;mcclurerandy@example.com;Female;26/06/1958;Brazil
4817;Loretta Castillo;deannawhite@example.org;Female;02/10/1993;Romania
4818;Erik Turner;agillespie@example.com;Male;25/03/1976;Aruba
4819;Kimberly Morgan;jared12@example.net;Male;16/05/1975;Jersey
4820;Stephanie Johnson;donald21@example.org;Female;12/02/2008;Mongolia
4821;Lauren Jacobs;lisa81@example.com;Female;08/09/1978;Palau
4822;Katie Luna;edwinsnyder@example.net;Male;02/01/2005;Puerto Rico
4823;Linda Adams;jennifermcdonald@example.com;Male;21/12/1998;Saint Lucia
4824;Matthew Taylor;maureenjohnson@example.org;Female;20/04/1975;Cook Islands
4825;Robert Mcdonald;ashley89@example.com;Female;05/10/1962;Reunion
4826;Joseph Lopez;aaron13@example.org;Male;17/09/1966;Uzbekistan
4827;Ryan Rogers;millerjames@example.net;Male;30/01/1986;Moldova
4828;George Smith;joseph29@example.com;Male;09/08/1984;Vanuatu
4829;Stephanie Cain;meredithbush@example.org;Female;14/07/1957;Turkmenistan
4830;Jeremy Manning;shawnclark@example.net;Female;04/12/1958;Tajikistan
4831;Cheryl Oliver;amanda30@example.net;Male;19/09/1964;Benin
4832;Michael Newton;ginavaughn@example.com;Female;17/11/1997;Wallis and Futuna
4833;Rhonda Fox;jessicachase@example.com;Male;18/07/1982;Antigua and Barbuda
4834;Lee Schwartz;bsoto@example.net;Male;11/08/1994;Isle of Man
4835;Carol Zimmerman;jasonlee@example.net;Male;10/09/1992;Brazil
4836;Nicole Hernandez;baileypatrick@example.net;Male;08/03/1963;El Salvador
4837;Anthony Duarte;charleslove@example.net;Female;20/06/1998;Japan
4838;Dana Ferrell;rdavis@example.net;Male;27/07/1987;Falkland Islands (Malvinas)
4839;Elizabeth Miller;uaguirre@example.com;Female;30/04/2001;Sri Lanka
4840;Leslie Jones;theodorewilkerson@example.org;Male;12/12/1960;Pakistan
4841;James Hopkins MD;justinsteele@example.org;Female;23/05/1983;Fiji
4842;Kevin Turner;cynthiabarry@example.com;Male;14/08/1988;Panama
4843;Melinda Allen;princedawn@example.org;Male;20/06/1969;Qatar
4844;Norman Gray;shawnwilkins@example.com;Female;27/03/2002;Monaco
4845;Jackson Marshall;gzavala@example.org;Male;25/11/1997;Iran
4846;Jonathan Summers;amandasoto@example.org;Female;18/07/1970;Nepal
4847;Makayla Sanchez;rmaxwell@example.net;Male;18/11/1966;Lesotho
4848;Tyler Cooper;wagnermary@example.com;Male;05/07/1967;Benin
4849;Paul Howard;kayleenelson@example.net;Female;03/11/2006;Swaziland
4850;James Vasquez;bgriffin@example.com;Male;19/02/1957;United States Minor Outlying Islands
4851;Audrey Camacho;gordoncrystal@example.com;Female;19/03/1975;Kuwait
4852;Whitney Thompson;robertstrickland@example.net;Female;13/07/1963;Vanuatu
4853;Andrew Bailey;thomas65@example.net;Female;24/10/2001;Honduras
4854;Ashley Silva;allison53@example.net;Female;04/02/2005;Guinea-Bissau
4855;Steven Clarke;jasonmiller@example.net;Female;20/04/2001;Papua New Guinea
4856;Donald Allison;jamescarpenter@example.org;Female;08/01/1968;Sao Tome and Principe
4857;Brandon Fisher;jordanbilly@example.com;Female;11/03/1981;Mauritius
4858;Sean Andrews;pconner@example.net;Male;11/09/1963;Greece
4859;Emily Tate;gevans@example.com;Female;04/05/1975;Paraguay
4860;Joe Brock;adriannorris@example.net;Male;09/08/1957;Eritrea
4861;Aaron Rodgers;gabriela43@example.net;Male;21/09/1981;Suriname
4862;Dr. Edward Wilkerson;ronaldhernandez@example.net;Male;06/10/1959;Grenada
4863;Diana Estrada;cwilliams@example.com;Female;28/12/2007;Cook Islands
4864;Brandon Ray;joannacase@example.net;Female;22/08/1992;El Salvador
4865;Nancy Rush;henryholt@example.com;Male;13/11/1978;New Caledonia
4866;Daniel Ho;robin45@example.com;Male;19/11/2005;Micronesia
4867;William Lane;fuentesderek@example.org;Female;02/03/1986;India
4868;Julie Hernandez;hmiller@example.net;Male;12/03/2005;China
4869;Christopher Austin;annafreeman@example.org;Male;04/02/2005;Thailand
4870;Gloria Smith;wongtroy@example.com;Male;05/04/1967;Tanzania
4871;Cheryl Stephens;eboone@example.org;Male;21/11/1995;Slovakia (Slovak Republic)
4872;Jacqueline Henry;michaelrussell@example.com;Female;19/12/1962;Andorra
4873;Laura Smith DVM;keithkurt@example.org;Female;09/06/1999;Panama
4874;Jonathan White;kathy75@example.org;Male;02/04/1963;Poland
4875;Brandon Hicks;mholmes@example.net;Male;19/05/1964;Bosnia and Herzegovina
4876;Carol Barber;janet02@example.org;Female;11/07/1963;Liberia
4877;Linda Yu;keith93@example.net;Male;26/05/2005;Bahrain
4878;Elizabeth Hart;timothy65@example.org;Male;06/05/1964;Italy
4879;Rita Mccarthy;jamesmiller@example.org;Male;10/06/1969;Northern Mariana Islands
4880;Joshua Collins;lorismith@example.org;Male;26/04/1977;Macao
4881;Mr. Chad Gamble;mfrazier@example.org;Male;21/05/2003;Australia
4882;Mary Munoz;icook@example.com;Female;23/05/1966;Micronesia
4883;Stacey Shelton;sanchezkatherine@example.net;Male;27/09/1989;Australia
4884;Monica Martin;wagnervictoria@example.org;Female;16/01/1963;Andorra
4885;Latoya Lane DVM;eileenstevens@example.net;Male;11/11/1988;Venezuela
4886;Belinda Miller;taylorandrew@example.net;Male;17/01/1976;Slovenia
4887;Kelly Guerrero;patrickgriffin@example.org;Male;08/12/1990;Tajikistan
4888;Christopher Green;baileygerald@example.org;Male;10/01/2001;Pitcairn Islands
4889;Erica Oliver;samanthamontgomery@example.net;Male;29/06/1960;El Salvador
4890;Ryan Robertson;kevinbryant@example.org;Male;30/04/1956;Hong Kong
4891;Nathaniel Marquez;simschristopher@example.org;Male;17/11/1984;Jordan
4892;Daniel Mitchell;cynthia17@example.net;Female;19/02/1978;Madagascar
4893;Michael Serrano;ujames@example.net;Female;09/02/2006;Bulgaria
4894;Andrew Ramirez MD;qgoodwin@example.org;Male;05/12/1999;Dominica
4895;Gary Cameron;brian65@example.com;Male;14/02/2001;Gabon
4896;Larry Smith;rebecca78@example.net;Female;08/01/1958;Egypt
4897;Angel White;urivera@example.net;Female;08/01/1969;Turkey
4898;Jennifer Brown;montgomeryconnie@example.net;Male;11/01/1978;Turks and Caicos Islands
4899;Cody Rogers;tyler64@example.net;Male;30/04/1985;Honduras
4900;Jennifer Rios;bellbrian@example.org;Male;05/09/1995;Korea
4901;Julie Thomas;lmcknight@example.net;Female;29/08/1982;Ukraine
4902;Alicia Owens;sarah22@example.org;Male;08/12/1992;Italy
4903;Kimberly Sanders;bradley22@example.com;Male;01/08/1970;Singapore
4904;Olivia Miller;schwartzhenry@example.org;Male;22/07/1992;United States of America
4905;Robert Lane;daniel94@example.net;Male;06/01/1965;Anguilla
4906;Samantha Watts;qmoore@example.com;Female;17/08/1968;Saint Kitts and Nevis
4907;Maria Cox;millerstephanie@example.net;Female;19/05/1967;Senegal
4908;Amber George;gregory73@example.com;Female;20/02/1993;Kuwait
4909;Paula Bell;jasonwilliams@example.org;Male;23/05/2001;Bermuda
4910;Jordan Bentley;garnerderek@example.net;Female;10/10/2003;United States Minor Outlying Islands
4911;Nicolas Perry;christopher34@example.com;Male;21/08/1977;Ireland
4912;John Brown;peterslouis@example.org;Male;26/06/1966;Gambia
4913;Cory Gilmore;uhoward@example.org;Male;10/03/1962;Belarus
4914;Jerry Collins;greenelizabeth@example.net;Female;30/12/1972;Bhutan
4915;Sarah Williams;kylegolden@example.net;Female;21/07/1981;Saint Barthelemy
4916;Kenneth Gonzalez Jr.;elizabeth76@example.net;Male;20/07/1992;Afghanistan
4917;Bryan Harrington;joshuanelson@example.com;Female;09/05/1965;Croatia
4918;Ronald Zimmerman;amy49@example.org;Female;20/07/1956;Kenya
4919;Mario Archer;kharper@example.net;Female;08/01/1989;Saint Vincent and the Grenadines
4920;Logan Graham;shannon03@example.net;Male;11/10/1964;San Marino
4921;Bianca Smith;tylerparker@example.com;Female;17/05/2007;Swaziland
4922;Jennifer Camacho MD;farrellmatthew@example.org;Female;06/11/1994;Taiwan
4923;Jasmine Byrd;pjohnson@example.org;Female;07/03/2007;Malaysia
4924;David Bennett;sheila59@example.net;Male;11/11/1998;Romania
4925;Amanda Tanner;alexanderjames@example.net;Male;12/05/2008;Saint Kitts and Nevis
4926;Caitlin Paul;medwards@example.net;Male;12/10/2002;Belize
4927;Nicole Rhodes;zchavez@example.net;Female;20/02/2004;Saint Pierre and Miquelon
4928;Charles Wall;ashley77@example.net;Female;14/06/1998;Germany
4929;Christopher Williams;buckleyamy@example.com;Female;16/01/1988;Oman
4930;Ashley Hartman;brendaosborne@example.com;Male;27/08/1965;Cambodia
4931;Jennifer Riley;monica96@example.net;Female;26/03/1968;Togo
4932;Christopher Jones;williamscrystal@example.org;Female;25/12/1991;Saint Pierre and Miquelon
4933;Allen Lynn;hollyturner@example.com;Female;20/07/1987;Malaysia
4934;Mary Flowers;shawn32@example.org;Male;16/10/2004;Marshall Islands
4935;James Thompson;marcmarshall@example.net;Female;31/08/2003;Sudan
4936;Emily Williams;jonesthomas@example.com;Female;03/10/1969;Saint Helena
4937;Jodi Green;rolson@example.com;Female;04/11/1990;South Africa
4938;Bonnie Costa;vrobinson@example.org;Male;05/07/1957;Peru
4939;Kristina Parks;eric22@example.org;Female;19/03/1984;Antarctica (the territory South of 60 deg S)
4940;Erik Davis;tammy96@example.org;Female;18/04/1993;Niger
4941;Jon Gonzalez;dicksonamy@example.org;Male;16/01/1985;Somalia
4942;Tiffany Kirby;jared45@example.com;Male;12/08/2000;India
4943;Peter Brown;nicholas83@example.org;Female;24/11/2005;Canada
4944;Janet Evans;erikanash@example.net;Female;18/12/1992;Bulgaria
4945;Ryan Harrington;deborahvazquez@example.net;Male;08/12/1995;Andorra
4946;Dean Smith;ykelley@example.com;Female;15/11/1966;Poland
4947;Judy Bush;tom80@example.net;Male;04/09/2004;Saint Lucia
4948;John Webb;erica69@example.org;Female;20/07/1995;Haiti
4949;Debbie Sexton;toddacosta@example.net;Female;04/03/1997;Samoa
4950;Jennifer White;linda00@example.net;Male;22/11/2006;Ukraine
4951;Austin Arnold;tdaniels@example.org;Female;13/11/1960;Western Sahara
4952;Sonia Long;angela27@example.com;Male;06/05/1983;Russian Federation
4953;Ann Young;kedwards@example.net;Female;11/01/1976;China
4954;Tracey Tyler;rsmith@example.com;Male;05/03/1969;Saudi Arabia
4955;Michael Hodge;sandramckinney@example.com;Female;02/03/1964;Saint Martin
4956;Thomas Williams;youngashley@example.com;Male;02/03/1991;Pakistan
4957;William Sparks;hollyrogers@example.net;Male;03/06/2002;Armenia
4958;Kristen Barton;danawilliams@example.com;Male;27/05/1983;Fiji
4959;Mark Mann;sroth@example.net;Male;11/05/1982;Ireland
4960;Megan Bell;brittneycopeland@example.org;Female;06/08/1956;Latvia
4961;Jeffrey Mccarthy;larsonjames@example.com;Male;09/06/2007;Cook Islands
4962;Angela Maxwell;robin43@example.net;Male;07/11/1963;Morocco
4963;Nathan Hughes;nelsonluis@example.com;Female;28/03/1958;Switzerland
4964;Ricky Castro;phillip71@example.org;Male;07/11/1955;South Georgia and the South Sandwich Islands
4965;Kristopher Miller;ronald19@example.net;Male;04/10/1993;British Virgin Islands
4966;Steven Barr;pauladrake@example.com;Female;23/07/1962;American Samoa
4967;Katherine Knapp;lindamills@example.com;Female;11/07/1991;Falkland Islands (Malvinas)
4968;Michael Miller;allen20@example.net;Female;20/03/1990;Northern Mariana Islands
4969;Scott Andrews;autumn87@example.net;Male;12/03/1991;Afghanistan
4970;Robert Evans;hadkins@example.net;Female;02/02/1984;Morocco
4971;David Moreno;melissa00@example.com;Female;27/03/1962;New Zealand
4972;Ryan Nicholson;dean19@example.com;Female;04/02/1964;Yemen
4973;Derrick Weiss;matthew60@example.net;Female;28/04/1962;Suriname
4974;Erica Berry;jblack@example.net;Female;08/08/1958;Iceland
4975;Crystal Santana;whoffman@example.net;Male;26/07/1996;Cape Verde
4976;Jodi Richardson;fpreston@example.com;Male;22/02/1999;Mauritius
4977;Courtney Austin;lauralozano@example.com;Female;09/05/2001;Taiwan
4978;Vanessa Reed;lindsay30@example.org;Female;25/01/2007;Latvia
4979;Randall Navarro;emoss@example.org;Male;07/11/1998;Namibia
4980;Terry Wilkerson;richardsonantonio@example.com;Male;30/01/1988;Trinidad and Tobago
4981;Stephanie Greene;qsoto@example.com;Female;21/09/2001;Georgia
4982;Christina White;josephjones@example.org;Male;25/03/1997;Russian Federation
4983;Kelly David;zalvarez@example.org;Female;09/11/1990;Cyprus
4984;Linda Sherman;smithjeremy@example.com;Male;21/07/1970;Morocco
4985;Gina Jones;sharon90@example.org;Male;03/11/1968;Bangladesh
4986;Carrie Lopez;amberdrake@example.org;Female;15/10/1968;Antigua and Barbuda
4987;Stephen Moore;asimpson@example.org;Female;01/10/1971;Niger
4988;Candace Brown;rromero@example.org;Male;13/06/2002;Peru
4989;Christian Erickson;david07@example.com;Male;06/12/2003;Guinea
4990;John Evans;larryclarke@example.com;Male;09/02/1983;Saint Martin
4991;Steven Martinez;charles27@example.com;Male;08/08/1991;Mali
4992;Ms. Megan Taylor;wwaller@example.org;Male;08/09/1969;Belarus
4993;William Thomas;espinozachad@example.org;Male;22/06/1971;French Polynesia
4994;Shelby Munoz;jameslopez@example.com;Male;24/03/1957;Grenada
4995;Casey Richardson;james93@example.com;Male;06/09/2005;Lithuania
4996;Sean Munoz;salinasmolly@example.net;Male;19/04/1998;Lesotho
4997;Kristin Zavala;johnross@example.net;Female;03/11/1979;Cambodia
4998;Phillip Krueger;rojasbrandon@example.net;Male;04/12/1961;Somalia
4999;Marie Myers;halleric@example.org;Female;06/12/1970;North Macedonia
5000;Jaime Adams;laura66@example.net;Female;28/01/1975;Mauritania
