payment_id;booking_id;payment_date;amount;payment_method
1;19863;06/01/2026;12800;Online
2;16260;17/09/2024;23029;Bank Transfer
3;7106;12/11/2024;19541;Debit Card
4;16297;06/05/2024;3271;Credit Card
5;5514;14/04/2024;28669;Cash
6;5069;10/06/2025;6979;Online
7;6059;15/06/2025;24633;Online
8;16282;15/08/2024;3681;Online
9;707;20/06/2025;28250;Cash
10;1274;16/02/2025;19731;Debit Card
11;11326;13/12/2023;13673;Bank Transfer
12;9832;02/09/2025;13622;Online
13;8679;20/01/2026;24646;Bank Transfer
14;1936;22/01/2025;11791;Online
15;9981;08/05/2026;23019;Debit Card
16;7185;18/09/2025;17410;Debit Card
17;4895;18/05/2026;11987;Online
18;2823;12/07/2026;29028;Credit Card
19;9231;19/05/2026;2649;Cash
20;13373;16/05/2026;23028;Online
21;9836;09/08/2026;8327;Bank Transfer
22;5565;11/03/2025;7585;Debit Card
23;7431;03/06/2026;6140;Online
24;480;03/06/2025;8826;Online
25;4997;12/02/2024;3039;Online
26;6294;24/12/2023;18924;Debit Card
27;9552;05/06/2025;552;Bank Transfer
28;11753;21/07/2026;22949;Credit Card
29;16304;20/11/2025;4049;Bank Transfer
30;151;17/12/2025;13536;Debit Card
31;6364;22/02/2025;25020;Cash
32;19355;17/08/2024;9604;Online
33;3608;18/11/2025;19245;Online
34;12071;23/09/2023;4737;Bank Transfer
35;10499;14/09/2024;19101;Online
36;3092;27/10/2025;5343;Cash
37;15194;17/04/2024;1607;Bank Transfer
38;16515;04/10/2024;4243;Credit Card
39;7736;24/12/2025;2805;Debit Card
40;14939;24/07/2026;3809;Cash
41;16754;17/02/2026;16421;Debit Card
42;17371;16/01/2026;937;Cash
43;618;24/06/2026;27685;Bank Transfer
44;16514;13/11/2025;13217;Debit Card
45;9221;18/07/2024;28208;Debit Card
46;15053;26/08/2025;11710;Credit Card
47;14984;31/12/2023;6059;Cash
48;10032;10/08/2025;22826;Debit Card
49;10117;01/08/2025;13398;Cash
50;6896;07/08/2025;5148;Debit Card
51;10180;20/08/2024;13985;Cash
52;18004;07/12/2025;11169;Credit Card
53;16259;22/12/2024;5515;Online
54;17252;15/03/2026;29245;Cash
55;1568;26/01/2024;27204;Online
56;14295;07/09/2024;28108;Bank Transfer
57;8601;31/01/2024;10679;Bank Transfer
58;9242;11/03/2026;24185;Debit Card
59;19397;12/08/2024;15515;Debit Card
60;3112;12/01/2026;21578;Debit Card
61;2909;24/05/2024;8389;Online
62;519;17/03/2026;7588;Bank Transfer
63;19970;05/10/2023;20414;Debit Card
64;10228;29/09/2025;17241;Debit Card
65;14599;05/11/2024;26722;Credit Card
66;498;16/08/2026;23784;Cash
67;10713;23/09/2025;8942;Bank Transfer
68;1437;10/12/2024;13312;Debit Card
69;10471;08/03/2025;3134;Credit Card
70;6220;21/01/2024;7476;Bank Transfer
71;3761;26/03/2024;22936;Cash
72;9168;22/01/2025;27392;Credit Card
73;8423;26/07/2024;10104;Cash
74;16622;26/12/2025;17256;Online
75;8764;17/04/2024;2383;Bank Transfer
76;10537;21/10/2024;9400;Cash
77;16216;16/10/2025;9280;Credit Card
78;2786;27/12/2025;23422;Debit Card
79;1084;13/01/2025;8073;Cash
80;19401;26/04/2024;21248;Bank Transfer
81;19603;05/07/2025;6219;Cash
82;14530;21/02/2025;21518;Debit Card
83;6002;07/06/2025;29823;Debit Card
84;11390;01/04/2026;24451;Online
85;1525;04/07/2024;8572;Debit Card
86;4811;14/10/2024;24694;Credit Card
87;10904;06/03/2025;14541;Online
88;17562;20/05/2024;8809;Online
89;8163;16/09/2024;21824;Online
90;15881;10/10/2024;9287;Online
91;16746;02/10/2023;16398;Bank Transfer
92;15346;01/05/2026;17995;Online
93;6622;01/01/2024;853;Credit Card
94;11545;07/11/2025;22823;Online
95;11686;20/02/2024;16615;Debit Card
96;1413;18/12/2023;28743;Debit Card
97;1818;28/02/2025;2474;Debit Card
98;19160;12/09/2026;13687;Online
99;4605;24/01/2025;7438;Credit Card
100;577;10/01/2024;10004;Cash
101;16534;04/06/2024;8363;Cash
102;15623;17/04/2024;19319;Bank Transfer
103;971;24/12/2025;16643;Debit Card
104;1857;26/11/2025;4910;Cash
105;15615;14/09/2024;17378;Online
106;14088;13/07/2026;25504;Credit Card
107;18955;07/06/2026;2553;Cash
108;1605;13/10/2023;1169;Debit Card
109;2466;24/08/2025;24908;Online
110;7233;27/09/2024;15107;Credit Card
111;2435;23/01/2024;19112;Cash
112;549;24/05/2026;29640;Cash
113;17318;14/02/2026;17837;Cash
114;18596;03/07/2025;2596;Cash
115;13733;07/07/2024;19057;Credit Card
116;9889;21/04/2025;22768;Bank Transfer
117;11679;20/02/2024;28846;Bank Transfer
118;3997;22/07/2025;26643;Credit Card
119;15202;25/12/2023;16956;Debit Card
120;3226;09/10/2023;20535;Online
121;15566;02/05/2025;18486;Cash
122;17649;24/11/2025;4021;Cash
123;3377;11/09/2025;19808;Cash
124;17282;21/12/2025;23279;Credit Card
125;3045;28/11/2023;28950;Bank Transfer
126;7958;09/03/2025;14950;Credit Card
127;4168;17/02/2025;2290;Online
128;4287;25/06/2025;25791;Credit Card
129;1464;18/03/2025;29699;Cash
130;9994;16/09/2024;18796;Bank Transfer
131;15917;23/05/2024;14591;Cash
132;7782;29/11/2023;4550;Bank Transfer
133;5358;22/06/2025;25391;Online
134;15677;23/09/2023;29407;Bank Transfer
135;6713;18/03/2026;4253;Online
136;10642;05/02/2024;8713;Online
137;4494;23/03/2025;13437;Debit Card
138;293;08/10/2025;4969;Cash
139;10987;05/12/2025;13940;Cash
140;11908;11/12/2024;24023;Credit Card
141;9723;24/10/2024;25084;Credit Card
142;7311;30/03/2024;10691;Online
143;14155;17/01/2026;4412;Credit Card
144;2605;18/05/2026;4981;Bank Transfer
145;11320;02/03/2026;5328;Online
146;4434;24/01/2026;6276;Debit Card
147;8859;15/01/2025;29992;Debit Card
148;14216;13/09/2023;9822;Cash
149;13739;21/12/2025;19225;Debit Card
150;17718;19/01/2024;7356;Credit Card
151;4817;24/09/2023;28411;Online
152;2215;01/08/2025;22748;Online
153;15089;21/11/2024;24843;Debit Card
154;4904;07/11/2024;23342;Bank Transfer
155;13146;27/10/2025;3384;Online
156;16335;05/12/2023;12741;Online
157;19801;07/01/2025;29126;Credit Card
158;7760;18/12/2025;12082;Cash
159;2524;26/11/2023;2045;Online
160;9680;05/05/2024;2587;Cash
161;12016;23/05/2025;14303;Bank Transfer
162;11433;29/04/2026;3301;Debit Card
163;314;31/10/2023;3431;Cash
164;7029;22/08/2024;15026;Debit Card
165;16872;15/02/2026;4544;Bank Transfer
166;3080;10/11/2024;17994;Credit Card
167;10445;16/04/2024;1269;Credit Card
168;3275;11/01/2026;24327;Credit Card
169;16160;27/07/2024;7206;Credit Card
170;10767;15/12/2024;5571;Bank Transfer
171;4665;22/06/2025;19432;Bank Transfer
172;7970;02/01/2025;2719;Debit Card
173;5341;10/10/2024;9852;Online
174;7404;04/05/2025;6586;Bank Transfer
175;17361;09/03/2024;13263;Bank Transfer
176;19678;25/11/2023;27415;Cash
177;9633;09/10/2023;12959;Debit Card
178;15891;17/01/2026;8713;Debit Card
179;6253;22/04/2026;19191;Online
180;8628;07/05/2024;24379;Bank Transfer
181;7957;30/01/2025;22445;Online
182;984;04/05/2024;11066;Bank Transfer
183;4232;06/01/2026;26872;Credit Card
184;11495;20/05/2024;28323;Debit Card
185;15245;27/09/2023;25638;Bank Transfer
186;4529;18/05/2026;5610;Cash
187;6165;14/12/2023;5319;Bank Transfer
188;6925;29/12/2024;1807;Online
189;3636;18/05/2026;8464;Cash
190;12992;01/05/2025;21631;Debit Card
191;9171;18/10/2024;28345;Bank Transfer
192;11295;09/02/2026;26416;Cash
193;14457;24/11/2023;26164;Cash
194;16724;31/05/2024;1691;Credit Card
195;11211;13/05/2026;19215;Bank Transfer
196;17381;17/02/2025;27172;Debit Card
197;10004;05/08/2026;28906;Cash
198;7378;04/07/2024;7050;Online
199;12913;21/09/2024;26770;Online
200;14185;17/06/2026;9811;Credit Card
201;2473;19/05/2026;10874;Debit Card
202;12826;17/06/2025;521;Credit Card
203;6631;18/09/2024;6249;Bank Transfer
204;2848;07/07/2026;11156;Cash
205;8407;02/06/2026;7150;Debit Card
206;18916;14/08/2026;26294;Cash
207;19537;07/11/2025;7843;Credit Card
208;15303;06/07/2024;15697;Cash
209;4283;01/07/2025;27744;Debit Card
210;18703;17/06/2025;28472;Credit Card
211;10327;15/10/2024;15203;Cash
212;16195;04/02/2024;5724;Credit Card
213;1806;03/05/2024;9729;Online
214;11572;11/01/2026;28892;Bank Transfer
215;15628;07/06/2024;20607;Online
216;10329;22/03/2026;1430;Credit Card
217;6436;28/01/2026;7938;Bank Transfer
218;10866;15/11/2025;9020;Online
219;8470;19/03/2026;11856;Debit Card
220;4703;11/07/2024;7281;Online
221;19164;09/11/2025;7477;Online
222;19900;14/05/2026;22910;Bank Transfer
223;14801;03/12/2023;14593;Cash
224;15650;07/12/2024;1127;Credit Card
225;4122;17/02/2026;7876;Cash
226;8536;19/01/2024;11954;Credit Card
227;10358;29/02/2024;21419;Online
228;2566;23/05/2026;6008;Credit Card
229;4509;28/10/2023;26878;Credit Card
230;13027;20/08/2025;15221;Bank Transfer
231;8109;12/11/2023;10708;Credit Card
232;13222;27/09/2023;6865;Bank Transfer
233;12525;11/02/2026;20573;Credit Card
234;2592;16/05/2025;3267;Bank Transfer
235;16090;11/05/2026;3758;Credit Card
236;4820;29/05/2026;19180;Debit Card
237;10168;24/01/2025;9099;Online
238;15980;22/08/2025;18101;Online
239;6458;24/06/2026;11314;Credit Card
240;5162;16/04/2024;29113;Bank Transfer
241;15126;23/09/2024;28105;Credit Card
242;15113;11/07/2025;14178;Online
243;5077;30/08/2025;13359;Bank Transfer
244;17204;19/07/2026;22010;Credit Card
245;452;21/08/2024;12524;Cash
246;5306;29/08/2024;10452;Cash
247;3660;24/05/2024;11831;Cash
248;2374;26/07/2026;23131;Debit Card
249;18180;25/09/2023;20958;Cash
250;14962;05/07/2025;14128;Online
251;960;21/03/2026;22066;Debit Card
252;8012;17/04/2025;8238;Credit Card
253;11884;21/03/2024;18501;Cash
254;6647;22/05/2026;17995;Online
255;1953;22/09/2023;5445;Online
256;7121;11/07/2024;2640;Credit Card
257;1789;28/02/2025;10922;Debit Card
258;1215;14/09/2025;17865;Debit Card
259;10917;03/02/2024;15697;Cash
260;14367;21/01/2025;24560;Cash
261;9793;13/12/2025;18926;Cash
262;11298;16/04/2025;5878;Debit Card
263;10746;18/03/2025;11549;Online
264;17351;01/07/2026;12347;Credit Card
265;13330;29/02/2024;19970;Bank Transfer
266;5635;13/01/2024;28221;Cash
267;11852;21/08/2026;7631;Bank Transfer
268;12630;10/02/2026;19242;Online
269;7528;03/09/2025;24319;Credit Card
270;4036;16/07/2024;24293;Cash
271;4268;28/08/2025;8587;Online
272;16649;05/01/2024;28815;Debit Card
273;13845;10/03/2026;29863;Bank Transfer
274;11615;21/06/2026;5653;Debit Card
275;15034;14/02/2024;12813;Cash
276;11765;22/01/2026;4289;Cash
277;8064;30/07/2026;8855;Online
278;9337;29/03/2025;24809;Cash
279;8740;04/08/2025;25355;Debit Card
280;17230;25/10/2024;14393;Online
281;1132;14/10/2024;14312;Cash
282;10219;23/09/2025;18373;Cash
283;9479;24/06/2026;15640;Online
284;1394;19/10/2025;24419;Credit Card
285;19809;26/06/2025;13158;Online
286;15098;15/06/2026;13305;Bank Transfer
287;7583;27/05/2024;4700;Debit Card
288;13212;27/09/2024;15468;Bank Transfer
289;7216;08/07/2024;8097;Online
290;5039;15/07/2026;8767;Bank Transfer
291;5990;26/07/2025;9272;Debit Card
292;11437;20/10/2023;17016;Bank Transfer
293;3722;04/01/2025;2086;Debit Card
294;13802;16/06/2024;10513;Bank Transfer
295;1664;31/03/2026;22588;Debit Card
296;4439;06/08/2025;20439;Bank Transfer
297;13811;18/04/2025;21167;Online
298;4928;05/03/2024;24375;Cash
299;17454;20/07/2026;18696;Bank Transfer
300;6140;12/12/2025;18997;Debit Card
301;2340;23/09/2025;20775;Credit Card
302;13168;24/05/2024;16210;Debit Card
303;15374;15/07/2024;24154;Debit Card
304;8341;23/10/2023;6486;Bank Transfer
305;19153;31/05/2024;6273;Debit Card
306;14094;28/01/2024;21280;Debit Card
307;13194;29/05/2026;13697;Cash
308;4634;17/03/2025;21344;Credit Card
309;12911;23/01/2026;28647;Bank Transfer
310;2438;06/04/2026;14274;Online
311;19288;17/07/2026;11012;Debit Card
312;17777;21/08/2024;16870;Credit Card
313;10423;18/04/2024;771;Cash
314;7864;15/01/2025;16916;Online
315;15281;09/06/2025;29412;Debit Card
316;10233;05/01/2025;28910;Bank Transfer
317;3245;15/05/2026;10039;Cash
318;12620;27/07/2025;20648;Bank Transfer
319;12538;12/10/2025;8967;Credit Card
320;6222;10/08/2025;27356;Credit Card
321;2413;21/06/2024;23365;Credit Card
322;3093;01/05/2026;9935;Bank Transfer
323;6373;28/05/2025;15308;Bank Transfer
324;1045;22/02/2024;29955;Online
325;3140;19/02/2026;20478;Bank Transfer
326;16216;30/06/2026;11931;Cash
327;4356;03/02/2026;23337;Bank Transfer
328;17683;08/05/2025;2022;Credit Card
329;1178;24/12/2025;5216;Credit Card
330;11505;29/11/2024;19396;Debit Card
331;17883;09/04/2024;22054;Debit Card
332;3761;17/12/2025;4889;Cash
333;8544;19/03/2025;20567;Debit Card
334;15170;23/08/2026;29292;Online
335;8079;30/01/2024;586;Online
336;17902;13/08/2024;18872;Online
337;8639;08/09/2026;26617;Online
338;16757;10/01/2025;7726;Bank Transfer
339;8098;20/05/2024;6630;Online
340;10713;21/05/2025;3169;Debit Card
341;2565;16/03/2024;7588;Cash
342;19842;16/06/2024;6832;Debit Card
343;5247;23/12/2025;23462;Bank Transfer
344;19677;14/06/2024;6300;Bank Transfer
345;13889;21/05/2025;6097;Bank Transfer
346;228;03/11/2025;27845;Credit Card
347;6721;19/01/2025;9737;Cash
348;9534;29/05/2025;16213;Debit Card
349;253;28/12/2025;28075;Cash
350;12993;28/12/2023;12252;Online
351;13046;21/09/2025;5834;Online
352;4218;06/04/2026;15176;Online
353;13508;29/06/2026;2740;Credit Card
354;10001;08/08/2026;26842;Online
355;10112;08/11/2023;12284;Cash
356;16080;16/06/2024;18060;Debit Card
357;8368;20/03/2024;12897;Credit Card
358;15522;24/08/2026;29675;Online
359;16892;10/10/2025;27910;Debit Card
360;18734;03/03/2026;19795;Online
361;6255;20/05/2024;21972;Online
362;12032;15/08/2024;5400;Credit Card
363;4863;07/03/2025;22724;Credit Card
364;16758;04/10/2025;6616;Credit Card
365;3385;24/10/2024;28315;Cash
366;1326;19/02/2024;14549;Online
367;4935;04/12/2023;10074;Online
368;15044;22/09/2025;18186;Online
369;12189;11/11/2023;16454;Credit Card
370;1496;04/10/2025;26725;Online
371;18319;22/06/2025;2013;Debit Card
372;17389;19/01/2025;21243;Bank Transfer
373;14518;05/10/2025;16284;Online
374;18264;30/03/2024;11186;Debit Card
375;8235;20/01/2026;22096;Bank Transfer
376;17563;15/07/2026;19950;Cash
377;5227;08/11/2025;19520;Bank Transfer
378;15516;15/05/2024;1814;Online
379;2587;02/11/2024;13679;Cash
380;10151;09/12/2024;20827;Cash
381;10864;08/01/2026;27998;Online
382;2310;03/01/2024;11792;Debit Card
383;13089;11/10/2024;18137;Debit Card
384;13459;27/09/2024;14393;Debit Card
385;7596;29/12/2025;11143;Cash
386;18718;20/08/2026;21119;Cash
387;609;31/10/2024;12454;Online
388;10776;25/03/2024;14450;Bank Transfer
389;3091;29/08/2025;7384;Online
390;13757;17/12/2023;6705;Credit Card
391;6730;28/07/2025;14448;Credit Card
392;2741;26/03/2026;21042;Credit Card
393;10220;08/05/2026;24257;Bank Transfer
394;11696;08/09/2026;29484;Credit Card
395;18853;24/09/2024;8485;Cash
396;4490;05/01/2026;8688;Bank Transfer
397;6035;18/05/2025;3345;Online
398;3881;15/06/2024;22533;Bank Transfer
399;10501;02/01/2025;22533;Credit Card
400;3280;23/12/2025;6620;Credit Card
401;17290;18/05/2024;15394;Credit Card
402;9788;15/07/2024;7637;Debit Card
403;12775;02/01/2024;16302;Debit Card
404;11828;25/08/2026;11825;Credit Card
405;17221;27/06/2026;29501;Cash
406;19130;20/09/2023;2661;Bank Transfer
407;4733;11/01/2024;28151;Credit Card
408;12277;26/04/2024;22947;Online
409;14601;19/12/2025;9026;Debit Card
410;8563;22/07/2025;23441;Online
411;10808;29/07/2025;8359;Online
412;2823;07/09/2025;17528;Bank Transfer
413;17730;22/06/2024;15331;Debit Card
414;3730;07/05/2026;28351;Debit Card
415;13497;12/03/2026;18026;Credit Card
416;10506;02/05/2025;19177;Cash
417;17735;05/07/2024;3526;Bank Transfer
418;13341;17/09/2023;29757;Debit Card
419;447;20/06/2024;13409;Online
420;8416;11/10/2023;10347;Credit Card
421;487;16/01/2026;13641;Credit Card
422;1459;10/01/2025;11750;Debit Card
423;18819;21/08/2024;15795;Debit Card
424;6443;01/02/2025;11522;Cash
425;13717;29/04/2024;4220;Bank Transfer
426;15163;27/07/2026;16972;Debit Card
427;1575;21/03/2026;9053;Online
428;10441;04/11/2023;23889;Online
429;2907;20/04/2024;16703;Cash
430;8230;01/02/2025;11254;Cash
431;9590;13/02/2024;14123;Bank Transfer
432;7600;29/07/2024;11954;Online
433;19702;25/12/2023;29918;Bank Transfer
434;13241;17/11/2024;14620;Credit Card
435;15023;12/05/2025;15918;Debit Card
436;17873;26/10/2025;2699;Debit Card
437;520;10/12/2025;23472;Credit Card
438;9370;15/08/2024;4707;Debit Card
439;643;15/08/2025;10134;Cash
440;17683;18/02/2024;13195;Bank Transfer
441;1942;16/03/2025;11501;Cash
442;496;15/04/2025;2223;Cash
443;656;12/09/2025;2646;Online
444;2284;20/07/2026;11148;Credit Card
445;13331;14/12/2023;21134;Bank Transfer
446;12875;02/10/2024;26574;Bank Transfer
447;16790;02/02/2025;9204;Bank Transfer
448;3044;11/01/2025;872;Credit Card
449;12155;19/11/2023;2095;Bank Transfer
450;9601;21/01/2025;27337;Bank Transfer
451;5661;07/10/2024;26148;Debit Card
452;17688;20/03/2026;25614;Cash
453;4809;29/12/2024;27217;Online
454;241;05/08/2026;7482;Online
455;4779;03/09/2026;24868;Bank Transfer
456;7831;25/04/2024;20958;Debit Card
457;3366;28/06/2025;18521;Bank Transfer
458;1039;19/01/2026;29000;Credit Card
459;565;06/11/2024;26463;Online
460;9703;31/10/2025;1386;Online
461;649;17/04/2025;24163;Cash
462;11883;18/12/2024;23066;Credit Card
463;6524;04/12/2023;7599;Debit Card
464;380;29/11/2024;1916;Credit Card
465;10038;27/07/2025;20797;Online
466;1222;23/03/2026;28117;Online
467;13716;18/12/2023;3106;Cash
468;8000;17/01/2025;22650;Bank Transfer
469;767;05/04/2026;24274;Cash
470;8852;21/05/2026;22901;Debit Card
471;16298;04/02/2024;868;Online
472;13124;09/09/2025;28311;Credit Card
473;6370;10/12/2024;6813;Online
474;18376;03/12/2023;12176;Bank Transfer
475;13081;23/06/2025;2352;Cash
476;164;19/04/2026;5529;Online
477;2073;30/10/2024;6685;Credit Card
478;13487;06/09/2025;21524;Online
479;13639;13/07/2026;9371;Online
480;10676;17/10/2024;15163;Debit Card
481;1829;22/04/2024;24336;Cash
482;9053;06/02/2026;1708;Cash
483;9703;17/02/2026;24657;Debit Card
484;17834;01/09/2025;22696;Cash
485;19143;13/09/2023;25235;Online
486;15678;01/04/2025;3670;Debit Card
487;15436;06/02/2025;27362;Cash
488;4457;31/03/2026;14641;Online
489;11598;15/08/2025;5037;Cash
490;16063;07/12/2024;27756;Online
491;3598;14/09/2025;5991;Credit Card
492;2432;10/05/2024;14447;Cash
493;7436;03/01/2026;6230;Debit Card
494;11040;08/01/2025;23511;Debit Card
495;15497;15/09/2023;25741;Credit Card
496;5277;20/09/2024;8575;Debit Card
497;5965;22/10/2024;9707;Bank Transfer
498;3138;01/10/2025;28436;Cash
499;2855;06/07/2025;3166;Debit Card
500;11784;04/05/2024;14356;Online
501;1669;17/07/2024;19718;Debit Card
502;17455;14/12/2023;23252;Bank Transfer
503;17623;09/06/2024;7612;Credit Card
504;5690;26/04/2026;6695;Debit Card
505;11408;30/09/2025;17485;Bank Transfer
506;8273;15/10/2025;18305;Online
507;15663;27/06/2024;840;Online
508;15135;24/10/2025;11796;Online
509;18449;18/03/2025;2952;Online
510;16129;21/06/2026;16784;Cash
511;11810;17/01/2025;27504;Online
512;2248;24/02/2026;9749;Debit Card
513;5376;07/05/2026;9029;Bank Transfer
514;6830;02/07/2024;19967;Debit Card
515;33;11/04/2024;516;Credit Card
516;6822;23/02/2024;19697;Cash
517;839;27/04/2026;25284;Cash
518;5371;14/07/2026;14708;Credit Card
519;11391;14/08/2024;6229;Online
520;1494;22/12/2023;2209;Cash
521;14147;15/04/2024;19904;Bank Transfer
522;4615;02/04/2026;12164;Bank Transfer
523;14114;23/12/2025;17335;Credit Card
524;3094;11/04/2024;22494;Online
525;12649;27/04/2026;5919;Debit Card
526;12118;05/03/2025;1440;Bank Transfer
527;19901;12/07/2024;20680;Online
528;13952;21/11/2025;547;Debit Card
529;5119;11/05/2024;24677;Debit Card
530;6624;23/05/2025;28964;Credit Card
531;1539;29/12/2023;11358;Bank Transfer
532;2222;16/09/2024;4452;Credit Card
533;5831;04/03/2024;19537;Credit Card
534;16907;26/04/2025;25798;Bank Transfer
535;10657;17/10/2024;12117;Debit Card
536;6100;21/02/2025;2067;Bank Transfer
537;7204;18/03/2026;24871;Credit Card
538;15975;23/06/2024;16389;Cash
539;14525;05/05/2025;4386;Online
540;15673;27/01/2024;20948;Cash
541;4139;22/11/2024;10365;Bank Transfer
542;8463;23/01/2026;13947;Credit Card
543;12112;29/12/2024;19495;Debit Card
544;168;09/01/2026;10438;Online
545;12521;20/03/2025;22346;Cash
546;17;13/12/2023;18896;Bank Transfer
547;18433;10/06/2025;21707;Cash
548;5812;02/11/2023;25292;Credit Card
549;8182;22/09/2024;21057;Online
550;12597;22/04/2024;5350;Cash
551;1794;01/09/2026;19131;Cash
552;4069;12/02/2026;27659;Cash
553;8437;05/02/2025;28500;Cash
554;2463;03/01/2024;15252;Cash
555;13407;07/06/2026;11825;Cash
556;2617;18/03/2025;11469;Credit Card
557;6376;10/07/2026;14944;Credit Card
558;9084;19/03/2026;8636;Credit Card
559;4446;09/07/2026;28517;Bank Transfer
560;18069;21/04/2025;18186;Bank Transfer
561;3168;28/06/2025;27241;Bank Transfer
562;6505;13/09/2025;26337;Debit Card
563;10987;30/11/2023;2284;Cash
564;9353;25/04/2024;8048;Debit Card
565;13950;26/03/2025;16387;Online
566;291;31/08/2025;21473;Credit Card
567;7607;29/11/2023;5502;Credit Card
568;18594;12/10/2024;13194;Debit Card
569;3450;24/03/2024;25585;Debit Card
570;17663;17/11/2025;1877;Debit Card
571;12061;23/10/2023;28441;Credit Card
572;15050;09/03/2024;16420;Debit Card
573;6009;03/04/2026;12603;Bank Transfer
574;1742;01/12/2024;19572;Debit Card
575;13686;16/12/2024;9335;Credit Card
576;10747;12/03/2026;19781;Debit Card
577;1287;21/11/2023;2730;Debit Card
578;18987;05/01/2026;7450;Online
579;1229;11/06/2026;4456;Debit Card
580;3430;16/05/2026;24456;Bank Transfer
581;19745;26/01/2026;24134;Cash
582;369;18/10/2024;27797;Debit Card
583;8451;19/04/2025;1004;Cash
584;18491;06/07/2026;9816;Cash
585;2005;12/05/2024;12357;Cash
586;11715;02/11/2023;15461;Cash
587;8126;21/03/2026;16228;Debit Card
588;5304;08/12/2025;10853;Cash
589;14048;05/04/2024;10020;Bank Transfer
590;5518;19/09/2024;11746;Bank Transfer
591;2391;01/01/2026;7403;Debit Card
592;17672;13/11/2025;21018;Debit Card
593;5266;21/08/2026;22073;Online
594;132;19/10/2023;28391;Online
595;18075;28/07/2024;12042;Bank Transfer
596;2181;03/11/2023;16177;Online
597;1394;16/12/2024;22783;Credit Card
598;2094;27/09/2024;27358;Debit Card
599;15768;31/05/2024;28830;Online
600;18196;30/09/2023;24215;Debit Card
601;19790;01/03/2024;26713;Bank Transfer
602;15895;07/04/2026;19258;Debit Card
603;5356;07/10/2023;7233;Credit Card
604;1674;03/02/2025;9003;Online
605;16604;25/06/2024;22314;Bank Transfer
606;10359;11/04/2025;4900;Debit Card
607;9418;18/03/2024;13372;Debit Card
608;16278;11/04/2026;7229;Bank Transfer
609;18064;08/01/2025;4921;Bank Transfer
610;15834;03/11/2023;21525;Bank Transfer
611;13128;04/06/2026;6746;Credit Card
612;144;05/07/2026;6450;Cash
613;12141;15/01/2024;9332;Debit Card
614;12138;28/02/2026;2905;Credit Card
615;15439;25/04/2025;24612;Cash
616;18435;31/07/2025;3575;Debit Card
617;7221;30/01/2025;15975;Credit Card
618;10239;25/11/2023;16091;Online
619;2121;13/08/2026;14343;Cash
620;6643;12/04/2025;27186;Credit Card
621;234;21/07/2026;21942;Cash
622;4073;14/11/2025;5399;Online
623;9358;10/08/2024;3258;Debit Card
624;15277;21/09/2023;21210;Bank Transfer
625;13159;01/09/2026;893;Credit Card
626;663;31/05/2024;25914;Debit Card
627;9492;30/10/2024;12121;Online
628;11384;24/11/2024;14921;Cash
629;5828;25/08/2026;13002;Credit Card
630;14669;19/05/2026;7113;Cash
631;6378;02/05/2025;15848;Debit Card
632;7810;27/09/2025;10194;Debit Card
633;9335;25/09/2025;29856;Credit Card
634;8107;02/05/2025;23139;Credit Card
635;7963;10/06/2026;1938;Debit Card
636;16006;10/03/2026;8618;Cash
637;17846;29/05/2025;24877;Credit Card
638;6019;13/02/2026;8254;Bank Transfer
639;7400;15/08/2024;24882;Credit Card
640;6641;21/10/2025;26341;Bank Transfer
641;2626;14/12/2023;3325;Cash
642;18707;03/11/2025;22847;Credit Card
643;7517;15/06/2026;11797;Credit Card
644;8671;26/04/2026;3830;Debit Card
645;7105;31/01/2025;21393;Cash
646;16901;03/05/2026;11204;Online
647;17999;30/06/2024;5459;Online
648;1917;26/04/2026;29295;Bank Transfer
649;5218;12/08/2026;15937;Credit Card
650;6934;26/02/2025;14842;Credit Card
651;5472;12/05/2026;3493;Cash
652;8354;04/06/2024;27213;Online
653;9676;28/07/2025;29293;Online
654;11105;05/06/2026;19087;Online
655;19941;23/11/2024;27613;Cash
656;8459;05/10/2025;22238;Credit Card
657;9442;28/12/2024;1430;Cash
658;5640;18/01/2024;25246;Cash
659;17275;28/09/2024;1992;Credit Card
660;619;28/08/2026;22847;Cash
661;652;19/05/2026;15456;Debit Card
662;9809;05/09/2024;19881;Cash
663;15100;16/03/2025;26445;Debit Card
664;11476;07/06/2026;21837;Credit Card
665;11202;17/08/2026;27768;Bank Transfer
666;11950;07/07/2026;13975;Cash
667;3814;05/09/2026;24331;Bank Transfer
668;1098;22/10/2025;26629;Debit Card
669;5591;09/06/2025;28320;Online
670;19512;01/02/2026;18219;Online
671;2796;22/06/2024;9813;Cash
672;1257;07/06/2025;23547;Cash
673;8566;09/07/2025;869;Bank Transfer
674;2517;02/07/2026;8499;Credit Card
675;17224;12/08/2024;654;Online
676;10731;19/12/2024;3010;Cash
677;1958;13/03/2024;11338;Debit Card
678;9361;10/11/2025;2456;Credit Card
679;14027;31/01/2025;19328;Credit Card
680;14220;31/10/2024;25742;Bank Transfer
681;13563;09/06/2024;11046;Online
682;19113;22/07/2025;1643;Cash
683;10074;19/01/2024;13596;Bank Transfer
684;6700;11/12/2025;18966;Bank Transfer
685;3190;15/01/2026;11997;Online
686;19114;22/04/2024;23220;Bank Transfer
687;4785;11/05/2024;7904;Debit Card
688;9224;17/01/2025;3568;Debit Card
689;4120;21/09/2024;18314;Cash
690;5598;02/06/2025;16744;Bank Transfer
691;7864;27/05/2026;2820;Online
692;15359;19/10/2023;26513;Credit Card
693;9217;10/07/2025;2921;Cash
694;17440;05/09/2026;28699;Online
695;13019;03/07/2024;5626;Cash
696;1429;25/09/2023;25104;Cash
697;18911;18/05/2026;16134;Debit Card
698;8665;05/10/2023;16793;Credit Card
699;11;30/05/2024;27729;Cash
700;18476;26/12/2025;28948;Bank Transfer
701;13713;18/02/2026;16807;Debit Card
702;4539;02/03/2025;15308;Bank Transfer
703;3344;06/12/2023;21966;Bank Transfer
704;19253;11/09/2026;26745;Online
705;2624;15/08/2026;17046;Online
706;15016;20/12/2025;3433;Debit Card
707;16014;11/08/2026;2073;Online
708;18490;01/11/2024;29688;Online
709;5469;23/03/2025;5470;Credit Card
710;12059;26/09/2025;10654;Online
711;16955;25/06/2024;22203;Bank Transfer
712;7915;31/07/2024;4146;Online
713;17249;29/01/2025;15640;Online
714;6578;05/07/2026;629;Debit Card
715;11389;16/11/2023;5727;Online
716;13245;18/04/2024;27804;Online
717;12774;16/03/2026;5243;Credit Card
718;4079;19/07/2025;4904;Bank Transfer
719;16699;02/12/2024;6827;Online
720;6940;25/01/2025;3433;Credit Card
721;5388;17/02/2026;12082;Debit Card
722;12394;04/11/2023;18323;Debit Card
723;1712;01/06/2024;28419;Debit Card
724;528;31/05/2025;28957;Cash
725;10339;28/09/2023;20643;Bank Transfer
726;13999;13/10/2023;29652;Debit Card
727;14448;24/03/2025;12743;Credit Card
728;17384;17/10/2024;16883;Bank Transfer
729;16092;24/04/2026;28370;Debit Card
730;12142;12/10/2025;2048;Cash
731;18426;05/03/2026;3827;Bank Transfer
732;12384;09/12/2023;8613;Online
733;4396;17/11/2024;20906;Cash
734;14011;27/06/2025;17378;Debit Card
735;16904;06/03/2026;28895;Credit Card
736;9434;18/07/2025;3835;Bank Transfer
737;13065;18/05/2026;7682;Bank Transfer
738;5531;08/07/2025;26200;Cash
739;7626;20/02/2024;15214;Cash
740;8363;19/06/2024;6586;Cash
741;5529;26/03/2026;29672;Credit Card
742;11786;26/07/2026;28769;Online
743;11057;08/11/2025;25170;Credit Card
744;10624;07/03/2026;3326;Credit Card
745;14250;27/12/2025;23351;Debit Card
746;7547;07/03/2025;29365;Online
747;16446;03/06/2026;13444;Credit Card
748;8932;11/08/2024;17316;Bank Transfer
749;5288;17/08/2026;7545;Bank Transfer
750;5268;06/09/2024;19041;Bank Transfer
751;16324;24/09/2025;22101;Credit Card
752;10943;17/06/2026;20828;Online
753;18890;11/06/2025;8396;Bank Transfer
754;14974;28/08/2026;4705;Online
755;5686;15/09/2025;18111;Bank Transfer
756;4498;12/09/2025;24030;Credit Card
757;10076;26/12/2024;21141;Online
758;592;07/01/2025;12497;Credit Card
759;14030;18/10/2025;29502;Bank Transfer
760;1995;20/08/2026;5562;Online
761;11550;25/04/2025;24531;Online
762;4058;03/10/2025;8574;Online
763;14451;14/10/2025;20412;Online
764;8623;01/04/2025;27319;Credit Card
765;16571;03/05/2024;22557;Credit Card
766;14944;02/12/2024;22442;Debit Card
767;6399;26/05/2024;7330;Bank Transfer
768;5954;15/07/2025;9732;Credit Card
769;2952;11/05/2024;6252;Debit Card
770;13589;12/01/2024;2202;Online
771;9085;19/12/2024;7473;Bank Transfer
772;18077;22/08/2025;16053;Debit Card
773;8401;19/06/2025;13668;Credit Card
774;6308;12/04/2024;29297;Credit Card
775;19701;28/04/2026;6324;Credit Card
776;18825;02/11/2023;19170;Credit Card
777;4949;02/11/2024;7792;Online
778;1929;17/08/2026;22762;Credit Card
779;11446;02/03/2026;4683;Online
780;15757;02/02/2024;15008;Bank Transfer
781;2656;24/01/2025;22143;Bank Transfer
782;12234;16/11/2023;5658;Online
783;9975;29/05/2026;10967;Cash
784;7950;24/12/2025;18710;Cash
785;9792;10/07/2026;6964;Bank Transfer
786;14245;20/07/2024;1833;Online
787;7393;25/12/2023;13947;Online
788;19743;07/12/2025;7892;Cash
789;17359;11/04/2024;2740;Online
790;15101;18/01/2026;22129;Online
791;17515;03/07/2025;19337;Online
792;5765;15/01/2025;7643;Credit Card
793;11663;21/09/2024;4591;Bank Transfer
794;7795;29/09/2023;4371;Cash
795;14535;31/01/2024;28861;Credit Card
796;17015;05/01/2025;25371;Bank Transfer
797;5874;06/07/2026;952;Debit Card
798;16569;15/10/2025;9168;Bank Transfer
799;2392;13/03/2024;21435;Cash
800;3433;05/09/2024;25240;Credit Card
801;14520;06/11/2023;11058;Debit Card
802;17913;30/12/2023;5608;Credit Card
803;14329;07/10/2023;14107;Online
804;18203;14/07/2024;28096;Bank Transfer
805;13716;18/04/2024;23586;Credit Card
806;10561;06/10/2023;16445;Cash
807;14869;27/06/2026;4914;Cash
808;9208;15/11/2024;11158;Cash
809;13341;05/12/2024;14420;Online
810;11519;26/11/2023;3583;Bank Transfer
811;2496;14/12/2024;19098;Cash
812;2803;07/09/2026;26099;Cash
813;9251;24/05/2024;11575;Cash
814;11606;20/05/2024;27613;Cash
815;18874;30/12/2024;14688;Debit Card
816;19732;07/06/2026;27392;Bank Transfer
817;2790;20/11/2024;26147;Online
818;3157;13/12/2024;3807;Bank Transfer
819;10512;18/01/2025;20246;Cash
820;6063;30/12/2023;5852;Bank Transfer
821;9257;24/08/2024;6633;Cash
822;16305;03/01/2025;14146;Debit Card
823;16194;15/08/2026;5389;Credit Card
824;9347;25/01/2026;9923;Bank Transfer
825;1951;28/08/2025;24409;Debit Card
826;14565;21/01/2024;12282;Bank Transfer
827;19864;23/10/2023;21507;Debit Card
828;18740;29/03/2026;26846;Cash
829;17950;19/08/2024;29979;Bank Transfer
830;13713;08/10/2025;10379;Online
831;3304;22/07/2026;13648;Online
832;18421;26/07/2024;22630;Credit Card
833;19946;27/11/2024;10445;Cash
834;1851;03/11/2023;5436;Credit Card
835;5653;08/03/2024;16267;Online
836;3498;18/10/2023;6187;Credit Card
837;5337;04/12/2024;21753;Debit Card
838;12663;10/09/2024;10778;Bank Transfer
839;17564;03/04/2025;22629;Cash
840;11141;29/03/2025;18637;Cash
841;14259;04/08/2026;29517;Debit Card
842;18068;21/08/2026;5606;Credit Card
843;7341;25/11/2023;4334;Debit Card
844;3862;10/05/2024;15185;Debit Card
845;17732;05/06/2024;19388;Debit Card
846;13343;19/11/2025;11367;Bank Transfer
847;12745;16/02/2025;5872;Bank Transfer
848;4717;02/08/2025;28529;Debit Card
849;14296;28/07/2025;5683;Debit Card
850;7959;11/09/2026;11696;Online
851;8929;16/01/2026;10879;Online
852;12060;03/12/2023;2020;Cash
853;15191;30/09/2024;14186;Debit Card
854;8408;24/01/2026;9345;Cash
855;17177;21/10/2024;23689;Online
856;10262;09/06/2025;29465;Cash
857;13147;24/01/2024;27978;Bank Transfer
858;18211;14/01/2026;12940;Bank Transfer
859;12668;16/06/2024;20300;Cash
860;1787;11/02/2026;16528;Online
861;708;02/12/2023;3221;Debit Card
862;16002;10/12/2023;19970;Cash
863;8536;05/11/2023;23685;Debit Card
864;18004;12/08/2024;19421;Cash
865;545;17/01/2026;28272;Online
866;17947;10/02/2025;25222;Credit Card
867;1597;05/03/2024;11550;Bank Transfer
868;10706;25/07/2026;19567;Bank Transfer
869;11242;04/07/2026;7142;Credit Card
870;2580;16/07/2024;27086;Debit Card
871;3792;30/08/2025;24681;Bank Transfer
872;5750;25/10/2024;27265;Credit Card
873;9373;16/03/2026;4777;Online
874;16135;20/11/2025;14007;Credit Card
875;2357;18/10/2024;27005;Credit Card
876;17296;06/01/2024;23111;Credit Card
877;3719;17/02/2026;15506;Bank Transfer
878;8720;09/09/2024;15791;Cash
879;1112;22/01/2025;27045;Debit Card
880;4944;03/12/2023;17896;Credit Card
881;2625;30/09/2024;23054;Credit Card
882;787;02/05/2025;16683;Bank Transfer
883;908;11/11/2023;19702;Debit Card
884;18283;25/10/2024;12932;Online
885;7731;18/12/2023;26594;Online
886;17860;13/01/2024;25152;Bank Transfer
887;17946;02/02/2025;22118;Credit Card
888;2781;29/10/2024;13189;Cash
889;1961;12/07/2025;25250;Cash
890;19792;25/10/2024;24680;Bank Transfer
891;4304;24/03/2024;18744;Cash
892;19803;12/02/2025;28255;Bank Transfer
893;7954;19/07/2025;18011;Cash
894;2365;22/09/2025;15364;Bank Transfer
895;14724;09/08/2025;17873;Cash
896;2250;29/05/2026;4265;Online
897;32;26/12/2025;25723;Credit Card
898;8613;18/01/2025;3035;Debit Card
899;14552;19/09/2024;27541;Bank Transfer
900;10641;16/05/2026;24541;Bank Transfer
901;4731;07/12/2024;3537;Bank Transfer
902;5558;11/09/2026;28712;Debit Card
903;7095;30/03/2025;12920;Credit Card
904;17873;02/11/2023;1782;Bank Transfer
905;16704;16/12/2024;13615;Cash
906;18922;10/10/2023;19816;Bank Transfer
907;15566;31/01/2026;3521;Debit Card
908;17888;22/04/2026;25571;Cash
909;18843;09/11/2024;23184;Debit Card
910;19003;01/02/2024;2091;Cash
911;1546;02/04/2024;10497;Cash
912;11769;05/02/2026;14361;Cash
913;16145;21/03/2024;15496;Bank Transfer
914;4567;24/05/2024;3094;Credit Card
915;16897;15/08/2024;23803;Online
916;398;07/10/2024;6548;Online
917;836;24/12/2023;27765;Bank Transfer
918;1601;10/12/2024;2644;Cash
919;1012;11/10/2024;25132;Credit Card
920;15451;13/09/2024;6136;Debit Card
921;3532;23/01/2025;842;Debit Card
922;11574;29/05/2026;17793;Cash
923;10026;24/08/2025;28137;Cash
924;17823;15/12/2023;12275;Bank Transfer
925;11111;08/11/2024;28630;Credit Card
926;15933;09/05/2026;24803;Credit Card
927;3657;19/07/2026;23560;Credit Card
928;2386;17/06/2025;2914;Bank Transfer
929;13859;01/06/2024;4398;Credit Card
930;2452;25/05/2024;10477;Credit Card
931;13295;28/10/2025;20781;Bank Transfer
932;17918;08/05/2026;6645;Credit Card
933;14086;09/01/2026;15845;Bank Transfer
934;15475;20/12/2023;2858;Credit Card
935;10804;25/08/2025;15830;Debit Card
936;1933;01/04/2026;24462;Bank Transfer
937;131;09/07/2026;15189;Online
938;13697;15/11/2023;25657;Credit Card
939;4914;13/04/2024;2054;Cash
940;11506;10/05/2024;10871;Debit Card
941;5511;13/03/2026;29732;Online
942;930;11/10/2023;20184;Credit Card
943;2840;16/01/2025;19172;Cash
944;10231;08/05/2026;28016;Debit Card
945;8764;12/04/2024;5348;Cash
946;5184;04/09/2025;24908;Bank Transfer
947;11685;21/04/2024;19196;Credit Card
948;6245;11/05/2024;5776;Credit Card
949;5082;11/11/2024;7377;Bank Transfer
950;416;27/06/2025;21503;Bank Transfer
951;4789;05/01/2025;21443;Bank Transfer
952;19306;19/07/2025;11625;Cash
953;7330;18/07/2024;10193;Cash
954;5747;13/08/2024;2544;Credit Card
955;15112;12/04/2024;20620;Bank Transfer
956;16770;18/11/2025;18946;Bank Transfer
957;13429;12/02/2026;27660;Credit Card
958;17315;23/08/2025;26800;Cash
959;9494;25/01/2024;27109;Cash
960;9787;01/03/2024;11885;Online
961;17063;26/06/2025;27919;Credit Card
962;19157;11/06/2026;15639;Credit Card
963;17041;14/01/2025;11619;Bank Transfer
964;5246;02/01/2025;9356;Online
965;5814;22/10/2025;10899;Bank Transfer
966;17178;11/11/2024;9414;Cash
967;699;20/06/2024;12842;Debit Card
968;11655;16/03/2026;24913;Debit Card
969;6233;15/11/2024;27195;Debit Card
970;7523;07/09/2024;7055;Online
971;19682;27/02/2024;9255;Cash
972;14919;19/11/2025;4178;Debit Card
973;18455;21/05/2024;17920;Bank Transfer
974;1617;14/09/2023;510;Bank Transfer
975;2368;25/12/2024;5068;Bank Transfer
976;7811;09/04/2025;19183;Credit Card
977;15311;02/11/2025;8595;Cash
978;6398;06/06/2025;23975;Cash
979;3149;31/10/2025;19463;Online
980;12581;03/09/2026;16707;Online
981;16178;15/04/2025;14169;Bank Transfer
982;7266;21/11/2024;29592;Cash
983;15726;31/03/2026;15332;Credit Card
984;7510;21/03/2025;9708;Bank Transfer
985;5939;13/01/2024;28416;Cash
986;13375;26/09/2024;11360;Credit Card
987;1153;09/08/2025;5637;Credit Card
988;1052;27/10/2023;26104;Debit Card
989;4941;24/01/2024;517;Online
990;6518;20/03/2026;13779;Credit Card
991;1192;06/04/2024;6939;Bank Transfer
992;11039;14/09/2025;13491;Debit Card
993;13507;14/05/2026;4819;Debit Card
994;16358;13/01/2025;9141;Online
995;6827;22/03/2024;18610;Online
996;12039;18/09/2023;24818;Debit Card
997;3276;28/10/2024;21372;Debit Card
998;8712;10/10/2025;4242;Credit Card
999;3284;26/06/2026;9983;Bank Transfer
1000;4038;29/07/2026;28027;Cash
1001;9411;12/01/2024;9385;Cash
1002;5279;07/09/2024;4005;Debit Card
1003;15716;06/07/2024;27910;Bank Transfer
1004;18035;28/03/2024;6693;Bank Transfer
1005;19093;18/06/2026;20523;Bank Transfer
1006;10182;18/05/2025;2880;Bank Transfer
1007;1695;08/05/2024;26616;Bank Transfer
1008;15448;05/11/2025;7626;Bank Transfer
1009;18832;12/09/2026;13940;Bank Transfer
1010;2994;25/05/2025;3541;Debit Card
1011;11163;06/11/2023;18077;Debit Card
1012;12251;12/11/2025;21795;Credit Card
1013;13309;10/06/2026;14283;Credit Card
1014;17745;23/10/2023;28998;Cash
1015;387;06/05/2025;13476;Online
1016;14458;13/08/2024;11850;Debit Card
1017;4281;21/02/2025;2287;Credit Card
1018;1929;18/04/2025;15105;Credit Card
1019;10995;17/11/2023;28689;Cash
1020;5733;27/11/2023;22938;Bank Transfer
1021;17908;12/12/2023;10954;Cash
1022;12826;26/10/2025;17615;Online
1023;13232;12/08/2026;28839;Cash
1024;1025;20/03/2026;28135;Credit Card
1025;8875;30/12/2023;14199;Credit Card
1026;6402;04/11/2023;28714;Online
1027;15358;18/04/2025;17649;Online
1028;17701;13/09/2023;24091;Bank Transfer
1029;12604;06/07/2026;26642;Credit Card
1030;11024;13/07/2026;13092;Credit Card
1031;13573;20/09/2024;25373;Cash
1032;5786;30/05/2024;26972;Credit Card
1033;11165;24/05/2026;12381;Debit Card
1034;13004;16/07/2026;20342;Cash
1035;18338;29/01/2026;17851;Bank Transfer
1036;4240;13/03/2026;25260;Bank Transfer
1037;19969;17/08/2024;24355;Credit Card
1038;2078;03/01/2024;8793;Cash
1039;284;27/01/2026;13239;Bank Transfer
1040;2348;17/05/2025;8691;Cash
1041;411;05/06/2024;4603;Debit Card
1042;11793;08/06/2024;22091;Credit Card
1043;15396;22/07/2024;28722;Online
1044;19919;26/08/2026;18073;Bank Transfer
1045;1879;13/02/2024;24571;Cash
1046;1686;10/05/2026;15303;Cash
1047;2022;23/12/2023;2956;Debit Card
1048;13116;07/01/2026;22118;Debit Card
1049;4276;18/11/2023;2591;Online
1050;19318;07/01/2024;20149;Online
1051;6334;28/07/2024;18147;Debit Card
1052;18517;01/12/2023;5827;Cash
1053;4064;30/10/2025;8193;Debit Card
1054;8539;17/07/2025;24575;Credit Card
1055;13277;24/07/2024;9233;Credit Card
1056;18583;23/08/2026;9244;Credit Card
1057;3150;17/10/2025;23822;Cash
1058;3811;01/09/2024;22907;Online
1059;6338;24/07/2024;28621;Credit Card
1060;6182;19/02/2025;21039;Debit Card
1061;5099;07/01/2024;9749;Credit Card
1062;5893;18/10/2024;17881;Cash
1063;15997;14/03/2026;28010;Cash
1064;649;11/02/2025;15926;Online
1065;15772;26/08/2025;24537;Cash
1066;4469;03/04/2024;20958;Credit Card
1067;4218;22/04/2026;6119;Cash
1068;10244;20/09/2024;10145;Bank Transfer
1069;2015;16/06/2025;18961;Online
1070;2874;13/02/2026;19054;Online
1071;3826;04/02/2025;6192;Online
1072;19630;27/10/2024;22256;Bank Transfer
1073;13738;01/03/2024;9992;Bank Transfer
1074;8281;10/01/2025;15965;Credit Card
1075;2022;14/11/2025;26466;Debit Card
1076;3252;09/07/2024;29726;Credit Card
1077;14257;26/10/2024;13287;Cash
1078;7373;18/12/2025;3214;Online
1079;14997;21/12/2024;27442;Credit Card
1080;4003;27/04/2024;8766;Online
1081;16912;26/04/2025;16741;Online
1082;9167;08/11/2023;23202;Credit Card
1083;10436;07/08/2025;8612;Debit Card
1084;6238;22/09/2023;5621;Online
1085;12019;09/01/2025;8037;Debit Card
1086;7093;26/06/2024;4862;Online
1087;8107;11/12/2025;2399;Cash
1088;13193;01/10/2024;23115;Debit Card
1089;2040;24/02/2026;28978;Cash
1090;7549;18/03/2024;23764;Credit Card
1091;10077;11/07/2025;7641;Online
1092;15081;26/10/2025;26945;Bank Transfer
1093;6724;20/08/2025;7377;Cash
1094;1343;15/05/2025;20133;Bank Transfer
1095;5347;04/11/2023;1711;Online
1096;5464;22/02/2026;19022;Online
1097;13259;24/03/2026;9862;Debit Card
1098;19014;11/06/2025;7376;Online
1099;2857;24/08/2025;20455;Cash
1100;7195;24/06/2025;28146;Bank Transfer
1101;7394;22/04/2026;26003;Credit Card
1102;16386;23/05/2026;5801;Bank Transfer
1103;7838;24/02/2026;16923;Cash
1104;10474;27/08/2026;20349;Credit Card
1105;5778;09/05/2025;13262;Debit Card
1106;18994;18/10/2025;6364;Bank Transfer
1107;8287;06/05/2026;19471;Bank Transfer
1108;18912;09/10/2024;28836;Bank Transfer
1109;3735;28/09/2024;14726;Debit Card
1110;16629;27/04/2026;20193;Credit Card
1111;6719;14/01/2026;29023;Cash
1112;3403;07/11/2023;15949;Online
1113;12408;14/04/2025;729;Debit Card
1114;1366;02/08/2026;20753;Bank Transfer
1115;14379;19/04/2025;3114;Online
1116;9136;30/05/2025;18082;Cash
1117;15541;30/07/2024;19267;Cash
1118;5004;03/08/2026;4337;Debit Card
1119;19643;24/01/2026;9472;Credit Card
1120;1041;22/07/2025;25670;Credit Card
1121;2304;02/04/2026;9115;Cash
1122;9140;27/08/2026;12366;Debit Card
1123;10518;14/02/2026;24808;Cash
1124;8987;22/07/2025;16848;Debit Card
1125;17622;21/03/2026;1605;Bank Transfer
1126;5771;09/12/2024;24308;Bank Transfer
1127;7914;07/09/2025;25808;Debit Card
1128;14856;18/02/2025;15132;Cash
1129;3863;26/12/2023;16697;Cash
1130;15718;21/06/2024;22727;Bank Transfer
1131;8985;27/10/2023;4740;Debit Card
1132;19700;13/02/2024;11770;Online
1133;3613;06/01/2025;953;Online
1134;15593;23/08/2024;13483;Cash
1135;611;27/09/2023;22156;Credit Card
1136;9918;12/10/2024;9037;Online
1137;4657;19/02/2026;10855;Credit Card
1138;596;12/03/2025;12658;Bank Transfer
1139;11492;11/01/2024;23499;Bank Transfer
1140;19649;10/05/2026;548;Online
1141;5488;31/01/2025;19948;Debit Card
1142;11655;30/11/2024;25413;Debit Card
1143;17551;03/12/2025;11044;Bank Transfer
1144;12668;23/09/2023;7924;Credit Card
1145;2880;26/05/2026;29739;Credit Card
1146;7413;25/03/2026;2108;Online
1147;3961;10/02/2024;16215;Cash
1148;17465;19/09/2023;1588;Credit Card
1149;16680;08/06/2024;22227;Cash
1150;12515;05/07/2026;24909;Online
1151;7504;02/10/2025;6943;Cash
1152;6078;22/04/2024;13089;Cash
1153;5301;11/06/2025;27004;Debit Card
1154;18394;08/02/2026;27858;Online
1155;19393;30/01/2025;15140;Debit Card
1156;16864;20/06/2024;22985;Credit Card
1157;2676;26/11/2025;27186;Credit Card
1158;9635;11/11/2023;7312;Cash
1159;9388;15/09/2023;9024;Bank Transfer
1160;5907;01/02/2025;15272;Credit Card
1161;15619;20/02/2024;29637;Online
1162;11585;27/02/2026;26372;Cash
1163;2013;27/05/2026;16204;Debit Card
1164;18053;20/01/2024;18791;Debit Card
1165;12818;04/09/2024;18417;Credit Card
1166;15977;08/11/2023;27093;Cash
1167;13559;21/10/2023;27920;Credit Card
1168;12641;23/07/2024;9427;Debit Card
1169;8332;26/10/2025;12817;Debit Card
1170;19764;09/10/2025;7301;Credit Card
1171;10662;08/09/2026;12834;Online
1172;17190;02/11/2023;1438;Credit Card
1173;1437;07/03/2025;19580;Cash
1174;412;02/05/2026;1842;Credit Card
1175;4307;10/02/2024;567;Bank Transfer
1176;14869;08/02/2024;20231;Credit Card
1177;15040;09/01/2025;20102;Bank Transfer
1178;9531;25/11/2024;1981;Cash
1179;19005;24/07/2026;22129;Credit Card
1180;2136;03/11/2025;9759;Debit Card
1181;13701;11/10/2024;2104;Bank Transfer
1182;4608;19/03/2025;13073;Bank Transfer
1183;19619;18/12/2024;9396;Cash
1184;7449;11/11/2025;7434;Debit Card
1185;10118;27/12/2023;23617;Online
1186;16249;01/02/2025;7473;Bank Transfer
1187;1063;20/11/2025;23979;Debit Card
1188;12439;27/03/2025;736;Debit Card
1189;14085;10/06/2024;18349;Bank Transfer
1190;5815;10/11/2024;24642;Debit Card
1191;17950;19/09/2025;20766;Credit Card
1192;2039;27/03/2024;3647;Debit Card
1193;17633;11/03/2025;9772;Cash
1194;13808;15/10/2024;21986;Online
1195;3770;31/10/2024;19421;Bank Transfer
1196;2879;06/07/2025;11841;Cash
1197;1143;11/03/2024;16093;Debit Card
1198;1079;25/08/2024;7699;Debit Card
1199;5404;24/11/2024;21429;Debit Card
1200;18412;13/05/2024;4889;Online
1201;11456;02/04/2024;24141;Debit Card
1202;12543;25/07/2026;25439;Cash
1203;17831;12/04/2026;11283;Bank Transfer
1204;12399;15/11/2023;17391;Online
1205;2647;08/07/2025;26135;Cash
1206;972;13/11/2023;14222;Credit Card
1207;13003;30/03/2026;2406;Bank Transfer
1208;9417;13/01/2024;28691;Bank Transfer
1209;5717;08/07/2026;1130;Debit Card
1210;3958;15/02/2025;14697;Credit Card
1211;14761;02/07/2025;7058;Credit Card
1212;14083;09/07/2025;22547;Debit Card
1213;10263;20/04/2025;6870;Credit Card
1214;4014;26/03/2024;12232;Debit Card
1215;10317;14/11/2023;27793;Bank Transfer
1216;10385;20/05/2024;15461;Debit Card
1217;10478;25/08/2026;7987;Bank Transfer
1218;1785;07/06/2025;11949;Bank Transfer
1219;782;04/06/2025;24753;Online
1220;16100;24/05/2026;7170;Bank Transfer
1221;1679;01/04/2026;3525;Bank Transfer
1222;5489;29/01/2025;3361;Debit Card
1223;19530;31/08/2026;3434;Online
1224;15609;08/10/2025;12898;Credit Card
1225;19633;17/10/2025;28491;Bank Transfer
1226;2501;14/07/2026;21274;Cash
1227;3093;06/11/2023;12366;Credit Card
1228;6432;05/12/2024;17846;Bank Transfer
1229;17239;03/09/2026;17356;Debit Card
1230;10282;25/04/2026;14066;Bank Transfer
1231;3633;30/01/2025;24312;Cash
1232;2312;15/10/2025;15074;Online
1233;7280;14/01/2026;6732;Bank Transfer
1234;13285;12/06/2026;21894;Cash
1235;2550;29/05/2026;5770;Bank Transfer
1236;7517;01/01/2025;14252;Debit Card
1237;19498;21/04/2025;14457;Cash
1238;18235;29/03/2025;11032;Bank Transfer
1239;10699;11/04/2026;4972;Cash
1240;3521;07/08/2026;28135;Online
1241;5969;28/01/2026;25285;Debit Card
1242;17505;12/10/2023;17364;Online
1243;17013;27/08/2026;20359;Cash
1244;11891;06/07/2025;9129;Credit Card
1245;14919;11/05/2024;28496;Bank Transfer
1246;4127;14/07/2024;17880;Cash
1247;18769;25/10/2023;16398;Bank Transfer
1248;1977;10/06/2026;17750;Online
1249;6109;11/05/2024;15116;Bank Transfer
1250;8822;24/05/2026;14360;Cash
1251;3360;08/04/2025;7368;Debit Card
1252;3134;22/09/2025;2781;Debit Card
1253;9623;21/12/2024;5720;Online
1254;17721;03/07/2026;27787;Debit Card
1255;13135;14/01/2025;11516;Credit Card
1256;2275;31/07/2026;10478;Bank Transfer
1257;13709;10/03/2025;19392;Credit Card
1258;19711;10/11/2024;1850;Online
1259;17612;19/01/2025;12265;Debit Card
1260;18138;03/10/2023;20429;Credit Card
1261;10783;28/02/2025;8842;Credit Card
1262;15987;08/11/2023;3036;Credit Card
1263;828;15/01/2024;6749;Credit Card
1264;16176;31/01/2025;25970;Cash
1265;4023;29/10/2023;1700;Cash
1266;7812;13/01/2026;3747;Cash
1267;867;13/12/2024;27919;Debit Card
1268;19429;19/06/2026;5690;Cash
1269;11345;10/02/2025;9599;Cash
1270;11983;09/08/2026;18100;Bank Transfer
1271;16749;11/12/2024;13505;Online
1272;17919;13/04/2025;2125;Debit Card
1273;16925;21/02/2024;3917;Bank Transfer
1274;632;10/07/2025;24305;Cash
1275;3379;28/05/2024;22774;Online
1276;5978;03/02/2024;16124;Credit Card
1277;8539;15/09/2023;3821;Online
1278;1412;29/04/2026;14610;Online
1279;9174;17/03/2026;2438;Credit Card
1280;334;18/02/2024;12723;Bank Transfer
1281;9301;01/01/2026;17145;Credit Card
1282;17081;14/03/2024;18722;Cash
1283;13182;06/12/2024;23208;Online
1284;13317;12/03/2024;23938;Online
1285;19851;30/04/2024;1052;Bank Transfer
1286;2647;11/09/2024;5976;Cash
1287;1650;02/03/2025;21539;Credit Card
1288;10523;11/08/2026;5317;Debit Card
1289;7832;24/01/2025;26486;Cash
1290;3372;14/03/2024;5512;Online
1291;17868;05/12/2025;11698;Cash
1292;13803;26/02/2026;3505;Debit Card
1293;11755;17/08/2026;16193;Online
1294;11245;09/01/2024;11455;Bank Transfer
1295;16278;01/02/2025;12938;Debit Card
1296;3469;01/06/2025;14968;Credit Card
1297;6179;22/04/2025;27097;Online
1298;13597;18/03/2024;22656;Debit Card
1299;6160;13/05/2026;9381;Bank Transfer
1300;13311;10/07/2024;12564;Debit Card
1301;8639;24/09/2023;4173;Credit Card
1302;4793;05/02/2024;2939;Bank Transfer
1303;19967;26/03/2024;26718;Online
1304;5910;09/10/2025;1440;Cash
1305;13705;12/03/2024;15708;Cash
1306;18004;10/05/2025;26503;Online
1307;4212;03/04/2024;10881;Bank Transfer
1308;4409;13/03/2025;20018;Debit Card
1309;18873;27/02/2026;3102;Debit Card
1310;908;29/10/2024;17302;Bank Transfer
1311;8918;21/11/2025;5707;Cash
1312;5701;17/11/2025;22331;Credit Card
1313;10507;02/04/2026;2874;Online
1314;9939;08/04/2025;24804;Cash
1315;3112;17/10/2024;24233;Credit Card
1316;19885;14/04/2026;2804;Debit Card
1317;3257;29/12/2023;23902;Credit Card
1318;2551;08/12/2025;16284;Credit Card
1319;16634;24/07/2024;23373;Bank Transfer
1320;16621;30/03/2024;27134;Debit Card
1321;10842;13/05/2024;12900;Cash
1322;19354;28/12/2023;12051;Cash
1323;10692;15/08/2025;5130;Debit Card
1324;11190;26/10/2024;29134;Credit Card
1325;19916;12/03/2025;3296;Bank Transfer
1326;3284;07/08/2026;9364;Bank Transfer
1327;16978;19/02/2025;6332;Online
1328;8004;18/06/2025;22021;Debit Card
1329;18658;30/06/2025;7952;Debit Card
1330;15884;30/11/2025;24406;Debit Card
1331;1518;26/01/2026;14519;Online
1332;16116;01/06/2024;25744;Debit Card
1333;4373;21/08/2024;4775;Cash
1334;12097;13/10/2025;10340;Bank Transfer
1335;7123;26/05/2026;905;Credit Card
1336;13969;29/09/2024;9269;Credit Card
1337;12610;25/08/2024;23427;Cash
1338;7936;26/11/2024;25321;Cash
1339;6936;08/09/2026;2281;Cash
1340;15956;12/09/2025;21603;Cash
1341;1340;18/08/2024;17009;Credit Card
1342;15000;23/06/2026;25508;Debit Card
1343;11633;29/03/2025;14038;Online
1344;1682;08/05/2024;21752;Online
1345;4539;24/01/2025;27383;Debit Card
1346;8851;31/05/2025;12699;Cash
1347;18049;10/09/2025;19860;Cash
1348;376;23/06/2025;17289;Cash
1349;10078;25/08/2024;8555;Credit Card
1350;16877;03/06/2024;11172;Credit Card
1351;12248;17/08/2026;29645;Bank Transfer
1352;991;03/02/2026;28473;Credit Card
1353;5274;24/05/2024;17059;Debit Card
1354;2961;12/12/2024;26000;Debit Card
1355;17402;10/10/2025;27368;Debit Card
1356;12524;27/09/2025;29274;Cash
1357;10079;24/09/2024;2605;Debit Card
1358;6346;11/11/2023;20186;Online
1359;18670;27/11/2024;22555;Credit Card
1360;11659;10/05/2026;10287;Online
1361;3088;28/02/2025;2713;Bank Transfer
1362;1920;22/08/2025;8056;Debit Card
1363;1297;07/02/2025;21457;Bank Transfer
1364;5883;27/04/2024;16043;Bank Transfer
1365;3029;27/11/2023;6645;Debit Card
1366;6272;13/07/2026;28548;Debit Card
1367;11343;10/12/2024;24831;Debit Card
1368;8241;27/04/2024;26353;Cash
1369;13071;17/08/2026;22380;Credit Card
1370;12096;15/06/2024;19454;Bank Transfer
1371;6138;16/05/2026;4124;Debit Card
1372;3040;30/09/2023;7687;Debit Card
1373;10179;09/04/2025;29722;Online
1374;3790;25/03/2024;26958;Bank Transfer
1375;11848;28/11/2025;20213;Credit Card
1376;17865;14/02/2025;14325;Online
1377;12754;09/12/2023;29331;Credit Card
1378;9676;20/04/2025;29943;Online
1379;18949;06/02/2026;10701;Credit Card
1380;6045;08/02/2024;22999;Debit Card
1381;8359;25/05/2024;28395;Online
1382;5592;03/11/2025;15301;Bank Transfer
1383;345;31/10/2025;8247;Credit Card
1384;10352;04/04/2024;16525;Credit Card
1385;17919;28/01/2025;24139;Debit Card
1386;17353;13/01/2024;11803;Debit Card
1387;9904;15/07/2026;23630;Cash
1388;8746;14/07/2026;15840;Bank Transfer
1389;4037;12/02/2024;9506;Cash
1390;13790;21/06/2024;29496;Debit Card
1391;3338;17/10/2023;7646;Debit Card
1392;5125;18/06/2024;15026;Debit Card
1393;10844;07/10/2025;8432;Debit Card
1394;10170;07/05/2026;20326;Credit Card
1395;18824;14/04/2025;6216;Bank Transfer
1396;6131;01/04/2026;8985;Online
1397;18979;25/09/2023;3719;Credit Card
1398;11281;14/04/2024;6309;Bank Transfer
1399;17324;05/06/2024;8115;Cash
1400;18455;08/11/2024;8731;Online
1401;5019;03/07/2024;14445;Online
1402;6766;21/10/2025;20574;Credit Card
1403;18430;05/03/2024;684;Credit Card
1404;10443;08/10/2023;20846;Debit Card
1405;14536;03/06/2025;20526;Credit Card
1406;10276;10/05/2025;19475;Online
1407;14774;06/05/2024;22549;Cash
1408;13422;22/03/2024;4084;Cash
1409;11223;27/06/2026;17075;Cash
1410;159;28/08/2024;8986;Bank Transfer
1411;1017;11/11/2023;6919;Online
1412;14830;20/09/2024;19318;Online
1413;17111;02/11/2023;13365;Cash
1414;6141;29/11/2023;18163;Online
1415;7905;26/04/2024;15853;Online
1416;8444;16/10/2024;24152;Bank Transfer
1417;3002;13/06/2026;18244;Debit Card
1418;7810;21/05/2026;2428;Credit Card
1419;5952;19/04/2025;11461;Debit Card
1420;21;22/01/2024;27247;Bank Transfer
1421;17098;17/12/2025;22392;Debit Card
1422;14878;11/02/2024;27386;Credit Card
1423;10407;13/05/2024;1438;Online
1424;12393;13/08/2025;3555;Cash
1425;8977;02/02/2026;25347;Debit Card
1426;4269;25/11/2025;27482;Credit Card
1427;18637;25/03/2025;10773;Debit Card
1428;1802;08/01/2025;21980;Bank Transfer
1429;8327;07/07/2025;16385;Debit Card
1430;1023;13/09/2025;16358;Credit Card
1431;16618;13/03/2025;23266;Online
1432;15846;19/06/2024;20186;Debit Card
1433;9163;15/10/2025;2853;Cash
1434;16800;13/04/2025;15004;Debit Card
1435;15795;27/08/2024;17410;Debit Card
1436;18769;06/11/2024;11891;Online
1437;7428;20/05/2024;6103;Credit Card
1438;12556;04/03/2024;8977;Cash
1439;14603;15/06/2024;2244;Debit Card
1440;13568;19/02/2026;25501;Online
1441;3527;07/03/2024;15501;Cash
1442;18727;01/08/2024;29036;Debit Card
1443;10194;16/05/2024;17492;Credit Card
1444;14289;04/02/2024;10070;Debit Card
1445;9005;07/06/2024;23367;Debit Card
1446;15710;30/01/2026;3682;Credit Card
1447;1;16/10/2024;6993;Online
1448;5055;31/01/2026;4651;Debit Card
1449;3604;17/04/2024;17784;Bank Transfer
1450;13555;30/12/2025;16471;Online
1451;10655;04/12/2025;21916;Cash
1452;15399;22/06/2026;21600;Cash
1453;6521;11/01/2024;20936;Online
1454;9511;22/04/2026;7941;Online
1455;14854;07/03/2026;2376;Debit Card
1456;1285;12/11/2025;17842;Online
1457;5364;10/03/2024;8036;Credit Card
1458;2381;05/03/2026;23051;Bank Transfer
1459;11177;01/01/2025;8553;Bank Transfer
1460;18931;01/08/2025;12529;Online
1461;5954;25/05/2025;9190;Cash
1462;6188;10/06/2024;20980;Cash
1463;18810;26/05/2024;22653;Cash
1464;9132;27/05/2026;2239;Credit Card
1465;1270;13/06/2025;18639;Bank Transfer
1466;10691;06/10/2025;28771;Cash
1467;17559;28/01/2026;6614;Online
1468;6856;04/11/2025;10684;Bank Transfer
1469;2562;03/08/2026;24628;Credit Card
1470;1498;21/01/2025;26354;Cash
1471;6379;19/04/2025;1763;Credit Card
1472;13192;11/09/2024;28798;Bank Transfer
1473;14682;14/02/2024;5747;Credit Card
1474;16312;10/06/2025;17771;Cash
1475;18398;17/05/2026;25587;Online
1476;7624;18/05/2024;1932;Online
1477;5210;02/09/2025;3389;Cash
1478;10074;06/02/2024;11544;Cash
1479;18119;02/01/2026;21301;Cash
1480;3195;02/08/2024;23373;Credit Card
1481;4052;20/10/2023;21202;Credit Card
1482;9670;05/08/2026;28892;Bank Transfer
1483;16133;27/10/2023;16486;Cash
1484;16960;21/01/2025;13657;Online
1485;10031;02/06/2024;23072;Credit Card
1486;13469;30/07/2025;761;Credit Card
1487;17467;18/11/2024;18889;Online
1488;16366;20/12/2023;14738;Online
1489;301;09/11/2024;7255;Bank Transfer
1490;5472;30/06/2026;10736;Debit Card
1491;8665;13/02/2026;20683;Credit Card
1492;2908;07/12/2023;19959;Debit Card
1493;5754;28/01/2025;25200;Online
1494;24;05/01/2026;13932;Online
1495;18327;21/02/2026;4020;Bank Transfer
1496;16940;11/07/2026;8790;Online
1497;11399;06/10/2024;16556;Online
1498;3821;24/01/2026;29962;Bank Transfer
1499;2503;02/04/2026;28356;Debit Card
1500;17398;20/02/2025;29307;Credit Card
1501;19287;25/11/2023;518;Cash
1502;18318;24/12/2023;28746;Bank Transfer
1503;9587;19/11/2024;13226;Debit Card
1504;9890;23/03/2025;14427;Debit Card
1505;7505;06/05/2024;27123;Bank Transfer
1506;16299;01/05/2025;6731;Online
1507;8437;19/11/2023;21006;Debit Card
1508;19982;08/10/2025;19037;Debit Card
1509;18047;25/10/2023;29510;Debit Card
1510;7884;08/01/2025;13700;Bank Transfer
1511;7350;01/02/2026;28874;Cash
1512;16573;23/12/2025;13766;Bank Transfer
1513;4622;10/08/2024;16319;Bank Transfer
1514;7976;11/08/2025;18664;Online
1515;17407;15/02/2024;20703;Credit Card
1516;6258;14/01/2024;2414;Credit Card
1517;3827;17/11/2025;10174;Bank Transfer
1518;15479;04/12/2023;24024;Debit Card
1519;9624;11/04/2025;29341;Credit Card
1520;3456;18/02/2025;11682;Credit Card
1521;5999;23/04/2024;3363;Debit Card
1522;15005;21/10/2023;8755;Credit Card
1523;10306;17/03/2024;4990;Debit Card
1524;14019;30/10/2024;2202;Bank Transfer
1525;16023;11/04/2026;11533;Credit Card
1526;18937;02/01/2024;20747;Debit Card
1527;1812;20/09/2024;5297;Online
1528;13510;30/08/2026;5440;Bank Transfer
1529;2116;10/10/2023;18632;Online
1530;872;04/01/2026;10944;Bank Transfer
1531;7523;29/07/2025;11044;Bank Transfer
1532;15252;04/02/2026;27043;Credit Card
1533;11393;14/07/2024;29977;Debit Card
1534;8353;17/02/2025;5778;Credit Card
1535;12413;13/09/2023;6119;Online
1536;17638;30/06/2024;26303;Online
1537;15868;27/07/2026;19662;Online
1538;7867;11/06/2024;28540;Cash
1539;1910;18/05/2026;6638;Debit Card
1540;268;21/04/2026;7178;Cash
1541;17972;10/05/2025;26088;Bank Transfer
1542;6174;19/02/2024;17673;Debit Card
1543;13024;09/01/2024;15826;Credit Card
1544;15875;15/07/2026;5308;Cash
1545;18421;10/02/2024;22896;Credit Card
1546;6735;13/06/2025;14733;Online
1547;7301;16/02/2024;25992;Cash
1548;12873;16/08/2025;22737;Online
1549;4798;04/09/2026;14048;Debit Card
1550;15635;15/07/2025;27439;Cash
1551;3000;30/07/2026;4786;Debit Card
1552;19082;03/01/2026;20402;Credit Card
1553;10740;02/12/2025;27317;Debit Card
1554;2104;18/04/2025;21013;Credit Card
1555;1953;09/12/2024;677;Cash
1556;17689;20/05/2024;29421;Credit Card
1557;4559;11/04/2026;24075;Online
1558;2106;27/02/2024;13599;Bank Transfer
1559;2490;24/12/2025;5448;Cash
1560;4768;29/03/2026;23024;Cash
1561;6645;21/08/2024;28841;Credit Card
1562;14884;17/11/2025;6123;Online
1563;13438;07/10/2025;560;Online
1564;17871;11/10/2023;20088;Online
1565;5192;02/06/2024;16218;Bank Transfer
1566;18153;24/01/2024;14026;Credit Card
1567;10591;26/05/2025;13431;Cash
1568;19596;07/10/2024;4638;Cash
1569;10674;19/04/2024;29231;Debit Card
1570;5529;27/12/2024;8066;Bank Transfer
1571;8855;10/12/2025;3902;Credit Card
1572;3724;26/06/2026;21127;Bank Transfer
1573;4275;23/02/2024;2262;Bank Transfer
1574;5745;12/03/2025;22531;Bank Transfer
1575;6227;04/02/2026;7476;Credit Card
1576;12644;25/11/2023;29633;Online
1577;2973;17/10/2023;4285;Debit Card
1578;11779;07/09/2024;8030;Credit Card
1579;12177;23/05/2026;16313;Debit Card
1580;6521;12/04/2025;18978;Online
1581;11439;01/04/2025;24767;Online
1582;19996;31/01/2026;24732;Bank Transfer
1583;10924;05/05/2026;635;Bank Transfer
1584;19354;31/03/2026;15178;Credit Card
1585;10173;02/11/2023;29104;Online
1586;17210;12/02/2026;1039;Credit Card
1587;6686;04/06/2024;24714;Credit Card
1588;7640;23/09/2025;659;Bank Transfer
1589;17547;01/02/2026;5311;Credit Card
1590;13495;31/10/2023;2571;Cash
1591;5078;03/06/2026;1848;Credit Card
1592;16619;31/03/2024;24513;Bank Transfer
1593;5552;26/04/2024;29471;Bank Transfer
1594;10032;23/02/2024;2310;Credit Card
1595;6113;30/10/2025;17396;Cash
1596;13987;31/08/2024;24245;Bank Transfer
1597;14612;24/05/2026;10432;Credit Card
1598;5675;28/12/2025;11729;Credit Card
1599;11566;16/01/2026;17855;Credit Card
1600;19965;23/03/2024;12864;Debit Card
1601;10227;23/07/2024;13596;Online
1602;19774;24/03/2024;18574;Credit Card
1603;189;04/06/2025;21634;Cash
1604;19839;14/06/2024;3147;Bank Transfer
1605;17515;05/05/2026;14879;Bank Transfer
1606;3962;26/04/2024;29770;Bank Transfer
1607;13694;09/04/2025;29309;Cash
1608;18648;27/05/2024;21950;Cash
1609;6424;22/04/2026;19728;Bank Transfer
1610;18056;13/08/2026;10396;Credit Card
1611;1360;27/01/2026;28460;Debit Card
1612;9044;01/04/2025;29147;Online
1613;7139;05/09/2026;20661;Bank Transfer
1614;6262;15/06/2026;10330;Cash
1615;8668;27/02/2025;25550;Credit Card
1616;4067;29/07/2025;6057;Cash
1617;1725;03/11/2025;1182;Cash
1618;4427;21/02/2025;16250;Cash
1619;19127;02/05/2025;806;Debit Card
1620;4965;15/09/2025;23735;Credit Card
1621;7186;17/01/2026;17340;Credit Card
1622;5717;17/03/2026;17651;Debit Card
1623;258;04/01/2026;1825;Credit Card
1624;6927;10/11/2023;19956;Debit Card
1625;3816;12/05/2025;16010;Bank Transfer
1626;1015;22/09/2025;18994;Credit Card
1627;15319;26/01/2024;28082;Online
1628;498;24/11/2024;1024;Bank Transfer
1629;5999;27/08/2025;7474;Debit Card
1630;10728;12/11/2025;12656;Online
1631;19585;06/09/2025;12913;Debit Card
1632;6217;24/07/2024;6865;Online
1633;7391;02/07/2025;18085;Bank Transfer
1634;16200;07/06/2024;16505;Cash
1635;4108;19/10/2023;29253;Credit Card
1636;3316;24/06/2026;17554;Cash
1637;9440;17/01/2025;22868;Cash
1638;390;13/12/2023;4525;Credit Card
1639;4501;21/09/2023;9334;Debit Card
1640;18544;25/11/2025;8340;Online
1641;19933;08/04/2025;8662;Debit Card
1642;722;11/12/2025;25411;Online
1643;5765;28/10/2025;20431;Bank Transfer
1644;2691;01/05/2025;6089;Bank Transfer
1645;10021;08/01/2024;29668;Bank Transfer
1646;19434;24/07/2024;20153;Cash
1647;4008;11/08/2024;628;Online
1648;1240;12/03/2026;16762;Cash
1649;18217;26/12/2025;10228;Cash
1650;451;21/06/2026;17193;Cash
1651;4279;17/07/2026;11650;Bank Transfer
1652;17452;20/10/2025;1248;Online
1653;5364;13/05/2026;13451;Cash
1654;13970;02/12/2025;3079;Cash
1655;18340;15/06/2025;23095;Bank Transfer
1656;18707;15/02/2024;11541;Online
1657;17833;28/08/2024;6103;Cash
1658;12778;19/03/2025;11905;Debit Card
1659;18005;10/02/2025;12697;Bank Transfer
1660;13574;08/05/2025;5207;Bank Transfer
1661;8023;20/05/2026;29089;Cash
1662;9307;28/07/2025;28162;Online
1663;2244;04/03/2025;1073;Online
1664;7127;07/09/2026;17206;Bank Transfer
1665;8382;04/05/2025;10004;Debit Card
1666;5792;25/06/2025;12577;Bank Transfer
1667;4654;09/04/2026;17773;Credit Card
1668;11266;20/06/2026;17152;Cash
1669;14330;25/01/2024;26752;Cash
1670;771;11/12/2024;19391;Online
1671;19579;02/10/2025;27483;Debit Card
1672;618;27/03/2025;24877;Online
1673;3294;26/02/2025;22643;Credit Card
1674;15452;11/11/2024;20334;Online
1675;1396;13/10/2024;21291;Cash
1676;7082;14/11/2023;23966;Credit Card
1677;7685;03/09/2025;9820;Bank Transfer
1678;9062;24/01/2026;24886;Bank Transfer
1679;679;17/08/2026;14663;Bank Transfer
1680;17186;07/12/2023;1854;Debit Card
1681;14295;03/05/2026;23782;Bank Transfer
1682;19277;24/05/2025;9464;Credit Card
1683;7771;25/08/2024;4009;Debit Card
1684;7837;01/05/2026;14529;Bank Transfer
1685;6000;02/03/2024;2808;Bank Transfer
1686;5324;06/08/2025;21576;Debit Card
1687;13689;20/03/2026;750;Credit Card
1688;19271;29/09/2024;21303;Online
1689;4350;26/09/2024;20982;Credit Card
1690;19329;19/04/2024;29622;Cash
1691;19266;26/11/2024;19256;Online
1692;19513;22/03/2025;8634;Cash
1693;19356;21/03/2024;17546;Bank Transfer
1694;7810;03/01/2024;4730;Credit Card
1695;13807;04/01/2024;11440;Online
1696;15995;09/09/2025;16973;Debit Card
1697;4502;25/07/2024;21062;Credit Card
1698;5140;22/06/2026;25439;Debit Card
1699;12574;15/06/2025;10154;Credit Card
1700;18192;22/07/2026;28291;Cash
1701;15443;14/02/2025;18525;Credit Card
1702;18396;13/01/2026;12253;Bank Transfer
1703;8007;02/11/2023;28350;Online
1704;8840;27/08/2025;1953;Debit Card
1705;10318;20/10/2025;26636;Online
1706;4158;22/08/2024;5605;Debit Card
1707;10154;02/03/2024;3192;Debit Card
1708;17779;24/05/2024;14640;Bank Transfer
1709;16787;19/04/2026;17446;Bank Transfer
1710;4955;20/05/2026;17402;Bank Transfer
1711;12792;29/12/2023;8543;Debit Card
1712;18532;11/06/2025;13939;Bank Transfer
1713;15261;08/12/2024;25331;Cash
1714;8872;10/02/2026;29312;Credit Card
1715;697;18/03/2024;22974;Debit Card
1716;2933;05/03/2026;28341;Cash
1717;3019;08/04/2024;28153;Bank Transfer
1718;127;07/12/2025;9042;Online
1719;4107;19/02/2026;10592;Credit Card
1720;12314;21/02/2025;25318;Credit Card
1721;13380;20/02/2026;7177;Debit Card
1722;18833;25/11/2023;5358;Bank Transfer
1723;15211;20/11/2025;9696;Bank Transfer
1724;3010;30/05/2025;27339;Bank Transfer
1725;7561;19/09/2025;17720;Bank Transfer
1726;7060;20/07/2025;11528;Credit Card
1727;4563;26/04/2026;13197;Debit Card
1728;5368;26/03/2026;4612;Debit Card
1729;9572;13/01/2026;6582;Online
1730;8198;08/06/2026;22483;Bank Transfer
1731;3597;22/06/2026;4107;Bank Transfer
1732;1596;11/10/2024;15570;Credit Card
1733;15678;12/03/2025;12280;Online
1734;14945;07/01/2024;15941;Debit Card
1735;11035;05/06/2024;5533;Cash
1736;9355;02/07/2024;5800;Online
1737;5959;24/11/2023;8945;Online
1738;9275;11/08/2026;9411;Online
1739;18366;18/06/2026;16061;Cash
1740;16916;15/06/2025;16435;Bank Transfer
1741;9527;01/08/2025;19024;Debit Card
1742;7526;12/06/2024;24451;Online
1743;13679;30/06/2026;21537;Cash
1744;11353;18/10/2025;24362;Credit Card
1745;9539;23/08/2026;21934;Cash
1746;15737;23/11/2025;12077;Online
1747;9984;21/12/2023;19367;Online
1748;10499;22/08/2024;11078;Bank Transfer
1749;16867;28/08/2025;27795;Debit Card
1750;18570;15/07/2024;23529;Debit Card
1751;4287;30/12/2023;27897;Online
1752;9036;30/05/2025;28559;Online
1753;9654;12/08/2024;5619;Credit Card
1754;4467;30/11/2023;20759;Online
1755;6451;11/03/2024;21962;Cash
1756;14868;12/07/2026;2753;Credit Card
1757;6036;19/04/2026;18844;Cash
1758;11429;21/08/2026;15088;Online
1759;14098;31/12/2023;19798;Cash
1760;11716;22/12/2025;21259;Debit Card
1761;12918;26/01/2026;15659;Bank Transfer
1762;16815;11/08/2026;12539;Credit Card
1763;207;23/12/2023;29993;Online
1764;3980;07/05/2024;1701;Cash
1765;10304;24/02/2024;9671;Debit Card
1766;8256;19/08/2025;9683;Debit Card
1767;4197;24/01/2024;22784;Cash
1768;5587;28/09/2024;8088;Online
1769;14064;01/01/2026;20257;Cash
1770;551;22/07/2025;24448;Online
1771;12315;19/06/2024;26702;Bank Transfer
1772;625;28/09/2025;3180;Online
1773;11462;26/08/2024;22574;Credit Card
1774;133;22/07/2026;28566;Bank Transfer
1775;17459;07/10/2024;15931;Online
1776;407;21/05/2024;18606;Bank Transfer
1777;3639;25/07/2024;5846;Debit Card
1778;15511;15/07/2024;20942;Online
1779;5924;01/06/2024;7636;Bank Transfer
1780;14168;02/06/2026;28484;Bank Transfer
1781;14288;21/06/2025;3010;Bank Transfer
1782;3285;11/02/2026;28171;Cash
1783;2560;12/10/2025;16292;Debit Card
1784;14262;29/07/2024;23941;Online
1785;14979;09/05/2026;20094;Cash
1786;15373;06/10/2024;23703;Debit Card
1787;16544;30/08/2025;22688;Online
1788;2086;20/01/2024;16206;Online
1789;15988;08/09/2024;14514;Credit Card
1790;10843;10/11/2024;23157;Credit Card
1791;12503;16/03/2025;9785;Bank Transfer
1792;3749;10/12/2024;1219;Cash
1793;6308;14/02/2025;28251;Debit Card
1794;988;11/03/2025;4235;Bank Transfer
1795;16598;23/06/2024;13886;Credit Card
1796;10450;31/12/2023;5781;Debit Card
1797;18287;29/10/2023;3812;Cash
1798;11550;09/07/2024;5794;Credit Card
1799;18987;12/08/2026;17621;Credit Card
1800;14265;03/12/2023;10475;Online
1801;14565;31/12/2023;24656;Online
1802;10881;23/11/2025;14626;Cash
1803;19616;02/06/2025;16812;Bank Transfer
1804;15319;16/01/2026;29173;Bank Transfer
1805;16662;04/07/2026;7154;Credit Card
1806;19954;23/06/2025;1847;Bank Transfer
1807;19294;10/05/2026;25150;Debit Card
1808;10854;18/09/2024;11582;Bank Transfer
1809;1757;15/10/2023;17041;Debit Card
1810;4192;23/11/2024;29079;Bank Transfer
1811;13465;03/08/2024;16820;Cash
1812;12648;28/06/2025;26390;Bank Transfer
1813;15133;27/07/2026;11405;Credit Card
1814;14227;11/12/2024;551;Debit Card
1815;9694;29/08/2026;21125;Cash
1816;15778;15/06/2024;818;Bank Transfer
1817;8283;28/05/2026;13414;Bank Transfer
1818;11673;19/02/2025;27666;Bank Transfer
1819;16088;13/09/2024;984;Credit Card
1820;7398;06/06/2025;2518;Credit Card
1821;6913;07/05/2025;1231;Bank Transfer
1822;10269;03/10/2024;12931;Debit Card
1823;1133;10/09/2026;21390;Credit Card
1824;4942;09/10/2025;12735;Bank Transfer
1825;5731;14/10/2023;14751;Bank Transfer
1826;13775;10/03/2025;12676;Debit Card
1827;18119;04/12/2023;20472;Credit Card
1828;12773;30/07/2025;29351;Cash
1829;14316;07/06/2024;17500;Cash
1830;18920;11/07/2026;14641;Cash
1831;13470;12/09/2025;16903;Bank Transfer
1832;15375;27/08/2024;18046;Bank Transfer
1833;1927;24/09/2023;29416;Debit Card
1834;15652;12/10/2023;15895;Cash
1835;7374;24/01/2026;22208;Cash
1836;4836;12/05/2024;27087;Credit Card
1837;429;08/10/2025;25701;Credit Card
1838;16843;07/05/2024;28025;Bank Transfer
1839;14344;22/03/2026;1861;Debit Card
1840;7865;22/09/2023;26292;Credit Card
1841;6606;04/08/2025;2823;Credit Card
1842;9929;06/08/2025;11724;Bank Transfer
1843;18322;05/06/2026;25109;Online
1844;17699;18/10/2024;2437;Credit Card
1845;19488;27/08/2026;4122;Cash
1846;16206;04/05/2024;16525;Cash
1847;2135;27/06/2025;20025;Online
1848;12354;10/02/2024;5671;Debit Card
1849;10466;23/08/2024;24932;Bank Transfer
1850;8051;28/06/2026;24886;Cash
1851;11049;19/04/2025;26865;Online
1852;14643;02/04/2025;1058;Debit Card
1853;16545;31/10/2025;1284;Online
1854;13145;28/10/2025;13621;Online
1855;8848;28/05/2025;16208;Bank Transfer
1856;17828;28/04/2026;6552;Cash
1857;16947;07/12/2025;17040;Bank Transfer
1858;12159;16/07/2025;23996;Cash
1859;17315;24/11/2024;9571;Cash
1860;4796;01/07/2026;25246;Credit Card
1861;12594;18/06/2025;2907;Debit Card
1862;12578;25/11/2025;5442;Bank Transfer
1863;3713;09/07/2025;8950;Online
1864;1015;19/02/2026;11635;Credit Card
1865;9133;10/08/2026;13309;Cash
1866;11116;17/05/2025;29195;Bank Transfer
1867;17361;13/12/2023;16641;Credit Card
1868;15641;06/01/2026;18286;Debit Card
1869;253;30/03/2026;18978;Bank Transfer
1870;19301;18/07/2026;5790;Debit Card
1871;13135;28/11/2025;22271;Bank Transfer
1872;11328;18/06/2024;26517;Credit Card
1873;19289;09/11/2024;28397;Debit Card
1874;13754;24/09/2024;19907;Online
1875;4222;12/07/2024;16370;Online
1876;8566;08/08/2025;1262;Cash
1877;12261;19/07/2025;3338;Debit Card
1878;6530;05/07/2024;25578;Debit Card
1879;1452;20/06/2026;8157;Debit Card
1880;10702;19/05/2026;17895;Online
1881;7601;04/07/2024;15619;Credit Card
1882;16411;02/10/2024;26466;Credit Card
1883;13557;04/08/2024;789;Cash
1884;10429;05/04/2025;10635;Bank Transfer
1885;2593;09/10/2024;10436;Debit Card
1886;16946;07/06/2026;23219;Debit Card
1887;16258;11/02/2024;15317;Debit Card
1888;9571;06/03/2025;10188;Credit Card
1889;7205;06/10/2025;23391;Online
1890;11987;11/10/2023;7343;Credit Card
1891;5678;20/07/2025;13637;Cash
1892;2209;01/10/2025;4443;Online
1893;11089;19/11/2025;2827;Bank Transfer
1894;14905;16/10/2025;18323;Debit Card
1895;10988;24/08/2024;4664;Bank Transfer
1896;11394;12/08/2024;881;Cash
1897;14470;28/08/2026;9200;Cash
1898;7684;20/07/2026;14737;Online
1899;11883;28/12/2024;13029;Credit Card
1900;6370;18/05/2024;14853;Credit Card
1901;15936;27/06/2026;26029;Debit Card
1902;16756;16/10/2025;11607;Bank Transfer
1903;16091;09/07/2024;13914;Bank Transfer
1904;12501;12/12/2025;11612;Debit Card
1905;11838;27/03/2024;26169;Online
1906;12291;19/02/2025;7574;Debit Card
1907;16638;06/08/2026;3034;Cash
1908;6636;05/12/2025;24938;Online
1909;17707;15/05/2026;14580;Credit Card
1910;2880;31/12/2024;8636;Credit Card
1911;3834;25/09/2023;4696;Debit Card
1912;17908;06/05/2024;11258;Credit Card
1913;16987;18/04/2024;24651;Debit Card
1914;13725;02/04/2024;20271;Debit Card
1915;18998;30/01/2025;18298;Debit Card
1916;2680;13/02/2025;4000;Cash
1917;16856;23/06/2024;20222;Bank Transfer
1918;18967;11/03/2025;27236;Debit Card
1919;5482;28/10/2023;24779;Online
1920;3705;01/11/2025;21228;Online
1921;14191;02/06/2026;6518;Cash
1922;16983;26/12/2025;16799;Cash
1923;9783;25/07/2025;23111;Cash
1924;12317;30/10/2024;4497;Cash
1925;7909;06/04/2026;27578;Cash
1926;5332;20/05/2026;28402;Debit Card
1927;1202;23/08/2026;11528;Online
1928;8074;15/02/2025;17571;Credit Card
1929;15835;15/07/2025;20960;Online
1930;7419;25/01/2024;8111;Debit Card
1931;9779;27/10/2024;24641;Bank Transfer
1932;12760;01/09/2026;12857;Cash
1933;6022;03/03/2024;22042;Bank Transfer
1934;7108;01/04/2025;1038;Debit Card
1935;16330;08/05/2025;2093;Cash
1936;12886;31/01/2024;6604;Credit Card
1937;14016;25/08/2024;29368;Online
1938;18908;19/11/2025;26377;Credit Card
1939;17852;26/09/2024;13406;Credit Card
1940;9140;20/04/2026;16096;Cash
1941;18650;15/05/2025;24092;Bank Transfer
1942;19371;18/02/2024;28041;Cash
1943;6729;26/12/2024;29934;Credit Card
1944;19265;29/01/2026;8544;Online
1945;18647;28/05/2026;5848;Online
1946;14733;26/05/2024;6948;Cash
1947;13209;30/06/2026;5367;Credit Card
1948;17602;02/08/2026;1745;Bank Transfer
1949;2448;15/07/2024;23182;Cash
1950;1510;12/10/2025;3673;Online
1951;18958;28/06/2024;13496;Credit Card
1952;11087;08/09/2025;15893;Bank Transfer
1953;19740;25/09/2024;22233;Cash
1954;12437;10/08/2025;15179;Cash
1955;7664;09/09/2026;17814;Cash
1956;16719;15/11/2024;12042;Credit Card
1957;4117;28/08/2024;16848;Online
1958;319;24/01/2025;29780;Bank Transfer
1959;4055;17/02/2026;5188;Credit Card
1960;10660;03/09/2025;21023;Cash
1961;5029;02/01/2026;13782;Credit Card
1962;19082;09/10/2025;4486;Debit Card
1963;4278;27/02/2026;3133;Cash
1964;18236;25/07/2026;11391;Online
1965;11843;12/06/2024;23779;Cash
1966;13097;03/08/2025;11405;Cash
1967;17933;29/08/2026;2647;Credit Card
1968;15904;16/03/2024;17128;Debit Card
1969;3121;09/07/2026;24405;Online
1970;552;06/01/2026;25406;Online
1971;10864;15/08/2026;11468;Cash
1972;12282;22/02/2024;15617;Bank Transfer
1973;14932;17/09/2025;1401;Credit Card
1974;2173;03/06/2025;18983;Cash
1975;413;03/06/2026;20061;Online
1976;17813;29/01/2024;28636;Online
1977;14888;06/07/2026;4833;Debit Card
1978;2665;06/06/2024;23951;Credit Card
1979;13797;06/02/2025;1193;Cash
1980;9727;01/06/2025;23535;Debit Card
1981;16231;16/09/2024;24870;Bank Transfer
1982;13337;01/01/2025;7878;Cash
1983;5681;15/07/2024;2483;Bank Transfer
1984;7755;07/11/2025;8285;Credit Card
1985;19491;16/12/2025;2343;Cash
1986;18682;29/12/2025;27686;Credit Card
1987;18369;30/08/2024;7130;Cash
1988;2891;21/01/2025;14510;Online
1989;19762;15/08/2025;15036;Debit Card
1990;3398;30/09/2023;27851;Online
1991;19700;24/02/2026;17269;Debit Card
1992;14933;21/05/2024;18653;Online
1993;12328;22/06/2024;7326;Bank Transfer
1994;1222;05/03/2024;28607;Online
1995;9034;12/09/2025;7484;Credit Card
1996;17641;30/12/2024;15256;Credit Card
1997;12272;12/06/2026;13597;Debit Card
1998;4696;02/10/2023;2455;Debit Card
1999;2485;10/12/2024;27463;Cash
2000;12395;05/04/2024;7228;Bank Transfer
2001;1279;02/04/2025;7012;Bank Transfer
2002;16714;30/04/2025;25495;Debit Card
2003;9093;14/04/2024;1595;Cash
2004;4406;29/04/2025;29693;Online
2005;15123;15/05/2026;29254;Debit Card
2006;11772;28/03/2026;9354;Debit Card
2007;15630;02/01/2025;6465;Bank Transfer
2008;18870;11/02/2024;25236;Cash
2009;9052;27/05/2026;7513;Debit Card
2010;13132;19/01/2025;27052;Online
2011;4959;22/02/2024;4594;Bank Transfer
2012;16536;08/05/2026;22493;Credit Card
2013;19369;13/03/2026;28633;Online
2014;9728;23/11/2024;13263;Online
2015;1532;22/12/2023;5487;Cash
2016;11147;11/10/2023;15814;Credit Card
2017;2289;22/09/2023;10709;Bank Transfer
2018;13395;02/08/2025;14764;Online
2019;3231;20/06/2026;6085;Online
2020;10376;22/09/2023;23516;Bank Transfer
2021;13384;20/03/2024;10470;Credit Card
2022;10747;30/06/2026;7703;Bank Transfer
2023;15836;22/04/2026;23043;Cash
2024;6979;10/01/2025;3973;Bank Transfer
2025;18936;23/02/2024;24253;Debit Card
2026;2276;21/09/2025;8999;Debit Card
2027;11796;12/04/2025;18507;Cash
2028;6581;17/01/2026;9364;Online
2029;2213;17/05/2025;9352;Cash
2030;1269;30/08/2025;21959;Bank Transfer
2031;13845;10/05/2026;20098;Credit Card
2032;5730;31/10/2024;504;Cash
2033;324;25/12/2025;17926;Debit Card
2034;14134;29/05/2026;1306;Cash
2035;8666;06/11/2024;19890;Online
2036;4996;03/06/2026;25721;Debit Card
2037;14719;29/06/2024;11071;Online
2038;11825;18/05/2026;2094;Debit Card
2039;14497;28/05/2025;6022;Credit Card
2040;10058;09/01/2024;22079;Credit Card
2041;1291;16/02/2024;26568;Bank Transfer
2042;18222;18/02/2026;17418;Debit Card
2043;14564;14/08/2025;15851;Bank Transfer
2044;11189;16/07/2025;21823;Credit Card
2045;17821;08/12/2025;7696;Debit Card
2046;8897;10/06/2026;12427;Cash
2047;4092;10/10/2025;5171;Cash
2048;15542;20/06/2026;29429;Debit Card
2049;18675;18/06/2024;11584;Debit Card
2050;19944;12/07/2026;11137;Cash
2051;11300;12/12/2025;8292;Cash
2052;10133;08/09/2024;8663;Debit Card
2053;11099;06/11/2025;29995;Online
2054;16099;12/07/2025;25922;Debit Card
2055;7225;17/02/2024;17188;Online
2056;10961;31/12/2025;21133;Debit Card
2057;5831;06/11/2025;17606;Debit Card
2058;9844;02/12/2024;6355;Online
2059;508;25/06/2024;12423;Credit Card
2060;2405;17/07/2024;18322;Debit Card
2061;7575;16/09/2024;25242;Online
2062;10898;04/09/2024;25687;Cash
2063;9342;07/09/2026;29955;Cash
2064;9530;31/03/2025;24076;Credit Card
2065;13022;04/01/2026;7558;Debit Card
2066;1434;04/06/2024;14348;Bank Transfer
2067;17372;22/08/2025;22326;Debit Card
2068;13871;16/08/2024;24067;Credit Card
2069;4493;23/06/2024;12634;Online
2070;5010;18/09/2025;14661;Cash
2071;17660;21/12/2025;20552;Online
2072;8061;05/05/2026;8091;Credit Card
2073;13410;27/04/2024;26559;Bank Transfer
2074;1963;09/09/2026;8146;Credit Card
2075;9559;20/09/2024;22300;Cash
2076;15670;15/10/2024;5116;Online
2077;12486;16/02/2026;20475;Bank Transfer
2078;14100;18/09/2024;20994;Cash
2079;11675;19/02/2025;18533;Online
2080;11078;07/06/2025;14771;Cash
2081;5842;03/03/2024;6124;Online
2082;947;11/09/2024;9804;Credit Card
2083;10140;11/11/2024;1746;Bank Transfer
2084;10962;18/01/2024;14912;Credit Card
2085;13830;07/08/2025;23357;Bank Transfer
2086;3789;26/10/2025;26691;Cash
2087;18396;21/08/2025;6586;Credit Card
2088;1661;04/02/2025;8872;Credit Card
2089;5975;31/01/2024;28637;Cash
2090;17140;21/12/2025;11427;Debit Card
2091;10302;30/05/2026;3046;Credit Card
2092;6034;15/09/2025;20036;Online
2093;6963;25/12/2025;18057;Bank Transfer
2094;12074;04/09/2024;21123;Online
2095;11935;06/09/2024;12413;Credit Card
2096;17170;14/05/2024;13594;Cash
2097;17078;07/02/2025;14110;Credit Card
2098;19955;04/05/2024;14674;Bank Transfer
2099;12563;25/04/2026;12819;Bank Transfer
2100;2151;20/04/2024;15149;Bank Transfer
2101;17278;10/10/2025;15478;Cash
2102;18662;25/01/2025;23910;Cash
2103;15739;14/01/2026;24131;Debit Card
2104;15575;24/10/2023;25558;Online
2105;8040;11/05/2024;11261;Credit Card
2106;17416;27/07/2024;16277;Bank Transfer
2107;4925;30/01/2025;8180;Debit Card
2108;16427;28/01/2024;5086;Credit Card
2109;12956;12/03/2024;9390;Cash
2110;956;17/10/2023;1893;Credit Card
2111;6024;22/01/2024;18721;Credit Card
2112;7170;07/06/2024;11688;Debit Card
2113;7344;04/06/2026;3809;Credit Card
2114;18179;26/09/2024;2874;Cash
2115;7346;17/01/2024;24971;Debit Card
2116;8684;25/03/2024;29685;Cash
2117;2936;11/10/2025;19510;Online
2118;30;26/02/2026;23972;Debit Card
2119;5455;07/11/2024;13103;Cash
2120;3038;27/10/2023;11933;Online
2121;19747;06/06/2025;17798;Online
2122;14099;04/09/2026;29809;Debit Card
2123;13768;22/01/2025;1924;Debit Card
2124;6724;23/12/2025;1365;Bank Transfer
2125;16875;20/01/2026;7264;Bank Transfer
2126;6404;06/01/2024;15631;Online
2127;14292;28/08/2025;19073;Debit Card
2128;4883;09/08/2024;14857;Bank Transfer
2129;16801;31/07/2026;19417;Debit Card
2130;10387;05/04/2024;19286;Cash
2131;18281;02/05/2025;28273;Online
2132;5074;24/07/2026;11003;Credit Card
2133;11092;02/09/2024;6412;Credit Card
2134;13136;03/11/2025;21734;Bank Transfer
2135;8596;30/08/2025;13540;Bank Transfer
2136;4229;06/01/2026;6470;Debit Card
2137;9433;14/10/2023;12115;Cash
2138;1959;29/09/2024;18701;Credit Card
2139;1706;06/06/2025;21328;Bank Transfer
2140;3531;11/07/2024;3191;Cash
2141;11596;17/04/2025;26526;Credit Card
2142;8395;12/07/2026;24408;Debit Card
2143;3186;16/06/2025;13043;Cash
2144;10608;12/10/2024;18630;Credit Card
2145;18047;18/05/2026;26109;Credit Card
2146;9179;13/04/2026;19539;Cash
2147;3913;27/08/2025;9515;Bank Transfer
2148;15298;29/06/2026;21123;Cash
2149;8452;08/03/2025;17528;Cash
2150;6960;08/09/2025;25703;Credit Card
2151;4440;26/01/2025;8282;Bank Transfer
2152;19156;29/08/2024;25369;Bank Transfer
2153;4005;10/08/2026;11330;Cash
2154;14461;15/12/2024;19604;Bank Transfer
2155;4881;26/10/2024;1918;Online
2156;18374;16/12/2024;29725;Debit Card
2157;786;14/04/2024;11406;Bank Transfer
2158;12934;04/12/2023;10499;Debit Card
2159;9084;05/08/2025;21927;Online
2160;18894;26/04/2024;6730;Credit Card
2161;8189;20/08/2026;21527;Credit Card
2162;11624;24/01/2026;4787;Bank Transfer
2163;17931;19/10/2023;26055;Bank Transfer
2164;109;30/12/2024;24802;Credit Card
2165;9800;23/12/2025;15507;Online
2166;2933;03/11/2024;26401;Credit Card
2167;1743;03/12/2024;1326;Debit Card
2168;8394;11/10/2025;21469;Online
2169;5278;15/02/2026;27548;Debit Card
2170;15365;30/05/2025;12695;Online
2171;1682;27/06/2026;15662;Credit Card
2172;19129;14/07/2025;18724;Debit Card
2173;2924;21/07/2025;14824;Debit Card
2174;10505;26/02/2025;11604;Cash
2175;1332;23/03/2024;27919;Debit Card
2176;12566;20/07/2024;618;Online
2177;19550;05/05/2024;9245;Bank Transfer
2178;6001;14/06/2024;848;Online
2179;8093;29/09/2023;19821;Debit Card
2180;17436;27/02/2026;23730;Online
2181;12613;17/07/2026;13525;Online
2182;246;04/08/2026;24149;Online
2183;19124;01/12/2024;19444;Debit Card
2184;143;25/11/2025;28992;Debit Card
2185;6870;06/04/2025;28341;Credit Card
2186;13799;15/09/2025;25551;Online
2187;1829;02/08/2025;2285;Cash
2188;1837;03/04/2026;4605;Online
2189;12637;28/07/2025;26647;Online
2190;7073;15/06/2025;21015;Cash
2191;14497;20/02/2025;5486;Cash
2192;6099;16/04/2024;11392;Online
2193;16883;11/11/2024;27735;Cash
2194;155;05/10/2025;21981;Debit Card
2195;4363;14/03/2024;22071;Cash
2196;2381;13/08/2026;20668;Bank Transfer
2197;2936;07/02/2024;17908;Cash
2198;4751;04/05/2025;14355;Credit Card
2199;19223;16/11/2024;5112;Bank Transfer
2200;16351;27/06/2026;5484;Cash
2201;12601;14/07/2025;3094;Credit Card
2202;6352;24/12/2023;21991;Credit Card
2203;14562;10/07/2026;5274;Bank Transfer
2204;2535;15/08/2026;19600;Online
2205;7158;23/09/2023;3472;Cash
2206;171;17/06/2025;8157;Bank Transfer
2207;7568;22/03/2024;9903;Cash
2208;12807;18/08/2025;19274;Online
2209;1367;06/04/2025;11855;Debit Card
2210;6778;23/05/2024;25331;Bank Transfer
2211;17096;20/03/2025;21659;Bank Transfer
2212;18626;13/02/2026;4309;Debit Card
2213;12379;31/08/2026;17950;Debit Card
2214;15781;14/05/2024;1293;Bank Transfer
2215;17589;07/08/2024;27835;Online
2216;14089;13/10/2023;28417;Bank Transfer
2217;16781;08/06/2024;13477;Bank Transfer
2218;1760;14/03/2025;11563;Online
2219;3062;11/03/2026;26846;Bank Transfer
2220;18784;02/04/2026;997;Online
2221;16751;31/03/2025;21620;Online
2222;10494;10/08/2025;3679;Debit Card
2223;14309;16/04/2024;28152;Debit Card
2224;18459;03/07/2025;1012;Credit Card
2225;2673;04/01/2026;21072;Cash
2226;13833;05/03/2026;20802;Debit Card
2227;6872;25/09/2024;21618;Cash
2228;10587;15/06/2025;5319;Cash
2229;9202;27/06/2025;8274;Debit Card
2230;10283;05/01/2026;12348;Credit Card
2231;8111;21/09/2023;6057;Online
2232;1994;02/01/2026;9494;Cash
2233;18460;02/02/2024;18736;Online
2234;3079;13/10/2023;6688;Credit Card
2235;6006;24/01/2026;11013;Online
2236;4331;04/11/2024;28406;Debit Card
2237;10944;22/07/2024;16785;Credit Card
2238;5618;29/11/2023;22658;Cash
2239;18711;20/11/2025;19596;Online
2240;8398;05/11/2023;10350;Debit Card
2241;17341;22/02/2026;3183;Credit Card
2242;9841;16/05/2025;5059;Bank Transfer
2243;13109;05/06/2026;17911;Online
2244;9070;31/05/2024;20515;Credit Card
2245;14344;06/11/2025;16582;Cash
2246;13053;29/11/2023;2166;Debit Card
2247;6931;18/03/2026;19632;Online
2248;1025;10/05/2026;29297;Cash
2249;11148;04/07/2024;28005;Online
2250;7578;28/04/2025;2321;Online
2251;12878;10/06/2025;17607;Debit Card
2252;8245;04/01/2025;1990;Bank Transfer
2253;13565;18/07/2024;8335;Debit Card
2254;14426;05/05/2024;6251;Credit Card
2255;12746;23/04/2025;24895;Debit Card
2256;2500;06/03/2024;25479;Bank Transfer
2257;5170;15/06/2024;10572;Online
2258;6992;10/02/2025;21263;Credit Card
2259;5994;19/08/2025;18856;Bank Transfer
2260;1067;28/08/2026;18262;Bank Transfer
2261;3861;01/03/2024;25062;Cash
2262;5235;14/11/2023;23560;Bank Transfer
2263;1596;23/03/2024;24250;Debit Card
2264;1220;26/08/2026;22075;Cash
2265;17717;08/06/2026;4067;Debit Card
2266;19771;09/08/2024;3074;Cash
2267;15968;19/06/2026;8170;Cash
2268;13333;08/05/2026;10763;Online
2269;6815;21/01/2026;23124;Debit Card
2270;2673;24/08/2025;7777;Credit Card
2271;19742;13/04/2026;1196;Credit Card
2272;12443;02/12/2025;25252;Debit Card
2273;5226;08/08/2025;22448;Bank Transfer
2274;4617;18/10/2024;1918;Online
2275;8683;25/08/2026;22085;Cash
2276;38;13/08/2024;29581;Debit Card
2277;4770;16/08/2024;13847;Bank Transfer
2278;16703;10/06/2025;13032;Credit Card
2279;3476;27/12/2023;26337;Credit Card
2280;305;20/05/2024;7072;Bank Transfer
2281;16167;12/04/2024;17151;Credit Card
2282;19121;22/02/2024;18478;Debit Card
2283;12937;06/11/2024;18735;Debit Card
2284;14705;05/05/2026;26474;Cash
2285;6428;01/08/2025;25669;Cash
2286;16319;10/05/2026;8188;Bank Transfer
2287;11572;20/12/2023;17629;Online
2288;9041;02/08/2025;9848;Cash
2289;17007;03/12/2025;18249;Credit Card
2290;10309;25/06/2025;20501;Credit Card
2291;13786;14/10/2023;20442;Credit Card
2292;19838;15/08/2025;14993;Debit Card
2293;14507;04/08/2025;13813;Credit Card
2294;14834;10/12/2023;27822;Credit Card
2295;7598;13/09/2024;25872;Online
2296;17895;13/11/2025;20652;Credit Card
2297;2987;20/10/2023;21740;Debit Card
2298;5941;13/05/2026;17286;Online
2299;19180;26/06/2024;17742;Debit Card
2300;10819;29/01/2024;17631;Bank Transfer
2301;13191;28/03/2024;16421;Debit Card
2302;7761;26/01/2026;29943;Online
2303;7603;16/07/2025;19256;Bank Transfer
2304;17015;01/11/2025;24945;Bank Transfer
2305;6122;30/11/2025;6741;Cash
2306;3206;25/02/2024;21202;Credit Card
2307;940;12/04/2026;19484;Cash
2308;19538;28/05/2026;13965;Debit Card
2309;5120;16/02/2025;22346;Cash
2310;319;21/01/2026;10163;Debit Card
2311;12368;30/10/2024;7540;Online
2312;9587;20/09/2024;14145;Bank Transfer
2313;7096;25/02/2024;1656;Credit Card
2314;3827;04/02/2024;17278;Cash
2315;901;04/02/2024;10083;Credit Card
2316;11389;04/02/2025;11260;Bank Transfer
2317;10943;23/11/2023;4724;Online
2318;3022;13/08/2024;13882;Debit Card
2319;5190;21/01/2024;19896;Cash
2320;1917;08/06/2026;18645;Debit Card
2321;11937;03/12/2025;19513;Debit Card
2322;6577;13/05/2025;4201;Debit Card
2323;14126;16/08/2026;29654;Debit Card
2324;1873;15/04/2026;15537;Credit Card
2325;8881;31/12/2025;17674;Debit Card
2326;5550;08/10/2025;18163;Debit Card
2327;7962;30/10/2025;24036;Online
2328;1186;28/03/2024;8244;Credit Card
2329;5343;29/01/2024;6524;Online
2330;19597;01/06/2026;16044;Bank Transfer
2331;5624;03/02/2024;24555;Online
2332;2171;08/11/2024;15328;Bank Transfer
2333;3301;04/11/2025;15637;Online
2334;16415;03/07/2024;29828;Credit Card
2335;12039;11/01/2024;21342;Debit Card
2336;9049;29/09/2024;20441;Cash
2337;8932;25/12/2024;20981;Cash
2338;6023;24/10/2024;20896;Bank Transfer
2339;253;17/05/2025;21671;Online
2340;4198;21/10/2024;17499;Debit Card
2341;2303;28/08/2024;9098;Bank Transfer
2342;19585;21/01/2026;8527;Online
2343;13726;24/11/2024;17735;Credit Card
2344;6422;07/01/2026;5191;Debit Card
2345;3109;06/06/2026;21955;Credit Card
2346;4255;15/10/2025;27190;Online
2347;4149;17/08/2025;11585;Bank Transfer
2348;19268;07/02/2025;17770;Cash
2349;12231;25/06/2025;26914;Bank Transfer
2350;8736;12/06/2025;12265;Debit Card
2351;2013;18/08/2024;24053;Bank Transfer
2352;1083;22/01/2025;27679;Online
2353;556;06/07/2024;21617;Cash
2354;1670;02/06/2025;29437;Credit Card
2355;8921;22/03/2024;29762;Bank Transfer
2356;9103;10/10/2023;24254;Cash
2357;12130;22/07/2025;20365;Online
2358;18117;02/05/2024;11818;Debit Card
2359;5868;12/11/2023;26483;Credit Card
2360;16365;01/11/2023;26516;Credit Card
2361;16305;06/11/2023;993;Credit Card
2362;8155;17/10/2023;11114;Bank Transfer
2363;6500;13/05/2026;21640;Credit Card
2364;5712;11/09/2025;2153;Online
2365;7758;15/05/2024;16517;Cash
2366;13925;21/07/2026;17969;Bank Transfer
2367;12933;18/10/2023;6777;Credit Card
2368;11912;30/12/2025;27400;Debit Card
2369;39;07/12/2024;18667;Credit Card
2370;7269;15/05/2025;20095;Debit Card
2371;1239;21/09/2024;6621;Credit Card
2372;7362;06/08/2025;17649;Online
2373;9555;20/01/2025;3778;Online
2374;6793;15/09/2023;22314;Credit Card
2375;19563;17/12/2023;7318;Bank Transfer
2376;10464;28/10/2025;1886;Online
2377;11006;14/12/2024;11699;Online
2378;15295;09/03/2025;6062;Bank Transfer
2379;1662;17/06/2026;9214;Bank Transfer
2380;3657;12/06/2024;19432;Debit Card
2381;9769;03/05/2026;17746;Credit Card
2382;13706;04/08/2025;2796;Credit Card
2383;3042;08/10/2024;16098;Bank Transfer
2384;1654;26/02/2024;22163;Online
2385;8043;09/05/2026;12022;Bank Transfer
2386;1099;16/12/2023;25366;Online
2387;14431;23/08/2025;11468;Credit Card
2388;589;24/10/2024;1239;Cash
2389;12486;31/03/2026;25365;Debit Card
2390;4426;08/03/2024;3896;Online
2391;1234;03/10/2023;17904;Cash
2392;17873;16/01/2026;20791;Credit Card
2393;18772;25/01/2025;12613;Online
2394;6079;22/04/2026;5202;Debit Card
2395;9573;23/11/2024;7827;Debit Card
2396;8743;25/07/2026;12977;Online
2397;11894;23/10/2024;5880;Credit Card
2398;16425;30/03/2024;22303;Cash
2399;12551;16/11/2023;12757;Online
2400;10953;16/03/2025;2302;Online
2401;9524;05/01/2026;29677;Credit Card
2402;10538;19/07/2026;2371;Cash
2403;4746;10/10/2023;15025;Online
2404;1899;12/04/2025;26857;Credit Card
2405;125;27/12/2023;25712;Cash
2406;2410;10/01/2025;14321;Cash
2407;10420;21/07/2026;9194;Debit Card
2408;13650;14/11/2023;19110;Credit Card
2409;9065;18/11/2023;9980;Credit Card
2410;15676;13/12/2023;6745;Cash
2411;19091;25/06/2025;20294;Credit Card
2412;4016;07/01/2024;953;Cash
2413;6100;19/08/2026;1764;Debit Card
2414;8410;26/12/2024;6743;Online
2415;7646;18/10/2023;11519;Cash
2416;11200;27/03/2026;4998;Bank Transfer
2417;14388;08/08/2024;5800;Bank Transfer
2418;10539;02/10/2025;12248;Online
2419;1739;01/09/2025;13116;Bank Transfer
2420;16663;30/04/2026;19647;Online
2421;3564;19/12/2023;13385;Debit Card
2422;771;11/01/2025;18147;Debit Card
2423;13867;27/08/2024;29094;Bank Transfer
2424;5403;10/08/2024;29452;Debit Card
2425;11514;04/07/2024;25878;Cash
2426;3963;01/08/2026;15093;Debit Card
2427;14927;01/01/2026;24425;Debit Card
2428;6654;15/10/2024;18605;Bank Transfer
2429;12682;22/05/2025;12505;Online
2430;17299;12/01/2024;1376;Debit Card
2431;16804;24/10/2024;5064;Debit Card
2432;16840;14/03/2024;18056;Online
2433;9422;11/10/2025;13016;Credit Card
2434;2482;26/12/2025;9802;Bank Transfer
2435;2989;26/03/2024;7332;Bank Transfer
2436;780;19/01/2024;9014;Online
2437;14142;19/09/2023;3604;Cash
2438;800;27/06/2025;14270;Cash
2439;7932;07/12/2025;28878;Credit Card
2440;18995;18/05/2025;20252;Debit Card
2441;15463;08/11/2023;840;Debit Card
2442;2741;03/10/2025;20936;Credit Card
2443;14485;09/12/2023;25161;Cash
2444;18233;07/07/2026;10040;Bank Transfer
2445;13064;13/12/2025;13206;Online
2446;10522;18/07/2026;29798;Bank Transfer
2447;3940;04/06/2026;5125;Bank Transfer
2448;3363;09/04/2024;3995;Debit Card
2449;5649;04/12/2025;20031;Cash
2450;17941;15/10/2024;6444;Cash
2451;11860;08/03/2025;14844;Credit Card
2452;13768;19/07/2026;21332;Debit Card
2453;11990;21/03/2024;5415;Cash
2454;17822;05/09/2024;29844;Online
2455;9055;14/03/2026;16736;Debit Card
2456;17688;15/11/2024;2553;Cash
2457;5796;13/05/2026;18256;Online
2458;1110;14/04/2026;26639;Cash
2459;3906;23/11/2025;14995;Bank Transfer
2460;12464;07/03/2024;8671;Cash
2461;15190;23/03/2025;2339;Cash
2462;14404;17/07/2025;10772;Online
2463;19035;28/10/2025;9418;Online
2464;12834;05/11/2025;24091;Cash
2465;18360;03/05/2026;22556;Online
2466;18747;15/07/2026;7387;Credit Card
2467;6938;19/04/2026;13024;Online
2468;17266;06/04/2025;25746;Cash
2469;3102;25/05/2026;14258;Online
2470;12985;18/06/2025;1552;Debit Card
2471;8714;23/09/2023;22517;Credit Card
2472;7649;20/11/2024;2584;Bank Transfer
2473;3973;07/07/2026;25585;Credit Card
2474;13968;19/06/2026;6981;Debit Card
2475;18735;08/04/2025;2197;Cash
2476;16761;06/03/2026;3795;Cash
2477;19275;29/05/2024;2536;Cash
2478;6878;07/12/2025;22246;Debit Card
2479;18573;27/10/2023;12814;Cash
2480;1479;10/07/2024;25404;Cash
2481;3397;13/03/2026;20997;Bank Transfer
2482;6790;30/03/2025;8627;Online
2483;7153;26/08/2026;12519;Credit Card
2484;13576;28/05/2024;16796;Online
2485;3658;22/03/2024;24899;Credit Card
2486;10873;07/11/2024;6955;Online
2487;8382;15/06/2025;20786;Bank Transfer
2488;13674;07/07/2026;2729;Bank Transfer
2489;14516;26/03/2024;18150;Bank Transfer
2490;16089;04/11/2023;17876;Credit Card
2491;9129;20/01/2026;26609;Cash
2492;8269;07/08/2025;11423;Credit Card
2493;5219;29/03/2025;16939;Online
2494;15944;17/03/2026;25409;Credit Card
2495;6577;07/11/2024;2827;Credit Card
2496;19825;05/04/2024;29647;Online
2497;18371;21/02/2025;27986;Debit Card
2498;17347;15/10/2023;14632;Bank Transfer
2499;19674;29/04/2026;26991;Bank Transfer
2500;6843;29/09/2023;1304;Credit Card
2501;5704;12/12/2025;5221;Debit Card
2502;12038;21/07/2024;16883;Online
2503;15377;06/12/2023;29131;Debit Card
2504;19795;20/11/2023;19212;Debit Card
2505;5339;17/09/2025;25555;Credit Card
2506;7814;06/11/2024;8647;Bank Transfer
2507;14835;16/11/2025;21728;Cash
2508;9908;16/02/2024;17936;Bank Transfer
2509;18576;21/03/2024;21456;Online
2510;13552;29/07/2024;19126;Cash
2511;405;06/04/2025;23960;Online
2512;6729;16/07/2026;10960;Credit Card
2513;12702;04/06/2024;9358;Debit Card
2514;16064;21/04/2026;19173;Bank Transfer
2515;14074;23/03/2026;23688;Credit Card
2516;13511;07/06/2025;27368;Bank Transfer
2517;2251;15/02/2024;23624;Credit Card
2518;18937;11/07/2025;9477;Online
2519;5510;07/06/2026;24620;Bank Transfer
2520;15366;24/05/2024;13581;Bank Transfer
2521;1745;26/07/2024;2268;Credit Card
2522;11529;14/06/2024;10057;Bank Transfer
2523;1304;30/08/2026;11766;Online
2524;13521;01/12/2023;7618;Online
2525;5307;21/10/2023;8746;Debit Card
2526;6422;19/02/2026;9146;Online
2527;2492;23/06/2026;1296;Debit Card
2528;8448;22/08/2024;22647;Debit Card
2529;2839;01/01/2025;19209;Bank Transfer
2530;7751;13/09/2023;15517;Credit Card
2531;9778;26/03/2025;3020;Bank Transfer
2532;6284;19/07/2024;28916;Credit Card
2533;8505;06/02/2025;6397;Credit Card
2534;16586;16/07/2026;10880;Online
2535;11791;07/01/2026;19125;Debit Card
2536;719;25/02/2025;3309;Bank Transfer
2537;8702;13/04/2024;19399;Cash
2538;15474;11/08/2024;8070;Online
2539;12763;24/02/2026;9654;Online
2540;7969;01/06/2026;28800;Bank Transfer
2541;19805;30/04/2025;6511;Bank Transfer
2542;11476;15/07/2025;19054;Online
2543;4308;05/09/2026;13165;Online
2544;14326;01/05/2025;26577;Cash
2545;3520;25/01/2024;18944;Cash
2546;19435;19/06/2024;16248;Credit Card
2547;166;27/06/2024;9774;Bank Transfer
2548;18263;09/09/2026;19382;Cash
2549;16389;28/03/2024;20294;Credit Card
2550;649;19/12/2024;3606;Cash
2551;2346;31/12/2023;17016;Cash
2552;11765;06/04/2024;19943;Debit Card
2553;7762;09/07/2025;7772;Cash
2554;14862;04/01/2026;16361;Debit Card
2555;13465;08/11/2024;23135;Credit Card
2556;4294;23/07/2025;23697;Debit Card
2557;6981;24/06/2024;27133;Credit Card
2558;5654;17/08/2024;4583;Bank Transfer
2559;9305;19/07/2026;3379;Cash
2560;14990;26/08/2025;20799;Credit Card
2561;15753;05/03/2024;20286;Online
2562;19905;19/05/2025;20711;Online
2563;243;20/11/2023;15751;Cash
2564;11788;18/03/2026;1007;Cash
2565;8761;05/07/2026;23424;Debit Card
2566;14953;15/11/2023;23230;Cash
2567;11807;05/01/2026;2062;Online
2568;15917;16/04/2024;11570;Debit Card
2569;16667;19/11/2025;22810;Credit Card
2570;18904;01/07/2024;611;Debit Card
2571;14160;28/11/2024;11387;Debit Card
2572;8463;07/04/2026;10642;Online
2573;5547;11/11/2023;4593;Credit Card
2574;6674;26/03/2025;7896;Cash
2575;8104;07/04/2026;29493;Cash
2576;8477;22/07/2026;4359;Credit Card
2577;1889;03/05/2024;28046;Bank Transfer
2578;17747;29/06/2024;28720;Cash
2579;19238;22/03/2024;16823;Online
2580;17845;29/07/2024;15463;Credit Card
2581;8552;31/07/2025;23883;Cash
2582;12011;10/01/2025;3461;Bank Transfer
2583;1861;09/09/2025;26507;Cash
2584;3450;25/10/2025;13249;Debit Card
2585;13776;03/12/2023;5931;Cash
2586;8545;26/06/2025;27236;Cash
2587;3072;10/06/2024;22374;Bank Transfer
2588;4473;23/01/2025;19824;Credit Card
2589;14784;20/01/2025;27536;Bank Transfer
2590;2688;18/10/2024;20407;Credit Card
2591;4993;14/04/2024;28059;Debit Card
2592;4480;13/07/2024;1296;Credit Card
2593;8412;10/01/2026;13775;Online
2594;16882;05/02/2024;7668;Credit Card
2595;15385;27/02/2025;12870;Bank Transfer
2596;12608;10/08/2024;4368;Credit Card
2597;16405;20/06/2024;13888;Bank Transfer
2598;13345;20/11/2023;24441;Credit Card
2599;19085;07/11/2025;20289;Cash
2600;378;21/02/2026;22294;Debit Card
2601;14236;07/10/2024;14292;Bank Transfer
2602;12536;17/11/2024;4542;Online
2603;9431;20/04/2025;15475;Online
2604;15879;30/03/2024;14623;Credit Card
2605;7763;28/09/2024;4846;Credit Card
2606;11228;30/08/2026;5386;Debit Card
2607;6332;02/06/2024;6194;Credit Card
2608;12481;19/03/2024;4958;Cash
2609;10225;18/11/2024;5411;Bank Transfer
2610;11475;11/07/2024;20056;Bank Transfer
2611;18100;12/05/2026;11767;Bank Transfer
2612;6890;07/02/2026;2909;Bank Transfer
2613;13228;12/03/2024;20638;Credit Card
2614;19314;15/02/2026;12740;Bank Transfer
2615;19050;08/02/2026;14110;Debit Card
2616;19981;02/08/2024;16812;Bank Transfer
2617;11939;16/05/2026;24395;Credit Card
2618;4105;14/06/2025;22076;Credit Card
2619;10289;07/06/2024;26932;Bank Transfer
2620;5011;30/03/2025;21837;Online
2621;6378;14/05/2024;21464;Credit Card
2622;13074;22/02/2026;4011;Bank Transfer
2623;2855;23/03/2024;29399;Credit Card
2624;4695;28/10/2024;23027;Cash
2625;6493;27/02/2025;3953;Bank Transfer
2626;18989;26/07/2026;23884;Cash
2627;6466;12/10/2025;29531;Bank Transfer
2628;10449;26/04/2024;26873;Debit Card
2629;10059;13/05/2025;8032;Cash
2630;12996;19/09/2023;16262;Credit Card
2631;1593;01/03/2024;27040;Credit Card
2632;2365;30/11/2025;18946;Debit Card
2633;15059;17/02/2024;13764;Debit Card
2634;7244;09/08/2025;12030;Debit Card
2635;9671;24/10/2024;29683;Online
2636;8807;09/03/2025;1215;Cash
2637;3195;26/05/2026;28395;Credit Card
2638;3132;17/12/2024;29177;Bank Transfer
2639;12735;26/09/2023;20543;Online
2640;9031;11/05/2024;26199;Debit Card
2641;456;25/05/2026;3432;Online
2642;4852;25/02/2026;19031;Credit Card
2643;807;17/02/2024;25090;Debit Card
2644;11556;15/07/2024;2800;Cash
2645;11505;18/09/2024;21098;Credit Card
2646;18532;22/05/2025;13394;Bank Transfer
2647;1924;01/12/2025;4046;Debit Card
2648;6794;25/01/2025;27300;Online
2649;17122;05/10/2024;11730;Cash
2650;7983;03/05/2024;17758;Credit Card
2651;1664;21/05/2024;7456;Online
2652;4687;24/01/2025;29335;Debit Card
2653;17617;20/06/2024;16988;Online
2654;8130;14/12/2023;27805;Bank Transfer
2655;12622;20/07/2025;15659;Cash
2656;13675;10/08/2024;2616;Cash
2657;6819;13/07/2026;9451;Cash
2658;7522;25/03/2026;15011;Bank Transfer
2659;1146;05/10/2025;18004;Debit Card
2660;17800;13/12/2023;26130;Debit Card
2661;14933;17/07/2025;21234;Bank Transfer
2662;8875;22/09/2025;932;Debit Card
2663;6101;16/01/2026;26477;Debit Card
2664;309;21/04/2026;11845;Bank Transfer
2665;4401;25/09/2025;17465;Debit Card
2666;19648;30/05/2024;7141;Debit Card
2667;11492;24/10/2024;8467;Bank Transfer
2668;8014;01/07/2025;12074;Cash
2669;10754;27/12/2023;24947;Debit Card
2670;16460;23/02/2026;11852;Bank Transfer
2671;7243;01/01/2026;3841;Cash
2672;10182;27/10/2023;21586;Debit Card
2673;3167;24/12/2024;21468;Debit Card
2674;14101;14/02/2026;29022;Cash
2675;1711;11/11/2025;15549;Cash
2676;13602;01/05/2026;6895;Bank Transfer
2677;16503;10/10/2025;29622;Debit Card
2678;18405;27/04/2024;25431;Bank Transfer
2679;9051;15/01/2025;3743;Bank Transfer
2680;18637;26/10/2025;14233;Credit Card
2681;15297;20/07/2025;27767;Credit Card
2682;14754;30/03/2026;15392;Online
2683;13456;12/11/2024;11688;Bank Transfer
2684;17600;12/11/2025;14812;Credit Card
2685;15400;25/09/2023;27720;Cash
2686;3532;14/01/2024;18114;Credit Card
2687;9051;14/05/2026;8519;Online
2688;14830;02/08/2026;17318;Debit Card
2689;2539;28/04/2026;8694;Cash
2690;16304;16/09/2023;10669;Bank Transfer
2691;6411;04/09/2025;10441;Credit Card
2692;2202;03/08/2026;15571;Bank Transfer
2693;16648;26/11/2024;13427;Debit Card
2694;16774;20/05/2025;2521;Online
2695;4922;27/04/2024;25162;Bank Transfer
2696;13439;18/12/2023;25651;Bank Transfer
2697;13235;15/01/2026;19906;Online
2698;6616;15/06/2024;20878;Bank Transfer
2699;2591;26/09/2024;15970;Debit Card
2700;9900;22/01/2025;5459;Credit Card
2701;19773;22/11/2024;16068;Credit Card
2702;17902;02/07/2026;18148;Cash
2703;620;12/06/2025;14554;Debit Card
2704;4018;25/06/2026;27556;Cash
2705;2018;21/03/2024;4543;Online
2706;2614;06/06/2025;17631;Online
2707;5749;18/11/2025;10726;Bank Transfer
2708;17033;25/12/2023;18183;Debit Card
2709;703;16/06/2024;20751;Cash
2710;13610;03/11/2024;9721;Debit Card
2711;18402;14/10/2023;3108;Bank Transfer
2712;18606;01/09/2026;15656;Credit Card
2713;10395;11/11/2025;9404;Credit Card
2714;13611;22/10/2024;28101;Debit Card
2715;5168;03/06/2024;29493;Online
2716;13406;03/01/2024;27176;Bank Transfer
2717;9373;07/04/2025;8385;Cash
2718;15418;05/03/2026;6037;Bank Transfer
2719;17148;07/06/2025;20833;Online
2720;2935;04/09/2025;24001;Online
2721;1219;20/10/2024;20606;Debit Card
2722;16954;31/01/2024;25122;Cash
2723;18594;18/08/2026;2705;Online
2724;9225;15/01/2025;27304;Cash
2725;2524;04/12/2023;2187;Online
2726;16252;22/06/2026;8274;Online
2727;12685;09/11/2025;13730;Debit Card
2728;16202;12/07/2025;22143;Bank Transfer
2729;9340;01/02/2025;6392;Online
2730;11487;30/04/2025;17083;Bank Transfer
2731;11278;20/01/2026;26184;Debit Card
2732;8081;03/10/2023;22178;Debit Card
2733;19246;01/04/2025;26049;Online
2734;18767;07/09/2026;2508;Online
2735;6283;04/12/2024;16946;Credit Card
2736;16231;28/11/2025;18738;Credit Card
2737;14907;03/08/2024;14600;Credit Card
2738;16789;21/04/2025;3464;Online
2739;14750;11/04/2025;26192;Bank Transfer
2740;7696;24/03/2024;20001;Debit Card
2741;763;02/10/2023;1197;Cash
2742;14435;01/01/2024;3496;Cash
2743;18490;13/09/2024;15412;Bank Transfer
2744;6577;30/03/2025;2960;Debit Card
2745;2661;08/02/2024;660;Debit Card
2746;8724;02/06/2026;13494;Bank Transfer
2747;19295;03/02/2024;17881;Online
2748;4087;03/02/2024;5745;Bank Transfer
2749;11958;19/03/2025;24147;Debit Card
2750;1198;21/04/2025;14631;Cash
2751;13663;19/08/2026;29887;Credit Card
2752;11707;25/09/2024;29723;Online
2753;4875;10/11/2025;7100;Credit Card
2754;13066;06/02/2025;18802;Debit Card
2755;16270;25/08/2025;6850;Cash
2756;19935;06/08/2026;22795;Bank Transfer
2757;7855;19/06/2025;10112;Online
2758;653;02/12/2023;5389;Credit Card
2759;10458;14/07/2026;1047;Bank Transfer
2760;4517;04/07/2024;14740;Cash
2761;17712;28/09/2024;14098;Credit Card
2762;6261;08/03/2026;15881;Bank Transfer
2763;6041;08/10/2024;26022;Credit Card
2764;4429;16/03/2026;13587;Online
2765;7170;17/03/2026;6038;Credit Card
2766;11725;20/03/2026;578;Online
2767;19275;09/07/2025;26800;Online
2768;7830;03/02/2024;7467;Credit Card
2769;1022;22/01/2026;24075;Cash
2770;8187;12/12/2025;19575;Cash
2771;5304;06/01/2026;18037;Cash
2772;13597;21/01/2024;21846;Debit Card
2773;13890;15/09/2023;4324;Cash
2774;15357;12/10/2025;10237;Credit Card
2775;5712;05/11/2024;24520;Bank Transfer
2776;14542;01/05/2026;1789;Online
2777;18033;02/03/2026;6447;Bank Transfer
2778;7998;24/03/2024;22279;Online
2779;9518;01/03/2026;7288;Bank Transfer
2780;1154;09/11/2023;8370;Cash
2781;13455;12/01/2024;15197;Debit Card
2782;15643;07/11/2023;6965;Bank Transfer
2783;16295;09/08/2025;6482;Credit Card
2784;2287;19/01/2026;16395;Online
2785;9422;02/05/2025;18078;Bank Transfer
2786;10741;06/02/2026;28022;Bank Transfer
2787;12620;30/11/2025;25587;Online
2788;1004;24/01/2025;2928;Cash
2789;10895;29/08/2026;15412;Debit Card
2790;14600;22/08/2026;15419;Bank Transfer
2791;1010;31/12/2025;17322;Debit Card
2792;4698;05/04/2025;10442;Bank Transfer
2793;4638;06/11/2024;29271;Bank Transfer
2794;12494;12/05/2025;25184;Cash
2795;14046;22/09/2024;3559;Bank Transfer
2796;14861;27/12/2024;15182;Online
2797;8730;28/06/2026;15304;Debit Card
2798;7560;12/01/2025;24078;Credit Card
2799;19809;07/10/2025;11301;Debit Card
2800;8562;28/08/2024;27295;Bank Transfer
2801;8809;08/03/2026;4278;Online
2802;9763;18/12/2023;26784;Bank Transfer
2803;10197;15/01/2024;23645;Bank Transfer
2804;11054;08/11/2025;19865;Debit Card
2805;13695;25/04/2025;13551;Credit Card
2806;15411;15/06/2026;15033;Credit Card
2807;19145;20/01/2024;12248;Online
2808;1778;10/06/2026;9001;Credit Card
2809;48;13/03/2026;5640;Bank Transfer
2810;18583;11/09/2025;22397;Debit Card
2811;18181;12/06/2025;23569;Debit Card
2812;18638;21/08/2026;4194;Credit Card
2813;2397;09/06/2024;28976;Bank Transfer
2814;14745;04/11/2023;16115;Debit Card
2815;11666;24/05/2024;11528;Online
2816;836;28/10/2025;5330;Debit Card
2817;7776;14/07/2024;10365;Debit Card
2818;2504;06/01/2026;3513;Credit Card
2819;11243;27/01/2024;13287;Credit Card
2820;13117;08/10/2024;27450;Cash
2821;5560;09/12/2023;16115;Cash
2822;13862;17/10/2024;11063;Bank Transfer
2823;18575;02/10/2023;20354;Debit Card
2824;4549;31/08/2026;5886;Debit Card
2825;16995;06/10/2024;16446;Online
2826;18071;27/07/2025;25993;Bank Transfer
2827;4522;27/09/2025;3645;Credit Card
2828;7106;12/09/2026;11305;Debit Card
2829;6786;26/11/2025;25078;Online
2830;9350;21/06/2024;21189;Cash
2831;18908;11/07/2026;11046;Bank Transfer
2832;10639;20/08/2026;23328;Credit Card
2833;1528;18/02/2024;9625;Bank Transfer
2834;18072;04/01/2025;6826;Debit Card
2835;2757;16/05/2026;9171;Bank Transfer
2836;4680;10/09/2026;16265;Debit Card
2837;9271;05/03/2026;22550;Online
2838;15682;20/08/2025;28561;Debit Card
2839;2951;21/08/2024;19150;Bank Transfer
2840;11131;17/01/2024;20692;Online
2841;2674;20/08/2024;20041;Debit Card
2842;14028;19/06/2024;7538;Online
2843;17463;19/07/2024;4470;Online
2844;1440;20/06/2024;13810;Online
2845;7078;19/10/2025;6177;Credit Card
2846;1453;05/09/2024;2803;Online
2847;16566;13/04/2025;10785;Debit Card
2848;13992;14/09/2024;14708;Online
2849;572;10/08/2024;985;Bank Transfer
2850;5611;25/05/2025;12388;Cash
2851;7671;28/12/2024;16396;Bank Transfer
2852;6050;16/05/2026;12157;Cash
2853;12658;24/02/2026;23523;Cash
2854;13808;28/06/2024;12638;Debit Card
2855;11717;11/10/2024;1064;Debit Card
2856;1366;19/12/2025;5649;Cash
2857;5731;30/05/2025;10996;Online
2858;7917;23/05/2024;16827;Credit Card
2859;14680;13/04/2026;21201;Credit Card
2860;7646;19/01/2025;2010;Bank Transfer
2861;5936;21/09/2023;3200;Debit Card
2862;226;15/02/2025;10911;Bank Transfer
2863;2606;02/11/2024;6028;Debit Card
2864;13963;04/02/2025;21741;Cash
2865;5098;06/12/2025;26229;Cash
2866;4313;18/01/2024;15315;Credit Card
2867;10172;29/08/2025;13367;Debit Card
2868;7011;23/10/2024;28906;Credit Card
2869;131;06/12/2023;27406;Online
2870;2658;08/03/2025;26715;Bank Transfer
2871;10207;26/07/2024;13302;Online
2872;7345;30/04/2025;24786;Credit Card
2873;16440;21/03/2024;13349;Online
2874;12300;28/05/2026;9102;Bank Transfer
2875;10911;23/03/2024;14242;Online
2876;8353;05/11/2023;3873;Debit Card
2877;8842;13/08/2024;24803;Debit Card
2878;3400;22/11/2023;5093;Bank Transfer
2879;9085;12/11/2024;20083;Bank Transfer
2880;8758;29/05/2026;7755;Cash
2881;10598;10/02/2024;2581;Online
2882;5477;30/08/2024;5955;Credit Card
2883;6947;03/04/2026;15382;Online
2884;14202;11/11/2024;8703;Cash
2885;11941;26/03/2025;24915;Online
2886;14409;17/07/2025;2724;Credit Card
2887;401;12/02/2025;10263;Online
2888;13834;18/06/2024;29104;Online
2889;6176;10/07/2026;11984;Online
2890;18327;31/10/2024;29159;Online
2891;15127;12/04/2025;957;Debit Card
2892;9467;21/10/2024;12896;Cash
2893;9929;17/06/2025;7971;Cash
2894;8480;21/02/2026;4952;Online
2895;4594;10/01/2025;28806;Bank Transfer
2896;2535;20/04/2025;29991;Debit Card
2897;3075;17/03/2026;4375;Cash
2898;10200;12/01/2025;6419;Debit Card
2899;19166;08/12/2023;25545;Online
2900;16814;24/06/2026;8401;Debit Card
2901;13438;07/08/2026;29525;Online
2902;19022;08/10/2025;13245;Bank Transfer
2903;4660;19/09/2025;27659;Online
2904;10614;10/02/2025;23721;Credit Card
2905;14780;21/03/2026;3363;Bank Transfer
2906;19820;05/07/2026;20219;Credit Card
2907;10452;08/10/2024;27342;Online
2908;13718;06/09/2026;23242;Cash
2909;6603;03/01/2026;21882;Credit Card
2910;15949;17/08/2024;6678;Debit Card
2911;241;06/07/2026;12328;Cash
2912;11049;16/03/2026;16260;Debit Card
2913;19197;29/03/2024;1788;Debit Card
2914;255;15/05/2024;19002;Bank Transfer
2915;9829;18/12/2023;14353;Credit Card
2916;13722;30/09/2023;22251;Debit Card
2917;267;08/10/2025;28608;Cash
2918;5138;14/09/2025;28581;Bank Transfer
2919;10844;28/10/2024;13369;Bank Transfer
2920;14840;07/09/2025;18121;Bank Transfer
2921;4109;07/06/2025;1431;Online
2922;17529;21/10/2024;23621;Debit Card
2923;4728;04/06/2026;15035;Credit Card
2924;2948;27/04/2025;23644;Online
2925;4271;06/11/2023;11640;Debit Card
2926;9248;14/11/2024;13224;Cash
2927;2813;06/09/2024;3965;Cash
2928;9197;16/03/2025;19977;Online
2929;7666;02/12/2024;6157;Debit Card
2930;11565;30/09/2023;17189;Debit Card
2931;11503;23/03/2024;10330;Cash
2932;16769;04/09/2024;3567;Cash
2933;6955;16/05/2026;15540;Cash
2934;19756;22/11/2023;13961;Online
2935;5523;20/07/2025;1343;Credit Card
2936;16367;31/05/2025;8407;Credit Card
2937;5577;25/08/2026;7896;Cash
2938;18859;18/06/2025;28453;Online
2939;6488;05/11/2023;19015;Online
2940;13645;09/07/2026;20967;Credit Card
2941;4269;18/08/2024;5636;Cash
2942;19881;01/04/2024;4236;Credit Card
2943;5953;01/02/2026;27842;Credit Card
2944;5576;07/03/2025;7610;Debit Card
2945;3795;20/11/2025;23122;Cash
2946;7774;17/01/2026;26462;Bank Transfer
2947;11837;24/09/2025;9108;Online
2948;7796;17/05/2024;11744;Cash
2949;2297;16/10/2024;20729;Online
2950;11410;24/12/2024;21768;Debit Card
2951;7443;19/05/2024;18479;Bank Transfer
2952;4729;20/12/2023;6062;Cash
2953;10375;10/08/2026;24904;Cash
2954;2864;04/10/2023;5588;Credit Card
2955;7731;06/06/2026;28996;Credit Card
2956;15036;16/08/2024;22102;Debit Card
2957;9949;26/10/2023;2308;Cash
2958;19587;18/05/2024;12519;Bank Transfer
2959;12388;07/01/2025;19762;Credit Card
2960;3632;03/09/2025;22135;Bank Transfer
2961;18047;30/08/2024;9959;Online
2962;8681;07/07/2026;16627;Debit Card
2963;6842;02/04/2026;14927;Online
2964;16673;26/12/2023;6026;Bank Transfer
2965;16962;14/11/2023;8298;Credit Card
2966;4530;27/11/2024;24491;Cash
2967;5145;25/04/2026;7195;Cash
2968;16170;21/07/2024;25132;Online
2969;6776;14/03/2025;15048;Debit Card
2970;1389;14/02/2024;15721;Online
2971;5136;20/08/2024;16627;Debit Card
2972;676;29/07/2026;11460;Cash
2973;892;07/06/2026;25230;Cash
2974;16042;08/08/2026;2942;Bank Transfer
2975;18114;11/03/2025;2471;Online
2976;2092;09/05/2026;18666;Bank Transfer
2977;10751;07/12/2024;866;Debit Card
2978;16248;24/03/2024;22962;Online
2979;15277;14/02/2025;9983;Bank Transfer
2980;15103;30/07/2024;7734;Bank Transfer
2981;9801;28/11/2025;16112;Cash
2982;19913;14/12/2023;7863;Credit Card
2983;14637;01/12/2024;21286;Cash
2984;3186;24/05/2026;6601;Bank Transfer
2985;6110;08/10/2025;8593;Debit Card
2986;7690;22/11/2025;23036;Bank Transfer
2987;19297;17/11/2025;12187;Online
2988;14375;19/10/2024;24214;Bank Transfer
2989;3033;30/01/2026;6409;Online
2990;3304;30/12/2025;16103;Bank Transfer
2991;19986;15/10/2025;9055;Credit Card
2992;11754;27/12/2024;2718;Credit Card
2993;11364;13/10/2024;3645;Bank Transfer
2994;4410;22/01/2024;13805;Debit Card
2995;16159;05/08/2024;18062;Cash
2996;15358;17/06/2024;29091;Online
2997;17648;23/06/2025;22800;Bank Transfer
2998;5954;04/04/2025;25355;Debit Card
2999;16313;31/12/2025;8034;Online
3000;14888;26/04/2026;21873;Bank Transfer
3001;1869;15/08/2024;28267;Bank Transfer
3002;7360;17/12/2025;5485;Online
3003;10653;27/12/2025;11798;Cash
3004;9455;04/04/2025;19330;Cash
3005;9557;10/01/2024;28959;Debit Card
3006;6215;03/07/2026;16065;Debit Card
3007;167;08/06/2026;12618;Debit Card
3008;4161;24/06/2024;25656;Online
3009;11810;04/03/2024;21309;Debit Card
3010;2254;08/05/2025;12258;Debit Card
3011;7027;08/08/2026;18614;Credit Card
3012;6091;13/02/2024;17954;Cash
3013;10680;11/08/2025;17479;Credit Card
3014;17550;08/02/2024;13302;Cash
3015;13530;10/05/2026;19799;Cash
3016;17355;16/12/2025;2885;Bank Transfer
3017;14549;14/12/2023;3666;Debit Card
3018;3707;09/01/2024;16557;Cash
3019;10501;24/05/2026;18563;Debit Card
3020;5552;11/10/2024;16919;Debit Card
3021;11938;03/05/2024;8894;Cash
3022;12317;09/01/2024;7364;Cash
3023;19905;13/08/2026;9313;Bank Transfer
3024;5291;31/01/2024;2062;Credit Card
3025;16059;18/09/2025;5730;Credit Card
3026;5721;15/06/2026;23648;Cash
3027;16694;15/03/2025;3132;Debit Card
3028;4147;08/09/2025;6824;Credit Card
3029;969;17/12/2025;26130;Cash
3030;8549;30/07/2024;6044;Online
3031;3813;21/06/2024;11817;Credit Card
3032;17231;16/07/2024;13272;Online
3033;1862;06/09/2024;22263;Credit Card
3034;18368;31/01/2026;12029;Credit Card
3035;9447;15/05/2024;18558;Online
3036;5661;17/08/2024;18603;Cash
3037;2417;09/02/2025;15529;Cash
3038;4775;30/10/2023;614;Bank Transfer
3039;437;15/08/2025;29451;Bank Transfer
3040;18709;06/06/2024;15987;Online
3041;3308;18/09/2024;2738;Cash
3042;497;29/08/2026;16293;Credit Card
3043;15232;06/07/2024;8703;Credit Card
3044;909;05/11/2025;24104;Bank Transfer
3045;15973;09/08/2025;8994;Online
3046;5702;29/08/2024;6259;Online
3047;9822;23/02/2026;12917;Bank Transfer
3048;13259;12/08/2026;14886;Online
3049;6539;28/02/2026;16249;Debit Card
3050;15550;15/05/2025;9997;Credit Card
3051;2748;03/06/2025;10272;Debit Card
3052;19756;17/11/2025;6204;Credit Card
3053;17039;14/01/2025;27420;Cash
3054;4639;04/08/2024;19631;Cash
3055;10113;04/12/2025;24512;Debit Card
3056;16458;18/10/2025;24076;Debit Card
3057;494;02/10/2024;10965;Debit Card
3058;16951;28/10/2023;14672;Online
3059;10588;16/02/2025;17189;Online
3060;9182;14/06/2026;16966;Bank Transfer
3061;16083;18/09/2024;22967;Debit Card
3062;19983;20/06/2024;22337;Online
3063;14951;20/04/2024;24300;Debit Card
3064;8273;04/04/2026;16263;Online
3065;7723;20/06/2024;4081;Debit Card
3066;1032;28/08/2026;14841;Debit Card
3067;4735;06/03/2024;4106;Credit Card
3068;18937;30/04/2025;3199;Online
3069;14997;09/02/2026;1594;Bank Transfer
3070;2408;19/04/2024;17542;Online
3071;7730;09/09/2025;19493;Debit Card
3072;10065;29/06/2026;25728;Debit Card
3073;17191;14/06/2025;12572;Debit Card
3074;1417;06/01/2026;12215;Bank Transfer
3075;3977;29/10/2024;7695;Online
3076;7479;27/02/2025;11833;Cash
3077;10289;02/09/2024;27214;Cash
3078;9842;26/06/2024;23803;Credit Card
3079;4026;14/12/2023;20877;Credit Card
3080;2567;28/04/2025;24482;Bank Transfer
3081;16697;12/07/2025;2223;Debit Card
3082;15117;10/02/2026;27907;Debit Card
3083;16920;13/02/2024;29289;Debit Card
3084;15824;30/10/2025;20388;Credit Card
3085;19981;19/12/2025;9446;Bank Transfer
3086;4438;25/09/2023;29361;Bank Transfer
3087;11748;25/11/2023;12138;Bank Transfer
3088;10204;07/08/2025;18866;Online
3089;11632;26/03/2026;16166;Bank Transfer
3090;14880;06/09/2024;21186;Debit Card
3091;19223;17/01/2025;11893;Online
3092;18599;04/07/2025;10901;Bank Transfer
3093;3002;13/11/2023;20898;Online
3094;15057;19/12/2025;16573;Debit Card
3095;18479;30/10/2025;2778;Debit Card
3096;18613;29/04/2026;16511;Debit Card
3097;10610;11/05/2026;26496;Bank Transfer
3098;12968;19/01/2024;5281;Credit Card
3099;16792;18/12/2023;13239;Online
3100;5128;26/02/2025;21314;Cash
3101;5947;21/12/2025;3497;Credit Card
3102;2912;11/02/2025;1308;Bank Transfer
3103;10644;27/10/2024;18758;Debit Card
3104;7232;27/02/2025;26039;Debit Card
3105;824;20/08/2026;21775;Credit Card
3106;7648;01/12/2024;3939;Debit Card
3107;19575;03/03/2025;9662;Online
3108;10584;03/01/2025;15853;Cash
3109;8580;16/09/2025;20461;Online
3110;5668;19/01/2024;5176;Credit Card
3111;9342;01/08/2025;11387;Bank Transfer
3112;8915;06/02/2025;17154;Debit Card
3113;17945;27/05/2025;28773;Debit Card
3114;12939;02/09/2025;27316;Debit Card
3115;19361;28/10/2024;9223;Online
3116;742;24/06/2025;21642;Online
3117;13259;06/12/2024;18705;Cash
3118;19605;27/06/2025;8460;Online
3119;598;04/02/2026;10115;Debit Card
3120;7132;10/06/2024;4845;Debit Card
3121;7872;08/05/2024;24005;Credit Card
3122;7833;13/12/2024;12511;Debit Card
3123;1168;23/10/2024;1832;Credit Card
3124;19752;28/09/2023;3095;Online
3125;18468;15/03/2025;21496;Online
3126;3131;20/03/2025;22214;Online
3127;5097;15/09/2024;1249;Debit Card
3128;15302;27/10/2023;22152;Cash
3129;12161;07/09/2026;14298;Debit Card
3130;816;28/04/2024;14062;Bank Transfer
3131;5641;05/05/2025;5320;Credit Card
3132;1638;14/07/2025;21882;Debit Card
3133;18951;02/11/2025;2694;Debit Card
3134;5532;17/12/2024;27909;Online
3135;2788;09/09/2025;19743;Credit Card
3136;3019;05/01/2026;17207;Online
3137;7442;15/12/2024;2242;Debit Card
3138;2780;21/06/2025;25858;Online
3139;5969;25/06/2025;7597;Debit Card
3140;8824;14/11/2025;1395;Bank Transfer
3141;17610;01/07/2026;10239;Cash
3142;17425;18/10/2023;13494;Bank Transfer
3143;18942;25/04/2026;14217;Debit Card
3144;17507;23/08/2024;19655;Credit Card
3145;3124;02/08/2025;22026;Cash
3146;18454;02/04/2024;7680;Bank Transfer
3147;1810;19/11/2024;16750;Debit Card
3148;17742;22/08/2024;10598;Online
3149;5852;26/03/2026;28630;Online
3150;17185;07/08/2024;15324;Online
3151;12240;11/01/2024;10840;Debit Card
3152;7132;16/06/2026;25676;Online
3153;15516;04/04/2024;22861;Cash
3154;19052;15/10/2025;3281;Bank Transfer
3155;16519;29/10/2023;6701;Online
3156;1584;18/06/2026;23933;Cash
3157;17067;23/06/2025;6055;Cash
3158;18896;16/02/2025;29297;Online
3159;4545;15/12/2025;17923;Debit Card
3160;1838;01/08/2025;24413;Bank Transfer
3161;5444;09/02/2025;25597;Debit Card
3162;11066;31/03/2026;3140;Cash
3163;6203;24/02/2026;23950;Bank Transfer
3164;17753;19/07/2025;3480;Credit Card
3165;6112;09/08/2026;5823;Debit Card
3166;10419;24/01/2025;27869;Online
3167;3519;11/06/2024;2151;Credit Card
3168;17122;08/10/2024;8826;Cash
3169;12428;22/06/2024;10546;Online
3170;10930;09/02/2024;19164;Debit Card
3171;5487;15/08/2026;18647;Online
3172;16358;02/03/2026;16481;Online
3173;4722;24/06/2024;4115;Online
3174;7162;15/06/2025;19485;Debit Card
3175;7229;25/02/2026;6798;Credit Card
3176;1306;05/10/2024;27861;Credit Card
3177;14681;06/07/2026;5070;Cash
3178;19024;01/03/2026;4008;Bank Transfer
3179;4317;21/08/2026;11790;Credit Card
3180;6047;14/03/2025;29808;Bank Transfer
3181;2797;17/08/2024;746;Debit Card
3182;11655;08/01/2024;23020;Debit Card
3183;12083;16/03/2024;27228;Online
3184;13412;31/03/2024;6790;Cash
3185;16860;24/09/2023;25858;Credit Card
3186;4598;21/07/2025;15909;Online
3187;8392;25/03/2025;18378;Credit Card
3188;16424;20/08/2025;12530;Cash
3189;11407;20/04/2025;3052;Bank Transfer
3190;13094;05/05/2026;6942;Debit Card
3191;17485;01/04/2025;28292;Bank Transfer
3192;6897;23/06/2024;8831;Bank Transfer
3193;8340;21/07/2024;28846;Credit Card
3194;4231;05/04/2025;8752;Cash
3195;4026;11/05/2024;20314;Cash
3196;17755;10/10/2025;4863;Bank Transfer
3197;1093;17/04/2026;6230;Online
3198;7894;26/12/2025;9150;Online
3199;16176;12/09/2026;14426;Debit Card
3200;17532;20/11/2023;10880;Cash
3201;18281;17/08/2024;21612;Credit Card
3202;3394;25/03/2024;3013;Cash
3203;19489;29/06/2026;5748;Cash
3204;12628;06/11/2025;17535;Credit Card
3205;6365;13/09/2023;24912;Cash
3206;5291;20/11/2025;25813;Online
3207;9966;18/02/2025;14385;Bank Transfer
3208;18212;22/09/2023;14178;Bank Transfer
3209;1930;19/03/2026;24274;Credit Card
3210;1714;13/01/2024;4699;Cash
3211;830;27/03/2025;6170;Debit Card
3212;6889;04/12/2023;18152;Debit Card
3213;16509;12/05/2025;28812;Bank Transfer
3214;2827;10/09/2025;5995;Debit Card
3215;1578;18/04/2024;14671;Bank Transfer
3216;10392;14/11/2024;25819;Credit Card
3217;4723;03/05/2025;8385;Cash
3218;912;28/07/2025;20400;Cash
3219;15354;18/04/2025;6438;Online
3220;2353;17/02/2024;19652;Bank Transfer
3221;10872;01/01/2024;11157;Cash
3222;7093;27/04/2024;28148;Online
3223;18400;20/06/2026;11132;Credit Card
3224;10755;22/12/2025;16103;Debit Card
3225;12983;27/03/2024;20273;Credit Card
3226;16193;01/03/2024;6068;Cash
3227;4273;16/09/2025;13972;Debit Card
3228;2936;20/06/2026;22446;Bank Transfer
3229;17975;15/10/2023;26474;Cash
3230;11392;16/12/2025;3544;Credit Card
3231;3476;25/08/2024;17275;Debit Card
3232;12508;30/12/2023;27605;Online
3233;8232;12/07/2024;22822;Credit Card
3234;2974;09/07/2024;29703;Debit Card
3235;2100;04/04/2025;17596;Bank Transfer
3236;13483;26/06/2025;20189;Cash
3237;2417;16/02/2024;9554;Bank Transfer
3238;4760;24/11/2023;17772;Credit Card
3239;2517;10/07/2026;28323;Online
3240;5913;27/05/2025;28658;Cash
3241;1520;19/10/2024;2303;Bank Transfer
3242;14455;19/04/2026;778;Cash
3243;8395;21/07/2025;13164;Credit Card
3244;6647;11/08/2025;24213;Cash
3245;4010;10/04/2026;16233;Online
3246;19254;06/10/2023;13926;Online
3247;5519;30/06/2025;5903;Debit Card
3248;13548;07/01/2024;4662;Credit Card
3249;8668;08/04/2025;19822;Online
3250;8092;15/10/2025;5165;Debit Card
3251;3285;09/03/2024;19176;Online
3252;1279;21/11/2024;24651;Credit Card
3253;9990;13/10/2023;21859;Online
3254;10553;22/08/2024;5572;Cash
3255;15938;04/09/2026;13096;Credit Card
3256;6119;06/03/2026;17802;Credit Card
3257;30;22/09/2024;22336;Cash
3258;9657;19/09/2025;11185;Cash
3259;1762;16/04/2024;14383;Credit Card
3260;13560;28/04/2024;10868;Cash
3261;11151;08/08/2024;10515;Debit Card
3262;17096;04/10/2024;29264;Bank Transfer
3263;2253;23/09/2023;2281;Online
3264;1003;23/01/2026;5856;Cash
3265;15854;16/08/2025;25967;Bank Transfer
3266;10878;01/07/2024;5329;Debit Card
3267;17068;18/02/2024;10567;Cash
3268;15651;14/05/2026;1836;Online
3269;17679;22/10/2023;24716;Debit Card
3270;16947;31/01/2024;15883;Credit Card
3271;16075;09/01/2025;8869;Cash
3272;4550;04/11/2023;13997;Online
3273;16629;24/06/2025;24701;Credit Card
3274;4917;13/08/2025;5592;Credit Card
3275;7695;06/01/2025;14677;Cash
3276;715;26/12/2024;14918;Online
3277;10467;22/11/2025;20632;Cash
3278;18512;14/07/2024;1341;Bank Transfer
3279;13040;15/04/2025;19204;Online
3280;15112;14/12/2023;23940;Cash
3281;15921;24/06/2026;21066;Credit Card
3282;18987;11/10/2024;7360;Online
3283;11337;14/11/2024;4752;Cash
3284;1120;26/07/2024;3311;Cash
3285;347;20/03/2024;22980;Bank Transfer
3286;8681;02/12/2024;13399;Cash
3287;13908;19/06/2025;24185;Credit Card
3288;13982;15/09/2024;24912;Credit Card
3289;11816;24/08/2025;20027;Online
3290;6753;17/08/2024;20865;Online
3291;10079;24/02/2026;28915;Bank Transfer
3292;1430;17/12/2023;10695;Cash
3293;3770;31/08/2026;14736;Bank Transfer
3294;4212;21/08/2026;28577;Bank Transfer
3295;5781;02/06/2026;18322;Debit Card
3296;13462;14/09/2024;23415;Credit Card
3297;3107;28/05/2026;9136;Credit Card
3298;14665;15/07/2026;28398;Cash
3299;8608;18/06/2024;16078;Debit Card
3300;187;23/05/2025;8064;Debit Card
3301;14059;05/09/2026;6671;Debit Card
3302;2261;28/10/2024;10104;Debit Card
3303;9807;24/11/2024;15466;Credit Card
3304;16250;17/01/2024;6907;Cash
3305;17333;11/06/2026;24689;Credit Card
3306;909;21/05/2026;17391;Credit Card
3307;6274;06/03/2025;23085;Bank Transfer
3308;452;23/08/2026;4235;Cash
3309;15592;02/08/2025;16958;Bank Transfer
3310;16785;02/05/2025;19019;Online
3311;18328;18/01/2024;15680;Credit Card
3312;12906;31/01/2025;8866;Online
3313;3154;16/11/2025;3363;Bank Transfer
3314;9272;17/09/2025;15953;Cash
3315;14668;01/04/2026;22042;Credit Card
3316;2842;31/12/2023;9142;Credit Card
3317;5480;05/06/2025;4683;Cash
3318;569;03/02/2024;4726;Credit Card
3319;4083;16/07/2026;15938;Online
3320;5980;03/06/2026;20066;Cash
3321;559;16/04/2026;2021;Cash
3322;15;01/04/2025;7106;Credit Card
3323;6279;12/11/2025;27648;Bank Transfer
3324;1871;22/07/2025;26583;Debit Card
3325;10278;21/02/2026;22399;Cash
3326;757;28/12/2024;25623;Credit Card
3327;13573;18/11/2024;24510;Debit Card
3328;1618;27/04/2024;10552;Debit Card
3329;1564;06/07/2024;10201;Credit Card
3330;6149;14/10/2023;29472;Debit Card
3331;14814;21/02/2024;21886;Online
3332;13331;08/11/2024;10110;Credit Card
3333;11643;05/11/2024;22472;Online
3334;18627;31/05/2025;27088;Debit Card
3335;9495;21/03/2025;25158;Credit Card
3336;11624;23/02/2026;27905;Bank Transfer
3337;8094;22/12/2024;19040;Online
3338;5817;26/02/2025;1612;Online
3339;11350;04/12/2023;29138;Debit Card
3340;8803;02/06/2026;12513;Online
3341;594;09/09/2026;11742;Bank Transfer
3342;15353;29/07/2025;11832;Online
3343;2589;21/11/2023;27370;Debit Card
3344;14911;21/08/2025;21439;Cash
3345;3838;01/10/2023;15123;Cash
3346;15048;16/05/2026;18818;Cash
3347;13407;03/11/2025;18297;Debit Card
3348;19844;25/11/2025;6014;Bank Transfer
3349;18251;24/02/2024;3056;Bank Transfer
3350;17437;26/11/2024;17190;Cash
3351;9953;22/08/2026;10251;Bank Transfer
3352;6219;08/12/2024;24253;Online
3353;14535;12/05/2024;12336;Credit Card
3354;7117;22/08/2025;1968;Bank Transfer
3355;5713;01/07/2025;8962;Bank Transfer
3356;1962;28/09/2025;27705;Online
3357;12681;03/09/2024;13215;Credit Card
3358;19680;14/01/2024;16607;Debit Card
3359;18249;25/01/2026;23842;Bank Transfer
3360;6713;30/08/2024;28573;Cash
3361;7012;13/03/2024;17303;Online
3362;9987;09/08/2024;25792;Bank Transfer
3363;12857;04/05/2026;6437;Credit Card
3364;2591;13/04/2024;22140;Credit Card
3365;1749;16/07/2025;14330;Online
3366;16824;03/08/2026;21381;Bank Transfer
3367;15836;31/12/2025;17714;Debit Card
3368;10485;30/11/2025;20379;Cash
3369;9946;15/07/2025;11865;Online
3370;743;11/04/2026;25668;Debit Card
3371;391;02/04/2026;20701;Credit Card
3372;11057;16/05/2026;3261;Credit Card
3373;2263;19/05/2024;1492;Debit Card
3374;1602;13/10/2024;12227;Cash
3375;19153;09/10/2025;13169;Cash
3376;7014;30/08/2024;1678;Cash
3377;15744;01/05/2025;24871;Bank Transfer
3378;19988;30/12/2023;18599;Debit Card
3379;1557;28/11/2024;11676;Credit Card
3380;1462;08/11/2025;15304;Credit Card
3381;5035;05/09/2026;11764;Online
3382;13515;29/02/2024;15493;Debit Card
3383;13136;20/11/2024;21975;Debit Card
3384;8001;29/10/2023;24799;Online
3385;13095;03/05/2025;10700;Credit Card
3386;894;22/05/2026;15389;Debit Card
3387;10722;07/12/2025;25175;Credit Card
3388;19386;10/02/2026;25395;Credit Card
3389;15061;15/03/2025;9125;Online
3390;18768;21/07/2025;18506;Credit Card
3391;14925;04/12/2025;28858;Bank Transfer
3392;4948;18/03/2024;7233;Credit Card
3393;18392;12/07/2026;11988;Cash
3394;4409;24/04/2025;5122;Cash
3395;4025;30/10/2025;17357;Debit Card
3396;4560;06/01/2025;10819;Cash
3397;1090;04/12/2023;28065;Cash
3398;18399;14/08/2024;10967;Cash
3399;18196;19/11/2025;15794;Credit Card
3400;8384;12/12/2023;16828;Debit Card
3401;10798;31/07/2024;6620;Credit Card
3402;19702;28/04/2026;7715;Online
3403;14000;31/10/2025;23979;Debit Card
3404;15325;25/10/2023;6671;Cash
3405;8039;26/10/2024;28173;Debit Card
3406;608;15/09/2023;25890;Online
3407;12321;24/10/2024;4676;Credit Card
3408;7363;18/06/2026;18181;Cash
3409;10902;05/08/2026;14962;Online
3410;4660;21/02/2025;24091;Debit Card
3411;16269;20/02/2025;23996;Online
3412;14192;18/11/2024;9195;Cash
3413;18247;10/02/2026;2589;Debit Card
3414;9817;13/10/2025;8233;Bank Transfer
3415;15873;02/10/2023;6617;Cash
3416;18528;11/02/2024;24073;Bank Transfer
3417;17753;30/07/2024;25783;Online
3418;2713;14/06/2026;7525;Cash
3419;4422;03/01/2024;24842;Credit Card
3420;7025;26/04/2025;22366;Online
3421;18565;19/02/2024;26898;Online
3422;1295;04/04/2024;26741;Bank Transfer
3423;11620;11/01/2024;21900;Bank Transfer
3424;5534;12/10/2024;6494;Online
3425;7610;22/04/2025;14885;Cash
3426;6055;11/06/2024;17487;Cash
3427;13619;03/02/2026;25511;Online
3428;13650;26/05/2024;29458;Credit Card
3429;5762;21/04/2024;26415;Cash
3430;10802;19/12/2025;21591;Online
3431;409;12/12/2024;11205;Cash
3432;12553;30/07/2025;29152;Bank Transfer
3433;2064;29/11/2025;23264;Online
3434;14803;11/07/2026;19720;Debit Card
3435;6603;05/12/2023;20742;Cash
3436;18022;29/12/2023;16200;Credit Card
3437;16432;13/06/2025;13326;Bank Transfer
3438;11149;27/05/2025;27995;Credit Card
3439;9374;08/07/2025;19590;Debit Card
3440;4108;26/07/2026;3924;Cash
3441;16612;08/08/2024;20012;Credit Card
3442;1688;08/08/2025;21334;Credit Card
3443;14;19/05/2024;14659;Debit Card
3444;2696;10/12/2025;28395;Online
3445;14774;16/06/2026;21070;Debit Card
3446;315;13/02/2024;10951;Debit Card
3447;10828;21/10/2023;2853;Bank Transfer
3448;1295;07/09/2025;18941;Online
3449;2930;24/12/2024;26461;Credit Card
3450;17339;03/04/2026;27187;Debit Card
3451;647;25/05/2025;6471;Credit Card
3452;4916;16/05/2026;7155;Bank Transfer
3453;4899;12/10/2023;1454;Cash
3454;4522;27/01/2026;27941;Bank Transfer
3455;1292;08/11/2024;14913;Online
3456;16353;22/03/2024;18854;Bank Transfer
3457;6694;23/10/2025;17326;Bank Transfer
3458;11390;16/04/2026;9832;Debit Card
3459;4607;17/01/2024;11116;Online
3460;2245;04/03/2025;14847;Cash
3461;4789;04/01/2025;4690;Debit Card
3462;4280;26/11/2024;13290;Credit Card
3463;1039;21/03/2025;22336;Debit Card
3464;14261;05/08/2026;20470;Credit Card
3465;4372;16/05/2024;13033;Debit Card
3466;16502;16/03/2025;23118;Bank Transfer
3467;6078;02/03/2025;17791;Cash
3468;14031;08/06/2024;18876;Cash
3469;5458;24/10/2024;14160;Online
3470;9456;09/03/2026;18336;Online
3471;18684;19/04/2024;6630;Credit Card
3472;5970;21/08/2024;28758;Cash
3473;6392;20/02/2025;4626;Online
3474;16642;08/01/2025;17269;Online
3475;17710;05/05/2025;20844;Online
3476;19863;29/09/2023;17366;Online
3477;10196;20/03/2026;23550;Debit Card
3478;16874;27/06/2025;17375;Online
3479;9386;25/04/2025;2330;Credit Card
3480;18460;30/04/2026;21022;Online
3481;1933;01/07/2024;15190;Debit Card
3482;13391;05/02/2025;21174;Cash
3483;847;25/05/2025;17321;Credit Card
3484;11837;12/10/2024;17264;Debit Card
3485;19597;13/07/2026;22726;Online
3486;15793;30/04/2026;8669;Bank Transfer
3487;10525;22/09/2023;13238;Debit Card
3488;12705;31/01/2024;29089;Cash
3489;8184;05/03/2025;26223;Debit Card
3490;18115;05/07/2024;9515;Bank Transfer
3491;18673;01/09/2025;27428;Cash
3492;17151;21/03/2025;2422;Online
3493;12765;16/11/2025;13245;Credit Card
3494;9187;09/12/2025;10638;Online
3495;18856;14/09/2025;27544;Bank Transfer
3496;8867;08/09/2026;26715;Cash
3497;16750;11/10/2024;11327;Bank Transfer
3498;8950;15/06/2024;11749;Bank Transfer
3499;10369;24/01/2026;1187;Bank Transfer
3500;12608;03/06/2025;25448;Cash
3501;14698;28/02/2026;5618;Bank Transfer
3502;14678;04/12/2023;3444;Credit Card
3503;5397;17/09/2023;22629;Bank Transfer
3504;406;17/10/2025;12749;Debit Card
3505;10607;19/11/2025;14456;Cash
3506;19581;29/04/2025;22317;Debit Card
3507;5383;20/08/2025;19821;Credit Card
3508;3517;26/03/2025;747;Cash
3509;9750;10/04/2024;14847;Credit Card
3510;1554;16/05/2026;14295;Credit Card
3511;1220;05/11/2025;18343;Cash
3512;19030;06/07/2025;19702;Cash
3513;3924;08/09/2025;18298;Credit Card
3514;7251;24/03/2026;10965;Bank Transfer
3515;13659;30/08/2026;588;Debit Card
3516;17179;19/04/2025;641;Cash
3517;5899;16/08/2024;23192;Online
3518;636;21/08/2025;24206;Debit Card
3519;18744;18/10/2025;15606;Debit Card
3520;337;01/06/2026;10461;Credit Card
3521;19455;06/01/2024;2716;Online
3522;11222;16/09/2024;18005;Credit Card
3523;615;05/12/2024;8067;Bank Transfer
3524;9880;19/11/2025;27799;Debit Card
3525;18358;30/03/2025;20768;Credit Card
3526;5014;15/12/2023;5664;Bank Transfer
3527;13011;12/08/2026;7151;Credit Card
3528;10968;31/05/2026;13825;Online
3529;13789;26/05/2025;11311;Debit Card
3530;15178;17/07/2026;23768;Credit Card
3531;3317;26/03/2025;22465;Credit Card
3532;3601;25/06/2025;27190;Cash
3533;15900;22/11/2023;13270;Cash
3534;8759;06/03/2025;28047;Bank Transfer
3535;17849;08/02/2025;6656;Cash
3536;9818;11/06/2024;12446;Debit Card
3537;3441;05/08/2026;22663;Credit Card
3538;4151;25/01/2025;12255;Debit Card
3539;15960;13/11/2025;22287;Online
3540;7774;26/11/2023;16055;Credit Card
3541;12476;25/06/2025;24252;Debit Card
3542;13693;21/05/2026;17347;Credit Card
3543;4511;21/07/2026;22666;Credit Card
3544;17526;15/04/2026;2097;Cash
3545;13271;05/06/2024;1238;Debit Card
3546;6157;09/04/2024;26737;Credit Card
3547;16117;05/08/2024;15109;Online
3548;15664;05/03/2026;25908;Bank Transfer
3549;8637;23/01/2025;6489;Online
3550;7440;10/06/2026;10964;Online
3551;17853;31/07/2025;8209;Cash
3552;15069;11/01/2025;22624;Cash
3553;8492;03/09/2025;17809;Cash
3554;16082;27/10/2025;27052;Credit Card
3555;426;17/05/2026;9035;Credit Card
3556;12817;11/02/2025;1835;Credit Card
3557;1461;05/12/2023;3919;Bank Transfer
3558;8744;03/04/2025;8922;Credit Card
3559;13098;07/01/2026;27161;Online
3560;16955;13/05/2024;21788;Online
3561;18606;11/12/2025;18897;Credit Card
3562;18318;19/11/2023;14246;Debit Card
3563;8818;10/05/2026;1018;Online
3564;19137;29/01/2026;23897;Debit Card
3565;13772;06/12/2023;12556;Debit Card
3566;4036;28/12/2023;24112;Debit Card
3567;6879;12/11/2023;5435;Bank Transfer
3568;18012;20/07/2025;24211;Bank Transfer
3569;3714;08/10/2024;29714;Debit Card
3570;10469;27/04/2025;16843;Cash
3571;2576;24/09/2024;6900;Debit Card
3572;735;07/06/2026;24172;Debit Card
3573;146;31/03/2025;20791;Bank Transfer
3574;4022;01/03/2025;3220;Online
3575;9060;06/01/2024;15862;Debit Card
3576;5542;06/02/2025;22311;Cash
3577;16212;20/01/2025;1314;Debit Card
3578;8639;17/10/2023;3017;Online
3579;9735;02/08/2026;607;Online
3580;7284;15/06/2025;20961;Debit Card
3581;11577;17/01/2024;10183;Online
3582;5735;04/05/2024;28559;Debit Card
3583;1474;17/08/2024;7865;Online
3584;4253;22/11/2023;23194;Online
3585;6178;28/12/2025;27637;Online
3586;3050;16/11/2024;11288;Debit Card
3587;3304;16/10/2024;8207;Bank Transfer
3588;10361;05/07/2024;20725;Debit Card
3589;14403;11/07/2026;18197;Credit Card
3590;1412;29/07/2024;5963;Bank Transfer
3591;13720;15/04/2024;29280;Debit Card
3592;11286;24/08/2025;9530;Online
3593;8922;15/11/2025;12399;Cash
3594;18930;12/10/2025;12919;Online
3595;3303;31/07/2026;9713;Bank Transfer
3596;4584;16/05/2026;2709;Credit Card
3597;10673;22/09/2025;21347;Cash
3598;303;28/04/2026;22639;Cash
3599;15282;08/07/2024;4520;Online
3600;19486;17/10/2024;27283;Credit Card
3601;9007;03/09/2026;2652;Credit Card
3602;1989;02/07/2025;10189;Online
3603;3928;06/07/2025;18013;Debit Card
3604;6313;07/02/2026;24915;Debit Card
3605;18784;27/04/2025;12775;Cash
3606;14890;09/10/2024;15820;Cash
3607;4793;25/07/2025;6144;Bank Transfer
3608;16815;20/03/2024;27431;Debit Card
3609;9095;15/08/2024;3632;Online
3610;7561;02/09/2025;28003;Online
3611;17145;15/01/2026;27739;Debit Card
3612;12517;27/06/2025;7115;Debit Card
3613;8872;17/09/2024;12426;Credit Card
3614;13400;04/10/2025;29001;Bank Transfer
3615;10806;12/11/2025;10691;Bank Transfer
3616;3679;24/11/2025;21991;Credit Card
3617;1173;22/08/2024;10971;Cash
3618;3993;25/05/2026;29948;Bank Transfer
3619;17734;04/02/2025;12018;Bank Transfer
3620;104;23/07/2024;7386;Online
3621;19749;14/03/2026;27458;Online
3622;14029;16/11/2023;11600;Debit Card
3623;8920;31/10/2025;26010;Credit Card
3624;11231;16/09/2025;21626;Debit Card
3625;19920;27/01/2025;18189;Credit Card
3626;19549;21/01/2024;12510;Cash
3627;16104;22/08/2025;18126;Credit Card
3628;6570;15/10/2025;12268;Debit Card
3629;72;27/10/2025;28862;Credit Card
3630;13592;15/07/2026;24556;Debit Card
3631;5250;25/04/2024;25713;Online
3632;11660;22/08/2025;10839;Bank Transfer
3633;17774;24/11/2024;16733;Bank Transfer
3634;11507;28/03/2026;14447;Credit Card
3635;2810;27/03/2025;17368;Debit Card
3636;12642;18/03/2025;20658;Bank Transfer
3637;14162;08/04/2026;26938;Credit Card
3638;7208;10/07/2025;8805;Bank Transfer
3639;4452;01/04/2025;10909;Cash
3640;3569;20/04/2025;29940;Credit Card
3641;1240;20/05/2024;6467;Credit Card
3642;16636;27/05/2025;26466;Debit Card
3643;19075;15/11/2023;25289;Bank Transfer
3644;11676;15/06/2024;17368;Cash
3645;17141;20/01/2026;10134;Cash
3646;2279;23/09/2023;28397;Cash
3647;5708;12/03/2025;13096;Credit Card
3648;9454;16/05/2024;14435;Cash
3649;13110;03/04/2026;9921;Cash
3650;12646;02/08/2026;7101;Bank Transfer
3651;5794;30/12/2024;27673;Debit Card
3652;19855;25/09/2023;11815;Cash
3653;19000;02/10/2023;23484;Credit Card
3654;15013;24/01/2026;13586;Online
3655;6757;01/09/2026;8425;Debit Card
3656;17787;24/08/2026;5139;Debit Card
3657;8014;06/09/2026;26530;Bank Transfer
3658;16412;04/03/2026;8315;Credit Card
3659;3544;29/09/2025;7778;Bank Transfer
3660;214;24/11/2023;2264;Cash
3661;5396;08/05/2024;7601;Credit Card
3662;10275;09/01/2025;15527;Cash
3663;17573;01/11/2025;11406;Online
3664;5948;10/10/2025;20301;Debit Card
3665;18291;21/07/2024;23421;Online
3666;1324;15/09/2025;16285;Cash
3667;12636;22/10/2024;17457;Bank Transfer
3668;4159;17/01/2026;2482;Credit Card
3669;15730;07/02/2024;26883;Online
3670;4116;12/06/2024;18175;Cash
3671;10314;28/11/2023;26029;Debit Card
3672;5942;24/02/2026;7621;Credit Card
3673;5485;30/10/2024;28510;Bank Transfer
3674;17923;20/08/2026;3084;Cash
3675;6263;08/03/2024;20315;Debit Card
3676;12612;15/11/2023;11865;Debit Card
3677;8451;03/03/2026;3330;Cash
3678;18839;04/04/2026;24624;Debit Card
3679;3430;08/03/2025;2481;Debit Card
3680;17996;27/09/2024;26002;Debit Card
3681;19268;16/01/2024;18693;Bank Transfer
3682;5667;21/12/2024;11343;Bank Transfer
3683;1970;17/11/2024;26489;Cash
3684;13517;21/10/2025;865;Credit Card
3685;7386;24/04/2026;19213;Debit Card
3686;12568;05/04/2025;18183;Cash
3687;17882;21/09/2025;5447;Online
3688;1893;16/02/2026;16628;Bank Transfer
3689;3118;24/11/2025;18544;Credit Card
3690;8606;29/04/2024;11311;Debit Card
3691;15464;20/05/2026;10272;Debit Card
3692;136;09/01/2025;9404;Online
3693;12752;03/05/2025;3778;Online
3694;18498;15/02/2024;23056;Online
3695;8939;28/05/2024;14253;Bank Transfer
3696;2784;24/10/2024;28633;Online
3697;22;21/09/2023;3378;Bank Transfer
3698;392;17/05/2026;1098;Credit Card
3699;15125;18/09/2025;28234;Credit Card
3700;818;06/07/2026;23822;Online
3701;14648;26/12/2024;23480;Online
3702;18652;24/06/2025;24006;Credit Card
3703;19389;15/08/2024;1479;Credit Card
3704;7602;24/03/2024;13093;Cash
3705;5138;14/02/2025;7190;Credit Card
3706;10314;21/06/2024;29335;Debit Card
3707;10324;13/10/2024;5065;Credit Card
3708;8536;02/01/2024;25219;Bank Transfer
3709;18988;05/06/2026;29550;Cash
3710;6476;26/10/2024;27348;Cash
3711;17697;31/01/2026;11424;Debit Card
3712;13672;16/06/2024;6595;Online
3713;13428;24/12/2023;25652;Bank Transfer
3714;13744;22/11/2025;10236;Online
3715;2203;05/05/2026;23475;Cash
3716;13525;15/06/2026;21776;Bank Transfer
3717;8617;29/04/2026;7939;Credit Card
3718;10081;31/03/2024;23331;Credit Card
3719;7886;27/07/2024;15395;Online
3720;14998;01/02/2024;1585;Credit Card
3721;15337;06/06/2026;28892;Bank Transfer
3722;19050;26/08/2024;19069;Online
3723;10077;13/02/2025;2518;Credit Card
3724;8438;12/01/2025;28867;Cash
3725;3350;24/06/2025;960;Debit Card
3726;9323;29/07/2025;7108;Debit Card
3727;5458;11/12/2025;23028;Credit Card
3728;13937;16/11/2024;4895;Bank Transfer
3729;15402;23/06/2026;24223;Online
3730;16100;05/03/2024;3776;Bank Transfer
3731;15637;04/03/2026;1463;Cash
3732;11085;20/02/2026;22960;Bank Transfer
3733;4276;22/07/2025;4191;Debit Card
3734;15414;29/08/2024;2007;Debit Card
3735;3441;26/10/2023;3516;Debit Card
3736;1562;24/01/2024;4415;Credit Card
3737;18087;19/05/2025;14815;Cash
3738;18406;14/05/2024;20084;Bank Transfer
3739;11156;16/08/2026;9501;Debit Card
3740;1359;07/09/2025;21749;Bank Transfer
3741;5367;19/02/2025;24627;Online
3742;13618;17/01/2024;11473;Credit Card
3743;15862;05/08/2025;6747;Online
3744;950;05/10/2024;17287;Credit Card
3745;5988;15/07/2024;7680;Cash
3746;3474;15/06/2026;22152;Credit Card
3747;16001;10/10/2024;21419;Cash
3748;3458;21/08/2025;4538;Bank Transfer
3749;19253;10/10/2023;29522;Bank Transfer
3750;8359;10/01/2024;28668;Credit Card
3751;11809;09/11/2023;2172;Credit Card
3752;19031;14/10/2025;4304;Debit Card
3753;16753;04/10/2024;20133;Debit Card
3754;10571;23/06/2026;28393;Bank Transfer
3755;10718;21/06/2024;26283;Online
3756;16210;14/09/2023;29401;Cash
3757;10642;01/02/2024;3418;Cash
3758;4137;28/09/2023;29800;Credit Card
3759;4108;05/04/2025;4746;Bank Transfer
3760;18944;24/04/2026;29988;Online
3761;5842;03/03/2025;9486;Online
3762;4181;17/08/2025;27516;Credit Card
3763;8618;19/08/2025;12018;Cash
3764;4466;11/12/2023;5472;Debit Card
3765;9841;01/10/2024;14347;Debit Card
3766;6793;26/04/2024;13135;Debit Card
3767;4264;19/11/2024;10568;Debit Card
3768;15878;20/05/2024;11225;Debit Card
3769;8876;17/05/2026;25940;Credit Card
3770;17649;24/09/2025;24101;Online
3771;4000;06/02/2026;10065;Bank Transfer
3772;1145;16/11/2025;1344;Credit Card
3773;12336;15/08/2024;6750;Online
3774;2017;08/04/2025;25811;Debit Card
3775;11575;09/01/2024;11978;Online
3776;12265;14/02/2026;20550;Online
3777;9998;05/06/2024;11741;Debit Card
3778;6000;05/08/2026;29791;Online
3779;12431;02/03/2024;21183;Online
3780;19176;22/07/2026;8691;Debit Card
3781;17561;23/08/2025;25946;Credit Card
3782;15940;06/02/2026;733;Credit Card
3783;2735;15/09/2025;19785;Cash
3784;10702;24/08/2025;18702;Cash
3785;11076;15/09/2025;18332;Debit Card
3786;19636;01/02/2025;16422;Cash
3787;8839;20/09/2023;21014;Online
3788;6872;19/08/2024;6292;Debit Card
3789;14170;23/03/2026;3409;Cash
3790;15094;25/04/2026;25802;Online
3791;2139;24/08/2025;16712;Online
3792;1273;19/12/2024;3412;Cash
3793;10380;04/04/2024;29974;Online
3794;1887;14/04/2024;17928;Debit Card
3795;9169;11/03/2025;12062;Debit Card
3796;11350;17/11/2025;21161;Debit Card
3797;478;09/12/2025;1998;Bank Transfer
3798;19667;12/01/2024;23746;Online
3799;15722;06/07/2026;8271;Debit Card
3800;11467;08/03/2024;27344;Debit Card
3801;15124;02/09/2025;1618;Credit Card
3802;2919;10/02/2024;16532;Debit Card
3803;10950;28/05/2025;2509;Bank Transfer
3804;4069;28/02/2025;15066;Bank Transfer
3805;7163;02/03/2025;16416;Online
3806;15416;14/07/2026;20890;Credit Card
3807;5366;02/06/2026;12996;Cash
3808;10790;26/05/2024;1591;Debit Card
3809;5702;13/08/2026;13028;Debit Card
3810;5731;24/01/2026;8669;Credit Card
3811;763;22/09/2024;23550;Debit Card
3812;7492;14/02/2025;2948;Cash
3813;9526;10/07/2026;18738;Credit Card
3814;11656;03/02/2024;15813;Online
3815;5905;20/08/2026;27598;Cash
3816;5714;12/11/2025;20992;Bank Transfer
3817;149;16/02/2026;6451;Credit Card
3818;19822;05/04/2026;20026;Cash
3819;11707;29/06/2024;10478;Online
3820;3192;07/06/2024;24196;Debit Card
3821;14732;30/03/2024;6949;Bank Transfer
3822;2498;13/12/2023;18770;Debit Card
3823;3402;09/07/2024;6521;Debit Card
3824;14962;11/01/2026;2987;Credit Card
3825;5432;27/04/2025;19335;Bank Transfer
3826;11418;27/04/2024;26431;Cash
3827;3884;15/05/2026;18238;Cash
3828;3807;19/05/2026;26608;Cash
3829;18567;03/04/2024;1102;Bank Transfer
3830;5451;22/03/2024;25689;Cash
3831;1306;19/02/2025;25245;Debit Card
3832;5204;23/06/2024;3621;Bank Transfer
3833;14889;09/11/2023;2347;Cash
3834;16113;26/10/2025;29467;Bank Transfer
3835;18448;21/02/2025;6855;Debit Card
3836;10287;28/05/2026;23965;Debit Card
3837;5925;21/11/2023;8024;Debit Card
3838;15296;23/02/2025;22851;Bank Transfer
3839;16180;11/12/2024;2794;Bank Transfer
3840;17614;04/07/2024;1127;Credit Card
3841;10109;24/12/2024;25155;Online
3842;4882;19/05/2026;4661;Credit Card
3843;13264;11/08/2024;29604;Debit Card
3844;13309;22/09/2023;12340;Cash
3845;10311;28/08/2025;18173;Online
3846;191;29/03/2024;25149;Credit Card
3847;19050;10/10/2025;3813;Bank Transfer
3848;3583;21/08/2026;5729;Credit Card
3849;8493;21/11/2023;9523;Online
3850;8125;06/11/2023;27110;Credit Card
3851;6588;06/03/2026;2644;Bank Transfer
3852;9625;08/06/2024;9688;Credit Card
3853;14408;18/07/2025;5688;Credit Card
3854;6168;27/08/2024;6042;Online
3855;18720;05/02/2025;26063;Cash
3856;14159;21/08/2026;15963;Online
3857;8333;21/09/2023;28086;Cash
3858;15777;05/04/2025;12531;Bank Transfer
3859;4262;08/07/2025;28405;Online
3860;15919;01/11/2025;6672;Online
3861;15911;19/06/2024;23185;Online
3862;15346;27/07/2024;18282;Debit Card
3863;1005;25/01/2026;16030;Bank Transfer
3864;4550;06/02/2025;16690;Credit Card
3865;11957;06/12/2025;21694;Online
3866;11057;29/07/2026;23248;Online
3867;19113;06/10/2025;24789;Credit Card
3868;14717;22/08/2025;11416;Bank Transfer
3869;5802;29/09/2024;2835;Credit Card
3870;17141;19/05/2024;26597;Debit Card
3871;6257;15/04/2024;27165;Debit Card
3872;13314;01/03/2025;11489;Online
3873;17917;19/01/2024;21742;Online
3874;12267;13/07/2025;7698;Cash
3875;3770;01/03/2025;20522;Bank Transfer
3876;10891;05/01/2024;26135;Debit Card
3877;17393;24/09/2025;27033;Credit Card
3878;19769;21/12/2025;28439;Bank Transfer
3879;4764;04/01/2026;22199;Cash
3880;15206;16/06/2024;25958;Debit Card
3881;18719;22/04/2025;15244;Debit Card
3882;2982;28/03/2026;16540;Credit Card
3883;15350;09/02/2026;17057;Debit Card
3884;17914;04/06/2026;24572;Cash
3885;14207;26/01/2024;14704;Credit Card
3886;8936;12/08/2026;20414;Cash
3887;17153;23/03/2026;2453;Credit Card
3888;17899;04/08/2024;26644;Debit Card
3889;9437;03/03/2026;1290;Credit Card
3890;1709;02/01/2025;21484;Cash
3891;12964;16/02/2026;18756;Debit Card
3892;11980;09/07/2026;25760;Debit Card
3893;13376;07/05/2025;14309;Debit Card
3894;5803;16/11/2023;5485;Bank Transfer
3895;7271;29/09/2024;21223;Online
3896;18413;01/05/2024;22384;Debit Card
3897;2995;06/01/2025;9078;Debit Card
3898;6194;06/08/2024;880;Cash
3899;367;18/02/2025;2207;Online
3900;16682;14/12/2023;20055;Debit Card
3901;6160;29/02/2024;24205;Debit Card
3902;11804;25/06/2024;11929;Cash
3903;1941;17/08/2026;1569;Bank Transfer
3904;7893;03/09/2025;23942;Cash
3905;7207;25/05/2025;3055;Online
3906;18235;07/07/2026;19098;Cash
3907;1021;06/05/2026;23276;Bank Transfer
3908;8668;16/11/2024;18123;Bank Transfer
3909;5945;29/09/2023;15283;Bank Transfer
3910;18125;14/06/2026;28826;Bank Transfer
3911;19286;15/02/2024;1157;Online
3912;9278;19/01/2024;11516;Online
3913;6429;04/04/2025;3863;Debit Card
3914;16173;27/01/2024;26606;Bank Transfer
3915;7126;12/08/2026;25694;Online
3916;7896;21/02/2024;5768;Online
3917;15912;20/02/2024;11310;Online
3918;17309;23/01/2024;7205;Credit Card
3919;9877;22/05/2024;746;Credit Card
3920;4684;13/02/2025;9930;Credit Card
3921;14465;14/02/2026;19799;Cash
3922;11957;04/01/2025;25283;Bank Transfer
3923;4632;07/04/2024;12554;Bank Transfer
3924;13083;27/04/2025;3550;Credit Card
3925;5510;08/01/2026;23714;Credit Card
3926;15326;07/03/2025;20518;Debit Card
3927;1729;06/06/2025;1567;Bank Transfer
3928;13232;19/09/2025;7496;Credit Card
3929;19844;05/10/2024;7199;Bank Transfer
3930;2578;12/03/2025;2984;Debit Card
3931;13409;08/11/2024;16083;Debit Card
3932;13906;29/10/2025;6969;Debit Card
3933;14970;09/09/2024;22013;Credit Card
3934;8077;20/03/2024;8511;Cash
3935;2735;20/09/2025;5043;Credit Card
3936;10896;05/08/2024;28820;Bank Transfer
3937;1609;05/02/2024;22081;Credit Card
3938;7166;12/10/2025;29698;Credit Card
3939;10897;19/01/2026;16780;Cash
3940;355;11/04/2024;26543;Debit Card
3941;605;24/11/2024;4333;Cash
3942;14173;16/10/2025;19934;Online
3943;19341;16/08/2026;2540;Online
3944;16889;20/02/2025;12707;Debit Card
3945;17845;13/04/2026;24650;Bank Transfer
3946;14291;12/04/2026;8702;Credit Card
3947;4377;30/05/2024;4814;Online
3948;2536;04/02/2026;7879;Cash
3949;8277;30/12/2025;12035;Online
3950;11380;13/04/2026;5075;Cash
3951;7823;22/12/2023;19254;Online
3952;3109;13/05/2024;3600;Credit Card
3953;1216;04/04/2025;16155;Debit Card
3954;19167;28/11/2023;24902;Online
3955;10184;30/04/2025;6723;Debit Card
3956;1930;26/11/2024;1881;Credit Card
3957;7413;09/06/2026;24560;Credit Card
3958;7355;09/12/2024;13655;Online
3959;10292;06/11/2025;22172;Online
3960;5577;25/03/2024;3063;Online
3961;19103;18/11/2023;7218;Credit Card
3962;2940;04/10/2023;4474;Cash
3963;7438;19/07/2024;507;Cash
3964;10860;04/02/2026;17240;Debit Card
3965;4950;10/04/2026;14775;Cash
3966;18181;17/11/2023;22474;Cash
3967;5485;21/06/2024;1270;Cash
3968;3329;09/10/2023;18671;Cash
3969;13822;20/08/2024;18394;Credit Card
3970;4603;24/12/2023;11034;Bank Transfer
3971;4056;27/10/2025;27589;Cash
3972;19262;03/04/2025;10916;Online
3973;10120;04/04/2026;21431;Bank Transfer
3974;14680;16/09/2025;12462;Debit Card
3975;4475;16/11/2025;29103;Cash
3976;10551;14/08/2026;5997;Cash
3977;14465;14/03/2024;15287;Online
3978;3539;15/04/2025;8557;Cash
3979;10601;20/06/2025;4972;Debit Card
3980;6862;09/05/2025;6989;Bank Transfer
3981;13034;16/07/2026;24234;Bank Transfer
3982;18260;25/04/2025;22469;Cash
3983;2974;12/01/2026;26185;Cash
3984;14336;13/02/2026;19407;Online
3985;19678;16/09/2023;16610;Online
3986;1354;08/02/2026;11321;Bank Transfer
3987;3427;12/03/2024;29963;Online
3988;12747;24/12/2023;29871;Cash
3989;3689;15/01/2024;27817;Bank Transfer
3990;13843;10/06/2024;6101;Cash
3991;9395;21/11/2023;15832;Debit Card
3992;2632;13/12/2023;11435;Bank Transfer
3993;5684;30/05/2024;29303;Bank Transfer
3994;12134;12/10/2023;7254;Bank Transfer
3995;5091;24/10/2025;14457;Cash
3996;7062;01/09/2024;20829;Debit Card
3997;8927;06/07/2025;10937;Cash
3998;13963;19/10/2023;13699;Bank Transfer
3999;9893;03/04/2024;13910;Online
4000;1536;26/05/2024;18387;Bank Transfer
4001;3776;23/04/2024;27957;Bank Transfer
4002;18070;27/09/2025;10142;Cash
4003;6009;09/04/2024;24230;Debit Card
4004;18240;10/07/2024;4025;Cash
4005;1250;28/04/2026;18035;Bank Transfer
4006;5114;03/08/2025;17633;Cash
4007;10838;21/01/2026;9160;Online
4008;1193;24/06/2026;28262;Online
4009;83;01/11/2024;8966;Debit Card
4010;16716;14/01/2025;26963;Bank Transfer
4011;17203;06/09/2026;28993;Bank Transfer
4012;8309;11/11/2024;24582;Cash
4013;10624;04/05/2024;7880;Debit Card
4014;200;06/07/2024;13310;Debit Card
4015;18567;26/01/2026;4011;Bank Transfer
4016;4976;01/01/2025;21132;Credit Card
4017;1629;25/09/2023;8278;Bank Transfer
4018;10055;16/02/2024;28119;Online
4019;16755;05/08/2025;22148;Bank Transfer
4020;5976;04/06/2024;3902;Credit Card
4021;4341;18/09/2023;28332;Credit Card
4022;18485;10/06/2024;13378;Online
4023;1120;09/08/2026;16855;Cash
4024;8952;12/03/2024;20420;Credit Card
4025;16148;13/07/2024;9618;Bank Transfer
4026;14501;15/04/2026;4005;Online
4027;9629;01/04/2025;28938;Online
4028;11544;03/11/2023;3134;Online
4029;11871;26/04/2025;14535;Credit Card
4030;19257;15/08/2024;21149;Credit Card
4031;17713;12/11/2023;5348;Cash
4032;1206;19/02/2024;13911;Credit Card
4033;13084;06/01/2026;8424;Credit Card
4034;8581;16/10/2025;2088;Bank Transfer
4035;1677;03/08/2025;2095;Bank Transfer
4036;2982;18/11/2023;16652;Bank Transfer
4037;6911;23/03/2025;19583;Bank Transfer
4038;7753;18/09/2025;19687;Online
4039;13006;30/03/2025;10736;Debit Card
4040;14202;18/10/2024;21189;Bank Transfer
4041;2230;03/06/2026;12863;Cash
4042;3224;06/03/2025;26065;Debit Card
4043;19874;24/10/2023;3625;Bank Transfer
4044;6319;05/12/2025;23514;Debit Card
4045;10853;26/11/2023;16084;Cash
4046;4454;16/05/2024;23869;Cash
4047;15164;06/04/2026;14180;Debit Card
4048;1761;23/12/2023;20157;Cash
4049;10719;15/12/2023;6631;Debit Card
4050;8211;09/11/2025;9556;Bank Transfer
4051;495;04/04/2026;19688;Credit Card
4052;14319;01/08/2026;6732;Online
4053;9766;24/01/2025;17069;Cash
4054;11377;02/10/2023;12231;Debit Card
4055;574;11/04/2024;23816;Bank Transfer
4056;15471;19/01/2026;14424;Debit Card
4057;14637;10/09/2024;9572;Bank Transfer
4058;5812;13/09/2024;6471;Credit Card
4059;2989;21/10/2023;28340;Credit Card
4060;8669;08/06/2026;19276;Debit Card
4061;14713;02/01/2025;29625;Credit Card
4062;541;14/11/2023;18546;Cash
4063;6188;04/11/2025;12489;Credit Card
4064;5799;05/10/2024;3844;Cash
4065;11288;20/04/2025;28927;Cash
4066;13375;02/03/2025;25046;Bank Transfer
4067;16635;21/07/2024;21885;Credit Card
4068;6448;17/04/2024;27593;Credit Card
4069;17558;21/06/2025;8843;Credit Card
4070;2252;03/10/2023;8844;Cash
4071;18368;09/02/2024;13114;Credit Card
4072;5510;23/06/2026;25684;Bank Transfer
4073;15233;31/07/2026;9328;Credit Card
4074;7675;14/01/2024;1581;Bank Transfer
4075;865;13/06/2025;19422;Debit Card
4076;39;06/11/2025;8733;Debit Card
4077;15533;27/06/2025;11386;Online
4078;10380;09/07/2024;15702;Debit Card
4079;15705;18/01/2025;23689;Cash
4080;1261;28/07/2026;9842;Cash
4081;2602;23/07/2024;20719;Credit Card
4082;16304;29/10/2023;16119;Credit Card
4083;17225;06/02/2026;18480;Credit Card
4084;14458;18/09/2023;24978;Online
4085;11484;20/12/2025;27612;Cash
4086;8768;03/10/2025;12051;Credit Card
4087;7657;12/06/2026;26144;Online
4088;11878;08/11/2025;9038;Bank Transfer
4089;12205;06/05/2024;17407;Credit Card
4090;6011;28/12/2023;23046;Credit Card
4091;17103;23/03/2024;22256;Cash
4092;14177;01/02/2026;24328;Online
4093;1092;02/10/2023;7512;Bank Transfer
4094;83;26/02/2025;18614;Debit Card
4095;9081;01/01/2025;1819;Online
4096;1830;27/08/2025;29122;Bank Transfer
4097;4817;03/08/2025;29117;Online
4098;18506;13/05/2024;25386;Online
4099;7111;17/02/2026;20075;Debit Card
4100;2119;23/04/2024;1842;Cash
4101;9199;07/12/2023;10110;Online
4102;1437;21/02/2024;3961;Debit Card
4103;4754;24/09/2025;14093;Online
4104;13291;03/05/2026;25090;Bank Transfer
4105;19077;07/06/2024;28631;Cash
4106;7526;02/05/2026;23845;Cash
4107;11388;16/08/2026;26593;Credit Card
4108;3048;27/09/2023;24471;Bank Transfer
4109;3070;15/02/2025;13201;Online
4110;12713;07/09/2024;25847;Online
4111;3490;25/07/2026;17148;Credit Card
4112;5327;28/05/2026;3987;Online
4113;11533;06/06/2026;13260;Bank Transfer
4114;4821;22/06/2026;14196;Bank Transfer
4115;5036;17/02/2025;11303;Bank Transfer
4116;12027;23/10/2025;12620;Online
4117;19665;13/04/2024;25004;Credit Card
4118;11984;17/02/2026;13327;Bank Transfer
4119;10933;10/05/2024;10140;Credit Card
4120;3905;22/03/2025;25641;Credit Card
4121;2157;18/04/2025;1501;Online
4122;17575;21/06/2025;10614;Bank Transfer
4123;19647;27/02/2025;10217;Credit Card
4124;1477;30/11/2024;3370;Bank Transfer
4125;14492;27/11/2025;26500;Debit Card
4126;15185;28/09/2024;14091;Cash
4127;2966;21/07/2025;26244;Debit Card
4128;3968;19/10/2025;27331;Cash
4129;8019;12/03/2026;22823;Bank Transfer
4130;15806;27/07/2026;18802;Bank Transfer
4131;2403;12/08/2026;2525;Debit Card
4132;6369;26/06/2026;19989;Cash
4133;12766;29/01/2025;10769;Credit Card
4134;6092;05/06/2025;14893;Cash
4135;5386;13/04/2025;21945;Cash
4136;14898;27/04/2025;25854;Credit Card
4137;314;30/12/2024;3960;Online
4138;1838;30/09/2024;10371;Online
4139;1144;03/01/2025;17013;Credit Card
4140;8693;15/04/2024;25261;Credit Card
4141;15655;08/11/2025;20506;Debit Card
4142;12632;22/01/2026;9253;Debit Card
4143;10526;16/09/2025;10775;Bank Transfer
4144;12952;30/01/2025;25823;Credit Card
4145;5704;10/01/2024;26681;Credit Card
4146;2865;16/06/2026;4085;Online
4147;5439;27/04/2024;16516;Online
4148;7155;17/10/2025;10602;Debit Card
4149;17819;11/05/2024;6414;Cash
4150;105;29/03/2026;15792;Bank Transfer
4151;9446;22/11/2024;4062;Debit Card
4152;18345;05/12/2023;18024;Debit Card
4153;9286;12/08/2025;18137;Debit Card
4154;6105;30/10/2024;7341;Credit Card
4155;10962;10/01/2026;23289;Bank Transfer
4156;2693;08/03/2025;29341;Debit Card
4157;9133;20/11/2024;11208;Cash
4158;13079;27/05/2025;16583;Debit Card
4159;14078;22/10/2025;20813;Debit Card
4160;261;06/08/2026;19825;Credit Card
4161;19743;13/10/2025;5078;Cash
4162;4876;24/12/2023;9541;Credit Card
4163;7697;14/04/2026;20751;Online
4164;9415;05/07/2025;11794;Debit Card
4165;8093;15/11/2024;788;Cash
4166;7545;26/06/2026;18058;Cash
4167;15982;30/08/2026;19851;Cash
4168;14854;25/05/2026;14412;Online
4169;7113;18/03/2024;12332;Debit Card
4170;11343;04/06/2026;2799;Online
4171;5732;26/07/2026;29824;Online
4172;10471;16/06/2025;7511;Bank Transfer
4173;6225;01/07/2024;25083;Debit Card
4174;11715;23/05/2025;5238;Cash
4175;484;04/10/2023;25462;Debit Card
4176;4939;17/10/2024;28863;Credit Card
4177;109;21/03/2026;27159;Credit Card
4178;7748;23/04/2025;27632;Debit Card
4179;15869;10/03/2026;15875;Debit Card
4180;14641;07/01/2026;3461;Online
4181;4139;24/02/2024;16205;Online
4182;658;19/10/2025;17685;Cash
4183;10730;14/08/2025;25224;Bank Transfer
4184;5597;03/04/2026;26143;Debit Card
4185;5816;12/08/2026;27281;Credit Card
4186;15886;22/01/2024;19900;Cash
4187;18961;11/08/2024;18879;Debit Card
4188;18545;14/07/2024;26467;Bank Transfer
4189;8763;25/11/2025;24962;Bank Transfer
4190;8557;11/10/2024;5672;Online
4191;5173;16/04/2024;23983;Debit Card
4192;15628;01/10/2023;22002;Online
4193;12185;13/01/2026;15029;Bank Transfer
4194;5145;08/02/2026;13806;Bank Transfer
4195;18360;30/05/2025;4639;Credit Card
4196;3917;08/04/2025;11179;Online
4197;910;19/03/2026;2456;Debit Card
4198;9171;12/07/2025;13308;Debit Card
4199;13275;28/10/2023;15353;Online
4200;10049;21/05/2024;27262;Debit Card
4201;7040;28/10/2025;10980;Bank Transfer
4202;8437;01/08/2026;4292;Bank Transfer
4203;17103;07/09/2026;26035;Cash
4204;819;21/04/2025;9436;Bank Transfer
4205;3151;25/11/2023;19263;Credit Card
4206;7517;04/01/2026;9268;Credit Card
4207;1405;28/02/2025;28754;Cash
4208;10905;01/08/2026;28169;Credit Card
4209;12567;26/10/2023;28166;Credit Card
4210;4189;05/02/2025;22156;Debit Card
4211;10193;12/03/2025;823;Cash
4212;14402;04/04/2026;21618;Cash
4213;10359;14/07/2025;10263;Online
4214;17083;03/10/2023;4872;Debit Card
4215;3474;11/11/2023;20430;Cash
4216;11241;31/08/2025;23208;Debit Card
4217;12024;12/06/2024;26470;Bank Transfer
4218;17741;08/12/2024;21354;Cash
4219;3722;31/01/2025;25106;Cash
4220;11160;29/12/2023;19214;Cash
4221;18569;31/10/2024;1574;Online
4222;5540;04/02/2024;25462;Credit Card
4223;14075;28/09/2024;19489;Cash
4224;4193;09/09/2025;22184;Online
4225;5783;08/03/2026;14821;Credit Card
4226;7200;11/03/2026;8328;Online
4227;5578;31/05/2026;6148;Online
4228;14579;12/07/2025;12695;Online
4229;16898;04/08/2025;25122;Cash
4230;15495;27/04/2025;25175;Credit Card
4231;8771;12/03/2025;21823;Online
4232;18043;15/04/2024;18029;Debit Card
4233;1120;22/12/2025;28465;Bank Transfer
4234;6401;23/10/2025;13031;Online
4235;13052;07/05/2026;16837;Bank Transfer
4236;18656;05/03/2024;17856;Bank Transfer
4237;5534;22/12/2024;8071;Debit Card
4238;16758;30/09/2024;26843;Bank Transfer
4239;17096;05/12/2024;10535;Credit Card
4240;4875;16/01/2025;2182;Credit Card
4241;8932;28/05/2026;27329;Credit Card
4242;13677;13/09/2025;15130;Online
4243;10977;03/04/2025;4276;Bank Transfer
4244;19268;09/01/2024;29177;Online
4245;1755;14/10/2024;11202;Bank Transfer
4246;14680;05/05/2026;24670;Debit Card
4247;864;07/11/2024;16473;Credit Card
4248;5408;22/05/2025;1199;Cash
4249;2862;12/04/2025;22932;Debit Card
4250;16953;07/06/2026;13340;Debit Card
4251;6221;21/03/2025;19701;Bank Transfer
4252;9004;23/09/2024;23918;Credit Card
4253;14974;04/09/2025;26355;Credit Card
4254;877;29/12/2025;15591;Bank Transfer
4255;1768;20/11/2023;17016;Bank Transfer
4256;16724;29/08/2024;20497;Debit Card
4257;7160;21/05/2025;6737;Cash
4258;8677;27/01/2024;10958;Bank Transfer
4259;12339;22/12/2024;21987;Online
4260;17620;04/06/2024;24076;Cash
4261;12071;15/01/2024;6132;Credit Card
4262;15616;21/11/2025;20050;Debit Card
4263;15982;04/10/2023;14572;Credit Card
4264;12710;15/09/2023;6958;Credit Card
4265;17246;14/05/2024;14480;Credit Card
4266;9820;22/04/2024;5318;Online
4267;14816;19/06/2026;13977;Credit Card
4268;5800;03/09/2026;18562;Bank Transfer
4269;15200;13/02/2024;29035;Debit Card
4270;1362;04/04/2024;1748;Bank Transfer
4271;10289;19/02/2024;22548;Bank Transfer
4272;18019;14/08/2024;15906;Cash
4273;19304;06/09/2025;8159;Bank Transfer
4274;5735;10/04/2024;11931;Cash
4275;7495;05/02/2024;27211;Bank Transfer
4276;13868;23/11/2023;19596;Bank Transfer
4277;4692;23/11/2024;26943;Cash
4278;7701;13/03/2026;1209;Bank Transfer
4279;13789;02/03/2024;15696;Debit Card
4280;3925;26/12/2025;20609;Debit Card
4281;13652;31/12/2024;27289;Debit Card
4282;18099;19/05/2025;4666;Bank Transfer
4283;12933;07/02/2024;2843;Cash
4284;2247;30/05/2026;20571;Credit Card
4285;18357;10/04/2025;25525;Debit Card
4286;1572;30/03/2026;28581;Credit Card
4287;17881;25/04/2024;3692;Credit Card
4288;14141;01/10/2023;693;Online
4289;2552;03/12/2023;4685;Credit Card
4290;1067;25/07/2024;10196;Online
4291;9457;05/07/2025;15184;Online
4292;4023;30/06/2024;17186;Online
4293;7337;17/08/2026;27820;Bank Transfer
4294;2056;06/08/2025;21814;Online
4295;8780;02/07/2024;7649;Bank Transfer
4296;12697;13/03/2026;5784;Cash
4297;19568;14/11/2024;8549;Online
4298;1046;07/12/2023;21767;Credit Card
4299;8058;06/04/2025;21493;Cash
4300;14680;06/02/2025;10986;Bank Transfer
4301;15327;18/07/2026;12678;Bank Transfer
4302;9211;10/12/2024;25373;Online
4303;410;21/06/2026;2545;Online
4304;5862;16/07/2025;9511;Bank Transfer
4305;1283;05/07/2024;7973;Debit Card
4306;3014;05/03/2026;10976;Online
4307;17930;05/06/2024;26928;Cash
4308;5340;03/11/2024;12629;Credit Card
4309;16204;06/03/2026;14545;Bank Transfer
4310;544;10/08/2026;18932;Cash
4311;7097;03/07/2026;28815;Online
4312;7304;13/02/2026;3194;Credit Card
4313;16726;13/08/2024;5129;Debit Card
4314;10847;09/01/2025;16377;Cash
4315;1060;02/12/2023;13118;Cash
4316;13853;03/07/2025;2214;Cash
4317;2768;04/07/2024;6525;Bank Transfer
4318;4664;02/05/2026;680;Credit Card
4319;15778;26/11/2024;25586;Debit Card
4320;7424;04/07/2024;17451;Online
4321;4971;17/06/2025;18460;Credit Card
4322;2719;09/10/2024;28191;Debit Card
4323;7377;29/12/2024;16555;Cash
4324;10792;01/09/2024;13960;Bank Transfer
4325;3827;15/12/2023;3304;Debit Card
4326;6909;21/01/2026;5964;Online
4327;12773;29/09/2023;11327;Bank Transfer
4328;11535;29/12/2023;18998;Online
4329;2006;27/08/2026;5275;Bank Transfer
4330;11795;03/12/2025;19631;Debit Card
4331;19803;31/10/2024;9827;Online
4332;19266;26/05/2025;13484;Cash
4333;9734;29/12/2025;16775;Debit Card
4334;7195;16/07/2025;14670;Credit Card
4335;5826;07/02/2025;16166;Debit Card
4336;17955;24/06/2025;20328;Credit Card
4337;18684;06/12/2024;29900;Debit Card
4338;5370;26/09/2025;668;Cash
4339;9477;12/10/2023;6943;Bank Transfer
4340;8498;18/11/2023;28360;Credit Card
4341;14073;25/08/2025;12888;Bank Transfer
4342;7221;05/04/2024;4550;Debit Card
4343;4901;24/09/2024;6304;Cash
4344;6484;07/03/2024;28537;Debit Card
4345;15542;20/03/2024;10101;Online
4346;10788;17/05/2024;21000;Bank Transfer
4347;13142;19/08/2026;29753;Cash
4348;3498;25/11/2024;5890;Bank Transfer
4349;12337;02/04/2024;29233;Online
4350;17771;18/01/2024;29897;Cash
4351;3088;13/10/2024;9660;Bank Transfer
4352;1225;02/04/2024;26276;Debit Card
4353;18511;18/06/2026;27343;Bank Transfer
4354;12761;11/07/2025;16923;Bank Transfer
4355;16677;29/07/2024;21525;Credit Card
4356;5062;25/07/2026;26257;Credit Card
4357;9442;06/03/2024;14258;Bank Transfer
4358;19867;27/04/2025;2480;Online
4359;10948;12/09/2025;6383;Online
4360;14359;09/11/2024;1210;Bank Transfer
4361;990;05/07/2024;20806;Cash
4362;19398;30/12/2023;4135;Debit Card
4363;12956;24/03/2024;13847;Credit Card
4364;8754;05/01/2026;12650;Cash
4365;16139;08/12/2023;29423;Cash
4366;19634;06/01/2024;3251;Cash
4367;12581;20/07/2025;12386;Debit Card
4368;16924;05/11/2025;3995;Online
4369;13374;05/05/2024;16012;Debit Card
4370;17827;17/06/2024;17968;Online
4371;1943;25/12/2025;16639;Online
4372;4432;07/06/2026;22674;Bank Transfer
4373;15532;01/03/2025;9827;Debit Card
4374;11488;19/11/2023;14420;Bank Transfer
4375;15959;16/12/2023;1940;Credit Card
4376;5323;04/06/2026;14799;Cash
4377;15101;25/01/2026;18882;Bank Transfer
4378;7619;04/02/2024;10091;Credit Card
4379;1893;05/01/2025;6540;Online
4380;13420;24/06/2024;8098;Bank Transfer
4381;3215;12/07/2025;6907;Credit Card
4382;9098;05/07/2026;17842;Cash
4383;18528;06/05/2026;2307;Debit Card
4384;11521;11/06/2025;11932;Credit Card
4385;1471;19/08/2025;4310;Online
4386;7606;01/03/2024;28228;Online
4387;17539;16/11/2023;2515;Debit Card
4388;11949;11/05/2025;11715;Credit Card
4389;16031;27/04/2026;21170;Bank Transfer
4390;4359;17/01/2025;28821;Debit Card
4391;5780;20/07/2026;12780;Debit Card
4392;6323;12/06/2025;24379;Cash
4393;17702;21/08/2025;17157;Cash
4394;4259;25/08/2025;29309;Cash
4395;19754;27/05/2024;6141;Cash
4396;15982;02/06/2026;14090;Bank Transfer
4397;4192;16/03/2024;14229;Bank Transfer
4398;17098;20/01/2025;3372;Online
4399;7090;29/07/2026;22940;Bank Transfer
4400;7239;05/04/2025;29275;Debit Card
4401;19946;10/08/2025;9693;Cash
4402;19468;26/12/2025;18220;Bank Transfer
4403;15178;18/02/2024;24717;Bank Transfer
4404;7488;14/01/2024;11914;Online
4405;14722;04/04/2024;27522;Credit Card
4406;10304;26/12/2023;13625;Cash
4407;8665;24/03/2025;613;Credit Card
4408;6450;23/10/2025;7536;Cash
4409;15218;06/06/2026;25317;Bank Transfer
4410;7839;30/01/2026;16671;Credit Card
4411;19485;03/04/2024;20875;Online
4412;5498;27/04/2025;23489;Credit Card
4413;13883;06/07/2024;23718;Bank Transfer
4414;14217;30/07/2026;9715;Online
4415;10507;05/09/2026;4745;Online
4416;16382;24/11/2023;4624;Credit Card
4417;12221;19/03/2026;15897;Online
4418;9207;11/04/2024;12532;Online
4419;7263;01/12/2024;28770;Credit Card
4420;13638;16/11/2025;28941;Cash
4421;14019;22/12/2024;21993;Online
4422;6284;27/10/2024;2743;Cash
4423;14253;11/10/2024;27303;Cash
4424;14166;09/09/2025;11772;Debit Card
4425;13859;05/05/2026;1562;Debit Card
4426;12293;15/07/2026;11195;Credit Card
4427;13924;18/06/2024;4372;Credit Card
4428;6862;11/05/2024;23968;Cash
4429;5023;31/03/2024;23239;Bank Transfer
4430;19183;27/12/2025;7741;Cash
4431;11807;26/04/2026;13455;Cash
4432;7085;13/03/2025;7113;Online
4433;220;23/10/2024;24584;Debit Card
4434;2276;06/11/2025;14753;Online
4435;19824;26/09/2024;24574;Bank Transfer
4436;4676;12/03/2026;15613;Online
4437;19117;24/03/2024;18304;Credit Card
4438;11806;22/11/2023;8905;Online
4439;15454;21/07/2024;5794;Cash
4440;17396;02/09/2024;6608;Credit Card
4441;13757;17/05/2025;29265;Credit Card
4442;14091;14/09/2023;1020;Debit Card
4443;18895;07/10/2024;13830;Online
4444;129;28/09/2023;3608;Online
4445;19068;27/01/2025;2977;Debit Card
4446;17791;22/12/2023;24178;Cash
4447;2846;27/05/2026;26812;Debit Card
4448;10189;03/04/2026;4110;Cash
4449;17281;05/11/2024;11838;Debit Card
4450;7868;22/04/2024;24692;Credit Card
4451;5652;16/09/2025;19359;Cash
4452;3759;11/06/2026;19307;Bank Transfer
4453;10022;24/04/2026;9762;Online
4454;17834;10/06/2024;17421;Credit Card
4455;14585;01/08/2025;24121;Online
4456;8082;28/05/2026;23609;Cash
4457;2063;01/06/2024;1836;Bank Transfer
4458;13860;05/07/2024;1068;Bank Transfer
4459;19378;27/05/2026;6510;Debit Card
4460;12416;25/12/2023;12851;Cash
4461;10211;13/03/2024;15143;Debit Card
4462;18427;09/09/2025;2463;Online
4463;9389;27/08/2026;998;Bank Transfer
4464;4997;07/01/2026;22767;Bank Transfer
4465;2200;06/04/2025;12611;Cash
4466;3029;20/09/2023;23837;Online
4467;19323;15/11/2024;9246;Cash
4468;2994;27/03/2024;13115;Cash
4469;9860;16/05/2026;13939;Debit Card
4470;14926;02/02/2024;9321;Bank Transfer
4471;9469;25/10/2023;10757;Debit Card
4472;6200;14/03/2024;22136;Debit Card
4473;15980;25/11/2024;19901;Debit Card
4474;19174;11/01/2026;25513;Debit Card
4475;8452;23/12/2025;21357;Bank Transfer
4476;6397;11/01/2025;6255;Debit Card
4477;17155;07/08/2025;16509;Online
4478;6427;27/05/2026;27403;Debit Card
4479;19746;26/11/2025;9944;Credit Card
4480;14861;21/02/2026;28338;Online
4481;14282;28/03/2025;1716;Bank Transfer
4482;8977;11/06/2025;1991;Debit Card
4483;18922;23/09/2023;22116;Online
4484;8316;01/09/2024;24804;Bank Transfer
4485;541;07/04/2025;11611;Online
4486;1654;12/10/2024;22008;Bank Transfer
4487;2177;13/08/2024;24808;Credit Card
4488;9196;16/12/2025;20128;Bank Transfer
4489;5606;30/10/2023;14500;Online
4490;12912;04/09/2026;7289;Cash
4491;10778;06/06/2025;17147;Cash
4492;12149;11/04/2025;6939;Online
4493;11300;28/02/2026;28657;Credit Card
4494;1437;07/10/2023;29599;Cash
4495;4293;03/03/2025;6195;Online
4496;17010;14/06/2026;13501;Bank Transfer
4497;11316;18/06/2026;2842;Debit Card
4498;19134;17/10/2025;24913;Debit Card
4499;16780;11/06/2024;10063;Bank Transfer
4500;10923;09/09/2026;23463;Bank Transfer
4501;10244;29/08/2025;1267;Bank Transfer
4502;11164;03/12/2023;24720;Debit Card
4503;1977;12/07/2025;4511;Credit Card
4504;10251;05/06/2025;17879;Cash
4505;6313;03/02/2024;21030;Online
4506;9748;25/01/2026;1016;Debit Card
4507;619;03/01/2026;22393;Credit Card
4508;10601;07/04/2024;819;Cash
4509;12184;18/04/2025;12010;Bank Transfer
4510;9059;27/04/2025;22537;Cash
4511;4981;20/12/2025;3016;Bank Transfer
4512;1293;27/05/2025;10914;Debit Card
4513;14983;27/07/2025;11078;Bank Transfer
4514;3598;22/06/2026;12823;Cash
4515;9805;29/12/2025;5949;Debit Card
4516;18642;10/01/2024;28628;Debit Card
4517;435;14/08/2025;16638;Credit Card
4518;7665;05/09/2025;27970;Credit Card
4519;15745;18/12/2023;24170;Credit Card
4520;8917;01/02/2025;18418;Bank Transfer
4521;9129;30/06/2026;29042;Bank Transfer
4522;4316;29/08/2026;7133;Online
4523;6606;20/03/2025;16204;Debit Card
4524;15835;11/11/2025;26061;Credit Card
4525;3820;23/12/2024;25975;Debit Card
4526;9369;05/09/2025;21704;Bank Transfer
4527;16386;06/01/2026;10272;Credit Card
4528;10856;01/09/2024;4419;Bank Transfer
4529;7339;12/05/2024;14909;Bank Transfer
4530;2328;10/12/2024;3886;Cash
4531;18112;30/09/2024;2060;Debit Card
4532;18053;16/01/2025;9319;Credit Card
4533;13585;01/12/2024;24170;Credit Card
4534;18540;30/03/2025;26315;Bank Transfer
4535;15966;25/12/2024;15587;Online
4536;7096;31/03/2024;16289;Credit Card
4537;2232;09/02/2025;17852;Cash
4538;5756;15/08/2026;28678;Online
4539;2400;25/01/2024;20916;Cash
4540;431;06/12/2024;27873;Debit Card
4541;17056;06/12/2024;11255;Cash
4542;11126;21/10/2023;11240;Credit Card
4543;15695;25/10/2023;15795;Debit Card
4544;12850;29/06/2026;27863;Cash
4545;17823;11/08/2025;25621;Credit Card
4546;3559;28/03/2026;12589;Debit Card
4547;12821;21/11/2024;3478;Bank Transfer
4548;5507;24/04/2025;12732;Credit Card
4549;16693;02/03/2026;10426;Bank Transfer
4550;11235;06/12/2024;10700;Online
4551;4580;17/06/2026;17503;Online
4552;6813;30/11/2025;8644;Cash
4553;10234;04/02/2024;3756;Bank Transfer
4554;5426;23/07/2024;23433;Credit Card
4555;6976;06/08/2026;15931;Bank Transfer
4556;15436;01/04/2026;10202;Debit Card
4557;14691;26/07/2026;9972;Credit Card
4558;5395;03/02/2025;28217;Cash
4559;2765;27/04/2025;11327;Bank Transfer
4560;12059;13/01/2026;12998;Cash
4561;7330;04/05/2025;17434;Debit Card
4562;10253;23/05/2024;10459;Online
4563;9231;16/12/2024;23149;Debit Card
4564;13392;13/08/2025;3805;Online
4565;10410;19/02/2025;27092;Credit Card
4566;15865;24/03/2026;13109;Online
4567;10695;25/03/2024;17829;Online
4568;11105;05/01/2026;8509;Credit Card
4569;5316;23/08/2026;14889;Credit Card
4570;7328;24/09/2023;22445;Online
4571;11349;03/02/2025;28800;Credit Card
4572;13283;21/11/2023;839;Credit Card
4573;19571;12/08/2025;27590;Cash
4574;6563;11/05/2024;3980;Credit Card
4575;13246;15/04/2025;23809;Credit Card
4576;11730;14/07/2024;28161;Bank Transfer
4577;11906;14/08/2024;5368;Debit Card
4578;3004;07/06/2025;18967;Debit Card
4579;18810;10/11/2023;25460;Debit Card
4580;8896;01/02/2024;20983;Credit Card
4581;13198;25/01/2026;13794;Credit Card
4582;5049;12/01/2025;22476;Bank Transfer
4583;10553;31/03/2024;21663;Bank Transfer
4584;7539;08/07/2025;22075;Bank Transfer
4585;1662;27/02/2025;13806;Bank Transfer
4586;7324;11/11/2024;29318;Debit Card
4587;12033;15/07/2025;6473;Bank Transfer
4588;13541;13/01/2025;15984;Cash
4589;17029;07/02/2025;1076;Credit Card
4590;18029;08/02/2024;19250;Cash
4591;13803;26/10/2024;17634;Credit Card
4592;2421;10/05/2024;15228;Debit Card
4593;1609;15/01/2025;15693;Bank Transfer
4594;11714;21/06/2025;17512;Bank Transfer
4595;15460;12/08/2026;7065;Online
4596;13265;13/08/2025;4768;Cash
4597;1348;14/11/2024;25058;Cash
4598;11934;27/04/2026;7749;Debit Card
4599;9981;19/01/2024;21156;Online
4600;17994;10/11/2025;29975;Online
4601;10594;02/09/2026;2764;Credit Card
4602;6713;03/02/2026;18867;Debit Card
4603;4167;17/06/2024;24493;Credit Card
4604;14307;22/11/2024;24135;Bank Transfer
4605;10286;16/09/2024;27239;Cash
4606;669;21/05/2024;5542;Debit Card
4607;10209;23/09/2023;3636;Bank Transfer
4608;8666;22/04/2024;5187;Online
4609;17984;26/06/2026;2840;Credit Card
4610;2633;28/01/2025;16956;Bank Transfer
4611;17129;24/05/2026;26534;Cash
4612;7362;25/11/2023;25517;Debit Card
4613;1152;09/12/2025;16044;Online
4614;1924;07/05/2026;21687;Cash
4615;4456;31/08/2026;24522;Credit Card
4616;15990;22/02/2025;22348;Bank Transfer
4617;1429;01/11/2024;20905;Credit Card
4618;7498;12/04/2025;25993;Cash
4619;16580;05/12/2023;7018;Cash
4620;3074;28/06/2024;10328;Online
4621;9864;27/11/2024;4114;Bank Transfer
4622;11570;01/10/2024;21181;Online
4623;411;06/04/2024;18012;Credit Card
4624;16626;22/04/2026;15753;Credit Card
4625;14896;15/11/2024;10674;Debit Card
4626;16098;11/06/2026;18096;Bank Transfer
4627;7534;27/05/2025;2961;Cash
4628;12478;04/10/2024;17660;Online
4629;1843;16/01/2026;25334;Cash
4630;7124;27/02/2025;2829;Credit Card
4631;4289;12/08/2025;1807;Cash
4632;12537;27/06/2024;8711;Bank Transfer
4633;3001;24/08/2026;11801;Online
4634;5293;06/01/2024;7701;Credit Card
4635;2707;02/12/2023;13796;Debit Card
4636;11031;22/07/2025;27022;Debit Card
4637;9874;12/09/2025;9922;Credit Card
4638;1835;06/02/2025;7992;Cash
4639;10443;13/07/2026;24416;Credit Card
4640;6270;22/08/2026;2164;Bank Transfer
4641;3092;31/05/2026;29799;Credit Card
4642;13915;16/06/2025;5265;Credit Card
4643;17449;25/03/2026;29283;Cash
4644;11557;07/07/2025;6831;Cash
4645;9962;05/05/2026;17312;Online
4646;604;01/05/2024;9326;Bank Transfer
4647;14551;12/03/2025;25916;Online
4648;10103;17/09/2025;1960;Online
4649;19020;25/10/2024;15831;Cash
4650;5703;22/04/2025;22904;Cash
4651;5741;14/07/2024;21358;Cash
4652;620;21/06/2026;3599;Cash
4653;3916;08/01/2024;13751;Debit Card
4654;1889;02/04/2026;17400;Online
4655;5347;06/04/2025;27808;Online
4656;12156;10/03/2026;18839;Debit Card
4657;15791;02/06/2024;10083;Online
4658;6012;09/12/2024;16433;Cash
4659;8897;05/12/2025;14415;Bank Transfer
4660;5474;04/03/2024;12043;Cash
4661;94;29/01/2024;1545;Credit Card
4662;9472;25/12/2025;27743;Credit Card
4663;11923;04/10/2023;10670;Cash
4664;524;29/06/2026;1873;Online
4665;8259;09/06/2026;20401;Bank Transfer
4666;8614;02/11/2024;14640;Online
4667;621;04/01/2025;12398;Credit Card
4668;16335;15/12/2024;21211;Debit Card
4669;3407;07/12/2023;27026;Cash
4670;5259;05/12/2023;9573;Debit Card
4671;5522;15/03/2025;22352;Cash
4672;4603;16/09/2025;4301;Credit Card
4673;13748;24/06/2025;2402;Cash
4674;4573;01/08/2025;7408;Bank Transfer
4675;7815;27/09/2025;29319;Online
4676;7440;07/07/2025;24567;Online
4677;909;05/04/2025;7938;Cash
4678;8216;03/05/2025;17815;Cash
4679;8831;02/03/2025;5646;Bank Transfer
4680;2405;28/03/2026;20083;Online
4681;3994;01/10/2023;8187;Credit Card
4682;957;09/11/2025;11430;Cash
4683;7332;01/09/2025;11692;Credit Card
4684;6245;02/12/2025;15638;Cash
4685;17113;15/12/2024;22519;Credit Card
4686;2816;16/01/2025;25488;Online
4687;10359;17/11/2024;28187;Online
4688;14214;13/03/2025;4736;Debit Card
4689;15402;19/09/2024;19582;Debit Card
4690;5883;13/11/2025;18015;Cash
4691;1175;21/03/2024;25682;Online
4692;13797;26/10/2025;4010;Debit Card
4693;6786;11/11/2024;23768;Bank Transfer
4694;2176;21/12/2025;13712;Credit Card
4695;9852;11/11/2025;21943;Cash
4696;12810;05/07/2026;29881;Credit Card
4697;18731;26/05/2025;21801;Online
4698;11158;24/05/2025;5540;Debit Card
4699;12524;17/04/2026;1063;Cash
4700;18123;19/09/2025;25028;Credit Card
4701;3929;07/01/2026;8172;Bank Transfer
4702;2359;04/09/2024;8460;Online
4703;4285;05/12/2023;28142;Bank Transfer
4704;8051;12/08/2025;15538;Bank Transfer
4705;17792;01/05/2025;15756;Cash
4706;10002;19/09/2025;5702;Cash
4707;1497;04/10/2025;560;Bank Transfer
4708;8580;16/06/2026;22299;Credit Card
4709;6569;08/11/2025;12001;Debit Card
4710;17732;10/07/2024;5070;Credit Card
4711;12873;27/01/2025;23916;Cash
4712;8106;18/07/2025;21906;Credit Card
4713;1111;15/09/2025;29379;Cash
4714;6320;05/06/2024;13681;Bank Transfer
4715;8120;14/10/2024;29462;Online
4716;19342;25/05/2024;16335;Bank Transfer
4717;8428;27/03/2026;23697;Online
4718;19220;29/03/2024;9217;Cash
4719;18437;29/10/2023;26081;Debit Card
4720;13797;29/06/2026;4299;Debit Card
4721;108;22/02/2024;11817;Credit Card
4722;13407;05/05/2025;22704;Online
4723;2166;21/06/2026;17582;Credit Card
4724;10926;24/03/2024;17067;Online
4725;19923;12/05/2024;24869;Debit Card
4726;15881;21/09/2025;18181;Bank Transfer
4727;2011;13/06/2025;5009;Cash
4728;9217;10/01/2026;14174;Cash
4729;18714;24/11/2025;28104;Cash
4730;5689;15/10/2023;8282;Cash
4731;6645;01/01/2025;18675;Online
4732;15764;01/05/2024;11803;Cash
4733;13520;11/07/2025;11020;Bank Transfer
4734;5502;24/05/2024;26272;Online
4735;9767;29/01/2026;9061;Bank Transfer
4736;16186;02/04/2025;11348;Cash
4737;18398;06/02/2026;17683;Bank Transfer
4738;15367;25/06/2024;18884;Bank Transfer
4739;13736;30/11/2024;22713;Cash
4740;5742;19/01/2025;8086;Credit Card
4741;12266;09/01/2026;22271;Debit Card
4742;8960;09/09/2025;12851;Cash
4743;12641;17/12/2025;11547;Credit Card
4744;7548;30/05/2025;6461;Online
4745;16087;14/06/2024;28994;Cash
4746;10699;22/11/2023;14142;Online
4747;16688;26/11/2025;13010;Credit Card
4748;277;30/07/2025;20682;Cash
4749;8373;25/03/2025;29338;Credit Card
4750;19874;15/08/2025;13581;Bank Transfer
4751;16387;20/07/2024;22412;Bank Transfer
4752;11664;27/02/2026;9916;Debit Card
4753;10754;21/03/2026;17567;Credit Card
4754;781;06/10/2023;16944;Cash
4755;418;26/10/2024;1068;Credit Card
4756;14516;23/05/2025;798;Bank Transfer
4757;14729;20/03/2024;15464;Credit Card
4758;6363;01/06/2025;20916;Online
4759;14877;22/04/2024;6913;Cash
4760;9362;19/07/2024;10228;Online
4761;12320;01/01/2026;20556;Bank Transfer
4762;3766;03/05/2026;8278;Cash
4763;18729;11/11/2023;28038;Cash
4764;9716;04/11/2024;5269;Cash
4765;9896;18/09/2025;21659;Credit Card
4766;10825;25/05/2024;14664;Online
4767;14482;23/04/2026;11312;Online
4768;19445;17/08/2026;2671;Online
4769;7663;05/09/2026;28590;Bank Transfer
4770;10283;29/03/2026;16938;Cash
4771;12407;09/11/2025;18876;Online
4772;19972;26/08/2024;21988;Cash
4773;9776;01/06/2024;17930;Bank Transfer
4774;2456;31/10/2024;25565;Credit Card
4775;10275;26/09/2023;20598;Bank Transfer
4776;4979;17/07/2024;12244;Cash
4777;12626;19/08/2024;7040;Credit Card
4778;15170;10/04/2024;6525;Debit Card
4779;2874;19/03/2026;23683;Bank Transfer
4780;15524;10/09/2026;24117;Debit Card
4781;3731;12/11/2024;14455;Credit Card
4782;6926;08/07/2025;14974;Bank Transfer
4783;18860;09/05/2025;24737;Debit Card
4784;13617;28/06/2026;20704;Cash
4785;15852;24/02/2026;11242;Debit Card
4786;2208;04/09/2024;1249;Debit Card
4787;16894;11/08/2025;8866;Bank Transfer
4788;1357;13/05/2025;24690;Bank Transfer
4789;16233;04/12/2024;17082;Online
4790;12815;18/11/2023;19447;Cash
4791;11153;27/07/2025;14576;Online
4792;18919;22/08/2024;14306;Debit Card
4793;243;19/02/2025;8539;Online
4794;9923;01/01/2025;25570;Online
4795;16459;24/09/2025;13810;Cash
4796;18561;24/10/2025;28269;Debit Card
4797;5243;28/06/2025;21123;Cash
4798;4389;04/06/2025;26283;Credit Card
4799;3826;09/09/2024;24738;Bank Transfer
4800;12867;31/03/2026;28303;Debit Card
4801;2976;14/02/2026;3343;Cash
4802;12735;17/03/2026;23265;Bank Transfer
4803;19556;13/10/2023;13878;Debit Card
4804;17968;06/06/2024;17965;Online
4805;18853;30/05/2024;22929;Bank Transfer
4806;13722;30/09/2024;26377;Debit Card
4807;2472;17/09/2023;27230;Credit Card
4808;12074;11/05/2025;21130;Bank Transfer
4809;9678;15/09/2024;21028;Credit Card
4810;14540;23/09/2023;28853;Cash
4811;858;05/10/2023;12056;Debit Card
4812;13885;04/02/2024;4164;Online
4813;18838;06/03/2025;29722;Debit Card
4814;19974;14/12/2024;15237;Online
4815;13514;27/04/2025;6427;Online
4816;19352;27/10/2023;662;Bank Transfer
4817;15789;01/03/2026;16763;Cash
4818;3296;07/04/2024;27237;Credit Card
4819;4127;24/01/2024;17917;Cash
4820;11353;26/08/2026;28773;Bank Transfer
4821;4798;27/10/2025;27875;Debit Card
4822;1755;08/11/2025;14846;Bank Transfer
4823;17926;07/06/2026;10948;Cash
4824;76;26/11/2025;26299;Debit Card
4825;19337;25/06/2026;25087;Credit Card
4826;8104;30/08/2024;21917;Debit Card
4827;11085;29/11/2023;15283;Bank Transfer
4828;10993;25/03/2026;26108;Bank Transfer
4829;9499;16/09/2023;27834;Credit Card
4830;11633;15/07/2026;24849;Bank Transfer
4831;459;23/10/2025;9329;Debit Card
4832;11137;09/07/2025;24286;Credit Card
4833;17580;27/04/2024;25703;Online
4834;13236;26/08/2025;15317;Online
4835;16611;30/07/2024;20556;Bank Transfer
4836;6568;30/10/2025;14826;Online
4837;10653;03/01/2026;10031;Debit Card
4838;8733;17/10/2023;13825;Credit Card
4839;4709;14/10/2023;4845;Online
4840;8742;12/12/2025;22536;Online
4841;12489;31/03/2026;18903;Online
4842;5952;23/05/2024;25662;Cash
4843;2927;28/06/2024;28742;Cash
4844;7522;24/03/2026;25140;Debit Card
4845;12235;30/04/2024;13637;Debit Card
4846;510;25/01/2024;26352;Cash
4847;14517;05/04/2026;13915;Bank Transfer
4848;8702;04/04/2024;6322;Cash
4849;19415;04/05/2024;22838;Debit Card
4850;7287;18/04/2025;11381;Bank Transfer
4851;19510;21/04/2026;4328;Online
4852;4517;20/11/2025;1830;Credit Card
4853;12461;26/12/2025;29524;Debit Card
4854;3024;23/02/2024;22469;Cash
4855;11750;05/01/2024;13237;Credit Card
4856;3200;10/07/2024;8910;Credit Card
4857;15435;30/06/2026;16954;Bank Transfer
4858;10891;05/09/2024;10079;Bank Transfer
4859;11693;09/10/2024;25007;Online
4860;5259;09/03/2026;27078;Debit Card
4861;4913;14/08/2026;26935;Online
4862;1347;17/01/2026;8947;Bank Transfer
4863;14577;24/02/2026;9863;Bank Transfer
4864;4476;13/05/2025;25148;Online
4865;19107;14/12/2024;28525;Bank Transfer
4866;4244;26/01/2025;14255;Debit Card
4867;3130;20/09/2024;1141;Debit Card
4868;8194;29/11/2023;22052;Debit Card
4869;13936;07/07/2024;13277;Online
4870;7459;16/08/2024;20925;Online
4871;3351;26/06/2026;21486;Credit Card
4872;1834;22/04/2024;19017;Cash
4873;4335;12/05/2026;21863;Cash
4874;12379;30/03/2024;22730;Online
4875;8554;09/08/2025;1249;Cash
4876;5065;22/12/2024;10655;Debit Card
4877;1550;25/07/2024;1083;Online
4878;2425;17/10/2023;29148;Bank Transfer
4879;10841;26/08/2026;16862;Online
4880;3779;01/11/2023;19062;Credit Card
4881;2048;22/08/2025;5114;Debit Card
4882;5404;11/07/2024;10409;Credit Card
4883;1086;30/07/2024;4155;Credit Card
4884;5987;13/12/2025;23822;Cash
4885;7151;16/10/2023;6916;Debit Card
4886;2568;17/09/2025;10921;Debit Card
4887;4254;14/07/2024;26792;Bank Transfer
4888;2869;16/09/2024;7874;Bank Transfer
4889;8235;16/03/2024;11512;Credit Card
4890;5345;26/10/2023;23510;Online
4891;1228;27/05/2025;6693;Cash
4892;19550;05/02/2026;19296;Bank Transfer
4893;3705;18/04/2026;25779;Online
4894;5505;13/12/2024;13443;Credit Card
4895;16361;10/07/2026;24020;Cash
4896;5777;05/09/2026;6664;Online
4897;3435;30/04/2025;25585;Online
4898;10957;16/06/2026;7513;Bank Transfer
4899;2257;03/10/2024;20437;Credit Card
4900;11910;23/08/2026;20922;Online
4901;7210;22/04/2026;29010;Credit Card
4902;2879;04/06/2025;3732;Bank Transfer
4903;833;23/02/2025;17370;Debit Card
4904;6346;18/10/2024;23497;Cash
4905;16306;03/04/2026;21289;Bank Transfer
4906;2672;30/01/2024;23761;Online
4907;17882;29/12/2025;10866;Cash
4908;17960;23/03/2024;22886;Cash
4909;1879;16/11/2025;13880;Credit Card
4910;13642;20/04/2025;1953;Credit Card
4911;13480;06/02/2024;17466;Debit Card
4912;14653;14/02/2025;1629;Bank Transfer
4913;13090;16/03/2026;4702;Credit Card
4914;3455;03/08/2025;28939;Bank Transfer
4915;14645;25/02/2025;4592;Bank Transfer
4916;14801;22/02/2025;1560;Bank Transfer
4917;9705;23/11/2024;13648;Debit Card
4918;8468;03/04/2025;4270;Bank Transfer
4919;2105;26/11/2024;18478;Credit Card
4920;12740;11/08/2024;11396;Bank Transfer
4921;6379;06/11/2024;2145;Online
4922;10039;09/08/2025;8321;Online
4923;8039;30/11/2023;18876;Cash
4924;8536;06/01/2026;1021;Debit Card
4925;14453;01/08/2024;8071;Online
4926;5991;06/08/2025;24070;Online
4927;13388;30/05/2025;20819;Credit Card
4928;9056;04/06/2024;26886;Credit Card
4929;5938;01/09/2024;10743;Bank Transfer
4930;15684;19/07/2024;5346;Debit Card
4931;18836;11/09/2026;1100;Credit Card
4932;7851;08/07/2026;531;Credit Card
4933;13347;27/05/2026;11759;Bank Transfer
4934;9142;20/05/2025;12225;Online
4935;7016;20/10/2025;778;Debit Card
4936;8396;06/08/2026;20026;Cash
4937;14361;02/11/2024;6271;Bank Transfer
4938;13617;25/04/2026;9226;Debit Card
4939;17778;25/02/2024;27325;Cash
4940;4717;28/10/2024;7339;Online
4941;9809;28/03/2026;9409;Online
4942;2280;03/07/2026;28714;Cash
4943;13049;29/10/2023;8687;Debit Card
4944;12526;02/05/2026;17899;Bank Transfer
4945;13411;24/03/2024;21309;Cash
4946;8062;25/10/2025;14267;Cash
4947;14889;06/06/2025;29368;Cash
4948;7410;19/06/2025;13867;Bank Transfer
4949;13246;29/06/2024;15168;Debit Card
4950;1251;29/01/2024;16571;Debit Card
4951;1412;30/07/2024;2591;Cash
4952;10183;28/01/2025;13007;Bank Transfer
4953;666;24/09/2023;6582;Cash
4954;18920;22/07/2026;908;Cash
4955;19158;16/01/2026;19781;Bank Transfer
4956;14629;18/08/2025;14927;Debit Card
4957;15000;22/11/2025;19144;Credit Card
4958;13944;25/01/2025;7563;Credit Card
4959;3985;24/02/2024;13319;Cash
4960;10289;31/01/2025;21794;Debit Card
4961;11160;14/06/2026;14695;Credit Card
4962;9455;08/11/2023;10688;Bank Transfer
4963;6043;05/06/2025;4517;Debit Card
4964;7612;02/08/2024;24642;Credit Card
4965;10948;22/03/2025;1631;Bank Transfer
4966;9546;22/01/2024;22183;Cash
4967;18729;31/10/2025;29102;Online
4968;11475;10/12/2024;23662;Credit Card
4969;2429;23/01/2025;26318;Credit Card
4970;8738;02/10/2025;24055;Bank Transfer
4971;17042;20/01/2025;6129;Bank Transfer
4972;15494;11/03/2026;20997;Bank Transfer
4973;8629;24/02/2024;20936;Credit Card
4974;4801;04/12/2023;4091;Online
4975;10933;16/10/2024;20036;Online
4976;8837;15/12/2025;1513;Bank Transfer
4977;6534;29/09/2024;19488;Online
4978;14868;09/12/2025;8387;Credit Card
4979;3272;30/03/2025;26151;Online
4980;2135;04/09/2024;3892;Cash
4981;9543;01/02/2026;29758;Online
4982;19837;27/09/2023;27938;Cash
4983;19260;25/06/2024;6153;Online
4984;6217;14/01/2026;21780;Debit Card
4985;7648;19/04/2026;8131;Credit Card
4986;12712;25/10/2025;2252;Debit Card
4987;1397;22/05/2025;18321;Credit Card
4988;6544;08/12/2024;24481;Bank Transfer
4989;8709;06/08/2024;19266;Credit Card
4990;13260;26/08/2024;20886;Credit Card
4991;84;27/06/2026;15618;Cash
4992;13457;04/09/2024;8159;Debit Card
4993;10706;20/04/2025;18661;Debit Card
4994;2488;21/08/2026;7568;Bank Transfer
4995;19286;20/01/2024;6105;Cash
4996;10484;04/01/2024;29988;Online
4997;17746;19/11/2025;18773;Credit Card
4998;17476;28/12/2023;3848;Online
4999;570;21/05/2025;16338;Debit Card
5000;16255;22/12/2025;22463;Bank Transfer
5001;13138;18/02/2024;914;Bank Transfer
5002;19953;22/12/2025;16904;Cash
5003;527;18/11/2023;12790;Bank Transfer
5004;12660;22/01/2025;29859;Credit Card
5005;10826;19/09/2023;4875;Debit Card
5006;19468;25/03/2025;29415;Debit Card
5007;19557;25/07/2026;7457;Credit Card
5008;6412;16/03/2024;4791;Online
5009;8019;21/06/2025;24832;Cash
5010;19197;08/08/2026;20550;Credit Card
5011;17527;23/06/2025;18129;Bank Transfer
5012;15101;02/08/2025;26486;Cash
5013;7924;19/08/2025;24836;Credit Card
5014;19003;28/05/2024;11743;Online
5015;9844;12/09/2024;24020;Cash
5016;2880;20/03/2025;22698;Debit Card
5017;11218;08/04/2026;12188;Credit Card
5018;2737;24/03/2024;15340;Credit Card
5019;13257;04/08/2026;20644;Debit Card
5020;966;17/07/2026;18739;Bank Transfer
5021;17984;02/01/2026;11512;Debit Card
5022;13646;19/12/2023;11308;Cash
5023;1671;05/05/2024;27803;Debit Card
5024;15564;11/04/2025;3876;Cash
5025;17636;15/02/2025;7806;Credit Card
5026;11125;08/10/2024;16957;Bank Transfer
5027;8824;20/05/2026;17195;Credit Card
5028;109;24/08/2025;14960;Bank Transfer
5029;3645;27/01/2026;14018;Debit Card
5030;7245;11/09/2024;9341;Online
5031;14458;06/04/2024;4342;Bank Transfer
5032;12348;09/11/2024;25432;Cash
5033;10572;20/09/2024;15945;Debit Card
5034;12290;15/01/2024;26228;Online
5035;16508;30/04/2025;5377;Online
5036;15321;29/05/2025;16508;Cash
5037;17612;06/12/2025;28795;Bank Transfer
5038;199;17/03/2025;20109;Cash
5039;9954;22/01/2025;13603;Online
5040;11911;22/05/2026;12235;Bank Transfer
5041;14444;22/08/2025;14005;Cash
5042;6591;31/07/2026;9612;Cash
5043;4892;28/02/2024;25136;Cash
5044;11905;04/04/2024;3986;Online
5045;10746;20/03/2025;18410;Credit Card
5046;4696;11/04/2026;6677;Bank Transfer
5047;12406;18/06/2024;9148;Credit Card
5048;12321;20/05/2026;20742;Bank Transfer
5049;1888;13/11/2024;23095;Credit Card
5050;19922;31/03/2026;15657;Online
5051;2336;09/06/2024;4806;Bank Transfer
5052;4001;29/12/2024;4365;Online
5053;17091;16/11/2024;29913;Debit Card
5054;14995;21/03/2025;23514;Online
5055;12568;30/04/2024;7194;Debit Card
5056;13675;11/12/2023;26680;Debit Card
5057;4212;30/09/2023;19341;Cash
5058;12024;18/07/2024;15415;Online
5059;2374;21/05/2025;21297;Bank Transfer
5060;16709;25/04/2026;12937;Debit Card
5061;13579;24/09/2023;23112;Online
5062;9346;22/11/2024;15907;Credit Card
5063;19411;06/09/2024;27041;Bank Transfer
5064;5600;19/12/2025;22900;Debit Card
5065;15285;10/03/2024;5738;Debit Card
5066;2203;25/11/2025;9013;Debit Card
5067;1661;22/01/2025;21157;Bank Transfer
5068;17983;31/08/2026;12884;Online
5069;6503;29/09/2024;21208;Cash
5070;18423;11/09/2024;12237;Cash
5071;11422;31/08/2024;26792;Debit Card
5072;10635;12/01/2026;6148;Online
5073;18660;26/02/2025;5300;Online
5074;3855;14/11/2023;19728;Online
5075;7574;12/11/2024;8785;Online
5076;13731;21/07/2026;14407;Bank Transfer
5077;16912;11/03/2024;20220;Online
5078;13529;28/08/2024;20556;Debit Card
5079;5427;11/07/2025;26557;Credit Card
5080;8309;06/09/2026;3324;Debit Card
5081;1170;10/10/2024;640;Credit Card
5082;12180;28/12/2024;2275;Debit Card
5083;18190;06/08/2025;11724;Debit Card
5084;879;08/05/2024;11253;Credit Card
5085;17615;06/10/2025;6087;Online
5086;2164;17/10/2023;9658;Cash
5087;71;20/03/2026;6844;Cash
5088;5009;19/05/2026;28263;Bank Transfer
5089;13953;14/01/2026;22417;Cash
5090;6929;15/08/2025;9921;Credit Card
5091;8435;03/01/2026;20919;Debit Card
5092;2520;21/12/2024;2363;Credit Card
5093;8499;14/12/2024;19772;Bank Transfer
5094;12144;24/09/2024;19381;Online
5095;17288;10/06/2025;10663;Debit Card
5096;2831;02/12/2023;13015;Debit Card
5097;3918;04/05/2025;11413;Bank Transfer
5098;4403;12/10/2023;29225;Bank Transfer
5099;12453;27/10/2024;6366;Online
5100;12787;26/02/2026;21716;Debit Card
5101;10309;19/07/2026;27488;Debit Card
5102;11084;01/04/2025;24072;Online
5103;13363;20/04/2024;24283;Debit Card
5104;3516;19/12/2024;18686;Cash
5105;9372;19/09/2024;24508;Bank Transfer
5106;1975;05/06/2025;18937;Online
5107;9017;11/03/2025;19919;Online
5108;9083;14/02/2025;9408;Online
5109;16440;23/05/2024;28395;Cash
5110;7248;05/05/2024;17842;Bank Transfer
5111;12930;24/09/2024;22616;Credit Card
5112;11136;27/11/2025;27517;Bank Transfer
5113;7117;13/01/2026;24705;Debit Card
5114;14199;07/10/2024;20511;Cash
5115;19760;28/09/2024;18435;Credit Card
5116;1755;19/03/2026;26256;Cash
5117;4880;25/11/2025;1275;Cash
5118;5678;01/07/2024;8531;Online
5119;15098;30/11/2025;11146;Cash
5120;8665;13/06/2026;15141;Cash
5121;13635;14/10/2024;19700;Credit Card
5122;12496;15/09/2023;24810;Online
5123;10376;31/10/2024;9030;Cash
5124;10310;01/07/2024;20637;Online
5125;2530;18/10/2024;28223;Debit Card
5126;19182;19/02/2025;6110;Debit Card
5127;16519;06/05/2026;27216;Online
5128;440;20/05/2025;19689;Bank Transfer
5129;5692;12/03/2026;16006;Debit Card
5130;663;29/04/2024;23019;Bank Transfer
5131;4252;24/10/2025;13278;Credit Card
5132;13423;16/02/2024;22944;Bank Transfer
5133;10560;10/10/2024;27469;Bank Transfer
5134;15169;03/03/2025;24881;Cash
5135;14492;21/11/2024;9235;Bank Transfer
5136;19949;10/08/2026;24279;Online
5137;16351;01/03/2025;11730;Credit Card
5138;12710;10/10/2024;7453;Credit Card
5139;14269;23/10/2023;18707;Debit Card
5140;1081;09/04/2026;9696;Cash
5141;11000;24/04/2026;11025;Bank Transfer
5142;9590;17/10/2024;17599;Online
5143;17435;10/03/2026;5193;Debit Card
5144;814;04/08/2024;5918;Bank Transfer
5145;18746;07/05/2025;25910;Credit Card
5146;17960;29/02/2024;28705;Debit Card
5147;6787;10/10/2023;20009;Debit Card
5148;8658;04/03/2026;12116;Cash
5149;14221;14/01/2025;23472;Cash
5150;9212;08/02/2026;2686;Credit Card
5151;990;02/04/2026;10076;Debit Card
5152;6152;15/07/2024;15910;Bank Transfer
5153;9321;02/09/2025;27640;Debit Card
5154;18712;28/12/2025;17518;Online
5155;17819;02/05/2025;22838;Bank Transfer
5156;11973;30/04/2024;9290;Bank Transfer
5157;19451;10/10/2024;27036;Debit Card
5158;14050;16/12/2023;7508;Credit Card
5159;11828;13/02/2024;10423;Credit Card
5160;12614;30/06/2026;21431;Debit Card
5161;3478;26/05/2026;22305;Cash
5162;16036;26/04/2026;13677;Online
5163;14571;18/11/2025;19437;Credit Card
5164;2863;23/08/2024;17575;Cash
5165;19586;26/03/2024;22155;Cash
5166;387;18/05/2025;10993;Online
5167;16288;09/09/2025;9828;Bank Transfer
5168;9805;06/12/2023;1444;Debit Card
5169;14579;23/08/2026;27883;Bank Transfer
5170;3204;17/07/2024;7270;Online
5171;10394;02/02/2025;15273;Online
5172;4947;07/08/2026;28290;Debit Card
5173;4560;27/08/2026;8151;Cash
5174;11739;16/12/2024;28120;Debit Card
5175;10327;04/02/2026;14858;Cash
5176;3632;22/10/2025;1143;Credit Card
5177;8519;18/02/2025;21396;Bank Transfer
5178;18889;24/05/2024;4801;Online
5179;18192;06/02/2026;2813;Online
5180;495;03/05/2025;17124;Credit Card
5181;1514;17/09/2024;16289;Debit Card
5182;19788;09/06/2026;3492;Credit Card
5183;6676;22/01/2026;15863;Online
5184;1927;09/04/2026;1987;Credit Card
5185;9281;31/01/2026;22267;Bank Transfer
5186;2895;22/10/2025;24088;Online
5187;12059;21/12/2025;12813;Bank Transfer
5188;18537;06/01/2025;6205;Credit Card
5189;4179;01/09/2025;19842;Cash
5190;14379;04/09/2025;12914;Debit Card
5191;8648;19/01/2025;5169;Debit Card
5192;7471;13/06/2024;18133;Debit Card
5193;18338;31/10/2024;23776;Cash
5194;1928;15/08/2024;9952;Cash
5195;3166;28/11/2023;13398;Cash
5196;11863;24/04/2024;18545;Online
5197;1348;29/07/2024;17245;Online
5198;18809;15/07/2025;21145;Bank Transfer
5199;4612;30/03/2024;25991;Online
5200;16189;16/06/2026;25079;Credit Card
5201;4893;21/07/2024;13049;Credit Card
5202;3747;26/04/2024;10418;Cash
5203;19770;02/02/2025;18519;Debit Card
5204;15266;11/07/2026;3648;Online
5205;3790;08/11/2023;5881;Bank Transfer
5206;8854;28/12/2024;2137;Bank Transfer
5207;18422;24/04/2024;24368;Cash
5208;18865;07/10/2024;12961;Bank Transfer
5209;16251;07/01/2024;4500;Cash
5210;3924;09/12/2025;29256;Bank Transfer
5211;7562;09/04/2026;14665;Bank Transfer
5212;19314;06/01/2026;12136;Cash
5213;9698;07/01/2025;4313;Online
5214;14279;07/02/2026;9654;Cash
5215;8679;26/06/2024;16894;Debit Card
5216;5854;15/11/2023;27464;Cash
5217;1532;28/01/2025;26423;Credit Card
5218;5033;02/07/2024;26579;Online
5219;2843;26/07/2026;20478;Debit Card
5220;8357;30/08/2024;8370;Debit Card
5221;3265;16/09/2024;1658;Online
5222;10114;13/11/2024;4241;Online
5223;18701;23/11/2025;19613;Bank Transfer
5224;10525;15/09/2025;16010;Cash
5225;19167;24/07/2026;26937;Debit Card
5226;18244;01/10/2025;754;Cash
5227;7100;18/03/2026;14776;Debit Card
5228;16726;23/01/2025;18630;Credit Card
5229;1553;14/01/2026;23857;Cash
5230;10992;23/01/2024;2254;Cash
5231;5326;24/02/2026;3826;Cash
5232;4685;23/01/2026;2474;Online
5233;11945;31/10/2025;3106;Cash
5234;51;05/01/2025;8296;Debit Card
5235;1540;26/09/2025;10995;Debit Card
5236;12275;10/03/2026;12451;Credit Card
5237;3593;25/10/2023;28578;Bank Transfer
5238;16284;13/01/2024;9852;Cash
5239;5500;18/01/2024;28554;Online
5240;17260;01/04/2025;17598;Bank Transfer
5241;18237;03/06/2024;8939;Cash
5242;7882;04/07/2025;17252;Credit Card
5243;5528;07/09/2024;15484;Credit Card
5244;11276;05/08/2024;27035;Bank Transfer
5245;12419;03/06/2026;20809;Cash
5246;16065;15/06/2026;6638;Credit Card
5247;16303;11/03/2025;28738;Cash
5248;18310;22/07/2024;10924;Credit Card
5249;14678;21/03/2026;11615;Cash
5250;5538;24/02/2026;25044;Credit Card
5251;1486;16/10/2024;10459;Online
5252;7887;04/11/2025;546;Bank Transfer
5253;15335;15/11/2024;23582;Online
5254;12917;19/03/2024;24750;Online
5255;10767;28/12/2024;14239;Credit Card
5256;14066;25/12/2025;9521;Credit Card
5257;674;29/01/2026;26497;Online
5258;4356;06/07/2024;9347;Cash
5259;12046;12/10/2023;9604;Online
5260;11872;30/03/2024;5825;Credit Card
5261;2880;26/10/2023;23423;Online
5262;18232;22/05/2025;20363;Debit Card
5263;12222;08/11/2025;26487;Cash
5264;17423;09/06/2025;14512;Debit Card
5265;11072;05/02/2025;3006;Bank Transfer
5266;8924;18/06/2026;10621;Credit Card
5267;14313;27/01/2024;11287;Bank Transfer
5268;12249;06/11/2024;18618;Credit Card
5269;6100;15/04/2026;26309;Online
5270;13838;10/09/2025;4720;Credit Card
5271;7659;13/01/2024;10584;Cash
5272;19916;27/12/2025;925;Credit Card
5273;13792;19/06/2026;8098;Online
5274;7066;31/05/2026;26998;Bank Transfer
5275;12142;27/04/2026;26970;Debit Card
5276;10374;08/09/2026;29816;Bank Transfer
5277;12307;10/04/2024;3800;Debit Card
5278;14286;24/05/2024;1591;Credit Card
5279;7902;03/04/2025;9068;Bank Transfer
5280;14113;18/10/2024;2716;Online
5281;9124;03/02/2026;2105;Credit Card
5282;5781;02/01/2025;15358;Bank Transfer
5283;3897;08/03/2026;4436;Cash
5284;4071;28/07/2024;29015;Bank Transfer
5285;2431;08/12/2025;28178;Online
5286;16573;22/07/2024;9428;Debit Card
5287;18035;17/10/2024;13462;Debit Card
5288;2470;19/11/2025;29207;Bank Transfer
5289;19644;14/04/2025;16898;Credit Card
5290;14736;22/07/2026;9626;Debit Card
5291;18578;27/11/2024;7880;Bank Transfer
5292;13476;04/07/2024;26654;Cash
5293;3482;01/04/2024;13770;Credit Card
5294;12410;12/07/2024;8126;Bank Transfer
5295;17937;03/12/2023;11375;Bank Transfer
5296;5899;15/10/2025;1137;Online
5297;19577;06/01/2025;17967;Online
5298;1398;19/04/2026;3924;Debit Card
5299;3215;13/08/2025;9888;Cash
5300;1087;01/06/2024;23560;Cash
5301;2303;01/08/2024;5677;Online
5302;15537;15/08/2024;14148;Credit Card
5303;7559;15/03/2025;18490;Online
5304;4048;18/09/2024;23413;Debit Card
5305;10874;08/04/2024;20932;Cash
5306;8147;19/02/2026;13876;Credit Card
5307;11145;29/03/2025;14763;Cash
5308;8190;14/02/2025;9281;Credit Card
5309;8141;27/09/2023;21134;Debit Card
5310;18937;22/03/2026;12872;Debit Card
5311;6705;08/02/2024;22332;Online
5312;10806;14/12/2023;18427;Credit Card
5313;16973;03/07/2026;9725;Online
5314;5225;20/09/2025;15648;Online
5315;15474;06/06/2026;8055;Credit Card
5316;4542;05/07/2026;23060;Cash
5317;2151;16/07/2024;19578;Bank Transfer
5318;8955;28/10/2024;27328;Online
5319;8722;11/04/2025;18360;Bank Transfer
5320;3597;02/09/2024;23681;Debit Card
5321;5355;08/03/2026;19374;Bank Transfer
5322;13889;31/10/2023;29110;Bank Transfer
5323;12343;30/08/2024;9197;Cash
5324;8559;04/03/2026;26281;Cash
5325;12450;15/10/2023;8881;Online
5326;8521;29/08/2026;26238;Cash
5327;18697;24/06/2024;16658;Debit Card
5328;10228;11/09/2026;28144;Debit Card
5329;12217;27/09/2024;28892;Debit Card
5330;16448;24/07/2025;21037;Cash
5331;2432;17/06/2024;20093;Cash
5332;9835;16/04/2026;8592;Bank Transfer
5333;15932;13/06/2024;935;Debit Card
5334;5440;08/03/2024;18787;Bank Transfer
5335;2212;13/04/2025;8739;Online
5336;6367;29/01/2026;7903;Cash
5337;3993;01/07/2026;22022;Credit Card
5338;15910;28/04/2025;10134;Debit Card
5339;6416;26/10/2023;9524;Cash
5340;8300;16/08/2024;20665;Debit Card
5341;3933;03/10/2025;22999;Credit Card
5342;10444;23/10/2025;18287;Debit Card
5343;10541;10/07/2024;1834;Credit Card
5344;13968;20/09/2025;8350;Bank Transfer
5345;12197;06/02/2026;2094;Bank Transfer
5346;10388;17/10/2024;14663;Online
5347;2495;18/07/2026;15866;Debit Card
5348;1241;25/05/2026;29574;Debit Card
5349;10217;05/06/2026;29075;Bank Transfer
5350;13623;19/01/2025;20356;Credit Card
5351;5324;26/08/2026;19076;Credit Card
5352;9670;09/10/2023;24011;Cash
5353;3733;21/09/2023;25067;Cash
5354;5309;22/07/2024;1203;Cash
5355;9273;28/05/2024;6261;Debit Card
5356;17493;06/09/2025;5258;Online
5357;2673;11/02/2026;24486;Debit Card
5358;10400;15/07/2025;12856;Credit Card
5359;18112;23/10/2025;23275;Bank Transfer
5360;1618;06/02/2025;24655;Bank Transfer
5361;13296;01/08/2026;6487;Online
5362;19967;30/08/2024;19879;Bank Transfer
5363;4336;16/09/2025;1622;Cash
5364;6431;08/12/2024;6381;Cash
5365;10863;17/10/2023;17733;Cash
5366;12598;02/01/2026;25768;Bank Transfer
5367;5660;12/01/2024;18767;Credit Card
5368;7374;31/01/2024;3289;Online
5369;13192;27/10/2023;21906;Bank Transfer
5370;6221;31/05/2024;15599;Cash
5371;5624;17/09/2025;3114;Bank Transfer
5372;12850;20/05/2025;4162;Cash
5373;16093;06/01/2026;3845;Credit Card
5374;15335;16/07/2026;29837;Credit Card
5375;1906;26/04/2026;7369;Cash
5376;5029;25/10/2024;13054;Online
5377;11166;09/06/2026;8878;Bank Transfer
5378;1423;05/05/2026;820;Credit Card
5379;10593;30/11/2025;24388;Online
5380;12230;29/04/2026;8891;Cash
5381;121;17/02/2025;29497;Online
5382;10741;25/09/2025;7501;Cash
5383;10611;18/01/2026;3925;Debit Card
5384;15699;08/09/2024;14641;Bank Transfer
5385;8284;01/10/2023;17525;Online
5386;15858;05/07/2026;23329;Online
5387;15790;05/08/2024;16813;Credit Card
5388;1113;31/01/2024;1788;Credit Card
5389;8949;21/02/2025;18303;Online
5390;6569;25/01/2025;19443;Cash
5391;3746;28/03/2025;6105;Online
5392;6198;24/05/2026;13321;Debit Card
5393;19063;11/04/2024;21627;Credit Card
5394;19338;25/05/2024;14145;Cash
5395;14063;05/05/2024;10893;Online
5396;12770;29/09/2023;14958;Online
5397;7185;25/10/2023;29451;Credit Card
5398;13471;06/06/2025;11945;Debit Card
5399;18806;13/04/2026;29395;Cash
5400;15627;07/08/2024;23655;Credit Card
5401;1513;20/12/2025;6245;Bank Transfer
5402;17186;14/08/2025;9564;Cash
5403;140;30/06/2024;13180;Cash
5404;19423;23/09/2025;12354;Bank Transfer
5405;5617;19/07/2026;22811;Debit Card
5406;12009;06/08/2024;11697;Debit Card
5407;19505;30/06/2025;29638;Debit Card
5408;3909;29/07/2024;5879;Bank Transfer
5409;2362;28/02/2026;5744;Online
5410;7448;07/06/2026;8448;Bank Transfer
5411;14333;09/08/2025;28794;Cash
5412;7930;02/07/2024;1182;Debit Card
5413;9917;18/06/2024;27988;Debit Card
5414;8860;20/10/2025;27709;Cash
5415;15217;16/03/2024;21351;Cash
5416;18896;18/02/2026;5390;Online
5417;13966;15/07/2026;21234;Bank Transfer
5418;3352;12/12/2023;25073;Bank Transfer
5419;2090;13/01/2025;28594;Credit Card
5420;15434;21/09/2023;21858;Cash
5421;18232;07/01/2025;19338;Bank Transfer
5422;978;10/02/2024;29772;Cash
5423;13671;20/12/2025;4984;Credit Card
5424;10210;14/05/2024;20169;Debit Card
5425;8388;27/10/2024;6896;Online
5426;15792;02/02/2026;25349;Online
5427;8937;01/11/2025;19123;Online
5428;12256;22/10/2025;4623;Cash
5429;6501;13/11/2025;8791;Cash
5430;4295;03/12/2024;16916;Online
5431;14570;19/04/2025;18090;Credit Card
5432;19438;27/09/2023;3116;Debit Card
5433;5946;21/06/2025;25312;Credit Card
5434;10019;15/07/2025;9229;Cash
5435;1104;12/08/2025;26540;Online
5436;18818;16/12/2023;824;Online
5437;2712;22/04/2024;18969;Debit Card
5438;17399;08/05/2024;653;Credit Card
5439;4510;15/08/2025;29783;Bank Transfer
5440;7467;11/10/2024;12314;Debit Card
5441;1001;05/06/2025;6243;Debit Card
5442;8720;05/07/2024;585;Debit Card
5443;8400;30/01/2026;23072;Online
5444;7969;21/10/2023;17664;Online
5445;11862;02/08/2025;10392;Cash
5446;11186;10/01/2026;5416;Bank Transfer
5447;2435;10/09/2025;13883;Debit Card
5448;12654;23/05/2024;13350;Cash
5449;7433;23/06/2026;14483;Cash
5450;4679;14/02/2026;16517;Debit Card
5451;16872;25/05/2026;13392;Credit Card
5452;11802;15/11/2025;3207;Credit Card
5453;15771;05/03/2026;2307;Debit Card
5454;17749;08/11/2025;13061;Bank Transfer
5455;8059;28/07/2024;25952;Bank Transfer
5456;1927;21/09/2025;28340;Debit Card
5457;491;12/05/2026;11932;Online
5458;6211;09/08/2024;25541;Online
5459;837;23/05/2025;20108;Debit Card
5460;18286;12/05/2024;28344;Credit Card
5461;10690;19/09/2025;14881;Online
5462;2877;21/03/2024;4375;Online
5463;5895;25/02/2025;25464;Cash
5464;18024;15/02/2024;22107;Bank Transfer
5465;2141;26/01/2024;8924;Debit Card
5466;4406;11/07/2024;6755;Cash
5467;10758;19/11/2023;11002;Cash
5468;106;23/01/2026;7861;Online
5469;13342;07/09/2024;29390;Debit Card
5470;12972;07/04/2026;11691;Credit Card
5471;18839;02/02/2026;16682;Credit Card
5472;357;12/11/2023;13114;Debit Card
5473;7629;20/06/2024;13590;Credit Card
5474;1391;01/04/2026;16909;Debit Card
5475;19832;08/09/2026;20579;Debit Card
5476;16447;09/11/2024;11927;Cash
5477;8056;06/02/2024;14713;Credit Card
5478;18089;16/01/2024;22350;Bank Transfer
5479;7780;16/05/2024;22961;Bank Transfer
5480;5589;26/10/2023;11960;Cash
5481;7608;07/09/2024;11724;Credit Card
5482;2599;01/04/2024;20013;Debit Card
5483;8058;05/02/2026;22876;Debit Card
5484;5604;25/05/2026;7789;Credit Card
5485;18869;26/03/2026;25007;Credit Card
5486;3205;22/08/2024;20451;Credit Card
5487;8219;20/09/2025;6951;Cash
5488;16103;19/06/2026;25196;Debit Card
5489;16126;28/06/2026;3743;Bank Transfer
5490;8891;22/06/2025;15460;Cash
5491;17054;16/12/2023;8554;Credit Card
5492;12936;08/01/2024;29411;Debit Card
5493;415;10/08/2024;8579;Debit Card
5494;18388;27/09/2025;5441;Cash
5495;4149;22/10/2024;25011;Online
5496;4317;30/12/2025;6403;Bank Transfer
5497;9252;26/08/2025;11865;Bank Transfer
5498;14943;07/06/2025;18860;Online
5499;1236;30/07/2025;2816;Bank Transfer
5500;14090;20/07/2026;10189;Credit Card
5501;10874;15/06/2026;10159;Bank Transfer
5502;4158;10/09/2025;5812;Debit Card
5503;12888;17/10/2025;29819;Debit Card
5504;6587;04/05/2025;24011;Credit Card
5505;5298;24/11/2023;9673;Bank Transfer
5506;11168;09/02/2025;24174;Cash
5507;10386;14/11/2023;19041;Cash
5508;13609;18/05/2025;5917;Cash
5509;12726;05/10/2025;28660;Cash
5510;12351;12/12/2024;20917;Credit Card
5511;6914;17/10/2024;5081;Bank Transfer
5512;5195;01/03/2026;26168;Credit Card
5513;6721;28/06/2025;28438;Cash
5514;4960;19/07/2024;12381;Debit Card
5515;4326;23/07/2024;15765;Bank Transfer
5516;4249;28/10/2023;14100;Cash
5517;15227;26/05/2026;20603;Credit Card
5518;16965;06/11/2023;21003;Credit Card
5519;14662;14/02/2024;5451;Debit Card
5520;1840;19/10/2023;19272;Debit Card
5521;176;29/08/2024;29878;Credit Card
5522;19072;04/04/2025;5434;Cash
5523;15859;13/12/2024;15814;Debit Card
5524;7905;21/09/2023;23890;Debit Card
5525;8847;08/07/2026;17718;Bank Transfer
5526;4714;12/11/2025;2920;Bank Transfer
5527;6188;23/08/2024;23384;Cash
5528;13935;12/04/2025;5127;Online
5529;11289;01/08/2026;18274;Bank Transfer
5530;16493;17/12/2023;11422;Cash
5531;9418;15/03/2024;19582;Bank Transfer
5532;1667;18/11/2023;690;Cash
5533;14100;11/04/2026;19678;Debit Card
5534;5846;06/10/2023;7953;Cash
5535;10625;22/01/2025;25569;Credit Card
5536;15633;16/05/2026;10342;Online
5537;6471;29/03/2024;2200;Bank Transfer
5538;18665;31/05/2024;5507;Debit Card
5539;1122;19/12/2024;16855;Cash
5540;208;02/07/2024;28903;Credit Card
5541;3731;26/11/2023;10622;Debit Card
5542;9414;12/02/2026;9418;Debit Card
5543;19995;29/06/2025;2850;Online
5544;16431;23/07/2025;9174;Credit Card
5545;10262;07/04/2024;11042;Online
5546;2066;11/10/2023;3852;Debit Card
5547;18846;12/07/2024;16429;Debit Card
5548;9699;09/02/2026;26941;Online
5549;14251;02/08/2026;18348;Cash
5550;11772;30/01/2024;12035;Credit Card
5551;4680;10/04/2024;19674;Credit Card
5552;10570;26/07/2025;28450;Credit Card
5553;18522;21/10/2024;9566;Online
5554;6102;18/04/2025;5729;Bank Transfer
5555;5309;10/07/2025;13627;Credit Card
5556;14735;09/05/2025;19993;Debit Card
5557;4064;13/05/2025;13353;Online
5558;2108;01/06/2025;1438;Credit Card
5559;3896;09/12/2025;9379;Bank Transfer
5560;14275;09/01/2026;2322;Credit Card
5561;19135;03/11/2025;10974;Debit Card
5562;10510;14/05/2024;19513;Online
5563;18698;17/06/2025;13075;Debit Card
5564;10074;19/08/2024;27237;Online
5565;13721;29/11/2024;8460;Credit Card
5566;17571;30/06/2024;27229;Bank Transfer
5567;19542;22/12/2025;15655;Credit Card
5568;6600;25/11/2023;18808;Credit Card
5569;935;05/09/2024;8269;Credit Card
5570;6060;13/02/2025;25946;Debit Card
5571;5951;25/11/2023;22729;Credit Card
5572;452;09/04/2024;3360;Cash
5573;13612;30/09/2024;20867;Cash
5574;14186;04/11/2023;3421;Cash
5575;14115;15/05/2024;15198;Bank Transfer
5576;10066;02/11/2025;10244;Debit Card
5577;5827;24/07/2024;19620;Debit Card
5578;17162;17/08/2024;16975;Cash
5579;10095;24/08/2024;17823;Debit Card
5580;12526;05/08/2025;6110;Cash
5581;18009;09/07/2025;8551;Credit Card
5582;6748;08/04/2026;20487;Credit Card
5583;3978;31/05/2024;2256;Cash
5584;168;19/12/2025;23016;Cash
5585;2782;28/05/2025;10131;Bank Transfer
5586;19380;27/01/2026;12302;Bank Transfer
5587;19590;10/09/2025;6471;Credit Card
5588;11127;07/11/2024;28643;Debit Card
5589;3708;08/03/2025;17220;Online
5590;3373;04/12/2025;5581;Debit Card
5591;17337;14/01/2025;10753;Cash
5592;13005;04/03/2025;23027;Debit Card
5593;11815;26/05/2026;24182;Cash
5594;5213;24/03/2024;21503;Bank Transfer
5595;6828;22/06/2025;11272;Bank Transfer
5596;2965;09/01/2026;19455;Bank Transfer
5597;13264;18/02/2024;25105;Credit Card
5598;6035;13/07/2024;28872;Cash
5599;11528;04/03/2025;21839;Bank Transfer
5600;269;16/09/2023;28140;Debit Card
5601;3801;01/02/2026;4441;Bank Transfer
5602;4320;13/12/2024;11479;Bank Transfer
5603;2008;31/05/2026;17354;Online
5604;18328;19/07/2026;9206;Bank Transfer
5605;7886;03/04/2026;17144;Online
5606;11966;28/04/2026;4043;Online
5607;5024;09/09/2026;4462;Cash
5608;6073;06/04/2025;27067;Debit Card
5609;17096;24/12/2023;1433;Debit Card
5610;6062;07/07/2026;5946;Bank Transfer
5611;19611;05/11/2024;18001;Bank Transfer
5612;1978;28/01/2024;16354;Debit Card
5613;18957;24/07/2025;18737;Online
5614;4535;12/03/2026;26217;Credit Card
5615;4762;03/06/2025;13805;Credit Card
5616;6431;22/01/2026;13641;Online
5617;18034;30/11/2025;19808;Debit Card
5618;8519;23/07/2025;25550;Bank Transfer
5619;5439;22/01/2024;8235;Cash
5620;1105;25/08/2024;21096;Credit Card
5621;16406;09/05/2024;23828;Cash
5622;19945;15/12/2024;26166;Debit Card
5623;1867;14/12/2024;2349;Credit Card
5624;212;18/05/2025;27068;Debit Card
5625;10454;14/03/2025;6492;Bank Transfer
5626;9360;22/05/2025;21004;Credit Card
5627;10422;04/12/2023;16270;Online
5628;8482;13/06/2024;24076;Cash
5629;12124;03/05/2026;18592;Online
5630;14779;18/10/2024;22554;Online
5631;15418;04/02/2024;22016;Bank Transfer
5632;11587;05/06/2026;25452;Online
5633;17144;16/11/2024;25124;Online
5634;2289;27/09/2024;5248;Cash
5635;17409;11/01/2025;11812;Credit Card
5636;7314;04/06/2025;17660;Bank Transfer
5637;9590;06/03/2024;11043;Cash
5638;3806;02/07/2025;18486;Bank Transfer
5639;14081;12/06/2024;23395;Online
5640;11868;23/01/2025;18415;Credit Card
5641;18466;16/03/2026;5583;Online
5642;16017;09/01/2024;28754;Bank Transfer
5643;715;06/09/2025;3459;Credit Card
5644;15468;19/01/2025;6299;Bank Transfer
5645;18611;01/12/2024;10679;Bank Transfer
5646;8061;24/03/2026;13201;Credit Card
5647;9239;03/06/2024;17125;Credit Card
5648;8314;13/11/2025;9752;Cash
5649;17580;05/01/2024;4007;Cash
5650;10524;29/03/2026;17656;Cash
5651;11999;07/07/2026;10690;Online
5652;1986;06/06/2025;12995;Bank Transfer
5653;15955;16/10/2025;14195;Cash
5654;11916;21/05/2024;29206;Bank Transfer
5655;19230;06/06/2025;24472;Bank Transfer
5656;7615;28/07/2025;17669;Credit Card
5657;6165;17/06/2024;19752;Cash
5658;1333;14/04/2025;15251;Online
5659;12961;30/04/2025;23654;Online
5660;7116;14/11/2024;17536;Cash
5661;3468;23/09/2025;6091;Debit Card
5662;11758;06/02/2026;6288;Credit Card
5663;9507;21/06/2025;12203;Credit Card
5664;1200;01/02/2024;12132;Bank Transfer
5665;12719;08/08/2025;28432;Debit Card
5666;13755;03/11/2024;5208;Cash
5667;13178;30/05/2026;7543;Online
5668;17286;30/06/2024;15628;Credit Card
5669;11509;10/04/2024;21189;Cash
5670;1310;07/05/2026;7342;Debit Card
5671;5759;12/06/2024;13013;Debit Card
5672;7522;16/04/2025;28978;Debit Card
5673;2456;23/01/2024;19760;Credit Card
5674;6878;24/08/2025;17466;Online
5675;17538;11/12/2025;7558;Credit Card
5676;2735;05/11/2024;29231;Credit Card
5677;11995;15/04/2024;22986;Cash
5678;2275;30/10/2025;27088;Cash
5679;3463;27/02/2024;19749;Debit Card
5680;1458;09/07/2026;876;Online
5681;18549;08/06/2026;16472;Credit Card
5682;10954;05/07/2025;2363;Bank Transfer
5683;12718;08/09/2025;25264;Debit Card
5684;2122;30/07/2024;20493;Bank Transfer
5685;17090;16/10/2024;22887;Credit Card
5686;16010;03/06/2025;5401;Cash
5687;15066;18/05/2024;28238;Debit Card
5688;15062;20/07/2024;29103;Cash
5689;11023;05/02/2026;3834;Online
5690;1437;19/03/2024;5966;Bank Transfer
5691;17315;31/05/2026;28125;Online
5692;17712;09/01/2024;13803;Bank Transfer
5693;3706;20/07/2024;29955;Debit Card
5694;6151;07/06/2025;25122;Credit Card
5695;14733;25/06/2026;16470;Credit Card
5696;16776;07/03/2024;16600;Credit Card
5697;16910;21/11/2025;5879;Bank Transfer
5698;16215;22/10/2024;27319;Credit Card
5699;20000;05/02/2024;16992;Bank Transfer
5700;16166;24/10/2025;7343;Debit Card
5701;18765;25/03/2026;4886;Credit Card
5702;18919;15/11/2024;7226;Credit Card
5703;7482;27/04/2026;4859;Debit Card
5704;11583;15/02/2025;3225;Bank Transfer
5705;6743;13/10/2024;24815;Credit Card
5706;10608;12/03/2024;28645;Credit Card
5707;19048;24/07/2026;5846;Credit Card
5708;4065;21/10/2024;3824;Credit Card
5709;4533;09/09/2026;20671;Online
5710;237;11/11/2025;23988;Debit Card
5711;8386;10/12/2023;19849;Online
5712;7279;03/12/2023;9652;Credit Card
5713;14739;25/05/2026;11995;Cash
5714;7266;08/12/2024;27786;Cash
5715;5431;18/01/2025;20288;Cash
5716;19081;19/01/2026;13579;Cash
5717;15372;15/07/2025;3717;Debit Card
5718;4647;20/06/2025;16217;Debit Card
5719;7299;17/04/2024;5415;Online
5720;3620;29/11/2024;23030;Bank Transfer
5721;7302;12/12/2025;23302;Online
5722;5886;28/11/2023;1009;Bank Transfer
5723;17216;24/06/2025;702;Cash
5724;175;01/09/2026;2263;Bank Transfer
5725;7032;14/04/2025;16286;Online
5726;16675;08/08/2025;22757;Bank Transfer
5727;736;28/02/2025;21310;Debit Card
5728;1773;25/10/2024;12150;Debit Card
5729;5348;19/05/2024;729;Credit Card
5730;17913;11/08/2026;14479;Credit Card
5731;3717;27/01/2024;25371;Cash
5732;3424;07/07/2026;5742;Cash
5733;9089;23/11/2023;13821;Debit Card
5734;10654;04/02/2024;23002;Credit Card
5735;12763;19/08/2026;17166;Online
5736;12547;22/09/2024;29113;Bank Transfer
5737;1648;05/01/2024;28473;Bank Transfer
5738;15387;28/05/2024;13170;Bank Transfer
5739;1355;22/02/2024;6015;Online
5740;11482;22/12/2023;6926;Cash
5741;10658;03/06/2025;2876;Cash
5742;6756;10/05/2024;12919;Debit Card
5743;4121;27/08/2026;21147;Credit Card
5744;14273;23/12/2023;17372;Bank Transfer
5745;19262;29/04/2025;8451;Bank Transfer
5746;2755;30/04/2025;20376;Credit Card
5747;19989;24/11/2025;4079;Cash
5748;18462;04/07/2025;26978;Cash
5749;2960;19/03/2026;25886;Credit Card
5750;18263;25/08/2025;26525;Bank Transfer
5751;8121;13/03/2025;2342;Bank Transfer
5752;13988;26/05/2024;25295;Credit Card
5753;12610;17/01/2026;14299;Credit Card
5754;1242;06/06/2025;24126;Credit Card
5755;13094;22/03/2025;14023;Bank Transfer
5756;10851;13/01/2026;7260;Debit Card
5757;12586;13/01/2024;6161;Bank Transfer
5758;18141;11/09/2026;3199;Online
5759;5757;30/08/2026;6528;Online
5760;7897;23/07/2025;21168;Bank Transfer
5761;8028;09/10/2025;24363;Cash
5762;8498;30/01/2024;11347;Cash
5763;10023;03/06/2025;6080;Debit Card
5764;8071;20/12/2024;18613;Credit Card
5765;12503;18/11/2023;1507;Debit Card
5766;12211;06/05/2025;14095;Online
5767;10200;09/08/2025;15813;Online
5768;9149;12/02/2026;2561;Credit Card
5769;2514;16/10/2023;8861;Debit Card
5770;19581;17/06/2024;28905;Bank Transfer
5771;19461;19/11/2023;22469;Credit Card
5772;10190;12/10/2023;20640;Credit Card
5773;2327;13/02/2026;15615;Online
5774;16667;23/06/2024;14513;Cash
5775;17875;01/11/2023;14872;Cash
5776;5490;14/05/2026;29255;Online
5777;10849;11/12/2024;4418;Cash
5778;15726;01/04/2026;18799;Bank Transfer
5779;2103;03/01/2026;17490;Debit Card
5780;9204;23/07/2026;23748;Online
5781;2969;11/05/2026;12088;Online
5782;7168;22/08/2024;27962;Debit Card
5783;3900;20/12/2023;6486;Bank Transfer
5784;10710;23/06/2025;23311;Credit Card
5785;12911;30/04/2024;3956;Credit Card
5786;17739;28/05/2026;18468;Debit Card
5787;9003;06/07/2025;26195;Debit Card
5788;3000;05/09/2025;5534;Bank Transfer
5789;17504;14/05/2024;27481;Credit Card
5790;2486;17/06/2024;29828;Cash
5791;13629;11/12/2024;26980;Bank Transfer
5792;3923;25/04/2025;8920;Credit Card
5793;7669;16/09/2024;15760;Cash
5794;4429;19/04/2026;26795;Credit Card
5795;15885;03/11/2023;11865;Debit Card
5796;11926;22/01/2026;5366;Bank Transfer
5797;16372;19/11/2024;28699;Cash
5798;2756;28/08/2026;25075;Cash
5799;17824;08/10/2025;2499;Bank Transfer
5800;19501;11/04/2024;3304;Credit Card
5801;1736;05/03/2026;1568;Bank Transfer
5802;17484;14/09/2024;6260;Online
5803;10183;13/09/2024;27639;Online
5804;6570;23/04/2024;1905;Credit Card
5805;13216;23/09/2024;23060;Bank Transfer
5806;9386;17/02/2026;17752;Bank Transfer
5807;142;22/10/2024;10082;Bank Transfer
5808;14795;01/04/2024;29228;Bank Transfer
5809;18683;28/11/2025;15375;Cash
5810;6848;21/11/2025;983;Credit Card
5811;269;10/01/2024;13603;Debit Card
5812;3103;28/05/2026;9847;Online
5813;17776;19/10/2023;27422;Bank Transfer
5814;19234;12/01/2024;29087;Cash
5815;19634;30/10/2024;5269;Bank Transfer
5816;13215;11/09/2026;12178;Bank Transfer
5817;11716;21/08/2025;607;Bank Transfer
5818;8844;21/10/2024;22169;Cash
5819;16113;07/08/2024;18721;Online
5820;7304;14/06/2024;4490;Cash
5821;504;07/07/2024;15082;Cash
5822;3832;01/03/2025;17869;Online
5823;12682;21/12/2025;14236;Credit Card
5824;11854;25/05/2026;9755;Bank Transfer
5825;3675;04/01/2026;10571;Credit Card
5826;1236;24/04/2024;13077;Cash
5827;6946;15/01/2025;9653;Cash
5828;14694;28/12/2023;21074;Debit Card
5829;9899;21/01/2024;27025;Credit Card
5830;15637;08/01/2024;5655;Online
5831;17894;25/11/2024;13868;Online
5832;8365;02/09/2026;13403;Online
5833;13627;10/05/2025;21818;Debit Card
5834;14807;04/06/2024;13862;Online
5835;9961;21/08/2024;27333;Online
5836;2438;01/02/2025;1291;Debit Card
5837;19171;12/01/2025;27566;Debit Card
5838;16258;02/09/2024;27939;Online
5839;15773;22/06/2026;1107;Online
5840;10423;16/05/2025;1364;Credit Card
5841;2228;01/10/2023;2595;Bank Transfer
5842;11016;14/09/2023;25383;Credit Card
5843;11268;20/10/2025;28441;Online
5844;17012;09/11/2024;10991;Cash
5845;13354;18/12/2024;1732;Cash
5846;3202;19/10/2024;7162;Cash
5847;14345;04/02/2026;17574;Bank Transfer
5848;19623;28/11/2023;12763;Bank Transfer
5849;4150;25/12/2024;26024;Online
5850;5314;02/08/2026;2199;Debit Card
5851;11032;05/09/2025;8918;Cash
5852;3221;17/04/2025;18903;Cash
5853;13310;04/06/2024;29190;Online
5854;5174;12/08/2025;25179;Credit Card
5855;19209;02/06/2024;9335;Cash
5856;18299;08/07/2026;606;Credit Card
5857;18867;19/06/2024;27179;Debit Card
5858;16765;23/02/2026;26467;Online
5859;5196;06/01/2026;11647;Bank Transfer
5860;8655;04/04/2025;16704;Online
5861;15333;14/11/2023;28886;Online
5862;1251;19/02/2024;12900;Online
5863;6244;27/10/2023;23129;Debit Card
5864;606;12/09/2024;11538;Bank Transfer
5865;455;07/12/2024;21632;Credit Card
5866;7165;20/08/2025;13256;Debit Card
5867;10289;09/07/2026;20641;Online
5868;15176;07/09/2026;26947;Bank Transfer
5869;12260;03/04/2024;18748;Debit Card
5870;5004;04/07/2024;18558;Bank Transfer
5871;19012;13/12/2025;28648;Debit Card
5872;3856;12/10/2023;8910;Online
5873;18412;24/02/2024;16097;Online
5874;2480;12/07/2026;17887;Debit Card
5875;12720;28/01/2024;4700;Credit Card
5876;16348;06/11/2024;21693;Bank Transfer
5877;7733;02/04/2026;29082;Credit Card
5878;10864;26/12/2024;25053;Credit Card
5879;4115;18/08/2024;2924;Credit Card
5880;338;04/12/2023;14568;Credit Card
5881;12790;11/07/2026;24376;Debit Card
5882;16303;17/08/2026;29319;Credit Card
5883;11008;03/03/2025;26555;Cash
5884;13898;12/09/2024;20909;Cash
5885;15379;07/09/2026;21660;Cash
5886;14775;25/10/2025;19469;Credit Card
5887;1656;25/03/2025;15034;Online
5888;10439;22/04/2026;3424;Bank Transfer
5889;1953;30/07/2024;20364;Credit Card
5890;8150;25/03/2024;1470;Online
5891;2380;19/02/2026;6567;Bank Transfer
5892;6009;18/09/2023;3909;Credit Card
5893;13500;11/03/2026;1322;Bank Transfer
5894;1683;16/03/2025;9300;Bank Transfer
5895;14327;11/01/2025;16426;Online
5896;5481;28/06/2026;26689;Debit Card
5897;16604;22/10/2023;6454;Credit Card
5898;9329;20/12/2025;5992;Credit Card
5899;7596;13/03/2025;25118;Bank Transfer
5900;19046;20/01/2024;19491;Debit Card
5901;19984;23/06/2026;27109;Cash
5902;15581;06/12/2025;6439;Credit Card
5903;19537;14/10/2025;13517;Online
5904;6287;29/01/2024;20096;Bank Transfer
5905;6349;15/01/2024;29644;Credit Card
5906;8140;09/12/2024;18464;Cash
5907;2908;16/08/2025;11708;Bank Transfer
5908;3541;07/10/2023;6128;Credit Card
5909;2092;30/05/2026;3794;Credit Card
5910;6232;27/07/2026;1744;Cash
5911;4908;21/12/2023;28382;Online
5912;7788;19/02/2026;1774;Credit Card
5913;19679;19/02/2025;3720;Credit Card
5914;7463;25/05/2024;16220;Debit Card
5915;18706;05/01/2025;2519;Cash
5916;9178;19/12/2024;6331;Credit Card
5917;1134;19/12/2025;1690;Cash
5918;19079;05/11/2024;1896;Credit Card
5919;15499;08/12/2025;18335;Bank Transfer
5920;11872;11/01/2024;27548;Online
5921;13972;11/12/2025;3529;Debit Card
5922;19065;06/01/2024;13082;Debit Card
5923;7478;28/06/2024;23535;Credit Card
5924;3340;17/01/2025;23283;Debit Card
5925;9750;20/01/2025;4249;Credit Card
5926;8808;04/11/2025;20571;Cash
5927;16649;25/10/2023;2855;Cash
5928;7155;08/01/2025;27449;Debit Card
5929;14685;21/12/2023;5739;Online
5930;13130;24/05/2024;965;Credit Card
5931;11740;17/03/2024;28633;Credit Card
5932;12547;08/05/2024;1110;Debit Card
5933;3916;06/12/2024;28302;Online
5934;7101;07/03/2024;14215;Online
5935;3318;15/11/2023;15999;Bank Transfer
5936;7912;26/07/2024;17959;Cash
5937;3004;29/07/2025;20923;Credit Card
5938;16192;22/04/2026;17629;Cash
5939;11529;18/12/2025;24663;Bank Transfer
5940;2697;22/04/2024;27855;Online
5941;10835;10/10/2023;549;Cash
5942;16904;05/05/2025;28160;Debit Card
5943;10715;25/09/2025;6009;Debit Card
5944;14671;15/02/2024;5443;Cash
5945;12921;14/03/2025;26711;Credit Card
5946;3070;12/02/2024;21544;Credit Card
5947;5622;22/12/2023;22955;Online
5948;19783;05/07/2025;7297;Bank Transfer
5949;4655;21/05/2024;885;Cash
5950;3221;17/10/2025;9021;Online
5951;5586;08/12/2024;2679;Credit Card
5952;16296;15/12/2025;13444;Bank Transfer
5953;2060;21/10/2025;7392;Online
5954;10175;22/01/2024;5974;Debit Card
5955;5437;10/09/2025;13671;Online
5956;12378;17/07/2025;24447;Cash
5957;5556;07/08/2024;12202;Debit Card
5958;5729;09/03/2026;13104;Debit Card
5959;19633;01/12/2024;23788;Debit Card
5960;693;18/02/2026;22060;Cash
5961;19333;07/01/2026;24503;Debit Card
5962;19199;18/04/2024;19336;Bank Transfer
5963;2123;04/12/2023;5149;Credit Card
5964;17302;27/12/2024;4123;Credit Card
5965;18381;23/10/2024;21307;Debit Card
5966;9890;24/03/2025;27521;Bank Transfer
5967;6872;07/06/2025;15330;Cash
5968;17478;25/01/2024;584;Online
5969;3628;05/06/2026;12666;Cash
5970;17458;18/11/2023;21235;Credit Card
5971;315;22/12/2025;12611;Cash
5972;10250;28/09/2025;1586;Cash
5973;7409;26/04/2026;6090;Debit Card
5974;8034;01/08/2026;11377;Cash
5975;6770;26/12/2025;22226;Debit Card
5976;8227;05/08/2026;2692;Online
5977;7077;31/08/2026;6163;Credit Card
5978;4527;08/04/2025;14639;Debit Card
5979;6115;30/05/2024;28722;Debit Card
5980;16228;10/06/2024;4314;Credit Card
5981;8680;03/02/2026;6489;Online
5982;3625;27/03/2026;27013;Credit Card
5983;6538;24/08/2024;3651;Cash
5984;10177;30/10/2023;8149;Online
5985;18233;25/03/2026;9752;Credit Card
5986;7840;21/09/2023;3548;Debit Card
5987;8102;19/08/2024;24224;Online
5988;15277;26/03/2024;23370;Cash
5989;2779;25/01/2026;8144;Cash
5990;12038;27/02/2025;6766;Bank Transfer
5991;1994;14/08/2025;620;Cash
5992;510;06/11/2024;12886;Bank Transfer
5993;15075;19/10/2025;28813;Cash
5994;4194;10/06/2025;16938;Credit Card
5995;9576;13/07/2024;27507;Cash
5996;3322;24/03/2024;28276;Credit Card
5997;2305;06/06/2025;27090;Bank Transfer
5998;832;09/10/2024;7732;Credit Card
5999;12805;01/06/2024;8513;Online
6000;4664;08/11/2024;9560;Debit Card
6001;6749;22/03/2025;16652;Bank Transfer
6002;4866;15/04/2025;24113;Online
6003;17842;23/04/2024;13453;Credit Card
6004;2182;16/04/2025;26541;Bank Transfer
6005;5806;02/03/2024;19568;Credit Card
6006;6524;25/01/2024;10237;Bank Transfer
6007;8877;01/09/2024;25819;Debit Card
6008;9390;15/01/2025;28535;Debit Card
6009;7797;12/12/2023;22429;Cash
6010;15077;09/12/2023;12192;Bank Transfer
6011;207;04/10/2023;22894;Credit Card
6012;8175;30/08/2025;11806;Debit Card
6013;15331;28/02/2026;23140;Cash
6014;19063;15/07/2025;1259;Online
6015;2437;06/04/2024;26460;Online
6016;13288;07/09/2025;11809;Online
6017;9667;25/02/2025;20336;Online
6018;6768;10/08/2024;7973;Bank Transfer
6019;10003;12/12/2025;7765;Online
6020;2526;26/10/2025;16957;Bank Transfer
6021;4593;18/07/2026;8302;Online
6022;8884;28/11/2023;992;Cash
6023;2115;21/10/2024;23227;Cash
6024;575;15/11/2024;15416;Debit Card
6025;16311;18/06/2026;5057;Cash
6026;17455;21/06/2026;9225;Online
6027;12780;05/12/2025;6905;Cash
6028;2346;17/11/2024;6279;Debit Card
6029;10029;10/01/2024;23586;Bank Transfer
6030;16457;29/07/2024;9980;Debit Card
6031;5227;22/08/2026;11166;Bank Transfer
6032;15059;30/10/2024;28288;Debit Card
6033;8654;24/05/2026;23697;Cash
6034;10479;09/02/2026;23975;Online
6035;6918;11/12/2024;12362;Cash
6036;4958;04/04/2026;20228;Online
6037;400;13/12/2023;4379;Debit Card
6038;17984;16/05/2024;9213;Credit Card
6039;11212;21/05/2025;18929;Debit Card
6040;6339;03/08/2025;18237;Cash
6041;14866;08/07/2024;16390;Cash
6042;9912;01/07/2026;1139;Bank Transfer
6043;9683;07/07/2024;14991;Cash
6044;305;24/04/2025;15496;Credit Card
6045;969;20/06/2026;2491;Bank Transfer
6046;17053;30/06/2026;27564;Debit Card
6047;5000;09/08/2026;16412;Debit Card
6048;18283;13/11/2024;21445;Cash
6049;11944;23/02/2026;6428;Online
6050;10561;14/11/2024;3936;Bank Transfer
6051;5627;20/10/2024;9434;Debit Card
6052;3496;02/01/2026;4470;Online
6053;16066;25/01/2025;5832;Bank Transfer
6054;8278;21/05/2024;15455;Credit Card
6055;18726;21/09/2023;3479;Debit Card
6056;14426;05/03/2025;3681;Bank Transfer
6057;12100;09/04/2025;9154;Bank Transfer
6058;9411;28/03/2026;700;Cash
6059;1797;03/09/2026;4418;Debit Card
6060;15783;25/09/2023;11143;Cash
6061;16679;24/11/2025;18360;Cash
6062;8739;10/10/2025;20011;Debit Card
6063;5240;26/09/2023;11222;Debit Card
6064;12318;08/11/2024;11259;Cash
6065;7478;16/07/2024;12914;Cash
6066;4375;08/05/2025;14455;Debit Card
6067;19582;17/09/2024;14763;Credit Card
6068;19326;12/09/2024;10150;Credit Card
6069;8581;09/11/2024;3520;Debit Card
6070;16254;31/05/2026;18367;Bank Transfer
6071;7195;06/11/2025;8373;Credit Card
6072;9780;23/05/2026;11323;Debit Card
6073;3548;26/06/2025;17560;Cash
6074;18203;25/07/2026;4177;Credit Card
6075;5534;17/04/2025;17263;Credit Card
6076;18021;20/06/2025;13468;Bank Transfer
6077;7872;12/08/2025;18335;Debit Card
6078;6610;26/09/2023;6901;Credit Card
6079;14790;21/07/2024;27803;Debit Card
6080;12284;25/06/2026;26525;Credit Card
6081;12674;01/10/2023;6066;Cash
6082;1358;01/04/2026;29261;Online
6083;1626;27/07/2026;18518;Debit Card
6084;15301;02/08/2024;11795;Debit Card
6085;7257;24/06/2026;12024;Online
6086;13956;21/07/2026;1599;Bank Transfer
6087;15886;26/01/2024;8798;Online
6088;5283;13/12/2023;14673;Credit Card
6089;16805;13/01/2024;21381;Bank Transfer
6090;12272;03/09/2026;16626;Cash
6091;11863;24/01/2025;12701;Cash
6092;12121;12/11/2023;9270;Bank Transfer
6093;10057;11/02/2024;17714;Credit Card
6094;8505;10/07/2024;26040;Credit Card
6095;1183;20/04/2026;2126;Credit Card
6096;8070;01/09/2025;19312;Online
6097;16151;05/05/2024;3125;Online
6098;16811;20/02/2026;10178;Online
6099;3399;09/03/2025;4537;Online
6100;11540;25/09/2024;16881;Online
6101;2861;20/11/2025;24628;Debit Card
6102;19459;22/06/2025;8318;Credit Card
6103;10167;09/06/2024;4754;Debit Card
6104;14486;21/01/2026;24028;Cash
6105;11391;19/03/2024;10926;Credit Card
6106;12391;10/05/2026;26912;Credit Card
6107;13446;20/07/2026;10898;Credit Card
6108;8996;14/07/2025;23163;Bank Transfer
6109;11905;02/02/2024;11167;Cash
6110;12333;10/07/2024;1048;Credit Card
6111;10598;23/06/2026;22887;Cash
6112;4868;16/10/2023;16876;Cash
6113;10590;30/01/2024;11441;Debit Card
6114;15678;19/01/2026;23480;Cash
6115;4753;17/02/2026;9106;Bank Transfer
6116;14692;24/11/2023;23276;Debit Card
6117;5377;20/02/2025;17434;Bank Transfer
6118;7327;13/10/2023;7377;Bank Transfer
6119;7631;13/02/2025;18320;Credit Card
6120;19593;31/07/2024;8513;Debit Card
6121;16613;20/07/2024;4279;Cash
6122;18205;16/02/2026;9562;Bank Transfer
6123;13763;05/02/2025;23022;Bank Transfer
6124;8990;13/02/2024;29778;Bank Transfer
6125;2050;29/01/2026;5007;Bank Transfer
6126;912;05/09/2024;14862;Online
6127;6829;19/12/2023;16679;Credit Card
6128;12815;20/08/2026;8508;Online
6129;14654;17/06/2026;1123;Debit Card
6130;5620;19/11/2025;17274;Cash
6131;4857;06/12/2023;25524;Credit Card
6132;11083;17/08/2025;26181;Credit Card
6133;1480;01/02/2026;28482;Credit Card
6134;5662;22/11/2023;20663;Cash
6135;12476;07/02/2026;17017;Credit Card
6136;16320;03/12/2025;16372;Bank Transfer
6137;9040;19/06/2025;13646;Credit Card
6138;11015;01/10/2023;4100;Debit Card
6139;7756;15/04/2026;28385;Cash
6140;1831;15/10/2023;16274;Online
6141;9089;24/12/2024;23090;Credit Card
6142;9175;04/08/2026;29566;Credit Card
6143;16359;16/10/2025;17700;Cash
6144;6356;23/06/2026;17192;Bank Transfer
6145;12034;18/05/2026;23525;Online
6146;9146;31/07/2024;15905;Cash
6147;438;05/02/2024;18593;Bank Transfer
6148;2425;22/08/2024;18047;Debit Card
6149;8923;28/06/2026;26467;Credit Card
6150;274;22/12/2024;6559;Debit Card
6151;9594;02/09/2024;25097;Bank Transfer
6152;8987;04/05/2025;28466;Debit Card
6153;17019;24/08/2025;24419;Credit Card
6154;7834;24/01/2026;6125;Bank Transfer
6155;6142;16/09/2025;27426;Online
6156;15900;01/05/2025;20268;Online
6157;13175;30/08/2025;9667;Credit Card
6158;1331;17/12/2024;13579;Credit Card
6159;8833;21/11/2025;20809;Online
6160;1744;06/09/2024;19520;Cash
6161;16658;28/02/2025;25534;Cash
6162;11210;16/01/2025;25910;Debit Card
6163;16841;11/02/2025;26813;Debit Card
6164;7320;20/09/2025;21100;Bank Transfer
6165;1094;24/09/2025;8580;Debit Card
6166;5593;04/04/2024;4700;Online
6167;2085;27/09/2024;11649;Online
6168;19015;11/10/2025;11768;Bank Transfer
6169;6218;25/02/2025;25614;Debit Card
6170;1933;11/02/2024;18885;Debit Card
6171;7924;11/04/2026;907;Bank Transfer
6172;17027;04/02/2025;7619;Cash
6173;17036;18/04/2024;21282;Debit Card
6174;8432;02/02/2025;8665;Debit Card
6175;9039;18/01/2025;4326;Bank Transfer
6176;12677;28/07/2024;25861;Bank Transfer
6177;16741;02/10/2024;14041;Credit Card
6178;3750;23/02/2024;5976;Credit Card
6179;4418;07/03/2024;13458;Debit Card
6180;16484;06/09/2026;23920;Online
6181;10241;10/03/2026;19773;Online
6182;9212;01/06/2025;17439;Bank Transfer
6183;1545;07/11/2025;3024;Credit Card
6184;13901;19/07/2025;12366;Credit Card
6185;19412;11/12/2024;22150;Credit Card
6186;4218;28/04/2025;26606;Debit Card
6187;17385;06/04/2026;2822;Debit Card
6188;16646;19/05/2025;28765;Bank Transfer
6189;3979;02/07/2026;9908;Cash
6190;2624;10/08/2024;22005;Cash
6191;4652;01/03/2025;29634;Bank Transfer
6192;19576;30/08/2025;22988;Credit Card
6193;2708;28/12/2024;27561;Bank Transfer
6194;8116;09/06/2025;27388;Debit Card
6195;10343;29/05/2024;8653;Bank Transfer
6196;11955;26/02/2025;24803;Bank Transfer
6197;16513;17/01/2026;5593;Cash
6198;16898;21/07/2025;11418;Debit Card
6199;13579;05/02/2026;23336;Bank Transfer
6200;16659;19/04/2025;2118;Debit Card
6201;16263;19/04/2026;29125;Online
6202;16176;08/02/2025;18414;Bank Transfer
6203;4034;27/01/2025;1052;Online
6204;13983;17/11/2024;16568;Debit Card
6205;10459;26/01/2025;12534;Credit Card
6206;6800;02/01/2024;25097;Cash
6207;1837;13/10/2024;22644;Cash
6208;4424;18/03/2026;20301;Online
6209;8840;05/04/2026;7510;Bank Transfer
6210;11332;05/01/2025;17670;Debit Card
6211;16106;10/10/2023;2527;Online
6212;8967;25/06/2026;2279;Bank Transfer
6213;842;25/06/2025;5126;Debit Card
6214;11544;19/07/2026;9980;Online
6215;3108;05/12/2025;29126;Online
6216;9881;15/09/2025;14257;Debit Card
6217;643;12/08/2024;3998;Credit Card
6218;13792;19/12/2025;6967;Credit Card
6219;2789;15/12/2023;10577;Bank Transfer
6220;520;18/12/2024;12472;Credit Card
6221;919;30/08/2024;10429;Bank Transfer
6222;12595;16/12/2025;13701;Online
6223;16260;23/03/2026;25337;Online
6224;7168;26/06/2024;29945;Debit Card
6225;1975;05/02/2026;14078;Credit Card
6226;19804;12/02/2024;19367;Credit Card
6227;17282;20/04/2026;6856;Debit Card
6228;7946;26/02/2026;5094;Cash
6229;9239;15/11/2024;6836;Bank Transfer
6230;18326;09/03/2025;10271;Bank Transfer
6231;1774;12/12/2024;5513;Online
6232;5358;28/06/2026;17988;Credit Card
6233;450;03/11/2024;6814;Bank Transfer
6234;14770;01/11/2024;6232;Bank Transfer
6235;10974;27/07/2025;26798;Online
6236;10702;10/02/2026;10938;Cash
6237;7914;22/01/2024;21014;Online
6238;2384;14/12/2023;23623;Bank Transfer
6239;6481;28/04/2024;12242;Bank Transfer
6240;8249;27/08/2026;21493;Credit Card
6241;13375;02/05/2026;26135;Online
6242;1144;11/09/2024;10067;Debit Card
6243;1443;13/03/2026;28114;Cash
6244;2873;26/06/2024;25085;Cash
6245;12217;29/07/2026;22039;Debit Card
6246;2960;26/09/2023;15058;Credit Card
6247;18945;11/06/2025;6203;Online
6248;8960;23/10/2024;22315;Debit Card
6249;19772;29/07/2026;9577;Debit Card
6250;293;02/12/2024;19143;Cash
6251;6397;28/12/2025;14061;Cash
6252;1804;25/08/2024;18983;Credit Card
6253;17132;06/10/2025;3631;Online
6254;4173;21/03/2024;3135;Credit Card
6255;13841;26/07/2025;22198;Debit Card
6256;9920;19/05/2026;12817;Cash
6257;15091;26/04/2024;18194;Cash
6258;19228;10/09/2026;25142;Debit Card
6259;8984;17/04/2026;11796;Bank Transfer
6260;5865;13/02/2026;4792;Debit Card
6261;8907;29/01/2024;20916;Online
6262;675;06/02/2024;14556;Debit Card
6263;9224;04/01/2025;27386;Bank Transfer
6264;2189;14/12/2024;10889;Debit Card
6265;13452;16/10/2023;5449;Cash
6266;15587;22/04/2025;629;Cash
6267;14726;06/06/2026;18819;Credit Card
6268;13716;22/09/2025;16650;Cash
6269;2974;05/06/2026;5327;Credit Card
6270;11307;27/10/2023;19474;Online
6271;10114;01/06/2026;2884;Cash
6272;11208;16/05/2024;26283;Cash
6273;817;02/04/2025;19371;Debit Card
6274;17290;01/12/2024;14575;Bank Transfer
6275;2292;30/01/2026;18628;Online
6276;19605;17/02/2026;27703;Credit Card
6277;19586;26/11/2024;5136;Online
6278;19077;27/11/2024;12585;Debit Card
6279;8397;27/05/2026;10459;Credit Card
6280;8515;07/07/2025;10072;Credit Card
6281;18546;29/01/2024;4347;Online
6282;14077;10/05/2025;516;Credit Card
6283;9957;15/09/2024;4487;Bank Transfer
6284;12393;27/11/2025;18382;Credit Card
6285;19190;23/09/2023;1663;Online
6286;3559;10/08/2026;17623;Online
6287;7370;06/08/2025;995;Cash
6288;10255;22/07/2024;21290;Online
6289;9556;01/12/2025;7122;Bank Transfer
6290;14208;12/03/2025;18724;Debit Card
6291;7400;08/12/2024;18765;Credit Card
6292;19800;02/12/2025;11834;Credit Card
6293;10186;07/04/2025;13753;Debit Card
6294;13621;15/11/2023;4271;Bank Transfer
6295;4975;19/10/2024;16774;Debit Card
6296;19563;22/05/2024;4388;Online
6297;15061;05/07/2026;27825;Online
6298;19082;15/11/2023;21141;Online
6299;6394;21/01/2025;10228;Bank Transfer
6300;7691;17/09/2025;11785;Online
6301;11269;21/12/2024;3299;Cash
6302;15191;09/02/2024;1107;Online
6303;14618;22/05/2026;13044;Bank Transfer
6304;11256;09/04/2026;11211;Cash
6305;17460;01/06/2026;803;Debit Card
6306;6828;24/10/2023;27959;Online
6307;12504;18/12/2024;1061;Debit Card
6308;11475;09/10/2023;26059;Bank Transfer
6309;8808;08/09/2024;23190;Credit Card
6310;7378;28/11/2025;1979;Debit Card
6311;8050;12/11/2025;19589;Cash
6312;9229;17/05/2024;6138;Credit Card
6313;8240;16/01/2025;3452;Credit Card
6314;3342;15/09/2025;16805;Online
6315;11398;03/07/2025;27846;Debit Card
6316;14968;26/08/2024;28938;Bank Transfer
6317;11352;16/12/2023;17913;Bank Transfer
6318;9389;09/02/2025;5869;Debit Card
6319;92;25/03/2025;9639;Cash
6320;13453;29/11/2025;21299;Bank Transfer
6321;16820;27/05/2024;20582;Bank Transfer
6322;19001;14/10/2024;6587;Credit Card
6323;2815;20/07/2026;5618;Debit Card
6324;15415;31/10/2024;21140;Credit Card
6325;17398;07/09/2026;25686;Debit Card
6326;5124;27/01/2025;22919;Online
6327;7766;24/08/2024;10457;Credit Card
6328;7164;05/06/2024;583;Credit Card
6329;13858;29/06/2026;25663;Online
6330;173;09/04/2024;1420;Credit Card
6331;14021;26/07/2025;29471;Online
6332;4894;27/10/2023;10670;Cash
6333;12291;18/12/2023;26916;Debit Card
6334;17153;23/01/2025;12563;Debit Card
6335;17694;05/09/2026;8827;Bank Transfer
6336;10310;06/12/2024;28796;Cash
6337;14489;08/01/2025;26404;Online
6338;84;25/12/2023;10414;Debit Card
6339;3579;07/07/2024;2519;Cash
6340;1442;17/11/2025;22328;Bank Transfer
6341;9299;30/04/2024;22743;Cash
6342;15023;03/05/2026;14657;Cash
6343;8788;04/04/2025;17188;Online
6344;19815;14/04/2025;17341;Credit Card
6345;3190;23/02/2024;29075;Credit Card
6346;13183;03/05/2026;11747;Online
6347;8485;24/06/2024;24165;Credit Card
6348;10518;27/02/2026;26937;Bank Transfer
6349;9708;18/10/2023;26192;Debit Card
6350;15246;21/10/2024;28712;Credit Card
6351;11371;26/12/2023;26066;Credit Card
6352;10393;07/06/2025;8010;Cash
6353;13690;21/01/2025;25454;Bank Transfer
6354;12918;18/11/2023;19989;Credit Card
6355;10874;16/11/2023;15134;Cash
6356;2342;19/08/2026;19953;Bank Transfer
6357;16211;06/06/2024;4699;Bank Transfer
6358;8022;24/06/2024;9767;Debit Card
6359;2363;20/02/2025;20382;Bank Transfer
6360;7308;18/03/2024;17394;Credit Card
6361;2295;29/10/2024;3487;Debit Card
6362;7096;16/03/2025;1844;Debit Card
6363;7368;08/02/2026;2867;Bank Transfer
6364;15241;28/08/2024;18969;Cash
6365;9577;28/09/2025;29519;Cash
6366;16966;26/01/2025;3979;Cash
6367;436;11/03/2026;16592;Bank Transfer
6368;16673;06/03/2025;5839;Cash
6369;9693;01/01/2024;5127;Online
6370;14502;07/05/2025;23909;Debit Card
6371;6449;13/03/2026;6498;Cash
6372;7217;21/04/2024;12609;Cash
6373;10903;04/09/2025;10389;Online
6374;122;29/11/2024;23265;Debit Card
6375;10566;14/06/2024;20706;Debit Card
6376;11591;12/07/2025;6325;Bank Transfer
6377;18133;15/02/2025;16764;Credit Card
6378;17617;29/01/2025;10796;Bank Transfer
6379;411;22/09/2024;3623;Cash
6380;14975;14/07/2025;15223;Debit Card
6381;610;03/07/2026;28869;Debit Card
6382;17436;01/07/2024;13472;Debit Card
6383;804;21/08/2025;18399;Online
6384;2391;06/10/2024;24318;Credit Card
6385;7898;13/07/2024;1171;Online
6386;11136;31/10/2023;16108;Online
6387;11432;07/10/2023;22627;Credit Card
6388;2450;14/08/2026;22240;Cash
6389;4632;19/08/2026;26918;Cash
6390;1787;04/11/2023;8455;Online
6391;15927;25/12/2023;26936;Cash
6392;1697;03/04/2024;5140;Debit Card
6393;15329;12/10/2025;12716;Online
6394;15969;04/07/2025;23884;Bank Transfer
6395;10686;07/10/2024;17255;Credit Card
6396;13858;12/01/2024;5875;Online
6397;19119;03/06/2024;24687;Credit Card
6398;5054;28/07/2025;5854;Cash
6399;8645;29/06/2024;5933;Credit Card
6400;8057;28/12/2024;10465;Cash
6401;5415;18/09/2023;25263;Credit Card
6402;9564;21/10/2024;29886;Online
6403;8040;22/10/2023;23655;Bank Transfer
6404;2733;15/04/2026;22178;Debit Card
6405;19030;10/11/2023;9661;Bank Transfer
6406;16831;15/12/2024;8422;Cash
6407;16053;31/08/2025;12358;Credit Card
6408;6956;01/11/2023;29981;Bank Transfer
6409;6924;14/01/2025;3158;Cash
6410;245;05/09/2026;1558;Credit Card
6411;7690;20/03/2026;17221;Debit Card
6412;15501;22/02/2024;20993;Cash
6413;18897;23/11/2025;22261;Bank Transfer
6414;7383;13/04/2024;3066;Cash
6415;15190;17/02/2026;29649;Online
6416;4905;27/06/2026;12705;Debit Card
6417;14572;02/07/2026;27123;Bank Transfer
6418;12059;16/07/2026;24353;Bank Transfer
6419;11496;10/11/2025;6633;Credit Card
6420;11672;22/02/2025;22573;Bank Transfer
6421;8277;14/04/2026;792;Cash
6422;762;13/03/2024;4230;Online
6423;15189;18/09/2023;20646;Debit Card
6424;7447;12/02/2025;8103;Online
6425;4541;22/08/2025;12111;Cash
6426;11013;09/12/2023;11653;Debit Card
6427;17697;28/10/2024;28113;Cash
6428;8724;30/07/2025;29530;Cash
6429;10104;27/01/2026;10647;Online
6430;12013;16/04/2024;18637;Cash
6431;7845;05/01/2025;21829;Cash
6432;14232;28/01/2025;27411;Credit Card
6433;9105;27/07/2025;17544;Credit Card
6434;12307;23/04/2026;16043;Online
6435;2993;14/02/2024;7103;Bank Transfer
6436;19020;30/05/2026;26573;Online
6437;4140;16/02/2025;2281;Debit Card
6438;1320;13/01/2024;2996;Credit Card
6439;19729;04/04/2024;8526;Debit Card
6440;6376;02/06/2026;26288;Credit Card
6441;12289;27/09/2024;24928;Debit Card
6442;15455;06/06/2026;5343;Bank Transfer
6443;17650;16/09/2024;9294;Cash
6444;9714;07/02/2025;29748;Online
6445;17426;13/01/2026;11639;Debit Card
6446;214;15/11/2024;10780;Cash
6447;3953;08/04/2025;7724;Credit Card
6448;14799;25/05/2026;27579;Bank Transfer
6449;11432;28/04/2026;22729;Bank Transfer
6450;14208;13/09/2023;27203;Credit Card
6451;978;20/05/2024;11806;Bank Transfer
6452;16742;13/05/2025;3347;Bank Transfer
6453;16083;04/07/2024;3366;Online
6454;5965;05/04/2025;15152;Debit Card
6455;740;18/06/2025;24622;Online
6456;2113;29/08/2024;28838;Debit Card
6457;7302;04/09/2025;29244;Credit Card
6458;14869;05/07/2025;12668;Debit Card
6459;10576;23/06/2025;6144;Bank Transfer
6460;13820;06/07/2026;8958;Debit Card
6461;11861;26/07/2024;9701;Credit Card
6462;2817;21/11/2025;10971;Cash
6463;15997;21/10/2025;18195;Online
6464;631;22/07/2025;26673;Debit Card
6465;16899;22/12/2024;19856;Online
6466;13542;03/12/2023;5539;Online
6467;4914;25/07/2026;26344;Bank Transfer
6468;10450;04/09/2024;5576;Debit Card
6469;4734;21/06/2024;15174;Online
6470;14497;21/04/2025;18709;Cash
6471;12357;01/02/2026;19473;Cash
6472;17376;28/03/2026;24065;Cash
6473;18350;22/01/2025;5990;Debit Card
6474;15780;03/11/2025;7347;Online
6475;3932;20/09/2023;24721;Bank Transfer
6476;7026;19/01/2025;25190;Online
6477;15104;13/12/2023;25367;Credit Card
6478;14901;04/03/2025;14610;Cash
6479;15394;19/12/2024;15825;Debit Card
6480;15027;03/11/2023;22886;Debit Card
6481;19475;28/09/2023;29362;Credit Card
6482;13350;03/11/2025;22142;Online
6483;5967;21/05/2024;15252;Cash
6484;4343;06/10/2024;20794;Online
6485;18887;27/03/2024;23969;Cash
6486;1696;28/08/2024;20438;Debit Card
6487;14880;09/10/2025;15310;Bank Transfer
6488;4431;11/11/2024;21309;Bank Transfer
6489;9189;28/09/2025;3871;Debit Card
6490;9863;20/01/2025;8587;Cash
6491;9178;18/01/2024;19266;Credit Card
6492;13927;27/03/2026;13349;Cash
6493;12293;20/03/2024;14038;Debit Card
6494;19976;08/03/2026;6436;Online
6495;8997;06/06/2025;18037;Bank Transfer
6496;5601;15/02/2025;14340;Debit Card
6497;7354;26/12/2023;1787;Online
6498;17442;15/11/2025;29076;Credit Card
6499;5941;02/09/2025;23147;Cash
6500;18697;15/03/2024;17130;Debit Card
6501;1076;28/11/2023;27121;Credit Card
6502;18005;30/07/2026;29638;Online
6503;17279;04/02/2026;1486;Online
6504;1132;01/07/2026;13341;Online
6505;1232;19/02/2025;5398;Online
6506;17438;19/10/2023;10139;Bank Transfer
6507;8090;29/01/2025;12702;Credit Card
6508;14856;15/07/2025;15985;Online
6509;1243;06/04/2026;12284;Online
6510;7388;13/07/2024;11206;Bank Transfer
6511;2100;26/10/2025;22575;Online
6512;13097;31/10/2024;17353;Cash
6513;18374;22/01/2024;22413;Online
6514;8315;15/03/2025;5998;Bank Transfer
6515;12310;04/03/2025;10926;Debit Card
6516;13620;03/09/2026;22885;Bank Transfer
6517;16745;27/09/2023;26904;Debit Card
6518;61;05/03/2024;664;Bank Transfer
6519;16887;06/06/2024;19625;Debit Card
6520;8134;26/12/2025;11522;Debit Card
6521;18756;26/11/2023;22131;Cash
6522;17397;27/07/2026;8390;Online
6523;13886;22/05/2025;16178;Debit Card
6524;4432;26/04/2025;28805;Credit Card
6525;788;16/05/2024;22817;Credit Card
6526;18571;26/07/2025;4022;Bank Transfer
6527;728;13/09/2023;25150;Cash
6528;11321;13/05/2026;22708;Cash
6529;14043;26/01/2024;10955;Debit Card
6530;6541;15/11/2025;11282;Credit Card
6531;3651;25/06/2024;20183;Cash
6532;8960;04/07/2024;4081;Online
6533;17692;23/02/2026;4868;Cash
6534;12035;17/11/2023;4286;Online
6535;5999;14/02/2026;19444;Cash
6536;18426;14/06/2026;19859;Debit Card
6537;3084;06/05/2026;27081;Credit Card
6538;19145;16/11/2025;21007;Credit Card
6539;11079;02/08/2026;26135;Credit Card
6540;14675;23/12/2025;12578;Bank Transfer
6541;1278;09/10/2025;25763;Cash
6542;11562;12/09/2024;22898;Online
6543;7212;25/03/2026;23086;Debit Card
6544;4810;16/07/2025;5098;Online
6545;9896;14/10/2025;18253;Credit Card
6546;3430;20/12/2023;7826;Credit Card
6547;7075;19/12/2024;27798;Cash
6548;17801;04/08/2025;28501;Credit Card
6549;2854;07/01/2024;14635;Online
6550;13612;29/05/2025;24164;Online
6551;17012;05/04/2024;9180;Bank Transfer
6552;2205;15/03/2025;28580;Cash
6553;13046;10/04/2025;24697;Debit Card
6554;15953;07/07/2025;1804;Online
6555;12391;08/10/2024;8921;Debit Card
6556;9997;08/01/2025;8822;Debit Card
6557;13654;06/12/2023;19600;Debit Card
6558;5665;01/05/2025;15406;Debit Card
6559;3886;17/06/2026;29428;Debit Card
6560;19333;21/03/2025;24144;Cash
6561;12774;13/05/2025;3080;Online
6562;19362;11/09/2026;9183;Credit Card
6563;13473;01/04/2025;23408;Bank Transfer
6564;19134;26/08/2026;16668;Bank Transfer
6565;16232;24/06/2024;20118;Cash
6566;12651;11/05/2026;23222;Credit Card
6567;6345;11/02/2024;17872;Online
6568;19644;08/11/2023;26581;Debit Card
6569;6735;20/10/2024;17892;Credit Card
6570;15843;25/09/2025;26860;Credit Card
6571;5488;24/12/2023;13957;Credit Card
6572;5056;26/04/2026;19557;Bank Transfer
6573;10377;19/12/2023;4178;Credit Card
6574;5322;06/01/2024;26866;Cash
6575;17395;14/12/2024;12255;Debit Card
6576;15267;25/10/2025;17725;Credit Card
6577;14369;03/10/2024;4078;Credit Card
6578;12496;18/11/2023;10018;Debit Card
6579;16539;07/10/2025;6329;Debit Card
6580;17621;03/03/2025;27995;Bank Transfer
6581;11366;24/03/2025;3818;Bank Transfer
6582;16060;15/04/2026;10941;Cash
6583;5897;22/08/2024;25820;Bank Transfer
6584;13933;15/04/2026;9493;Online
6585;19339;08/01/2024;3152;Bank Transfer
6586;19053;06/04/2024;24813;Cash
6587;17256;12/06/2026;11282;Cash
6588;1637;05/11/2024;13192;Bank Transfer
6589;9525;27/12/2023;15156;Debit Card
6590;8943;22/11/2023;16682;Cash
6591;14445;19/11/2023;25684;Online
6592;3683;09/05/2025;20429;Credit Card
6593;11441;05/02/2024;11404;Online
6594;2005;09/08/2026;8167;Bank Transfer
6595;16143;25/01/2025;17859;Credit Card
6596;16049;03/08/2026;11187;Online
6597;5476;20/01/2024;29128;Online
6598;12802;18/07/2025;19399;Debit Card
6599;6729;08/04/2024;13932;Credit Card
6600;12131;25/09/2023;13539;Debit Card
6601;15215;21/10/2024;22110;Debit Card
6602;3368;14/08/2026;7220;Online
6603;4238;27/09/2024;21667;Cash
6604;5000;03/11/2025;25966;Cash
6605;17637;13/09/2024;26441;Bank Transfer
6606;1132;08/11/2023;20561;Debit Card
6607;3815;26/05/2025;9370;Online
6608;4915;08/01/2024;22158;Bank Transfer
6609;8030;26/10/2023;18225;Credit Card
6610;14993;11/07/2026;27385;Online
6611;4278;11/04/2026;13118;Bank Transfer
6612;8201;28/04/2024;18431;Bank Transfer
6613;10492;20/10/2024;1335;Credit Card
6614;11778;21/01/2025;29939;Credit Card
6615;12921;02/05/2026;26810;Bank Transfer
6616;6401;22/11/2025;23865;Online
6617;16494;23/06/2026;13130;Cash
6618;2794;29/01/2025;21887;Credit Card
6619;2224;15/11/2023;12870;Online
6620;12843;29/12/2025;19110;Debit Card
6621;19018;07/08/2025;10470;Cash
6622;8122;08/03/2025;22010;Credit Card
6623;12615;03/04/2025;23214;Online
6624;5295;16/09/2024;28233;Credit Card
6625;10097;16/02/2024;1334;Bank Transfer
6626;6417;03/01/2025;14923;Credit Card
6627;10268;03/03/2025;14765;Bank Transfer
6628;19675;19/09/2025;12466;Credit Card
6629;3752;18/08/2025;11060;Cash
6630;10134;05/06/2025;2980;Cash
6631;1346;16/12/2023;17400;Credit Card
6632;7962;12/04/2026;14226;Debit Card
6633;7892;07/10/2023;4986;Credit Card
6634;10632;05/02/2026;13118;Online
6635;12243;11/11/2024;4127;Bank Transfer
6636;4993;27/04/2024;4534;Online
6637;5717;05/01/2025;9615;Cash
6638;19802;14/07/2026;13957;Credit Card
6639;6674;04/06/2024;12499;Bank Transfer
6640;14757;25/08/2026;28374;Bank Transfer
6641;15331;14/06/2026;18684;Debit Card
6642;18265;05/02/2026;10901;Cash
6643;15391;13/02/2024;27268;Credit Card
6644;16445;21/06/2026;29048;Cash
6645;13797;24/02/2024;9857;Debit Card
6646;18484;22/10/2025;5168;Debit Card
6647;15942;21/03/2026;20835;Cash
6648;2817;02/01/2026;7176;Debit Card
6649;717;24/08/2025;6417;Cash
6650;16646;12/12/2024;8387;Debit Card
6651;5419;06/05/2024;17342;Debit Card
6652;5548;28/03/2024;14878;Debit Card
6653;4685;29/05/2024;27077;Credit Card
6654;788;08/04/2026;21085;Online
6655;15439;19/03/2026;29666;Online
6656;16050;14/10/2025;1224;Bank Transfer
6657;10678;01/02/2026;16679;Online
6658;7536;01/07/2024;15829;Debit Card
6659;1608;26/05/2025;19264;Debit Card
6660;9813;14/12/2024;1453;Bank Transfer
6661;4975;28/08/2026;20666;Online
6662;17558;19/11/2024;28208;Bank Transfer
6663;8189;18/03/2024;13721;Online
6664;4897;07/01/2025;24458;Online
6665;9819;20/08/2025;2758;Debit Card
6666;14352;22/04/2026;6629;Credit Card
6667;13523;25/02/2026;28944;Credit Card
6668;1519;04/01/2026;18037;Cash
6669;2970;18/03/2025;10527;Online
6670;17663;29/09/2023;26956;Online
6671;13950;26/01/2025;11334;Cash
6672;18269;25/09/2024;12415;Online
6673;16318;19/02/2026;13384;Debit Card
6674;16518;20/10/2023;21601;Online
6675;7960;10/06/2024;24871;Credit Card
6676;17568;01/11/2025;13672;Credit Card
6677;13305;23/08/2026;24046;Debit Card
6678;11114;11/09/2024;982;Bank Transfer
6679;16563;10/04/2025;5393;Debit Card
6680;4359;31/08/2025;26955;Online
6681;10668;28/06/2026;10245;Credit Card
6682;3164;09/09/2025;18446;Online
6683;10116;26/06/2024;26836;Credit Card
6684;5088;25/04/2024;20143;Bank Transfer
6685;16138;09/03/2026;10747;Credit Card
6686;17922;01/09/2024;27739;Credit Card
6687;6149;05/08/2024;28030;Bank Transfer
6688;6346;26/09/2023;10648;Cash
6689;15903;01/11/2025;3027;Bank Transfer
6690;17133;11/11/2024;2251;Bank Transfer
6691;3040;17/06/2026;5952;Debit Card
6692;15571;30/10/2025;9506;Cash
6693;16576;03/07/2024;22914;Online
6694;7865;19/06/2024;15044;Bank Transfer
6695;4448;02/04/2025;13439;Online
6696;3514;04/10/2025;28961;Cash
6697;12977;12/05/2026;8014;Online
6698;3531;04/02/2025;5853;Online
6699;16521;17/08/2026;20340;Cash
6700;513;18/03/2025;17414;Cash
6701;6318;13/11/2025;29543;Cash
6702;12584;12/04/2024;8716;Credit Card
6703;12642;14/09/2025;26510;Credit Card
6704;5656;20/04/2024;6520;Online
6705;8675;22/06/2025;14145;Bank Transfer
6706;9674;06/10/2023;28355;Debit Card
6707;1762;06/10/2025;24268;Debit Card
6708;4359;26/12/2023;11201;Debit Card
6709;11116;08/01/2025;14316;Cash
6710;2243;05/04/2024;28191;Debit Card
6711;14032;16/10/2025;14265;Debit Card
6712;11350;05/10/2024;22631;Credit Card
6713;8170;17/10/2025;1782;Debit Card
6714;275;21/12/2025;16733;Bank Transfer
6715;19183;13/10/2024;10937;Debit Card
6716;6855;04/12/2024;17366;Cash
6717;19206;04/10/2023;5907;Credit Card
6718;6486;11/09/2025;15630;Cash
6719;2543;23/10/2023;14430;Cash
6720;12750;04/01/2024;15776;Cash
6721;5356;31/12/2023;7668;Online
6722;19466;21/12/2024;19568;Debit Card
6723;656;09/02/2024;26984;Online
6724;8938;08/09/2024;1729;Bank Transfer
6725;3500;24/04/2025;5946;Cash
6726;19399;11/12/2023;29879;Online
6727;6235;26/09/2024;6813;Credit Card
6728;1066;02/03/2026;20454;Cash
6729;515;09/03/2024;15414;Cash
6730;9169;15/02/2024;26145;Credit Card
6731;13687;13/01/2026;1799;Debit Card
6732;592;20/03/2026;29979;Online
6733;2384;11/12/2025;20040;Cash
6734;12952;27/07/2025;16234;Debit Card
6735;18672;22/03/2024;19502;Bank Transfer
6736;733;31/03/2025;13182;Credit Card
6737;1415;07/09/2024;15668;Debit Card
6738;13405;28/08/2025;3245;Debit Card
6739;12057;06/08/2024;24284;Bank Transfer
6740;7102;10/05/2024;5746;Debit Card
6741;9418;15/03/2025;10044;Cash
6742;19136;29/06/2025;25308;Online
6743;15662;24/06/2025;13351;Cash
6744;7720;07/07/2024;13294;Online
6745;8489;21/10/2024;26414;Debit Card
6746;18709;15/07/2025;5236;Credit Card
6747;9930;16/04/2026;17414;Online
6748;6387;10/05/2025;6590;Online
6749;2518;08/12/2024;23770;Cash
6750;19637;26/11/2023;14226;Cash
6751;16237;14/01/2025;2252;Online
6752;12509;08/01/2026;5773;Cash
6753;14855;23/03/2026;10914;Debit Card
6754;15774;18/05/2025;5054;Cash
6755;5407;19/08/2026;24859;Credit Card
6756;10449;26/05/2025;28872;Debit Card
6757;14045;17/04/2026;29851;Online
6758;9530;10/11/2023;14037;Online
6759;16116;02/10/2023;26835;Online
6760;7284;02/05/2026;28581;Cash
6761;4629;07/07/2024;13235;Online
6762;17977;19/03/2024;19857;Cash
6763;8804;26/04/2026;14873;Debit Card
6764;11305;10/02/2026;5350;Credit Card
6765;4826;29/07/2026;24929;Credit Card
6766;19058;07/08/2026;27639;Bank Transfer
6767;6379;23/01/2025;20717;Credit Card
6768;10523;14/03/2025;26257;Debit Card
6769;19628;02/04/2024;8547;Debit Card
6770;7919;02/02/2024;29173;Debit Card
6771;3037;21/07/2024;4084;Debit Card
6772;19286;28/10/2024;22339;Bank Transfer
6773;18337;06/07/2025;8839;Cash
6774;17272;24/05/2026;7830;Bank Transfer
6775;9501;19/02/2025;29280;Credit Card
6776;8114;13/06/2025;23275;Cash
6777;18436;22/05/2024;6150;Cash
6778;8800;14/09/2023;16267;Online
6779;6594;12/01/2024;21556;Debit Card
6780;11693;23/07/2024;928;Credit Card
6781;8820;26/04/2025;12186;Debit Card
6782;4760;20/05/2024;6158;Online
6783;19969;01/04/2024;12034;Cash
6784;14019;10/09/2025;10643;Debit Card
6785;1914;18/01/2024;27754;Bank Transfer
6786;2892;11/03/2025;5766;Cash
6787;18068;15/03/2024;10663;Bank Transfer
6788;10559;09/09/2026;18730;Debit Card
6789;16655;10/07/2025;23028;Credit Card
6790;700;10/10/2024;5727;Bank Transfer
6791;11888;06/09/2026;2946;Online
6792;19522;26/01/2025;12025;Bank Transfer
6793;14277;03/10/2023;28662;Credit Card
6794;3645;26/07/2024;3199;Online
6795;10107;06/11/2023;22277;Bank Transfer
6796;9120;23/08/2025;4068;Debit Card
6797;17899;10/05/2024;21268;Debit Card
6798;17941;15/02/2026;25466;Cash
6799;9489;05/09/2024;29269;Online
6800;15961;03/07/2025;26229;Debit Card
6801;10151;26/04/2025;23571;Bank Transfer
6802;18593;05/09/2026;23313;Online
6803;7005;27/11/2025;22894;Credit Card
6804;7013;19/03/2024;20691;Bank Transfer
6805;13794;07/02/2025;1286;Cash
6806;13103;26/08/2026;17309;Debit Card
6807;2833;21/12/2024;15062;Debit Card
6808;18641;03/07/2025;25430;Online
6809;149;20/01/2025;4987;Cash
6810;19476;26/11/2023;27587;Bank Transfer
6811;15596;09/01/2025;13151;Online
6812;3684;12/01/2025;27166;Online
6813;19887;17/04/2025;25632;Debit Card
6814;7085;30/09/2025;15904;Debit Card
6815;12832;16/08/2024;12313;Credit Card
6816;13054;13/06/2025;9385;Cash
6817;18770;04/09/2025;28749;Bank Transfer
6818;7924;13/02/2024;18819;Online
6819;14821;07/09/2024;21600;Credit Card
6820;6068;10/05/2026;17595;Online
6821;5229;08/10/2024;23178;Online
6822;8943;02/09/2026;15341;Bank Transfer
6823;4873;04/01/2025;2474;Cash
6824;12105;28/01/2024;1743;Cash
6825;16728;03/07/2025;13462;Bank Transfer
6826;8261;05/06/2026;8734;Debit Card
6827;2062;05/02/2024;645;Credit Card
6828;11674;26/01/2025;14142;Online
6829;12102;02/06/2026;14213;Bank Transfer
6830;2427;07/01/2026;19795;Credit Card
6831;7667;06/08/2024;22807;Bank Transfer
6832;18319;08/03/2025;9307;Bank Transfer
6833;4763;26/02/2026;29917;Online
6834;19579;19/07/2026;9644;Cash
6835;19123;25/04/2025;23873;Credit Card
6836;2253;09/03/2026;16304;Online
6837;12405;05/04/2025;8324;Credit Card
6838;12875;28/12/2024;24693;Cash
6839;4221;24/01/2026;25094;Bank Transfer
6840;13795;02/01/2025;20543;Online
6841;10122;10/11/2023;19074;Bank Transfer
6842;3356;26/11/2024;28303;Online
6843;15386;27/04/2025;1949;Debit Card
6844;14133;06/10/2025;7955;Online
6845;12000;12/12/2023;5623;Cash
6846;6448;28/06/2025;28020;Online
6847;5103;02/12/2025;2390;Online
6848;5461;09/09/2025;542;Bank Transfer
6849;2454;25/09/2024;8851;Debit Card
6850;352;20/07/2026;26306;Cash
6851;2629;23/08/2026;9796;Credit Card
6852;6483;07/12/2023;3377;Debit Card
6853;1464;24/02/2026;17756;Cash
6854;486;13/03/2024;14738;Debit Card
6855;10270;14/07/2026;26091;Cash
6856;17679;05/02/2026;16904;Online
6857;19250;01/06/2025;17843;Online
6858;16592;02/08/2024;24786;Debit Card
6859;12680;04/06/2025;7762;Cash
6860;1221;05/10/2024;25352;Debit Card
6861;14831;10/07/2024;23909;Debit Card
6862;6645;12/03/2025;26965;Debit Card
6863;8721;09/08/2026;24277;Debit Card
6864;7769;29/09/2023;8673;Bank Transfer
6865;11418;26/07/2025;7993;Bank Transfer
6866;17222;23/10/2024;7931;Online
6867;10274;07/09/2025;20761;Debit Card
6868;8549;23/04/2024;27597;Cash
6869;2848;23/04/2026;17451;Online
6870;9211;25/03/2026;1622;Cash
6871;2705;24/12/2024;7390;Credit Card
6872;12264;13/04/2024;9341;Cash
6873;8481;08/09/2025;29238;Online
6874;4077;21/12/2025;19617;Online
6875;1411;22/09/2025;26274;Debit Card
6876;14463;15/06/2025;20513;Cash
6877;14589;01/06/2026;25339;Cash
6878;3980;11/05/2024;26542;Online
6879;4791;05/10/2024;21376;Bank Transfer
6880;781;14/06/2025;23697;Cash
6881;1611;29/09/2024;21224;Online
6882;1107;21/07/2025;27691;Debit Card
6883;7389;02/02/2025;16683;Debit Card
6884;12247;08/05/2026;7046;Online
6885;10718;17/02/2026;28243;Online
6886;10862;10/02/2024;23688;Cash
6887;18153;23/01/2024;8653;Cash
6888;6404;13/05/2026;15594;Bank Transfer
6889;1417;10/07/2024;22838;Debit Card
6890;4637;25/05/2024;20208;Cash
6891;18496;27/10/2023;21894;Online
6892;13583;26/08/2025;25553;Credit Card
6893;16832;19/02/2025;3117;Online
6894;2548;16/01/2025;13895;Cash
6895;291;01/10/2024;1774;Credit Card
6896;19530;18/07/2024;18273;Credit Card
6897;7884;02/06/2024;14052;Online
6898;3962;24/04/2025;11372;Debit Card
6899;13453;19/04/2026;24722;Cash
6900;10958;28/06/2025;21145;Online
6901;16387;14/06/2024;3269;Debit Card
6902;16832;05/10/2023;18845;Cash
6903;12828;18/04/2025;18977;Credit Card
6904;16404;29/01/2026;15224;Cash
6905;15700;29/12/2024;7801;Cash
6906;8148;29/03/2026;17493;Bank Transfer
6907;8352;12/11/2024;6470;Online
6908;17343;14/02/2024;29133;Cash
6909;16462;10/11/2023;15414;Bank Transfer
6910;12128;26/05/2025;10404;Debit Card
6911;5330;17/11/2024;22260;Debit Card
6912;3803;24/12/2023;12220;Online
6913;9496;06/05/2024;3497;Cash
6914;5320;21/02/2024;9904;Credit Card
6915;3808;27/10/2024;18993;Cash
6916;1231;08/08/2024;14737;Debit Card
6917;3044;14/10/2023;15897;Credit Card
6918;4248;03/02/2026;12635;Credit Card
6919;10352;23/07/2026;15007;Credit Card
6920;9099;09/01/2024;14475;Debit Card
6921;5756;16/05/2025;19602;Bank Transfer
6922;11460;18/08/2026;7813;Debit Card
6923;4698;19/03/2026;25583;Online
6924;10761;20/06/2025;22497;Bank Transfer
6925;17336;20/04/2024;1368;Bank Transfer
6926;8377;24/12/2024;19906;Cash
6927;17995;05/10/2025;668;Online
6928;11051;18/07/2024;25339;Credit Card
6929;2939;28/11/2023;18851;Bank Transfer
6930;4124;02/06/2024;1126;Online
6931;2515;09/09/2024;24972;Debit Card
6932;18546;09/03/2024;29148;Bank Transfer
6933;201;02/08/2025;10489;Bank Transfer
6934;6321;08/01/2024;3337;Bank Transfer
6935;10531;06/07/2025;28492;Credit Card
6936;9777;31/01/2024;26443;Credit Card
6937;3337;29/07/2026;13643;Cash
6938;18142;10/12/2023;1334;Online
6939;6201;20/11/2023;2025;Credit Card
6940;2108;29/03/2024;12376;Credit Card
6941;8403;14/05/2026;22123;Debit Card
6942;6257;20/08/2024;4041;Online
6943;18685;24/02/2026;3031;Online
6944;8816;28/06/2024;29206;Debit Card
6945;3539;28/08/2024;13529;Online
6946;17782;09/09/2025;12413;Credit Card
6947;14719;05/03/2025;23022;Online
6948;15263;15/02/2024;26010;Debit Card
6949;8277;26/12/2023;12744;Bank Transfer
6950;10080;09/06/2025;11386;Online
6951;13071;26/12/2023;26788;Debit Card
6952;19903;17/11/2024;20301;Debit Card
6953;19138;29/06/2024;9212;Credit Card
6954;14292;27/03/2024;13041;Debit Card
6955;15751;19/05/2024;22718;Cash
6956;3457;16/04/2025;3668;Bank Transfer
6957;16037;22/05/2026;6633;Online
6958;5070;03/06/2024;21822;Online
6959;9863;08/04/2024;5572;Bank Transfer
6960;8123;08/11/2023;878;Cash
6961;4366;15/01/2026;25867;Cash
6962;1886;08/11/2023;8037;Cash
6963;8406;29/05/2026;17929;Cash
6964;10994;28/06/2025;26101;Online
6965;18372;24/05/2025;24388;Bank Transfer
6966;10671;11/05/2024;16970;Online
6967;11600;30/12/2025;1285;Credit Card
6968;13521;27/01/2026;29534;Online
6969;9630;14/01/2024;28646;Debit Card
6970;7495;22/04/2026;19261;Cash
6971;19319;22/09/2025;1278;Credit Card
6972;15715;23/04/2024;7621;Bank Transfer
6973;5838;16/10/2023;616;Cash
6974;8021;17/09/2025;7410;Cash
6975;13768;19/11/2024;29287;Cash
6976;19130;17/03/2024;1947;Bank Transfer
6977;14341;20/11/2023;23119;Credit Card
6978;3044;12/06/2025;1806;Debit Card
6979;3870;29/12/2023;23706;Credit Card
6980;9204;19/06/2025;18345;Cash
6981;14541;13/10/2025;27115;Credit Card
6982;16920;14/07/2026;23605;Bank Transfer
6983;8639;23/04/2025;20960;Bank Transfer
6984;18811;27/09/2023;27584;Online
6985;12253;15/12/2023;29661;Online
6986;3317;01/03/2024;13053;Online
6987;2360;14/06/2024;29419;Credit Card
6988;5529;21/06/2024;8996;Bank Transfer
6989;393;30/07/2024;22562;Bank Transfer
6990;12227;30/05/2025;27425;Cash
6991;16699;08/09/2025;9943;Cash
6992;4067;09/05/2025;19508;Bank Transfer
6993;13368;26/04/2025;26212;Bank Transfer
6994;12858;24/10/2025;8545;Online
6995;12074;17/06/2024;28949;Debit Card
6996;6742;12/12/2024;13366;Bank Transfer
6997;7068;24/10/2024;19406;Credit Card
6998;2008;01/05/2026;13483;Online
6999;12705;27/10/2024;5016;Online
7000;5057;24/06/2026;22687;Online
7001;18381;27/12/2023;22226;Cash
7002;3511;17/03/2024;18600;Cash
7003;11114;24/11/2023;16112;Bank Transfer
7004;13623;10/11/2024;11433;Credit Card
7005;15693;27/08/2024;24998;Debit Card
7006;18881;15/10/2024;13445;Cash
7007;6516;22/08/2026;29734;Bank Transfer
7008;6328;13/12/2025;16920;Online
7009;6971;03/01/2025;24724;Credit Card
7010;12768;14/01/2026;20088;Credit Card
7011;16281;15/06/2025;6825;Cash
7012;3583;14/07/2025;16943;Bank Transfer
7013;15069;22/01/2025;25199;Credit Card
7014;18114;22/03/2024;13011;Bank Transfer
7015;8962;29/10/2024;20659;Cash
7016;703;02/07/2024;17891;Credit Card
7017;166;23/02/2025;21484;Debit Card
7018;3248;01/03/2024;5157;Debit Card
7019;14708;07/11/2025;16173;Online
7020;14548;19/12/2023;22078;Credit Card
7021;5883;09/08/2024;22428;Online
7022;15697;05/04/2026;20162;Online
7023;5372;26/03/2026;4912;Bank Transfer
7024;7308;04/04/2024;16426;Online
7025;2620;21/07/2024;24778;Bank Transfer
7026;2671;28/04/2025;6879;Online
7027;13076;05/06/2024;14398;Cash
7028;12061;20/07/2025;12625;Debit Card
7029;4;29/09/2023;20613;Cash
7030;1691;06/06/2026;14271;Bank Transfer
7031;11517;02/04/2025;2300;Cash
7032;12032;04/03/2026;2766;Debit Card
7033;15589;08/02/2025;6762;Online
7034;7313;22/04/2025;23291;Debit Card
7035;1916;26/09/2023;1624;Bank Transfer
7036;5315;28/06/2025;10735;Online
7037;5184;26/09/2024;13408;Online
7038;16166;03/02/2026;16805;Online
7039;18161;06/02/2024;28644;Online
7040;4412;24/04/2026;1303;Credit Card
7041;7672;09/10/2023;14303;Debit Card
7042;2417;30/06/2025;6205;Cash
7043;16409;16/06/2024;13537;Cash
7044;15732;25/02/2024;29090;Online
7045;19266;13/04/2024;29491;Cash
7046;19919;02/10/2025;6436;Online
7047;1957;06/12/2024;9471;Cash
7048;10633;27/07/2025;7129;Online
7049;16135;13/07/2026;17380;Credit Card
7050;18849;03/09/2026;28250;Online
7051;11682;06/05/2024;21290;Online
7052;10241;13/04/2024;16172;Cash
7053;11789;05/01/2026;4917;Cash
7054;3862;26/03/2024;22923;Cash
7055;2519;18/04/2026;28557;Debit Card
7056;3539;07/01/2026;1182;Credit Card
7057;19395;02/02/2025;27909;Debit Card
7058;17058;21/03/2024;1801;Online
7059;741;13/11/2025;24858;Online
7060;8405;30/08/2026;11135;Cash
7061;14428;13/02/2026;28064;Bank Transfer
7062;6067;08/11/2023;18560;Bank Transfer
7063;11052;11/07/2026;17535;Debit Card
7064;3211;08/10/2023;637;Cash
7065;3228;06/03/2026;21622;Cash
7066;14166;21/12/2025;3715;Credit Card
7067;15639;08/04/2024;13926;Credit Card
7068;10036;17/07/2026;825;Cash
7069;509;21/04/2024;7895;Credit Card
7070;18003;10/09/2026;27587;Online
7071;7616;22/02/2024;27836;Debit Card
7072;1806;12/01/2026;2282;Bank Transfer
7073;1992;03/03/2024;28823;Debit Card
7074;2521;01/09/2025;19324;Cash
7075;12622;25/11/2025;22162;Online
7076;19893;08/01/2024;28687;Credit Card
7077;9343;14/12/2023;17838;Bank Transfer
7078;17548;09/12/2024;26320;Online
7079;5089;27/09/2023;3414;Debit Card
7080;17281;02/12/2023;16808;Credit Card
7081;15378;27/12/2025;27888;Credit Card
7082;9905;21/03/2026;4075;Debit Card
7083;73;20/06/2026;9736;Cash
7084;19943;03/03/2025;9489;Online
7085;13565;09/08/2026;12686;Bank Transfer
7086;1312;11/11/2025;23761;Online
7087;18365;29/09/2023;2889;Online
7088;4576;26/01/2024;6920;Credit Card
7089;15036;04/05/2026;3985;Bank Transfer
7090;8470;14/05/2026;25126;Bank Transfer
7091;7415;25/12/2024;6624;Cash
7092;12596;23/05/2026;710;Online
7093;51;18/03/2026;16416;Cash
7094;2409;07/10/2025;23630;Debit Card
7095;11945;05/09/2024;7232;Debit Card
7096;19913;19/09/2025;24749;Cash
7097;19058;21/11/2023;17935;Cash
7098;6779;21/12/2025;13588;Debit Card
7099;13131;19/07/2025;16326;Debit Card
7100;3948;06/10/2025;3914;Cash
7101;3397;09/02/2024;16849;Bank Transfer
7102;2833;26/06/2025;21858;Bank Transfer
7103;18960;27/03/2024;27342;Cash
7104;5338;27/07/2026;7663;Credit Card
7105;16037;19/11/2023;16402;Debit Card
7106;14616;22/10/2025;26279;Cash
7107;14199;18/03/2026;25379;Credit Card
7108;15718;26/04/2024;20436;Bank Transfer
7109;9313;14/01/2025;21248;Debit Card
7110;12185;17/07/2025;26125;Debit Card
7111;7108;29/07/2026;9121;Debit Card
7112;12958;06/01/2025;10450;Debit Card
7113;17947;16/05/2024;26250;Credit Card
7114;3554;07/07/2026;2650;Credit Card
7115;4378;20/03/2024;4835;Bank Transfer
7116;19208;20/02/2026;29860;Credit Card
7117;18193;27/03/2026;29879;Debit Card
7118;3846;05/07/2026;4007;Bank Transfer
7119;676;06/10/2023;16398;Cash
7120;14792;07/10/2023;27777;Bank Transfer
7121;17942;27/06/2024;700;Debit Card
7122;2833;29/08/2025;13099;Credit Card
7123;16460;05/10/2025;9441;Debit Card
7124;7167;21/09/2024;11209;Cash
7125;7636;16/07/2026;11603;Cash
7126;14697;22/12/2023;7285;Debit Card
7127;16600;03/04/2025;25820;Credit Card
7128;6585;16/11/2023;12428;Credit Card
7129;15349;17/10/2024;16670;Debit Card
7130;19442;27/04/2026;10788;Cash
7131;17132;22/06/2026;19448;Online
7132;14650;04/03/2025;15311;Credit Card
7133;1831;27/09/2023;16331;Bank Transfer
7134;16921;23/09/2025;10898;Bank Transfer
7135;7854;12/09/2024;27327;Bank Transfer
7136;1951;12/02/2026;6869;Online
7137;17841;28/07/2025;1291;Cash
7138;16090;15/12/2024;15253;Cash
7139;6452;05/09/2026;22022;Debit Card
7140;19163;26/12/2024;23182;Online
7141;11587;05/06/2025;7904;Debit Card
7142;2222;15/07/2026;24668;Credit Card
7143;613;01/11/2024;12540;Bank Transfer
7144;9222;11/06/2026;8489;Debit Card
7145;19293;25/06/2025;11801;Bank Transfer
7146;13171;26/12/2024;1355;Debit Card
7147;11929;06/11/2023;26133;Cash
7148;14443;23/02/2025;25720;Online
7149;13266;01/11/2024;24080;Cash
7150;4260;05/05/2025;18670;Credit Card
7151;6276;08/02/2025;6850;Cash
7152;11019;18/05/2024;11330;Online
7153;1534;26/01/2026;28282;Debit Card
7154;10051;07/02/2026;3278;Debit Card
7155;6570;09/09/2024;7758;Debit Card
7156;859;16/07/2026;4968;Online
7157;5258;15/08/2026;5654;Online
7158;10915;22/07/2026;4834;Bank Transfer
7159;16211;16/06/2026;18730;Debit Card
7160;19595;02/09/2025;13729;Bank Transfer
7161;10302;18/10/2024;11367;Cash
7162;8842;08/04/2025;10099;Online
7163;10365;26/07/2025;6057;Credit Card
7164;992;30/11/2024;10159;Cash
7165;16342;12/06/2024;3658;Bank Transfer
7166;4165;14/12/2025;27021;Credit Card
7167;6704;22/10/2024;18924;Credit Card
7168;1622;21/11/2025;9334;Credit Card
7169;12197;21/06/2024;20859;Credit Card
7170;14290;23/01/2026;3160;Cash
7171;6229;25/06/2026;4403;Bank Transfer
7172;12091;13/04/2024;7535;Credit Card
7173;18228;06/12/2024;16823;Online
7174;19291;17/12/2023;26788;Bank Transfer
7175;6226;15/05/2024;20134;Online
7176;18446;04/03/2026;6022;Online
7177;18060;16/01/2024;16192;Debit Card
7178;13564;13/03/2026;16758;Online
7179;12904;06/12/2023;3334;Bank Transfer
7180;9870;07/03/2024;15063;Online
7181;19707;31/12/2023;14536;Cash
7182;17429;15/06/2024;23135;Online
7183;4511;07/01/2025;865;Credit Card
7184;6106;02/06/2024;13677;Bank Transfer
7185;8054;16/08/2025;3297;Cash
7186;12061;05/07/2024;28432;Cash
7187;3649;21/12/2024;21347;Credit Card
7188;4210;30/09/2023;19241;Debit Card
7189;1754;26/06/2024;6164;Online
7190;12106;22/06/2024;20034;Cash
7191;9607;25/08/2025;25932;Bank Transfer
7192;8261;09/02/2024;22681;Credit Card
7193;16615;10/12/2025;9652;Debit Card
7194;347;27/08/2026;13471;Credit Card
7195;13417;03/01/2024;12388;Bank Transfer
7196;16802;05/11/2023;18293;Debit Card
7197;8833;23/04/2025;19164;Debit Card
7198;19742;08/12/2023;25834;Debit Card
7199;28;15/04/2025;29938;Cash
7200;17429;13/06/2024;23516;Credit Card
7201;17731;12/11/2023;7903;Bank Transfer
7202;3505;19/03/2025;23850;Cash
7203;16558;03/03/2024;19536;Bank Transfer
7204;7813;24/09/2025;25404;Cash
7205;184;04/03/2025;11693;Credit Card
7206;8395;28/11/2024;25356;Cash
7207;8510;21/10/2025;29235;Online
7208;16417;06/11/2025;9440;Bank Transfer
7209;9773;05/01/2026;21650;Credit Card
7210;5973;13/02/2024;2954;Debit Card
7211;18194;21/09/2024;5960;Cash
7212;7546;01/07/2025;28505;Online
7213;19741;04/07/2026;17979;Credit Card
7214;5458;20/08/2024;3777;Bank Transfer
7215;18516;29/01/2024;27734;Credit Card
7216;6223;28/03/2024;15700;Bank Transfer
7217;13015;18/08/2025;29130;Debit Card
7218;6445;01/05/2025;22792;Bank Transfer
7219;17635;23/07/2025;22346;Online
7220;10113;17/07/2024;6236;Credit Card
7221;10571;01/02/2024;1245;Bank Transfer
7222;6623;19/05/2025;6148;Online
7223;9994;15/08/2024;16591;Credit Card
7224;1877;18/02/2026;24898;Cash
7225;13208;30/06/2026;9294;Debit Card
7226;8743;08/12/2025;25282;Online
7227;8157;19/02/2026;26936;Bank Transfer
7228;17789;26/04/2026;27759;Online
7229;9954;05/07/2026;29770;Debit Card
7230;6635;28/01/2026;11833;Bank Transfer
7231;17329;03/03/2026;7733;Debit Card
7232;12671;21/08/2026;16467;Cash
7233;19010;11/09/2024;27113;Bank Transfer
7234;6362;12/08/2024;9456;Cash
7235;5438;27/03/2025;12047;Online
7236;16059;19/09/2025;21434;Credit Card
7237;1400;30/09/2025;20883;Credit Card
7238;8028;17/02/2026;10639;Online
7239;2384;14/08/2026;8221;Debit Card
7240;5811;04/11/2025;14667;Online
7241;7260;27/01/2025;19865;Credit Card
7242;7959;12/09/2026;10535;Cash
7243;10448;09/06/2025;4250;Credit Card
7244;2259;07/06/2026;26528;Debit Card
7245;13533;11/03/2024;22233;Bank Transfer
7246;2404;22/09/2025;9460;Online
7247;9733;01/10/2024;14094;Online
7248;10689;01/03/2026;21404;Cash
7249;7954;10/06/2024;15362;Bank Transfer
7250;6309;18/10/2025;22572;Cash
7251;1403;20/05/2025;3522;Credit Card
7252;14715;30/12/2023;4631;Credit Card
7253;6348;10/07/2026;24088;Debit Card
7254;9801;23/01/2025;21985;Cash
7255;11924;10/06/2025;26880;Cash
7256;10888;20/09/2024;22744;Bank Transfer
7257;18467;24/08/2024;1254;Online
7258;14917;02/10/2023;14738;Debit Card
7259;17177;03/03/2026;7013;Debit Card
7260;1909;13/10/2024;19186;Cash
7261;9806;15/12/2025;10243;Bank Transfer
7262;380;25/04/2026;4161;Cash
7263;7328;27/03/2026;13232;Credit Card
7264;11381;14/01/2026;18404;Credit Card
7265;11849;19/06/2026;7249;Bank Transfer
7266;8089;05/06/2026;6125;Debit Card
7267;247;25/04/2026;29397;Bank Transfer
7268;6958;23/09/2023;29685;Online
7269;10357;09/02/2024;25570;Bank Transfer
7270;10332;18/03/2024;20146;Credit Card
7271;13994;03/02/2026;12207;Online
7272;7069;16/07/2024;1860;Credit Card
7273;9232;10/02/2026;19388;Cash
7274;9993;03/07/2025;5636;Cash
7275;17974;30/08/2024;9279;Credit Card
7276;12784;24/07/2025;26536;Cash
7277;2601;21/01/2024;27877;Debit Card
7278;3369;29/02/2024;19128;Credit Card
7279;251;09/12/2025;27715;Online
7280;15677;18/09/2023;26477;Bank Transfer
7281;18528;11/09/2025;20854;Cash
7282;3934;27/05/2026;6220;Cash
7283;10030;07/08/2024;28684;Bank Transfer
7284;18003;11/03/2026;9278;Online
7285;11076;11/10/2025;4357;Bank Transfer
7286;10333;02/06/2024;14767;Cash
7287;7149;08/11/2024;2593;Bank Transfer
7288;19229;25/09/2024;26162;Online
7289;10414;03/10/2025;1923;Bank Transfer
7290;1062;15/07/2025;22331;Bank Transfer
7291;7748;15/03/2025;8750;Bank Transfer
7292;11349;09/08/2024;20235;Debit Card
7293;7947;16/02/2025;20545;Bank Transfer
7294;3158;26/10/2025;13933;Credit Card
7295;3629;05/04/2024;7843;Cash
7296;2021;28/04/2024;4540;Cash
7297;1131;24/10/2024;15482;Debit Card
7298;5894;17/04/2026;17479;Bank Transfer
7299;17326;06/03/2024;1676;Debit Card
7300;15026;10/07/2024;13665;Debit Card
7301;18058;13/06/2025;27876;Cash
7302;9640;07/02/2025;18848;Credit Card
7303;16031;27/11/2024;15425;Debit Card
7304;16180;24/03/2025;12328;Cash
7305;11631;06/07/2026;29119;Bank Transfer
7306;19439;23/08/2025;13161;Cash
7307;2349;13/03/2026;12953;Cash
7308;2733;20/04/2024;7827;Credit Card
7309;13713;29/03/2024;13148;Cash
7310;11760;02/04/2025;27534;Credit Card
7311;8298;01/01/2026;14226;Online
7312;16004;05/04/2026;6473;Credit Card
7313;19857;07/09/2024;18332;Cash
7314;18155;14/08/2026;26316;Cash
7315;9016;24/09/2024;2314;Credit Card
7316;1735;19/05/2026;9823;Bank Transfer
7317;16181;19/03/2024;3812;Online
7318;18725;09/04/2025;6943;Credit Card
7319;11431;30/11/2023;27967;Online
7320;14583;13/12/2024;6069;Online
7321;16155;21/03/2025;13643;Online
7322;4588;07/05/2024;792;Credit Card
7323;1934;24/03/2026;29778;Credit Card
7324;10763;17/06/2026;26821;Debit Card
7325;12072;13/03/2026;5925;Cash
7326;11514;21/04/2026;16039;Bank Transfer
7327;12491;29/12/2025;27295;Online
7328;8103;23/09/2025;25897;Online
7329;2911;31/08/2025;6130;Bank Transfer
7330;3353;26/11/2024;12868;Debit Card
7331;11715;16/12/2024;7815;Cash
7332;7449;03/03/2026;29615;Online
7333;6264;08/11/2025;29601;Debit Card
7334;694;30/05/2025;11656;Cash
7335;19705;26/02/2025;17755;Bank Transfer
7336;18929;22/01/2024;22383;Debit Card
7337;5522;06/09/2026;9971;Cash
7338;13187;09/12/2025;25366;Cash
7339;14518;30/12/2025;20265;Credit Card
7340;16085;15/11/2024;19079;Cash
7341;4575;26/05/2026;9139;Bank Transfer
7342;14499;16/12/2023;6526;Cash
7343;7658;08/06/2025;15348;Online
7344;3699;25/08/2025;3176;Debit Card
7345;2030;30/06/2024;24077;Debit Card
7346;5130;12/05/2025;20518;Credit Card
7347;15233;16/12/2025;25511;Online
7348;9807;03/12/2024;6586;Debit Card
7349;9769;21/07/2025;17665;Cash
7350;15670;01/06/2026;23856;Bank Transfer
7351;13356;17/12/2025;20241;Bank Transfer
7352;18791;22/06/2026;1210;Cash
7353;6531;19/06/2024;10028;Bank Transfer
7354;516;12/10/2023;24456;Cash
7355;1489;30/03/2025;10727;Online
7356;7835;23/03/2025;12263;Debit Card
7357;15181;21/03/2026;29933;Cash
7358;1087;16/12/2023;14286;Credit Card
7359;11250;10/01/2024;24812;Cash
7360;7647;13/10/2024;11881;Debit Card
7361;3423;04/04/2025;13955;Debit Card
7362;2420;14/09/2023;22700;Bank Transfer
7363;14192;19/03/2026;26970;Cash
7364;3664;22/01/2025;24957;Cash
7365;3517;19/02/2026;10880;Debit Card
7366;10351;19/08/2025;7505;Cash
7367;9763;21/03/2026;2190;Credit Card
7368;7847;22/06/2026;12226;Bank Transfer
7369;127;24/08/2024;28585;Online
7370;9378;18/05/2026;17604;Debit Card
7371;1443;29/10/2023;5542;Credit Card
7372;18303;12/12/2024;29578;Cash
7373;16408;16/06/2025;4208;Credit Card
7374;9417;12/02/2025;15461;Bank Transfer
7375;14538;07/05/2024;11800;Debit Card
7376;14301;04/12/2023;17620;Bank Transfer
7377;13872;10/07/2025;23975;Bank Transfer
7378;18573;19/11/2025;704;Debit Card
7379;4564;19/07/2024;18292;Credit Card
7380;1994;24/06/2024;26809;Cash
7381;9983;15/11/2025;21434;Online
7382;15704;03/09/2024;1314;Bank Transfer
7383;848;09/10/2024;23376;Online
7384;18796;11/12/2023;19489;Credit Card
7385;16009;12/03/2026;29990;Credit Card
7386;11389;14/05/2025;3710;Credit Card
7387;8098;31/10/2024;17536;Credit Card
7388;19837;09/01/2025;21081;Cash
7389;5925;18/05/2025;1222;Debit Card
7390;11529;27/02/2026;7738;Bank Transfer
7391;1116;10/02/2025;3454;Credit Card
7392;1737;18/06/2026;28926;Online
7393;9995;02/12/2024;16217;Online
7394;2046;20/11/2023;16122;Online
7395;14665;05/05/2024;8670;Cash
7396;1021;24/10/2024;10178;Debit Card
7397;3196;15/05/2024;26784;Bank Transfer
7398;111;10/09/2024;3518;Bank Transfer
7399;14338;09/06/2026;8143;Bank Transfer
7400;1444;12/06/2024;10778;Bank Transfer
7401;18783;13/02/2024;19819;Cash
7402;19684;14/04/2024;10597;Debit Card
7403;15165;21/08/2025;1367;Bank Transfer
7404;6060;12/09/2024;4886;Debit Card
7405;9632;06/08/2026;27215;Online
7406;7636;02/04/2026;25442;Debit Card
7407;8709;11/01/2026;24725;Bank Transfer
7408;12703;04/04/2024;24404;Cash
7409;17929;10/07/2025;15725;Cash
7410;17173;28/07/2026;13769;Online
7411;2979;29/01/2024;14552;Debit Card
7412;2255;23/09/2023;26236;Debit Card
7413;3721;29/10/2024;21699;Debit Card
7414;9666;28/01/2025;15471;Online
7415;7532;19/11/2023;15926;Online
7416;1109;24/02/2024;13520;Online
7417;7280;17/01/2026;14315;Bank Transfer
7418;4062;28/12/2024;13791;Bank Transfer
7419;4914;02/05/2024;1448;Cash
7420;1213;16/03/2025;24453;Credit Card
7421;13563;21/01/2025;28337;Online
7422;19617;28/09/2025;10635;Debit Card
7423;6468;15/04/2026;17466;Debit Card
7424;7276;13/10/2024;2972;Online
7425;3548;23/07/2026;24023;Cash
7426;1610;09/05/2025;28857;Online
7427;5035;11/03/2026;4589;Cash
7428;6121;12/02/2025;18267;Online
7429;1231;27/06/2026;29758;Cash
7430;5792;14/09/2025;24419;Credit Card
7431;15532;03/10/2023;1742;Debit Card
7432;11030;09/11/2023;1125;Credit Card
7433;4344;09/02/2025;2800;Cash
7434;12638;27/11/2025;16484;Online
7435;15105;16/08/2026;4590;Debit Card
7436;5379;12/01/2025;1021;Cash
7437;967;28/10/2023;25639;Online
7438;18258;02/08/2026;4817;Cash
7439;15679;28/04/2025;14553;Debit Card
7440;2237;19/02/2025;13165;Cash
7441;3393;12/12/2023;25534;Online
7442;4595;09/04/2025;10356;Bank Transfer
7443;7797;19/11/2024;25318;Credit Card
7444;3556;03/03/2026;3363;Bank Transfer
7445;7039;22/01/2024;29959;Cash
7446;7654;03/12/2024;1457;Bank Transfer
7447;16610;11/10/2025;19124;Credit Card
7448;1246;18/04/2026;26772;Bank Transfer
7449;723;20/06/2024;12471;Online
7450;1506;08/02/2024;27993;Credit Card
7451;16627;26/03/2025;5973;Online
7452;9681;27/07/2024;27702;Online
7453;991;25/06/2026;4474;Online
7454;13563;24/04/2026;17930;Online
7455;2837;07/07/2026;2378;Debit Card
7456;7066;08/01/2026;16789;Online
7457;8221;15/04/2025;15658;Bank Transfer
7458;17928;25/10/2023;1228;Online
7459;229;12/06/2025;8204;Credit Card
7460;9300;25/09/2023;2313;Debit Card
7461;596;26/03/2024;20986;Bank Transfer
7462;10222;23/03/2025;10216;Credit Card
7463;14562;19/05/2025;26103;Cash
7464;6113;30/11/2025;18842;Debit Card
7465;8149;04/03/2026;28461;Credit Card
7466;5617;23/06/2024;12557;Online
7467;1451;03/10/2024;13543;Bank Transfer
7468;505;10/07/2025;13908;Debit Card
7469;7602;28/02/2026;1570;Debit Card
7470;17580;04/12/2024;15272;Cash
7471;15528;13/12/2024;5342;Debit Card
7472;16000;04/04/2026;13324;Credit Card
7473;13306;10/07/2025;19020;Credit Card
7474;12742;19/11/2023;2047;Cash
7475;13196;01/02/2026;4514;Online
7476;16636;22/04/2024;27403;Cash
7477;1558;21/09/2024;12398;Credit Card
7478;5900;10/12/2025;4139;Cash
7479;4298;13/01/2024;26201;Credit Card
7480;17708;07/12/2024;17935;Debit Card
7481;9601;03/01/2025;25866;Credit Card
7482;19833;26/03/2024;24248;Cash
7483;558;05/11/2025;22461;Bank Transfer
7484;11765;22/06/2025;2538;Cash
7485;17095;31/12/2023;28810;Cash
7486;10686;11/05/2025;19995;Debit Card
7487;7024;16/03/2026;22505;Debit Card
7488;2416;10/08/2025;12416;Bank Transfer
7489;15563;14/11/2024;28876;Credit Card
7490;3592;30/06/2025;9896;Credit Card
7491;11377;06/08/2025;23687;Bank Transfer
7492;3267;27/04/2024;7740;Bank Transfer
7493;3892;29/01/2025;4872;Cash
7494;7165;15/12/2023;19246;Online
7495;952;02/01/2024;10434;Bank Transfer
7496;8808;07/10/2024;19393;Cash
7497;18991;16/07/2025;18023;Cash
7498;873;23/12/2025;28816;Cash
7499;18873;03/03/2024;15218;Online
7500;9622;22/02/2026;29048;Cash
7501;1817;12/04/2025;25911;Credit Card
7502;1356;22/12/2024;29491;Credit Card
7503;14947;18/02/2026;24740;Credit Card
7504;12829;20/05/2025;3210;Credit Card
7505;17248;24/09/2025;12559;Credit Card
7506;5032;17/03/2024;19464;Bank Transfer
7507;1449;09/04/2024;13586;Cash
7508;19;18/07/2025;5715;Bank Transfer
7509;14701;27/02/2024;11161;Cash
7510;17691;10/06/2025;8578;Cash
7511;5679;22/09/2023;13398;Bank Transfer
7512;18296;14/12/2024;4936;Bank Transfer
7513;15148;20/01/2025;12203;Credit Card
7514;17732;16/12/2025;16054;Bank Transfer
7515;18922;06/10/2024;1482;Credit Card
7516;13324;13/12/2023;16190;Credit Card
7517;5634;21/03/2025;20958;Credit Card
7518;15869;23/01/2024;2557;Cash
7519;11209;06/10/2025;26296;Cash
7520;18542;26/02/2024;26595;Debit Card
7521;8063;25/08/2026;25099;Online
7522;14164;08/05/2025;17033;Bank Transfer
7523;2953;12/12/2025;8858;Online
7524;8671;04/08/2026;14865;Cash
7525;2630;10/09/2025;15870;Online
7526;3857;09/12/2023;26721;Cash
7527;4774;19/06/2025;2276;Online
7528;18864;23/03/2025;17242;Debit Card
7529;17590;09/05/2024;26251;Bank Transfer
7530;2427;09/11/2023;20983;Cash
7531;6643;07/12/2024;26855;Online
7532;8043;07/07/2024;11520;Bank Transfer
7533;1801;09/01/2026;16296;Bank Transfer
7534;2804;14/02/2026;10890;Online
7535;4780;06/06/2026;20016;Credit Card
7536;9818;16/03/2026;4028;Cash
7537;5742;25/09/2025;14712;Bank Transfer
7538;9787;21/08/2025;25186;Credit Card
7539;8829;10/01/2025;624;Debit Card
7540;16770;13/09/2024;21117;Credit Card
7541;14427;15/10/2023;10642;Cash
7542;7512;02/06/2026;9040;Cash
7543;5374;17/05/2026;22990;Credit Card
7544;1627;05/06/2025;7015;Bank Transfer
7545;14459;21/02/2025;4773;Debit Card
7546;14718;12/06/2026;7473;Cash
7547;10663;13/04/2025;10621;Debit Card
7548;13670;03/04/2025;1506;Bank Transfer
7549;7214;18/01/2026;7159;Cash
7550;1903;20/10/2025;4506;Online
7551;4241;08/07/2025;25680;Online
7552;7353;17/07/2025;10628;Debit Card
7553;4782;27/09/2023;29647;Cash
7554;13804;22/09/2025;14776;Debit Card
7555;13253;10/02/2026;2706;Bank Transfer
7556;8412;25/02/2026;27347;Bank Transfer
7557;5236;22/04/2026;3111;Debit Card
7558;1846;22/11/2023;8763;Online
7559;969;25/04/2024;1096;Credit Card
7560;6252;04/09/2026;27644;Debit Card
7561;10123;17/12/2023;6400;Credit Card
7562;19049;23/06/2025;4957;Bank Transfer
7563;3302;12/01/2024;11238;Debit Card
7564;10576;26/04/2024;19571;Bank Transfer
7565;18883;03/09/2025;4259;Cash
7566;13438;01/11/2023;18888;Online
7567;18530;16/03/2024;22710;Credit Card
7568;3770;10/08/2024;27017;Credit Card
7569;13440;16/12/2025;19506;Cash
7570;12448;18/01/2026;25847;Debit Card
7571;7589;07/08/2026;8104;Online
7572;18154;07/05/2025;20456;Credit Card
7573;11962;11/05/2025;18038;Credit Card
7574;9269;21/03/2024;1336;Credit Card
7575;5853;17/12/2024;29713;Online
7576;8530;15/04/2026;18168;Debit Card
7577;19062;04/01/2026;11022;Online
7578;11161;07/12/2024;22899;Online
7579;14413;23/05/2026;22955;Debit Card
7580;2425;20/07/2025;6920;Online
7581;5509;19/08/2025;22030;Online
7582;17076;12/08/2026;18461;Bank Transfer
7583;1731;17/11/2024;15248;Online
7584;16154;17/12/2025;7046;Bank Transfer
7585;10999;23/06/2024;6358;Cash
7586;17206;24/03/2026;5634;Debit Card
7587;14179;23/03/2025;14905;Debit Card
7588;14712;25/06/2024;3942;Debit Card
7589;19573;26/10/2023;13215;Cash
7590;11579;08/08/2025;27879;Online
7591;7267;11/03/2024;22728;Cash
7592;2072;25/03/2024;26585;Cash
7593;1073;21/04/2024;11755;Cash
7594;50;19/10/2024;13158;Credit Card
7595;2564;02/09/2025;24765;Bank Transfer
7596;11850;15/06/2024;17255;Cash
7597;7098;26/11/2025;1604;Cash
7598;9784;09/01/2024;10733;Online
7599;8031;20/04/2026;18081;Debit Card
7600;10083;28/03/2026;27504;Debit Card
7601;2480;25/06/2024;21182;Online
7602;4055;19/11/2025;22722;Bank Transfer
7603;11003;12/09/2025;21745;Debit Card
7604;19553;13/01/2026;21295;Debit Card
7605;7644;25/04/2025;11859;Debit Card
7606;6847;06/11/2025;4864;Credit Card
7607;18604;08/10/2023;8982;Credit Card
7608;2452;13/03/2024;20898;Cash
7609;2828;26/10/2024;3119;Debit Card
7610;10952;05/06/2024;1325;Online
7611;18001;12/05/2025;17359;Credit Card
7612;13092;10/09/2026;14305;Bank Transfer
7613;3719;27/03/2025;17269;Online
7614;90;28/01/2026;16702;Online
7615;6655;19/10/2024;14158;Debit Card
7616;4642;16/01/2026;18425;Credit Card
7617;17152;31/07/2026;9440;Bank Transfer
7618;17194;26/08/2024;19245;Credit Card
7619;8272;11/07/2024;6417;Online
7620;5441;01/10/2023;1332;Bank Transfer
7621;2894;27/02/2025;2314;Online
7622;1739;14/04/2026;15943;Bank Transfer
7623;10508;13/11/2025;20965;Cash
7624;12425;16/06/2026;2488;Cash
7625;16109;04/08/2025;20123;Credit Card
7626;11367;01/12/2024;27028;Bank Transfer
7627;9555;27/07/2025;15083;Debit Card
7628;6217;12/04/2024;1090;Cash
7629;603;06/12/2024;6591;Credit Card
7630;3619;05/05/2024;25887;Cash
7631;9732;05/02/2026;27272;Bank Transfer
7632;4587;25/12/2025;9067;Credit Card
7633;4245;29/11/2023;23186;Online
7634;15430;15/06/2024;24333;Credit Card
7635;11587;18/05/2025;28203;Credit Card
7636;17035;03/01/2026;26601;Cash
7637;15187;15/07/2025;20253;Debit Card
7638;2197;03/04/2026;12785;Cash
7639;3397;19/12/2025;18739;Debit Card
7640;2036;22/02/2024;2497;Online
7641;17867;16/01/2024;21782;Bank Transfer
7642;296;01/08/2026;7283;Cash
7643;10217;27/12/2024;13228;Debit Card
7644;14523;08/10/2025;27571;Debit Card
7645;2879;05/10/2023;3631;Cash
7646;4618;01/05/2025;26181;Bank Transfer
7647;7233;12/09/2026;24609;Online
7648;2417;03/07/2026;14145;Cash
7649;11557;01/08/2026;19672;Bank Transfer
7650;901;30/10/2024;19464;Credit Card
7651;7356;01/12/2025;21836;Online
7652;1752;20/12/2023;11560;Debit Card
7653;2628;19/02/2026;9848;Cash
7654;11784;08/12/2024;10553;Credit Card
7655;16261;03/07/2025;20145;Cash
7656;772;04/08/2026;1578;Bank Transfer
7657;8845;04/01/2024;26907;Credit Card
7658;7475;01/05/2026;15216;Bank Transfer
7659;4773;06/04/2026;29310;Cash
7660;17975;02/03/2024;12182;Credit Card
7661;12615;09/12/2025;27006;Bank Transfer
7662;3020;17/06/2025;22683;Bank Transfer
7663;6990;09/08/2025;23314;Debit Card
7664;8594;25/12/2024;18237;Debit Card
7665;12331;01/11/2025;19520;Debit Card
7666;12117;22/04/2026;23908;Online
7667;1560;28/09/2023;28999;Bank Transfer
7668;4557;14/01/2025;19206;Debit Card
7669;10231;31/01/2024;23961;Bank Transfer
7670;12108;27/03/2025;27195;Debit Card
7671;12899;10/09/2025;23563;Credit Card
7672;14551;25/08/2026;10474;Bank Transfer
7673;15252;01/11/2024;28130;Cash
7674;19432;20/07/2025;26787;Debit Card
7675;1436;10/07/2024;13902;Cash
7676;16930;10/02/2025;18380;Credit Card
7677;6439;18/01/2025;19797;Online
7678;14871;13/03/2024;17223;Bank Transfer
7679;4937;06/08/2025;767;Bank Transfer
7680;2842;14/10/2023;1257;Online
7681;15308;24/12/2023;743;Debit Card
7682;16637;05/03/2026;6963;Credit Card
7683;10868;07/04/2025;28495;Bank Transfer
7684;930;08/04/2026;4747;Online
7685;5861;12/10/2024;17668;Credit Card
7686;9804;05/12/2025;17404;Bank Transfer
7687;6897;24/11/2025;14673;Credit Card
7688;10945;19/01/2026;6443;Debit Card
7689;18678;18/10/2024;24012;Debit Card
7690;945;10/10/2023;27021;Cash
7691;14251;10/02/2025;19608;Cash
7692;6007;06/07/2026;5753;Credit Card
7693;3560;09/11/2023;7541;Credit Card
7694;12457;30/12/2025;18268;Bank Transfer
7695;19401;03/07/2024;5833;Credit Card
7696;16551;11/03/2026;9493;Bank Transfer
7697;5660;23/04/2026;26203;Online
7698;14077;17/02/2025;16247;Debit Card
7699;7095;26/02/2024;19030;Bank Transfer
7700;10157;18/08/2026;4028;Bank Transfer
7701;17631;24/04/2025;2369;Cash
7702;2887;03/02/2025;22733;Debit Card
7703;9441;19/09/2024;2520;Bank Transfer
7704;9497;26/05/2025;17562;Debit Card
7705;7867;30/09/2023;19596;Debit Card
7706;18840;30/05/2024;2010;Debit Card
7707;6723;25/07/2026;21514;Debit Card
7708;17597;08/03/2024;7257;Cash
7709;19470;09/10/2024;4909;Bank Transfer
7710;14840;27/04/2024;10754;Bank Transfer
7711;14013;01/04/2024;1575;Debit Card
7712;12903;13/12/2024;28692;Credit Card
7713;569;02/03/2024;15975;Bank Transfer
7714;18727;26/11/2023;2000;Credit Card
7715;6907;02/10/2025;8599;Debit Card
7716;8691;19/08/2024;1477;Cash
7717;12959;12/07/2026;5232;Bank Transfer
7718;14542;29/12/2024;13013;Online
7719;15131;02/07/2026;5257;Bank Transfer
7720;10956;05/05/2025;18121;Cash
7721;6044;01/02/2025;17121;Online
7722;11581;15/04/2026;4780;Credit Card
7723;12587;07/09/2025;17513;Bank Transfer
7724;14470;11/08/2024;11850;Credit Card
7725;19764;12/02/2026;12372;Online
7726;16485;15/05/2025;18223;Debit Card
7727;12683;05/07/2024;5663;Cash
7728;13376;16/06/2024;5396;Online
7729;14885;20/08/2024;3116;Bank Transfer
7730;12822;03/08/2026;1495;Online
7731;13122;07/12/2025;24549;Online
7732;13670;27/02/2025;22792;Online
7733;6320;07/05/2025;1539;Credit Card
7734;17384;29/04/2024;1320;Cash
7735;572;21/12/2023;21391;Bank Transfer
7736;11286;15/11/2025;12085;Bank Transfer
7737;974;28/02/2024;1864;Credit Card
7738;27;10/12/2024;2584;Credit Card
7739;19881;20/10/2023;5298;Credit Card
7740;1028;18/04/2024;9894;Credit Card
7741;11281;28/05/2024;5338;Online
7742;6639;31/08/2025;16594;Debit Card
7743;530;26/05/2025;732;Online
7744;11204;06/07/2025;12973;Credit Card
7745;6672;27/06/2026;8195;Bank Transfer
7746;11636;03/02/2024;22916;Credit Card
7747;11218;28/05/2026;6028;Cash
7748;7305;14/01/2025;20499;Cash
7749;15521;28/05/2024;9568;Credit Card
7750;16679;13/02/2025;15317;Bank Transfer
7751;10334;10/03/2026;12771;Online
7752;17722;23/06/2024;27015;Bank Transfer
7753;19936;04/09/2025;2320;Online
7754;12369;18/11/2025;25086;Debit Card
7755;11703;12/06/2024;18378;Bank Transfer
7756;1558;14/11/2025;4313;Bank Transfer
7757;15721;04/09/2024;10480;Online
7758;15292;26/04/2025;8749;Credit Card
7759;12395;10/04/2025;13809;Cash
7760;2525;21/03/2025;13321;Cash
7761;6646;30/03/2026;9110;Credit Card
7762;10920;05/01/2024;27721;Cash
7763;1746;07/09/2024;4904;Credit Card
7764;19351;27/10/2023;26351;Online
7765;18815;12/05/2024;13785;Debit Card
7766;5754;28/01/2026;23508;Bank Transfer
7767;19016;09/11/2023;29572;Credit Card
7768;7619;23/09/2025;2194;Bank Transfer
7769;11955;17/10/2024;15194;Cash
7770;13552;15/07/2024;1475;Credit Card
7771;761;14/06/2025;29511;Debit Card
7772;12527;30/01/2024;21465;Cash
7773;140;20/03/2025;5209;Cash
7774;18765;07/02/2025;29997;Debit Card
7775;93;29/05/2025;28799;Cash
7776;6758;02/02/2025;18968;Debit Card
7777;3808;15/07/2024;24770;Debit Card
7778;1683;04/10/2023;21564;Bank Transfer
7779;13680;15/12/2023;17613;Bank Transfer
7780;10056;04/02/2024;23111;Credit Card
7781;16973;21/01/2025;21161;Online
7782;15885;26/11/2023;17500;Bank Transfer
7783;16726;24/12/2024;27075;Debit Card
7784;4766;10/03/2026;26466;Debit Card
7785;18008;09/01/2026;24468;Debit Card
7786;3805;23/05/2025;20608;Online
7787;14001;09/07/2024;27986;Cash
7788;977;31/07/2024;13356;Online
7789;18419;06/10/2025;26711;Cash
7790;1140;13/05/2025;11756;Online
7791;12193;02/04/2024;5525;Credit Card
7792;8531;25/03/2024;20137;Online
7793;8801;18/07/2025;10051;Credit Card
7794;2871;13/06/2024;20505;Online
7795;14133;27/01/2024;24161;Cash
7796;12052;08/09/2025;14598;Cash
7797;2512;15/02/2025;14962;Debit Card
7798;3801;05/08/2026;23788;Bank Transfer
7799;7627;14/03/2025;18010;Credit Card
7800;9699;23/01/2024;11724;Debit Card
7801;10660;25/05/2026;28699;Online
7802;15932;07/06/2026;21753;Credit Card
7803;13744;07/11/2025;8813;Credit Card
7804;12816;08/01/2026;18655;Online
7805;15165;05/12/2023;3685;Cash
7806;17353;29/03/2025;12440;Bank Transfer
7807;4291;09/08/2025;20861;Debit Card
7808;7415;28/12/2024;1425;Online
7809;6718;13/04/2024;8957;Debit Card
7810;17577;22/06/2024;1349;Bank Transfer
7811;1712;11/12/2025;7870;Debit Card
7812;1852;02/06/2025;27511;Online
7813;1164;30/01/2025;29471;Online
7814;13578;04/12/2024;21166;Online
7815;446;01/03/2026;27089;Online
7816;1911;28/07/2024;29053;Credit Card
7817;3896;20/10/2025;23211;Bank Transfer
7818;4923;15/09/2024;19051;Cash
7819;15722;29/07/2025;23045;Credit Card
7820;2368;10/09/2024;15793;Cash
7821;16166;25/03/2026;24904;Online
7822;7428;17/03/2025;4704;Bank Transfer
7823;7228;27/03/2024;16901;Online
7824;2814;02/01/2026;24970;Cash
7825;15336;25/09/2023;17781;Debit Card
7826;18277;11/10/2023;28209;Online
7827;7280;28/12/2023;20445;Bank Transfer
7828;16456;21/12/2024;23030;Online
7829;3885;11/12/2023;1003;Credit Card
7830;7403;26/09/2025;17199;Credit Card
7831;4537;04/11/2024;15105;Cash
7832;14214;11/05/2026;13804;Cash
7833;9013;12/11/2023;13877;Bank Transfer
7834;7363;28/08/2024;15283;Credit Card
7835;2545;28/05/2024;4523;Debit Card
7836;11672;13/11/2024;13667;Bank Transfer
7837;18041;22/08/2024;26797;Bank Transfer
7838;16920;05/09/2025;12953;Cash
7839;15633;19/09/2025;16952;Credit Card
7840;6892;23/12/2025;10406;Bank Transfer
7841;10633;29/11/2023;22998;Cash
7842;7579;07/03/2025;24243;Cash
7843;14621;19/06/2026;28733;Online
7844;7679;16/03/2025;28925;Debit Card
7845;10238;18/10/2023;28581;Bank Transfer
7846;13787;07/05/2026;18008;Bank Transfer
7847;14955;14/04/2026;8456;Credit Card
7848;15763;09/04/2025;27604;Online
7849;7755;31/10/2023;13330;Online
7850;19651;16/03/2025;26411;Debit Card
7851;4018;29/10/2023;12772;Bank Transfer
7852;616;06/06/2026;29130;Bank Transfer
7853;19601;27/11/2025;9806;Debit Card
7854;2291;15/11/2024;2412;Online
7855;14890;27/12/2024;602;Online
7856;13251;01/02/2024;20891;Debit Card
7857;17523;27/09/2025;26089;Debit Card
7858;4095;23/07/2024;901;Debit Card
7859;18774;19/05/2024;22380;Debit Card
7860;12904;23/10/2023;26736;Cash
7861;2920;06/05/2024;15974;Credit Card
7862;5347;12/04/2026;5542;Cash
7863;10465;16/11/2024;25523;Cash
7864;5303;14/10/2023;14177;Debit Card
7865;4736;07/03/2025;28675;Debit Card
7866;6434;19/03/2024;23430;Cash
7867;1962;31/08/2026;13673;Bank Transfer
7868;15950;03/07/2024;18161;Credit Card
7869;7601;14/01/2024;28604;Cash
7870;11465;18/12/2024;25583;Credit Card
7871;9431;08/12/2023;12094;Credit Card
7872;5543;10/07/2025;14312;Online
7873;14225;07/02/2025;2636;Credit Card
7874;14223;27/03/2026;14261;Online
7875;13930;19/04/2024;28856;Online
7876;3546;14/03/2025;12405;Cash
7877;3746;21/05/2025;23471;Cash
7878;16030;22/02/2025;1402;Online
7879;13937;24/10/2024;25082;Cash
7880;5063;11/01/2026;29438;Bank Transfer
7881;6655;09/07/2026;5024;Cash
7882;12657;05/10/2025;1456;Credit Card
7883;19826;04/01/2025;29270;Online
7884;4667;29/02/2024;28958;Bank Transfer
7885;14987;24/10/2025;11478;Online
7886;1164;15/02/2024;12867;Debit Card
7887;13291;26/04/2026;24691;Online
7888;3776;07/02/2025;19422;Bank Transfer
7889;2997;02/04/2024;12820;Cash
7890;1726;21/08/2026;16607;Cash
7891;10286;11/09/2024;24595;Debit Card
7892;12408;10/09/2024;23176;Cash
7893;15449;30/07/2025;25918;Credit Card
7894;1111;09/07/2024;3248;Online
7895;7460;11/12/2023;7510;Bank Transfer
7896;13861;17/05/2026;24693;Bank Transfer
7897;19147;06/01/2026;21882;Debit Card
7898;10680;11/12/2025;14913;Bank Transfer
7899;1275;18/07/2025;17662;Online
7900;5068;29/08/2025;16523;Online
7901;18026;28/08/2026;16898;Credit Card
7902;19975;31/01/2026;9616;Cash
7903;19199;10/12/2024;19908;Bank Transfer
7904;12251;24/09/2023;4603;Credit Card
7905;18137;05/06/2025;8016;Cash
7906;15389;24/05/2024;14015;Cash
7907;15722;01/07/2025;26536;Cash
7908;1012;17/07/2026;26298;Online
7909;1938;29/04/2024;29174;Bank Transfer
7910;9343;05/12/2023;11945;Online
7911;18589;25/05/2025;23812;Debit Card
7912;8833;23/06/2026;24844;Online
7913;8928;16/12/2025;6690;Debit Card
7914;15468;03/08/2026;8170;Credit Card
7915;1439;26/01/2025;26725;Online
7916;3257;12/12/2025;2675;Online
7917;17676;14/11/2024;20907;Bank Transfer
7918;5426;11/07/2024;1914;Credit Card
7919;13606;15/01/2026;7790;Debit Card
7920;10449;28/03/2026;11043;Debit Card
7921;14201;26/06/2024;14651;Bank Transfer
7922;11196;11/04/2025;8273;Online
7923;18443;16/04/2026;703;Credit Card
7924;8015;06/03/2026;3565;Online
7925;8615;22/08/2024;3414;Online
7926;17191;23/02/2026;23846;Online
7927;16477;07/11/2024;22925;Debit Card
7928;12610;22/07/2026;16022;Credit Card
7929;13997;22/08/2026;28856;Debit Card
7930;12259;16/10/2023;19350;Credit Card
7931;13943;10/08/2025;20591;Bank Transfer
7932;4522;18/10/2024;18090;Bank Transfer
7933;4444;20/04/2026;612;Credit Card
7934;10184;12/02/2024;28274;Debit Card
7935;17035;20/10/2025;2008;Bank Transfer
7936;12333;01/09/2025;23091;Bank Transfer
7937;4190;12/02/2026;11540;Debit Card
7938;1925;02/04/2024;12489;Online
7939;3506;06/08/2026;28100;Bank Transfer
7940;10147;18/04/2026;27865;Bank Transfer
7941;655;12/01/2025;16912;Online
7942;279;08/03/2026;11789;Debit Card
7943;18569;11/10/2023;22222;Cash
7944;8833;18/09/2023;8979;Credit Card
7945;16646;30/05/2026;13037;Online
7946;9322;16/10/2024;11773;Credit Card
7947;18994;11/08/2026;17252;Online
7948;960;18/08/2024;27828;Online
7949;10733;16/04/2025;23644;Online
7950;872;19/03/2026;18828;Credit Card
7951;17653;07/12/2025;27586;Online
7952;3741;09/11/2023;27161;Online
7953;15323;15/07/2024;10909;Online
7954;15592;21/12/2024;3943;Cash
7955;17577;29/09/2024;13512;Online
7956;13284;13/12/2024;11739;Credit Card
7957;18837;05/07/2026;1314;Online
7958;5739;05/05/2026;13513;Cash
7959;11978;08/02/2024;29984;Online
7960;8846;23/02/2025;16688;Bank Transfer
7961;17323;27/12/2023;2891;Cash
7962;8986;03/11/2025;10737;Bank Transfer
7963;14329;10/11/2025;1231;Credit Card
7964;19183;06/04/2025;735;Debit Card
7965;7970;02/05/2025;5379;Debit Card
7966;17214;22/07/2026;1983;Credit Card
7967;15095;10/05/2025;19002;Online
7968;11772;05/12/2025;21667;Debit Card
7969;17739;16/02/2025;2575;Credit Card
7970;6097;21/11/2023;6902;Bank Transfer
7971;14741;03/02/2026;26982;Online
7972;11025;02/11/2023;17001;Bank Transfer
7973;1308;05/12/2024;1026;Debit Card
7974;19224;06/07/2026;29113;Online
7975;4992;20/09/2025;12495;Credit Card
7976;6070;06/12/2023;17947;Credit Card
7977;11849;01/03/2024;24361;Cash
7978;7202;22/12/2025;28920;Cash
7979;11204;15/03/2025;21996;Cash
7980;10837;01/02/2025;11290;Cash
7981;18133;15/10/2025;20324;Bank Transfer
7982;11450;11/12/2024;16511;Debit Card
7983;19944;28/06/2025;21062;Online
7984;17851;05/05/2026;25234;Cash
7985;6699;10/05/2024;5621;Online
7986;1714;28/06/2024;18310;Bank Transfer
7987;5755;21/08/2026;6327;Credit Card
7988;10543;07/06/2026;1909;Credit Card
7989;1874;25/08/2025;15975;Bank Transfer
7990;16341;05/07/2026;13932;Debit Card
7991;13866;30/03/2026;16798;Credit Card
7992;581;21/11/2024;23537;Bank Transfer
7993;10295;08/11/2023;23650;Credit Card
7994;9985;26/09/2024;7322;Debit Card
7995;615;15/02/2025;17059;Online
7996;112;18/04/2024;4666;Debit Card
7997;4237;19/10/2024;19464;Cash
7998;8897;28/12/2024;9183;Debit Card
7999;17767;29/09/2023;28127;Online
8000;6027;02/10/2023;29392;Bank Transfer
8001;19372;19/12/2024;23701;Credit Card
8002;12102;28/11/2024;12454;Cash
8003;2058;04/01/2025;27528;Debit Card
8004;9214;09/08/2025;20641;Online
8005;18080;22/02/2025;7138;Credit Card
8006;184;14/10/2025;11043;Bank Transfer
8007;16;03/09/2024;18062;Bank Transfer
8008;6692;01/10/2025;25067;Credit Card
8009;4500;01/09/2024;18859;Credit Card
8010;14645;02/09/2025;8226;Online
8011;10162;13/11/2025;25572;Online
8012;18121;20/11/2023;17960;Cash
8013;17541;30/05/2024;28122;Online
8014;7769;12/06/2025;13709;Cash
8015;4250;08/06/2026;18451;Credit Card
8016;12905;21/09/2025;26671;Online
8017;5078;24/02/2026;16234;Online
8018;19016;20/04/2026;19139;Bank Transfer
8019;11598;14/10/2023;15786;Credit Card
8020;7045;08/11/2025;22328;Bank Transfer
8021;15748;25/07/2026;11314;Credit Card
8022;294;16/01/2026;24409;Online
8023;18319;06/05/2025;28304;Online
8024;17928;30/08/2025;26309;Credit Card
8025;5490;02/07/2025;15757;Cash
8026;2733;25/07/2026;7632;Debit Card
8027;5207;16/03/2026;11080;Cash
8028;6022;08/05/2026;22204;Debit Card
8029;4992;27/10/2024;4611;Online
8030;12540;15/07/2025;19650;Online
8031;9176;22/01/2026;29184;Debit Card
8032;9449;15/02/2025;16972;Debit Card
8033;6013;19/05/2024;7793;Online
8034;13628;16/08/2026;26474;Bank Transfer
8035;8227;27/02/2025;4425;Debit Card
8036;8719;01/12/2025;4830;Cash
8037;3933;10/07/2024;9110;Debit Card
8038;647;27/02/2025;5901;Debit Card
8039;19226;09/08/2026;16169;Online
8040;1893;25/08/2026;1933;Credit Card
8041;518;25/05/2026;27535;Credit Card
8042;15260;20/04/2024;15420;Bank Transfer
8043;10083;07/11/2025;24992;Cash
8044;8876;09/03/2024;22494;Debit Card
8045;8112;12/10/2024;20295;Bank Transfer
8046;16145;14/07/2024;21265;Credit Card
8047;8093;07/03/2025;19374;Cash
8048;2727;21/04/2026;8010;Bank Transfer
8049;7870;12/06/2025;9919;Bank Transfer
8050;11968;29/10/2023;1760;Cash
8051;16179;26/10/2023;26849;Online
8052;1958;09/02/2026;18725;Debit Card
8053;13181;25/07/2026;697;Debit Card
8054;15094;31/03/2024;4182;Credit Card
8055;16091;16/09/2023;13564;Cash
8056;17952;03/05/2025;3080;Cash
8057;17174;22/02/2026;28130;Online
8058;628;13/03/2024;5266;Bank Transfer
8059;14205;03/02/2025;21273;Cash
8060;19631;04/01/2025;23951;Debit Card
8061;3751;11/03/2026;26540;Bank Transfer
8062;19926;07/09/2025;7804;Online
8063;146;07/10/2024;19055;Bank Transfer
8064;13118;16/10/2023;19271;Bank Transfer
8065;10820;17/05/2026;16647;Online
8066;10942;14/01/2025;27542;Bank Transfer
8067;10437;14/10/2024;16033;Online
8068;6860;25/01/2026;11669;Credit Card
8069;6221;13/10/2023;23139;Debit Card
8070;16304;04/08/2026;14798;Bank Transfer
8071;6626;21/03/2024;6769;Credit Card
8072;8259;02/10/2025;26670;Debit Card
8073;1707;21/10/2025;12905;Credit Card
8074;9638;09/10/2025;12369;Cash
8075;6432;06/11/2023;10062;Credit Card
8076;7777;28/12/2025;8598;Credit Card
8077;17127;24/04/2026;12470;Debit Card
8078;13898;04/05/2026;25184;Cash
8079;8014;22/07/2024;15523;Debit Card
8080;17924;11/11/2023;18001;Debit Card
8081;16419;29/12/2024;6054;Bank Transfer
8082;10249;12/11/2025;13367;Debit Card
8083;1729;14/12/2024;15444;Online
8084;870;27/02/2024;2628;Online
8085;4310;13/05/2024;11237;Cash
8086;15982;13/03/2026;8865;Cash
8087;11559;21/03/2026;18933;Credit Card
8088;6027;04/03/2024;20475;Bank Transfer
8089;8355;04/04/2024;12505;Credit Card
8090;17448;26/10/2024;23818;Bank Transfer
8091;4026;10/09/2025;2380;Online
8092;11296;13/10/2023;13014;Credit Card
8093;8136;22/06/2026;8582;Online
8094;11690;08/06/2026;3529;Debit Card
8095;14486;25/08/2025;16578;Cash
8096;2538;21/01/2026;26499;Bank Transfer
8097;13280;30/07/2024;27055;Debit Card
8098;13684;08/12/2023;542;Debit Card
8099;5708;25/08/2025;2471;Credit Card
8100;4180;09/06/2025;27173;Credit Card
8101;15856;08/09/2025;11013;Credit Card
8102;6086;03/02/2024;13437;Online
8103;3618;17/10/2024;17700;Online
8104;13937;11/07/2025;12830;Bank Transfer
8105;12226;08/11/2025;22354;Debit Card
8106;18407;17/03/2024;20033;Cash
8107;5421;20/09/2024;5933;Cash
8108;16079;05/12/2023;27764;Online
8109;19805;25/05/2025;14614;Credit Card
8110;6600;08/03/2025;24634;Credit Card
8111;3320;12/10/2025;15552;Debit Card
8112;13335;08/10/2024;4162;Debit Card
8113;8717;22/03/2025;20552;Debit Card
8114;12731;04/12/2024;23559;Debit Card
8115;17006;15/09/2025;2874;Credit Card
8116;10298;25/10/2023;16502;Online
8117;2807;15/10/2024;26297;Cash
8118;16464;09/02/2025;5656;Online
8119;2661;03/08/2025;2549;Debit Card
8120;3247;05/04/2025;17718;Cash
8121;11937;25/08/2024;7343;Credit Card
8122;6223;22/12/2025;18399;Online
8123;4551;30/12/2023;18290;Online
8124;15286;27/02/2024;4391;Online
8125;18282;02/10/2025;28161;Cash
8126;772;13/06/2024;11224;Cash
8127;7942;06/07/2025;21347;Online
8128;7986;29/08/2026;28530;Debit Card
8129;4787;27/06/2026;1974;Cash
8130;17683;23/05/2025;14798;Online
8131;11896;25/05/2025;7284;Credit Card
8132;6275;25/05/2026;19027;Debit Card
8133;1203;01/07/2025;10738;Online
8134;13089;27/09/2025;22839;Online
8135;1283;26/01/2024;5630;Bank Transfer
8136;1446;26/06/2025;17937;Debit Card
8137;4314;03/08/2025;23179;Online
8138;14136;03/10/2023;20612;Credit Card
8139;10056;29/05/2025;20347;Debit Card
8140;2855;06/09/2024;21364;Bank Transfer
8141;2313;10/05/2025;20549;Cash
8142;19952;11/06/2024;9103;Cash
8143;7906;05/04/2025;28513;Cash
8144;18276;20/08/2024;6294;Credit Card
8145;5862;20/10/2024;27666;Credit Card
8146;16425;06/12/2023;20907;Bank Transfer
8147;14865;27/10/2023;16803;Debit Card
8148;1834;13/09/2025;25209;Online
8149;6451;20/11/2023;1931;Cash
8150;12220;14/12/2025;20732;Online
8151;11552;30/04/2025;12017;Cash
8152;17598;12/07/2026;13480;Bank Transfer
8153;18698;07/10/2024;20839;Debit Card
8154;11688;02/05/2024;12500;Bank Transfer
8155;18469;03/12/2025;16909;Debit Card
8156;3463;04/05/2024;23329;Cash
8157;13950;18/02/2024;3864;Online
8158;4688;22/10/2024;29483;Online
8159;12215;11/04/2024;24471;Online
8160;2874;28/09/2024;5681;Online
8161;18099;19/09/2024;20742;Cash
8162;11224;11/06/2026;9164;Online
8163;5750;15/01/2025;6297;Bank Transfer
8164;18639;03/11/2024;7205;Bank Transfer
8165;541;30/03/2026;23215;Cash
8166;16068;09/05/2025;16087;Debit Card
8167;9377;19/03/2025;17837;Debit Card
8168;9744;30/04/2024;24202;Credit Card
8169;11714;12/11/2024;20739;Cash
8170;794;11/12/2023;15236;Debit Card
8171;3057;24/12/2023;3629;Debit Card
8172;5555;13/09/2024;6028;Bank Transfer
8173;8310;20/06/2025;26316;Credit Card
8174;15249;13/06/2026;27703;Debit Card
8175;13728;12/10/2025;24866;Online
8176;11638;25/09/2024;29649;Online
8177;2932;09/06/2024;5474;Cash
8178;10058;19/04/2024;20768;Credit Card
8179;16110;14/02/2025;19847;Credit Card
8180;12161;28/05/2025;7654;Credit Card
8181;8237;03/01/2024;11049;Debit Card
8182;3164;28/01/2025;10451;Bank Transfer
8183;16838;24/09/2025;20451;Cash
8184;12224;21/04/2026;24206;Cash
8185;19756;19/09/2025;19473;Debit Card
8186;12434;24/06/2026;3922;Bank Transfer
8187;13698;28/04/2024;2852;Cash
8188;4121;29/06/2024;25950;Bank Transfer
8189;8052;29/08/2026;25982;Debit Card
8190;15213;12/08/2024;5065;Online
8191;11695;24/06/2024;8140;Online
8192;6198;20/05/2024;7157;Bank Transfer
8193;12239;14/11/2025;19534;Online
8194;5743;13/09/2023;22225;Online
8195;11376;03/10/2024;15555;Debit Card
8196;8757;18/01/2024;18299;Debit Card
8197;18544;13/02/2024;2802;Credit Card
8198;216;21/01/2025;6052;Credit Card
8199;16857;06/11/2024;22850;Cash
8200;27;29/05/2026;7680;Bank Transfer
8201;9850;23/06/2025;3146;Debit Card
8202;6426;09/04/2026;23603;Online
8203;4173;20/05/2026;1756;Bank Transfer
8204;13717;01/01/2026;7210;Cash
8205;6357;30/07/2025;20976;Credit Card
8206;12484;10/06/2026;7069;Bank Transfer
8207;1245;24/05/2026;16866;Debit Card
8208;3505;24/06/2026;22286;Bank Transfer
8209;19222;02/09/2024;17260;Credit Card
8210;17013;07/07/2025;582;Credit Card
8211;18765;16/04/2026;28609;Credit Card
8212;18927;06/03/2024;4578;Cash
8213;11536;06/11/2024;813;Credit Card
8214;12613;10/09/2024;12686;Credit Card
8215;3633;07/11/2025;24324;Credit Card
8216;12705;09/09/2025;20043;Cash
8217;5064;14/04/2024;26340;Debit Card
8218;7502;06/08/2025;26668;Online
8219;11524;14/09/2025;13221;Debit Card
8220;8524;06/07/2024;13382;Cash
8221;9722;15/04/2025;2144;Credit Card
8222;16567;24/05/2026;12346;Bank Transfer
8223;7740;28/12/2024;13248;Credit Card
8224;15606;09/08/2024;28799;Debit Card
8225;18301;20/09/2023;1458;Bank Transfer
8226;950;12/05/2025;23235;Cash
8227;12937;11/02/2026;8329;Bank Transfer
8228;5928;01/01/2026;9066;Bank Transfer
8229;14371;11/05/2024;14727;Credit Card
8230;17912;20/03/2024;2598;Online
8231;19143;25/09/2024;3783;Credit Card
8232;7910;22/06/2025;19700;Bank Transfer
8233;3336;08/11/2024;8566;Debit Card
8234;3017;14/01/2025;13503;Cash
8235;13268;18/10/2024;10643;Debit Card
8236;12000;11/02/2026;24625;Cash
8237;2143;15/05/2025;20077;Online
8238;7999;21/01/2024;14280;Online
8239;11823;16/09/2025;20041;Credit Card
8240;19216;10/07/2026;6001;Debit Card
8241;2201;22/09/2023;7279;Online
8242;5007;29/03/2026;2450;Credit Card
8243;16339;03/09/2024;9557;Online
8244;10604;31/03/2025;14697;Cash
8245;1386;20/09/2023;5070;Credit Card
8246;11835;07/02/2026;24069;Online
8247;5053;02/02/2025;6286;Debit Card
8248;5966;09/07/2026;12412;Online
8249;19970;11/01/2025;12831;Online
8250;9122;05/01/2025;15646;Online
8251;16592;21/09/2023;738;Bank Transfer
8252;4645;12/03/2024;20870;Cash
8253;9374;11/09/2026;29245;Online
8254;12650;08/07/2024;15522;Cash
8255;12330;17/09/2025;27825;Cash
8256;7868;31/12/2025;28230;Bank Transfer
8257;19444;28/07/2024;20398;Bank Transfer
8258;19675;14/11/2023;15825;Bank Transfer
8259;9812;08/05/2024;21464;Online
8260;1756;30/07/2024;29669;Debit Card
8261;4551;21/09/2023;14371;Debit Card
8262;11771;02/11/2023;28373;Debit Card
8263;11239;17/11/2025;26549;Cash
8264;5385;17/04/2025;22193;Credit Card
8265;2830;26/08/2026;16052;Credit Card
8266;15168;17/02/2025;25373;Bank Transfer
8267;7521;18/10/2024;6603;Credit Card
8268;13221;17/12/2024;23520;Debit Card
8269;4617;09/02/2024;17974;Bank Transfer
8270;11763;30/03/2024;29132;Bank Transfer
8271;19315;24/05/2025;7990;Online
8272;14180;18/06/2024;14416;Online
8273;5305;06/01/2026;23647;Bank Transfer
8274;6131;11/02/2025;24574;Cash
8275;5104;20/07/2024;8934;Bank Transfer
8276;2998;01/08/2024;10583;Debit Card
8277;6318;27/08/2025;24467;Bank Transfer
8278;2195;24/06/2024;14430;Online
8279;9138;30/06/2026;12065;Credit Card
8280;12559;12/06/2026;967;Bank Transfer
8281;11910;18/09/2024;21787;Debit Card
8282;16364;07/08/2025;13113;Online
8283;19;18/04/2024;7723;Debit Card
8284;1302;15/09/2023;3235;Cash
8285;3680;20/11/2025;17764;Online
8286;6479;14/05/2024;11676;Debit Card
8287;2643;08/04/2026;10482;Online
8288;5850;12/09/2026;529;Credit Card
8289;5828;23/11/2023;8027;Online
8290;14412;20/09/2023;23885;Online
8291;721;10/07/2024;22429;Cash
8292;281;19/07/2026;19887;Debit Card
8293;10078;20/01/2026;18374;Cash
8294;19806;22/09/2025;8464;Online
8295;12147;07/02/2026;7649;Bank Transfer
8296;1626;27/06/2024;17377;Debit Card
8297;5059;07/01/2026;7164;Bank Transfer
8298;3981;14/02/2024;4137;Bank Transfer
8299;9958;01/04/2025;926;Bank Transfer
8300;13170;19/08/2025;10137;Online
8301;4832;08/04/2026;25962;Credit Card
8302;10386;06/11/2024;13879;Online
8303;8491;03/05/2024;4745;Debit Card
8304;14024;12/09/2026;27910;Bank Transfer
8305;5273;01/07/2024;680;Online
8306;12504;07/01/2024;15166;Credit Card
8307;620;02/03/2026;3016;Cash
8308;8191;04/06/2024;12526;Credit Card
8309;5481;09/11/2023;21991;Credit Card
8310;3863;05/03/2025;12598;Debit Card
8311;14573;12/05/2025;23540;Debit Card
8312;3009;07/10/2025;19571;Credit Card
8313;10572;26/07/2024;10719;Online
8314;14463;11/03/2026;7293;Online
8315;19256;18/03/2026;17747;Debit Card
8316;2872;30/05/2024;14563;Bank Transfer
8317;10324;06/04/2024;1006;Cash
8318;7004;12/10/2025;19590;Bank Transfer
8319;5683;27/01/2024;11176;Credit Card
8320;12617;15/09/2024;3842;Online
8321;10629;06/01/2024;28883;Cash
8322;9635;26/10/2025;5867;Bank Transfer
8323;2727;25/08/2024;9118;Cash
8324;6492;25/09/2024;11803;Cash
8325;1769;08/11/2025;21369;Cash
8326;7179;01/11/2024;12024;Debit Card
8327;5878;21/04/2024;25124;Credit Card
8328;17803;17/07/2026;24714;Cash
8329;13681;26/04/2024;26237;Debit Card
8330;4091;03/01/2024;16230;Debit Card
8331;789;20/02/2025;27096;Bank Transfer
8332;11342;06/12/2023;25904;Cash
8333;1361;07/08/2026;14201;Credit Card
8334;1081;30/07/2026;27545;Debit Card
8335;16998;28/01/2026;9885;Debit Card
8336;9147;06/01/2024;24408;Credit Card
8337;3516;30/05/2025;1036;Online
8338;12183;20/03/2025;8871;Online
8339;6057;12/08/2024;27812;Online
8340;1866;18/05/2026;26632;Online
8341;12790;03/08/2026;9422;Cash
8342;19609;20/09/2025;24405;Online
8343;4393;16/12/2023;15648;Debit Card
8344;5833;19/09/2023;26076;Cash
8345;7155;03/02/2026;14604;Online
8346;13183;25/02/2026;12965;Online
8347;2746;02/05/2025;15887;Cash
8348;10673;22/05/2025;26835;Cash
8349;8502;20/01/2025;4843;Online
8350;19968;21/09/2024;14456;Debit Card
8351;19332;20/09/2025;3125;Bank Transfer
8352;1411;04/06/2024;17154;Online
8353;19552;27/10/2023;2556;Cash
8354;11513;23/12/2023;17187;Debit Card
8355;6518;29/10/2024;19310;Bank Transfer
8356;2622;20/06/2024;27819;Bank Transfer
8357;9217;27/10/2025;18777;Credit Card
8358;8434;13/05/2024;11052;Credit Card
8359;6072;24/11/2025;998;Cash
8360;11099;22/06/2026;10822;Bank Transfer
8361;12013;12/07/2026;28082;Bank Transfer
8362;8075;03/09/2024;24045;Online
8363;5559;24/12/2023;22551;Debit Card
8364;2327;02/09/2025;16795;Bank Transfer
8365;12943;29/05/2026;16771;Cash
8366;11194;14/04/2024;10791;Cash
8367;2191;02/08/2026;18664;Debit Card
8368;17678;23/06/2025;3943;Cash
8369;4688;23/12/2023;14600;Bank Transfer
8370;14925;15/12/2025;19866;Debit Card
8371;4911;12/10/2025;14691;Cash
8372;17591;07/11/2023;14422;Debit Card
8373;7235;31/08/2025;18223;Online
8374;9498;14/07/2025;11720;Cash
8375;19799;31/01/2024;22686;Cash
8376;17847;29/07/2025;6414;Online
8377;16536;16/12/2025;24324;Online
8378;3139;11/06/2026;13324;Cash
8379;17971;17/01/2026;1500;Cash
8380;5533;09/10/2024;3266;Credit Card
8381;10660;01/10/2025;3208;Credit Card
8382;7294;08/02/2025;2846;Credit Card
8383;4370;30/07/2025;15865;Online
8384;4282;22/12/2025;16883;Credit Card
8385;19031;25/01/2026;18665;Online
8386;10249;23/07/2026;17245;Credit Card
8387;15718;25/06/2024;12668;Debit Card
8388;1044;25/02/2025;13701;Debit Card
8389;13307;16/06/2025;25328;Credit Card
8390;9848;18/04/2026;19526;Credit Card
8391;11005;20/08/2025;26040;Credit Card
8392;7785;16/04/2026;17571;Bank Transfer
8393;15447;15/11/2023;14541;Cash
8394;4224;11/11/2023;20443;Credit Card
8395;5547;30/01/2024;5888;Cash
8396;3689;28/02/2024;18298;Bank Transfer
8397;12264;25/11/2025;7719;Credit Card
8398;13612;22/04/2026;7347;Debit Card
8399;13794;28/11/2025;20584;Debit Card
8400;12488;22/06/2024;20357;Online
8401;19475;12/09/2024;26907;Credit Card
8402;5108;19/04/2026;533;Debit Card
8403;326;13/07/2026;20765;Bank Transfer
8404;16670;16/04/2026;637;Cash
8405;3383;20/01/2026;2855;Online
8406;19851;04/10/2023;27205;Cash
8407;14403;29/01/2026;25311;Online
8408;13807;30/08/2025;15876;Debit Card
8409;5117;17/04/2024;14809;Bank Transfer
8410;18148;06/08/2026;29106;Debit Card
8411;17659;15/08/2024;18490;Credit Card
8412;19870;11/04/2026;839;Bank Transfer
8413;18229;04/12/2024;28909;Credit Card
8414;823;09/11/2024;24795;Cash
8415;4902;13/08/2026;18362;Credit Card
8416;19579;26/07/2024;18316;Credit Card
8417;9501;06/11/2023;5485;Cash
8418;14144;05/06/2026;13177;Credit Card
8419;1965;01/04/2024;21676;Cash
8420;9839;06/09/2025;12392;Debit Card
8421;3791;13/10/2025;19334;Credit Card
8422;12157;06/10/2024;6241;Debit Card
8423;2290;20/06/2026;13577;Debit Card
8424;3871;12/07/2026;5136;Credit Card
8425;7000;26/09/2023;10718;Debit Card
8426;9628;13/05/2025;9138;Cash
8427;19709;02/07/2025;17171;Credit Card
8428;14554;06/12/2023;6318;Cash
8429;14749;04/05/2026;3184;Online
8430;1452;13/08/2024;10678;Bank Transfer
8431;1491;30/10/2024;3538;Cash
8432;17598;13/01/2025;26166;Cash
8433;18748;26/05/2025;8980;Debit Card
8434;17250;26/08/2024;24927;Online
8435;2083;03/02/2026;3695;Debit Card
8436;14586;21/09/2023;9862;Debit Card
8437;18707;14/01/2026;27321;Cash
8438;6874;12/12/2024;11669;Debit Card
8439;17959;29/06/2025;8656;Online
8440;14742;24/07/2024;15303;Debit Card
8441;9128;13/06/2024;28354;Debit Card
8442;829;01/01/2025;23670;Bank Transfer
8443;18761;01/12/2023;13141;Cash
8444;19338;04/03/2025;12810;Online
8445;14357;24/09/2025;25620;Debit Card
8446;18230;02/03/2025;29598;Credit Card
8447;18733;28/03/2024;11818;Bank Transfer
8448;11217;14/03/2024;1628;Bank Transfer
8449;17164;22/01/2026;1856;Debit Card
8450;2243;30/09/2025;5222;Online
8451;16677;11/05/2024;11719;Cash
8452;3195;11/09/2026;26078;Cash
8453;5183;16/02/2026;28820;Credit Card
8454;4732;13/03/2024;8546;Online
8455;4931;01/07/2025;23563;Debit Card
8456;1252;27/11/2023;22300;Online
8457;241;25/04/2026;24120;Online
8458;18968;21/08/2026;10303;Cash
8459;2678;18/11/2024;4589;Cash
8460;5187;24/10/2024;18031;Cash
8461;3947;18/01/2025;2570;Cash
8462;13166;22/11/2023;1754;Debit Card
8463;10700;03/02/2025;21772;Cash
8464;3478;04/12/2023;19958;Cash
8465;576;05/04/2025;11470;Cash
8466;12205;06/01/2026;1649;Bank Transfer
8467;13875;02/09/2025;24822;Credit Card
8468;15347;14/08/2026;6633;Cash
8469;7076;17/05/2025;27579;Bank Transfer
8470;2491;21/03/2025;14158;Credit Card
8471;16882;29/11/2023;20605;Online
8472;6386;05/11/2023;25883;Debit Card
8473;12701;15/12/2024;18973;Cash
8474;14096;24/06/2025;2909;Online
8475;7026;12/10/2023;16729;Online
8476;1764;12/01/2024;13768;Credit Card
8477;6876;04/11/2025;22916;Cash
8478;9984;29/06/2026;5033;Cash
8479;13250;06/10/2025;12727;Online
8480;12084;11/04/2025;26748;Cash
8481;19855;05/02/2024;23893;Online
8482;7474;14/03/2026;15820;Credit Card
8483;10200;24/08/2024;29882;Online
8484;14173;30/06/2024;25888;Online
8485;9887;09/09/2026;6895;Bank Transfer
8486;10645;26/09/2023;15388;Cash
8487;4295;08/03/2024;24681;Bank Transfer
8488;1082;20/09/2023;14143;Cash
8489;11031;12/09/2026;28708;Cash
8490;10952;22/01/2024;16653;Debit Card
8491;14028;24/05/2024;19825;Cash
8492;2484;26/01/2025;20022;Online
8493;5846;28/01/2024;1842;Cash
8494;10216;12/12/2023;892;Credit Card
8495;2339;29/04/2024;1857;Bank Transfer
8496;8947;28/05/2024;19380;Cash
8497;8382;05/02/2024;29493;Debit Card
8498;13467;25/03/2026;2734;Online
8499;15451;19/07/2026;12207;Online
8500;9104;15/03/2026;27280;Bank Transfer
8501;10816;25/02/2024;4655;Online
8502;15021;25/06/2025;23017;Bank Transfer
8503;131;25/09/2023;21171;Online
8504;6578;29/10/2025;17744;Online
8505;9035;31/03/2024;6327;Bank Transfer
8506;2436;31/10/2025;28999;Debit Card
8507;9600;02/01/2025;14441;Cash
8508;10778;10/10/2025;20046;Credit Card
8509;4123;26/07/2024;18470;Online
8510;638;16/07/2025;21366;Bank Transfer
8511;10636;28/11/2024;18275;Credit Card
8512;1106;04/07/2026;4047;Debit Card
8513;16052;24/08/2024;20392;Bank Transfer
8514;1503;01/12/2024;3957;Credit Card
8515;4890;18/08/2024;20189;Debit Card
8516;11466;18/08/2024;19461;Online
8517;6523;27/09/2023;7892;Credit Card
8518;9778;30/01/2026;9532;Bank Transfer
8519;6987;26/12/2024;23418;Bank Transfer
8520;18724;24/11/2023;16011;Online
8521;12672;14/11/2025;5144;Online
8522;54;14/12/2023;19802;Online
8523;6518;06/06/2025;7228;Debit Card
8524;2771;23/03/2025;8125;Cash
8525;3803;07/07/2026;5044;Online
8526;10349;23/07/2024;14975;Debit Card
8527;11006;10/07/2026;7066;Online
8528;3691;15/11/2023;18610;Online
8529;5131;22/04/2026;28838;Debit Card
8530;3381;11/02/2026;10616;Credit Card
8531;2143;05/02/2026;15699;Debit Card
8532;11232;23/07/2024;19477;Cash
8533;19012;18/10/2023;16481;Debit Card
8534;818;08/12/2025;10933;Bank Transfer
8535;12222;06/04/2026;29255;Online
8536;7069;17/03/2026;14889;Debit Card
8537;10606;20/05/2026;14615;Online
8538;2090;01/09/2026;10051;Online
8539;7788;07/04/2025;20007;Debit Card
8540;13048;05/06/2025;15946;Credit Card
8541;9050;11/12/2023;15438;Bank Transfer
8542;17374;01/04/2026;20017;Online
8543;14960;11/07/2025;12720;Bank Transfer
8544;16695;26/01/2024;11672;Cash
8545;4971;07/09/2025;12892;Online
8546;11746;30/05/2025;17896;Bank Transfer
8547;13925;11/10/2023;26268;Credit Card
8548;17533;12/10/2024;14946;Debit Card
8549;32;18/03/2025;19734;Debit Card
8550;1812;27/08/2026;537;Cash
8551;15115;02/10/2023;4975;Bank Transfer
8552;17403;13/09/2023;7146;Credit Card
8553;19743;13/12/2023;18165;Online
8554;15924;02/06/2024;25539;Credit Card
8555;14120;28/02/2024;6945;Cash
8556;4552;30/06/2025;830;Online
8557;744;25/07/2025;21046;Online
8558;2393;21/09/2024;5405;Credit Card
8559;17562;25/05/2024;14789;Bank Transfer
8560;8613;28/03/2025;4441;Credit Card
8561;11529;27/02/2026;29997;Credit Card
8562;4391;29/08/2024;8573;Credit Card
8563;17044;12/03/2025;24904;Credit Card
8564;19937;23/03/2025;26564;Debit Card
8565;11817;22/07/2026;16906;Credit Card
8566;505;13/10/2023;6806;Credit Card
8567;8229;11/06/2024;6505;Debit Card
8568;18611;13/02/2024;1372;Bank Transfer
8569;13322;23/01/2026;26703;Credit Card
8570;16652;15/12/2024;15983;Bank Transfer
8571;13687;30/06/2026;1882;Online
8572;16047;20/08/2025;25985;Bank Transfer
8573;13502;08/03/2025;4010;Online
8574;6938;11/07/2025;23349;Credit Card
8575;19549;19/05/2026;16375;Credit Card
8576;10047;27/08/2024;11290;Online
8577;19036;16/07/2026;12145;Credit Card
8578;3693;13/02/2025;21926;Bank Transfer
8579;19683;30/06/2024;26571;Cash
8580;12352;28/03/2026;10684;Online
8581;18520;18/12/2023;6148;Cash
8582;17418;04/06/2024;6917;Debit Card
8583;18793;06/01/2025;9301;Credit Card
8584;14697;22/12/2025;9360;Credit Card
8585;13621;03/10/2023;23045;Online
8586;4100;18/01/2026;29409;Cash
8587;16614;15/09/2025;16362;Cash
8588;3421;04/06/2026;20006;Credit Card
8589;16525;07/09/2025;5861;Bank Transfer
8590;16749;30/06/2024;14361;Debit Card
8591;10443;06/12/2025;26441;Cash
8592;12655;22/09/2023;9380;Online
8593;15396;22/03/2024;9144;Online
8594;5226;17/07/2025;7820;Cash
8595;11187;31/07/2024;3981;Online
8596;13945;09/03/2024;21445;Cash
8597;2000;11/07/2026;22120;Online
8598;18526;11/09/2025;10647;Cash
8599;10180;11/06/2024;10131;Credit Card
8600;3765;01/02/2026;12639;Debit Card
8601;5411;07/09/2026;13887;Debit Card
8602;11664;28/03/2024;4138;Debit Card
8603;18349;06/07/2025;16916;Credit Card
8604;4385;18/10/2023;13612;Bank Transfer
8605;18836;31/10/2024;20832;Cash
8606;7226;23/07/2026;19563;Cash
8607;17729;14/06/2024;25563;Online
8608;2599;01/07/2024;24918;Credit Card
8609;14434;29/09/2025;3838;Online
8610;8640;08/01/2026;19886;Credit Card
8611;14255;23/12/2023;10875;Debit Card
8612;5186;18/04/2025;8428;Cash
8613;6829;04/02/2025;28444;Bank Transfer
8614;11213;05/03/2026;22929;Bank Transfer
8615;7385;26/02/2024;5793;Cash
8616;17830;25/03/2025;13506;Online
8617;11540;05/03/2025;5109;Credit Card
8618;12101;09/10/2024;21896;Credit Card
8619;3960;13/04/2025;4273;Debit Card
8620;7724;31/01/2024;3774;Credit Card
8621;19859;24/03/2025;13182;Bank Transfer
8622;15024;27/06/2024;25439;Bank Transfer
8623;14624;01/01/2024;26295;Bank Transfer
8624;15194;31/08/2025;15479;Online
8625;13198;03/01/2026;17807;Credit Card
8626;5195;17/12/2024;17682;Debit Card
8627;11177;06/06/2026;8789;Online
8628;14778;06/02/2025;23086;Credit Card
8629;10007;06/03/2024;11277;Credit Card
8630;15654;26/12/2023;26186;Credit Card
8631;15018;18/02/2026;4743;Online
8632;3247;20/03/2025;22628;Debit Card
8633;1892;05/10/2025;29727;Online
8634;2969;13/10/2024;6379;Online
8635;14866;17/03/2026;11504;Cash
8636;19786;13/02/2026;13962;Bank Transfer
8637;2537;14/04/2024;10244;Online
8638;16831;17/12/2025;21168;Credit Card
8639;5245;11/03/2024;27640;Bank Transfer
8640;8090;23/10/2025;1395;Debit Card
8641;4490;01/09/2026;7035;Credit Card
8642;517;15/07/2025;21158;Online
8643;15573;01/02/2026;10196;Debit Card
8644;17054;11/03/2025;22982;Bank Transfer
8645;19488;13/11/2023;10941;Credit Card
8646;11264;02/01/2024;19974;Debit Card
8647;2909;26/07/2024;15335;Debit Card
8648;2664;02/12/2023;17312;Online
8649;10281;14/09/2024;7838;Cash
8650;12226;13/01/2025;28880;Cash
8651;1340;13/03/2026;26354;Debit Card
8652;14927;12/06/2026;11939;Bank Transfer
8653;19668;17/06/2025;16557;Online
8654;15831;16/03/2025;15227;Cash
8655;7824;14/10/2023;2282;Online
8656;2513;20/02/2024;19539;Online
8657;14458;11/03/2024;29317;Cash
8658;9712;17/04/2025;10210;Debit Card
8659;8837;13/01/2026;560;Online
8660;16469;07/06/2026;4042;Cash
8661;17775;07/12/2023;21960;Credit Card
8662;19833;11/03/2024;6790;Debit Card
8663;10862;22/01/2025;28682;Online
8664;3840;01/10/2025;25496;Credit Card
8665;12615;28/09/2025;9619;Cash
8666;2481;04/07/2026;11448;Credit Card
8667;19123;09/04/2025;14328;Bank Transfer
8668;8203;26/09/2023;12824;Debit Card
8669;2535;20/04/2024;2221;Debit Card
8670;15879;12/03/2026;29802;Bank Transfer
8671;14478;07/12/2024;6631;Cash
8672;13501;26/02/2026;16709;Debit Card
8673;4262;03/10/2023;13116;Credit Card
8674;2324;25/02/2024;9881;Debit Card
8675;7616;26/02/2025;9504;Credit Card
8676;18919;13/09/2025;4711;Online
8677;8890;17/09/2025;5357;Credit Card
8678;18901;09/02/2026;24251;Cash
8679;17582;21/04/2026;21001;Online
8680;12358;03/09/2024;21778;Credit Card
8681;12818;08/10/2025;7416;Online
8682;14392;07/07/2026;25934;Bank Transfer
8683;9509;22/01/2026;3359;Bank Transfer
8684;6676;25/12/2025;6123;Cash
8685;13041;16/02/2025;20628;Online
8686;13599;25/01/2024;20340;Cash
8687;18812;06/12/2024;1842;Online
8688;18776;01/08/2026;16359;Online
8689;12327;26/02/2025;19812;Debit Card
8690;431;01/02/2024;11934;Online
8691;794;22/03/2025;2367;Cash
8692;584;08/09/2024;23204;Credit Card
8693;3622;30/03/2024;26546;Online
8694;7439;11/05/2026;15096;Debit Card
8695;11027;10/02/2026;14752;Cash
8696;14671;08/06/2024;20391;Online
8697;3644;31/10/2023;3572;Online
8698;7761;12/10/2025;17396;Credit Card
8699;16444;23/04/2025;29642;Bank Transfer
8700;19068;01/10/2025;27629;Credit Card
8701;9184;04/04/2025;3273;Credit Card
8702;7225;25/05/2024;22934;Bank Transfer
8703;19394;08/03/2026;5722;Debit Card
8704;4151;12/11/2025;4271;Online
8705;9476;28/12/2025;21905;Bank Transfer
8706;18811;12/07/2026;6621;Cash
8707;3238;05/09/2026;15476;Online
8708;9315;15/04/2024;24635;Cash
8709;1209;30/05/2024;17802;Online
8710;7266;25/06/2025;26645;Credit Card
8711;13728;04/04/2026;3537;Online
8712;6451;21/05/2026;2772;Online
8713;8748;28/02/2024;15691;Cash
8714;17939;21/05/2025;24559;Online
8715;66;01/10/2023;11566;Debit Card
8716;17868;20/08/2025;8248;Credit Card
8717;12473;26/07/2024;21585;Credit Card
8718;1679;04/01/2026;23521;Bank Transfer
8719;15734;01/10/2024;10871;Cash
8720;16545;05/04/2024;17978;Credit Card
8721;5610;12/07/2024;28285;Debit Card
8722;6529;19/02/2025;7701;Debit Card
8723;185;25/05/2026;19570;Cash
8724;542;28/11/2025;11431;Bank Transfer
8725;2096;07/10/2023;12809;Cash
8726;15193;19/02/2026;22382;Cash
8727;809;25/03/2026;675;Online
8728;18581;13/12/2024;28775;Debit Card
8729;1736;16/07/2024;16274;Debit Card
8730;1978;19/11/2024;3354;Online
8731;15439;27/07/2024;26534;Online
8732;3284;29/09/2023;3518;Online
8733;19520;04/11/2025;29675;Cash
8734;19395;25/01/2025;1006;Credit Card
8735;15784;21/12/2024;28085;Online
8736;14261;18/06/2024;3139;Debit Card
8737;3541;26/09/2024;29359;Credit Card
8738;7369;28/10/2024;1026;Debit Card
8739;8546;26/02/2024;18999;Credit Card
8740;19107;19/08/2025;9073;Online
8741;12988;15/08/2025;8043;Cash
8742;631;26/04/2025;20578;Bank Transfer
8743;1806;29/09/2023;6792;Bank Transfer
8744;18072;10/07/2025;3316;Online
8745;18058;13/05/2024;727;Bank Transfer
8746;4503;01/08/2024;3398;Debit Card
8747;11266;09/05/2026;22482;Credit Card
8748;14717;20/04/2026;3098;Online
8749;13960;16/09/2024;19896;Credit Card
8750;5490;08/10/2023;4987;Credit Card
8751;326;12/03/2024;24614;Debit Card
8752;6856;06/09/2024;13310;Credit Card
8753;14074;19/09/2023;21512;Cash
8754;13539;09/03/2025;7914;Bank Transfer
8755;8015;31/07/2025;20553;Cash
8756;12798;07/12/2023;27034;Online
8757;4982;17/10/2024;656;Debit Card
8758;10702;09/06/2025;2737;Credit Card
8759;4828;03/08/2024;23917;Credit Card
8760;4180;14/01/2024;8455;Cash
8761;12014;17/05/2025;10723;Credit Card
8762;9103;21/07/2026;19584;Cash
8763;5905;13/04/2024;22943;Online
8764;3775;09/06/2025;3894;Debit Card
8765;16718;22/06/2024;19422;Cash
8766;4900;31/10/2024;2100;Cash
8767;13220;03/10/2023;14799;Cash
8768;16249;16/02/2024;24381;Bank Transfer
8769;10666;03/07/2025;13349;Debit Card
8770;4202;25/07/2026;27104;Debit Card
8771;266;22/06/2024;9540;Debit Card
8772;3682;09/09/2025;9832;Debit Card
8773;17447;09/03/2026;6516;Debit Card
8774;18520;24/04/2024;2457;Online
8775;7882;26/07/2025;19114;Credit Card
8776;19664;18/10/2025;10678;Cash
8777;15159;15/07/2024;16548;Bank Transfer
8778;2122;21/12/2023;12764;Online
8779;14668;02/05/2026;24525;Debit Card
8780;5702;28/02/2025;8096;Cash
8781;10468;24/08/2025;687;Online
8782;2956;24/02/2026;866;Online
8783;13577;18/03/2024;5376;Cash
8784;16516;08/12/2024;28188;Debit Card
8785;18614;24/08/2024;8632;Debit Card
8786;19397;21/02/2026;12314;Credit Card
8787;18898;25/11/2025;3040;Online
8788;6899;12/03/2025;19729;Debit Card
8789;8599;24/03/2024;1816;Credit Card
8790;5724;31/10/2023;18248;Credit Card
8791;17983;01/09/2026;17308;Bank Transfer
8792;9889;29/12/2024;23977;Cash
8793;5967;13/04/2025;12673;Bank Transfer
8794;4728;20/03/2024;13666;Online
8795;17152;13/02/2025;16971;Credit Card
8796;13173;14/12/2024;1545;Online
8797;14969;02/04/2025;5043;Online
8798;17477;28/12/2025;12932;Credit Card
8799;17578;19/09/2023;21337;Bank Transfer
8800;12892;16/01/2024;17941;Online
8801;6306;25/11/2025;4866;Cash
8802;19904;03/11/2024;23839;Credit Card
8803;1303;04/09/2024;26939;Debit Card
8804;10293;14/12/2023;28948;Cash
8805;5563;13/03/2024;13563;Debit Card
8806;6182;13/09/2025;15362;Debit Card
8807;1666;03/03/2025;6977;Debit Card
8808;14938;10/02/2026;22675;Online
8809;9651;30/09/2024;9193;Online
8810;3506;17/10/2025;11431;Cash
8811;15678;06/12/2023;19534;Bank Transfer
8812;4016;04/04/2024;12342;Cash
8813;11438;26/06/2025;20650;Credit Card
8814;7001;23/09/2025;21420;Bank Transfer
8815;19853;19/12/2025;25010;Online
8816;5127;09/03/2026;15640;Online
8817;11460;21/04/2025;18967;Online
8818;6318;02/06/2026;22977;Bank Transfer
8819;19654;07/05/2025;27267;Online
8820;4507;07/06/2024;7648;Cash
8821;18808;16/10/2025;12004;Online
8822;19935;12/06/2026;4484;Cash
8823;12119;01/02/2024;13848;Credit Card
8824;10273;04/10/2023;24125;Credit Card
8825;15022;01/07/2024;6717;Debit Card
8826;14294;19/03/2024;20481;Debit Card
8827;17444;19/06/2024;11971;Online
8828;528;20/03/2025;4623;Credit Card
8829;5178;05/12/2023;8708;Debit Card
8830;16751;22/06/2024;1214;Cash
8831;9019;11/02/2024;12079;Credit Card
8832;19213;19/03/2026;15242;Credit Card
8833;17297;14/01/2024;22476;Credit Card
8834;12016;06/12/2025;20590;Debit Card
8835;12316;24/12/2025;12126;Online
8836;5031;03/09/2026;19440;Credit Card
8837;307;25/08/2024;18266;Credit Card
8838;12798;03/01/2025;10056;Credit Card
8839;39;07/02/2025;18940;Debit Card
8840;5672;28/06/2025;9250;Bank Transfer
8841;14421;30/07/2026;15294;Cash
8842;4894;05/10/2025;9792;Cash
8843;17675;16/01/2026;4432;Debit Card
8844;18734;18/08/2026;9029;Debit Card
8845;8090;26/03/2024;20298;Online
8846;16150;27/06/2025;12904;Cash
8847;9104;28/03/2025;4933;Debit Card
8848;10014;20/11/2025;14005;Credit Card
8849;8017;07/01/2026;9869;Online
8850;12166;21/06/2025;8704;Cash
8851;10987;22/12/2023;14828;Credit Card
8852;2940;06/12/2024;13570;Online
8853;8330;03/05/2026;10155;Bank Transfer
8854;2167;24/10/2023;14691;Cash
8855;15408;31/01/2026;22504;Cash
8856;3003;03/01/2026;1671;Debit Card
8857;15526;29/08/2026;22300;Credit Card
8858;11486;18/03/2025;3411;Cash
8859;10050;25/01/2024;13607;Bank Transfer
8860;13827;09/12/2025;21610;Debit Card
8861;10001;10/04/2026;28064;Cash
8862;16454;04/03/2025;25722;Debit Card
8863;2067;15/12/2023;14969;Bank Transfer
8864;17301;07/08/2025;28298;Cash
8865;8280;24/03/2024;14982;Bank Transfer
8866;9094;28/07/2026;19528;Cash
8867;3305;25/01/2026;10403;Cash
8868;8732;21/02/2026;4958;Credit Card
8869;192;26/03/2026;22052;Cash
8870;17382;08/07/2024;28985;Bank Transfer
8871;9626;18/07/2024;5668;Online
8872;16813;27/03/2024;26581;Online
8873;8117;20/05/2025;906;Debit Card
8874;18803;28/08/2024;18393;Online
8875;2125;12/05/2026;17735;Credit Card
8876;13372;11/02/2025;28369;Cash
8877;5455;20/05/2025;16106;Online
8878;15268;06/02/2026;1276;Online
8879;4154;03/11/2024;18855;Debit Card
8880;4962;14/07/2024;21402;Online
8881;12938;13/10/2024;14331;Debit Card
8882;13144;31/10/2024;17383;Bank Transfer
8883;4244;28/02/2025;11025;Online
8884;2068;17/12/2024;27982;Debit Card
8885;17250;30/07/2025;21375;Online
8886;11175;02/02/2026;24951;Bank Transfer
8887;9602;04/01/2025;18110;Credit Card
8888;1725;02/11/2024;26116;Bank Transfer
8889;4961;29/08/2025;1792;Credit Card
8890;6086;02/01/2026;19966;Credit Card
8891;19356;09/08/2026;2337;Debit Card
8892;18229;30/05/2025;19779;Debit Card
8893;3823;05/03/2025;29566;Cash
8894;5905;20/08/2024;4995;Credit Card
8895;19905;20/10/2025;23808;Cash
8896;12196;19/06/2026;14521;Credit Card
8897;6087;26/10/2025;28070;Bank Transfer
8898;17350;07/06/2025;19924;Cash
8899;15320;17/10/2024;1959;Cash
8900;13329;30/12/2025;19728;Cash
8901;9261;18/05/2025;19283;Cash
8902;12418;12/09/2024;18563;Cash
8903;16109;19/04/2026;18836;Cash
8904;3774;13/04/2025;24270;Bank Transfer
8905;1285;13/10/2025;8524;Bank Transfer
8906;14647;13/01/2025;27408;Credit Card
8907;2843;04/01/2026;815;Bank Transfer
8908;1013;08/01/2025;21189;Bank Transfer
8909;18613;21/03/2024;1305;Credit Card
8910;19001;21/04/2026;25755;Online
8911;10551;15/10/2024;6751;Online
8912;14892;27/07/2024;18211;Bank Transfer
8913;14375;13/01/2026;8604;Bank Transfer
8914;17340;08/06/2025;1077;Bank Transfer
8915;7273;10/10/2025;24660;Online
8916;19582;12/09/2024;7925;Debit Card
8917;15616;28/05/2025;9448;Bank Transfer
8918;8806;23/10/2023;23427;Bank Transfer
8919;15353;15/08/2025;28783;Cash
8920;3371;25/06/2025;26387;Bank Transfer
8921;16722;15/11/2024;11888;Debit Card
8922;10767;21/04/2026;11546;Online
8923;3828;10/03/2024;10427;Bank Transfer
8924;11375;25/12/2025;3843;Credit Card
8925;17663;10/11/2025;21964;Credit Card
8926;8455;27/07/2024;8765;Online
8927;17455;07/09/2026;5698;Credit Card
8928;9613;05/05/2024;12831;Online
8929;15353;19/03/2024;7349;Credit Card
8930;19501;24/05/2025;22824;Debit Card
8931;5298;11/04/2024;20877;Bank Transfer
8932;12782;07/03/2026;27368;Debit Card
8933;17756;28/01/2024;24914;Credit Card
8934;7091;20/03/2026;23493;Bank Transfer
8935;1483;15/03/2025;24293;Bank Transfer
8936;13933;30/04/2024;17754;Debit Card
8937;6298;17/06/2026;23950;Credit Card
8938;3209;14/05/2025;28509;Debit Card
8939;7626;01/01/2026;14708;Cash
8940;11827;28/10/2025;25940;Credit Card
8941;12851;25/09/2023;12172;Credit Card
8942;18552;20/11/2024;8301;Credit Card
8943;177;10/07/2025;19910;Credit Card
8944;41;23/01/2024;13409;Credit Card
8945;2463;21/06/2025;17891;Online
8946;9709;15/01/2024;12254;Credit Card
8947;10900;06/05/2025;29509;Debit Card
8948;10036;10/04/2024;12956;Bank Transfer
8949;7471;02/02/2026;17916;Bank Transfer
8950;10966;05/01/2025;9812;Debit Card
8951;13680;10/12/2024;19754;Debit Card
8952;12779;30/04/2025;3692;Credit Card
8953;8916;10/08/2025;8705;Credit Card
8954;12994;22/11/2025;7222;Online
8955;17631;18/12/2024;21150;Online
8956;8206;26/05/2025;11245;Online
8957;18777;24/01/2025;24729;Debit Card
8958;3804;02/04/2024;3778;Online
8959;15074;22/11/2023;5419;Credit Card
8960;17204;16/04/2025;17860;Cash
8961;16802;08/06/2024;4381;Credit Card
8962;11037;28/09/2024;12966;Cash
8963;1821;21/03/2024;28841;Cash
8964;19922;26/08/2025;25328;Debit Card
8965;11142;19/12/2025;15744;Cash
8966;13591;05/05/2024;16579;Cash
8967;1362;28/06/2024;1891;Online
8968;14615;18/08/2024;11537;Credit Card
8969;8537;27/10/2024;11878;Online
8970;9903;30/05/2024;3315;Debit Card
8971;10724;07/06/2026;4678;Online
8972;12742;08/09/2024;24600;Bank Transfer
8973;5357;13/12/2024;3693;Online
8974;17988;04/07/2025;3626;Cash
8975;17762;02/03/2025;13673;Credit Card
8976;2937;04/01/2024;26919;Bank Transfer
8977;3685;14/02/2024;24525;Bank Transfer
8978;18811;25/01/2025;1730;Debit Card
8979;11225;26/07/2025;11584;Bank Transfer
8980;13339;18/01/2026;5006;Online
8981;4262;15/01/2025;19087;Online
8982;10100;02/10/2024;6113;Cash
8983;7367;13/04/2024;9346;Bank Transfer
8984;6355;11/05/2025;23891;Cash
8985;10112;14/02/2024;984;Cash
8986;11009;31/08/2026;17504;Debit Card
8987;4788;13/09/2024;3846;Cash
8988;16360;14/08/2024;10603;Bank Transfer
8989;8830;04/01/2024;22929;Debit Card
8990;10480;29/08/2026;13238;Bank Transfer
8991;17189;07/11/2024;22428;Cash
8992;5538;14/07/2025;18025;Bank Transfer
8993;7126;21/07/2025;2169;Credit Card
8994;12929;10/01/2025;3029;Credit Card
8995;15407;28/10/2023;28367;Cash
8996;6543;11/03/2025;19502;Bank Transfer
8997;16177;12/09/2025;27818;Bank Transfer
8998;6231;16/05/2026;2230;Cash
8999;9553;29/11/2025;11359;Cash
9000;15444;29/06/2026;8940;Debit Card
9001;12465;31/10/2024;17681;Credit Card
9002;2443;12/04/2026;23788;Debit Card
9003;14411;24/09/2024;2057;Online
9004;19197;27/05/2024;8968;Debit Card
9005;19381;22/01/2026;15164;Debit Card
9006;19391;06/01/2024;25111;Bank Transfer
9007;16792;20/01/2024;23076;Cash
9008;16697;27/08/2024;15293;Debit Card
9009;1425;18/08/2026;20747;Debit Card
9010;8856;05/04/2025;16272;Online
9011;15402;30/09/2023;24370;Credit Card
9012;8999;13/12/2024;27288;Credit Card
9013;14396;30/08/2025;9780;Debit Card
9014;3006;03/10/2023;28913;Bank Transfer
9015;9660;25/02/2026;18754;Debit Card
9016;11524;06/12/2024;26632;Bank Transfer
9017;9501;09/10/2023;6429;Cash
9018;5129;04/12/2024;21387;Credit Card
9019;13662;30/05/2026;5392;Bank Transfer
9020;10174;10/08/2024;14851;Online
9021;14881;13/09/2024;23232;Bank Transfer
9022;15547;14/07/2024;27419;Credit Card
9023;500;13/03/2026;12080;Online
9024;6220;16/06/2026;12194;Bank Transfer
9025;11814;16/01/2025;765;Credit Card
9026;11680;22/06/2025;21807;Debit Card
9027;16544;16/05/2025;14143;Cash
9028;13342;31/01/2024;15083;Debit Card
9029;12792;05/01/2024;4723;Debit Card
9030;16073;11/01/2026;26267;Bank Transfer
9031;9628;04/05/2024;29986;Bank Transfer
9032;177;10/04/2026;568;Debit Card
9033;16230;28/01/2025;28328;Online
9034;7027;08/09/2024;3806;Cash
9035;19339;03/03/2024;14970;Online
9036;17430;06/01/2026;18335;Debit Card
9037;592;27/05/2025;631;Online
9038;14030;28/05/2026;11806;Bank Transfer
9039;15927;16/12/2025;28264;Cash
9040;7695;20/08/2025;21914;Cash
9041;12511;24/11/2024;5473;Online
9042;2314;12/06/2025;22181;Bank Transfer
9043;6955;05/06/2026;11685;Debit Card
9044;8040;19/06/2024;24473;Credit Card
9045;19105;25/05/2024;19214;Cash
9046;10305;19/10/2024;28038;Cash
9047;13562;01/01/2025;25231;Credit Card
9048;5795;26/02/2024;15460;Credit Card
9049;17662;02/10/2024;9458;Credit Card
9050;6385;28/02/2026;24691;Cash
9051;15844;16/09/2023;12558;Online
9052;14690;17/02/2024;22604;Credit Card
9053;13412;26/09/2023;17369;Bank Transfer
9054;5329;03/03/2024;10262;Cash
9055;18602;28/06/2024;12880;Bank Transfer
9056;4953;09/08/2024;24502;Online
9057;2813;05/09/2025;11572;Debit Card
9058;11394;26/08/2025;5511;Online
9059;4589;27/11/2023;29658;Bank Transfer
9060;11680;02/03/2024;20182;Debit Card
9061;2126;22/01/2025;12948;Debit Card
9062;2941;28/07/2026;12532;Online
9063;10628;16/10/2025;25624;Bank Transfer
9064;12547;31/10/2025;27002;Credit Card
9065;10751;24/10/2024;22912;Credit Card
9066;13932;24/10/2023;2883;Debit Card
9067;14379;19/11/2024;10489;Credit Card
9068;18398;17/04/2026;24214;Debit Card
9069;1725;16/02/2024;21561;Online
9070;12478;08/06/2024;17160;Bank Transfer
9071;6779;15/11/2024;28430;Online
9072;19168;25/07/2025;16888;Cash
9073;7794;25/09/2024;11627;Debit Card
9074;1199;19/04/2026;13764;Credit Card
9075;10849;21/04/2024;20529;Bank Transfer
9076;1350;07/07/2026;23846;Bank Transfer
9077;8784;17/11/2023;4902;Bank Transfer
9078;5995;21/04/2026;9766;Bank Transfer
9079;7328;01/10/2023;21158;Online
9080;11259;08/06/2025;21091;Debit Card
9081;14978;16/03/2025;8302;Debit Card
9082;16996;11/02/2025;23446;Online
9083;4206;08/02/2025;1224;Debit Card
9084;18127;22/06/2025;12657;Bank Transfer
9085;10222;19/06/2025;11940;Credit Card
9086;19625;28/07/2024;20347;Online
9087;19018;29/09/2023;13003;Cash
9088;5654;23/05/2024;20604;Bank Transfer
9089;6405;10/12/2023;26441;Debit Card
9090;8719;02/05/2024;4875;Credit Card
9091;15232;07/08/2026;7275;Bank Transfer
9092;2634;11/02/2025;28014;Debit Card
9093;9313;30/03/2025;9482;Credit Card
9094;15683;18/10/2024;26440;Cash
9095;4718;10/09/2026;12859;Cash
9096;6561;09/05/2026;14185;Online
9097;16044;16/10/2025;23984;Bank Transfer
9098;1222;24/08/2025;5791;Bank Transfer
9099;12143;27/10/2023;28917;Debit Card
9100;727;05/01/2026;17479;Credit Card
9101;4488;12/10/2024;5204;Cash
9102;368;01/06/2024;29449;Debit Card
9103;4865;06/01/2026;24852;Bank Transfer
9104;15283;02/01/2025;21165;Bank Transfer
9105;16056;27/02/2025;17599;Debit Card
9106;18713;26/10/2025;9901;Credit Card
9107;13166;28/02/2024;8026;Online
9108;1928;17/12/2023;1267;Debit Card
9109;15943;27/11/2024;25297;Online
9110;14959;01/08/2026;3371;Online
9111;18652;01/03/2025;9354;Credit Card
9112;5219;29/06/2026;25321;Cash
9113;11662;17/04/2024;24179;Bank Transfer
9114;16744;18/03/2024;16478;Bank Transfer
9115;13596;28/10/2023;11894;Online
9116;7689;20/08/2026;4513;Cash
9117;7282;09/07/2025;23314;Online
9118;7236;25/01/2024;29658;Cash
9119;12868;20/04/2026;23369;Credit Card
9120;17414;29/11/2024;25807;Cash
9121;11193;07/03/2025;17098;Bank Transfer
9122;3215;12/01/2025;2372;Credit Card
9123;12497;10/06/2026;3543;Cash
9124;2471;11/07/2025;14399;Online
9125;16115;05/02/2026;22035;Credit Card
9126;17501;17/04/2025;10310;Credit Card
9127;3953;30/11/2025;13780;Debit Card
9128;6643;23/08/2025;20917;Credit Card
9129;11514;16/07/2026;19140;Online
9130;9726;19/03/2024;18669;Cash
9131;19047;19/11/2023;3346;Cash
9132;532;04/02/2024;28068;Debit Card
9133;11362;03/09/2026;6211;Online
9134;1539;08/09/2026;6177;Bank Transfer
9135;18938;17/04/2026;17656;Online
9136;11860;08/06/2025;25391;Online
9137;19629;29/12/2023;25273;Bank Transfer
9138;6481;21/05/2024;12837;Online
9139;11427;04/08/2026;17923;Credit Card
9140;5720;09/08/2026;17424;Debit Card
9141;9208;11/03/2025;20626;Debit Card
9142;18738;03/10/2024;17336;Online
9143;3686;06/12/2025;14539;Bank Transfer
9144;12345;26/05/2024;682;Debit Card
9145;14915;08/07/2026;26185;Credit Card
9146;922;01/09/2026;22197;Cash
9147;2543;08/08/2025;29254;Cash
9148;8598;01/11/2023;12458;Online
9149;12606;17/11/2024;1526;Online
9150;14253;24/11/2025;12571;Credit Card
9151;709;12/05/2024;14410;Cash
9152;19852;11/11/2023;28465;Cash
9153;10961;16/04/2026;15642;Cash
9154;8417;17/04/2026;2014;Online
9155;9903;08/02/2026;15305;Cash
9156;19261;13/06/2026;20058;Credit Card
9157;14813;05/05/2026;649;Bank Transfer
9158;2570;25/03/2024;4079;Online
9159;14497;10/11/2024;13608;Cash
9160;8026;15/06/2026;28044;Online
9161;13508;19/11/2023;18247;Credit Card
9162;554;01/05/2026;29122;Credit Card
9163;19123;27/12/2023;29142;Bank Transfer
9164;8159;11/01/2026;29418;Bank Transfer
9165;13756;08/04/2025;21084;Credit Card
9166;376;27/06/2025;29932;Debit Card
9167;10554;18/05/2024;9646;Cash
9168;3329;12/09/2025;12845;Credit Card
9169;4490;06/04/2025;18396;Online
9170;16978;24/07/2026;13605;Cash
9171;6257;29/11/2025;10890;Debit Card
9172;16368;01/11/2023;23640;Bank Transfer
9173;9779;08/08/2025;2452;Cash
9174;19444;17/03/2024;2569;Cash
9175;10730;17/06/2026;11993;Cash
9176;4394;26/10/2024;16195;Bank Transfer
9177;15981;27/01/2026;3121;Cash
9178;13790;08/06/2025;19647;Cash
9179;14996;11/10/2025;13567;Online
9180;9963;28/07/2025;4601;Credit Card
9181;15622;13/04/2025;3769;Online
9182;8554;26/11/2024;16738;Online
9183;14893;31/12/2023;29791;Online
9184;6626;05/09/2025;16221;Debit Card
9185;6770;15/01/2026;1853;Credit Card
9186;14950;01/05/2026;5289;Debit Card
9187;13804;17/11/2025;6694;Cash
9188;4151;04/05/2025;3357;Debit Card
9189;12040;14/07/2025;19280;Cash
9190;2680;12/10/2023;20161;Online
9191;17986;19/01/2024;25410;Online
9192;1733;29/05/2025;14767;Online
9193;17213;11/05/2025;4630;Bank Transfer
9194;794;24/12/2025;2542;Cash
9195;8212;07/02/2026;29944;Online
9196;6146;12/09/2024;29313;Credit Card
9197;18377;02/09/2024;24686;Credit Card
9198;13948;05/09/2024;11260;Bank Transfer
9199;14517;29/01/2025;4199;Debit Card
9200;15781;14/10/2024;1026;Credit Card
9201;11009;17/01/2026;16794;Online
9202;10779;11/07/2026;11433;Cash
9203;1834;23/10/2024;7139;Debit Card
9204;15051;24/05/2025;1427;Credit Card
9205;11726;25/02/2025;12113;Credit Card
9206;15706;20/03/2025;4457;Online
9207;3946;19/04/2025;21365;Bank Transfer
9208;6977;12/09/2024;6533;Online
9209;12256;27/10/2025;18807;Online
9210;12155;17/03/2024;29948;Debit Card
9211;6348;28/12/2024;20196;Bank Transfer
9212;12209;09/11/2025;9729;Online
9213;7959;12/05/2025;23365;Credit Card
9214;11939;17/10/2025;22188;Debit Card
9215;18717;15/07/2024;26937;Online
9216;8397;15/12/2023;23846;Online
9217;13802;31/10/2025;4007;Bank Transfer
9218;11968;25/06/2025;10829;Online
9219;10302;27/07/2026;4494;Cash
9220;2008;13/01/2025;12132;Debit Card
9221;14881;21/02/2026;23561;Debit Card
9222;11234;28/08/2024;10716;Cash
9223;14809;06/04/2025;17579;Online
9224;803;29/11/2024;561;Cash
9225;2751;22/01/2026;5581;Online
9226;11614;05/03/2025;2054;Debit Card
9227;12352;11/11/2024;1175;Cash
9228;522;27/03/2026;11417;Online
9229;8154;01/07/2025;10409;Bank Transfer
9230;9236;03/08/2025;25022;Credit Card
9231;4148;14/02/2026;6446;Credit Card
9232;18131;26/04/2026;9894;Online
9233;1339;02/09/2026;10861;Cash
9234;19930;18/09/2025;18380;Bank Transfer
9235;3034;21/10/2024;14972;Credit Card
9236;10217;03/03/2025;18437;Cash
9237;11505;25/06/2024;19704;Debit Card
9238;17296;16/01/2026;11750;Bank Transfer
9239;7723;05/10/2024;4825;Credit Card
9240;19422;01/09/2025;669;Credit Card
9241;8047;19/12/2025;27551;Cash
9242;226;05/08/2026;999;Credit Card
9243;9227;05/10/2023;5823;Credit Card
9244;8584;30/06/2026;9044;Online
9245;6966;19/02/2026;24952;Debit Card
9246;5865;27/10/2024;28153;Bank Transfer
9247;1906;31/12/2025;3146;Credit Card
9248;13777;10/11/2023;15021;Bank Transfer
9249;4861;04/06/2024;21486;Debit Card
9250;16564;27/09/2024;6077;Debit Card
9251;13932;30/10/2023;26045;Cash
9252;4446;07/12/2023;29710;Bank Transfer
9253;17175;10/12/2025;10188;Debit Card
9254;19033;25/07/2025;9505;Online
9255;16451;26/07/2025;5148;Bank Transfer
9256;18655;27/04/2024;24076;Cash
9257;19315;28/07/2026;16869;Credit Card
9258;3538;15/05/2025;2021;Bank Transfer
9259;12634;29/05/2024;4391;Online
9260;14523;09/07/2025;10346;Debit Card
9261;2774;09/04/2024;23496;Credit Card
9262;16707;30/01/2025;11250;Bank Transfer
9263;12815;18/10/2025;23260;Bank Transfer
9264;5082;01/08/2025;25377;Online
9265;15419;13/11/2023;23515;Bank Transfer
9266;5230;24/09/2024;11590;Cash
9267;2133;04/06/2026;20245;Credit Card
9268;17922;20/10/2023;27976;Credit Card
9269;2883;09/07/2024;28365;Bank Transfer
9270;12880;28/01/2025;17568;Debit Card
9271;10613;12/07/2024;10845;Online
9272;3498;14/11/2024;4391;Debit Card
9273;8141;29/12/2023;18311;Debit Card
9274;8662;27/12/2025;4139;Cash
9275;12264;02/05/2026;1573;Bank Transfer
9276;2074;07/10/2025;23101;Bank Transfer
9277;19599;02/11/2023;911;Debit Card
9278;18904;14/11/2025;3199;Credit Card
9279;13811;27/04/2026;9569;Online
9280;9598;14/12/2024;14445;Credit Card
9281;12314;19/02/2026;25273;Debit Card
9282;12014;08/02/2025;6878;Online
9283;17217;16/01/2024;28891;Cash
9284;14471;12/02/2024;17349;Cash
9285;3416;23/06/2025;13310;Debit Card
9286;16078;20/03/2026;14231;Credit Card
9287;12217;10/06/2024;16272;Online
9288;7935;01/04/2025;22371;Cash
9289;1332;29/07/2025;6089;Credit Card
9290;755;02/08/2024;13337;Bank Transfer
9291;12025;06/09/2024;19967;Online
9292;15148;17/03/2025;20838;Cash
9293;10841;16/04/2026;4233;Debit Card
9294;17128;26/09/2025;2035;Online
9295;17440;27/02/2024;1718;Cash
9296;14283;27/10/2025;20032;Online
9297;3364;27/08/2025;27512;Online
9298;9363;05/11/2023;24316;Credit Card
9299;17172;23/03/2026;24726;Cash
9300;2676;19/09/2025;16879;Credit Card
9301;3928;04/06/2025;6697;Online
9302;14875;23/03/2024;10667;Cash
9303;3003;12/02/2024;27683;Debit Card
9304;9148;04/02/2025;18832;Bank Transfer
9305;8626;31/08/2026;17691;Cash
9306;3746;05/06/2024;24501;Bank Transfer
9307;6464;24/08/2026;22886;Online
9308;14007;29/08/2024;3328;Online
9309;12272;22/04/2025;18629;Bank Transfer
9310;214;06/02/2024;22818;Cash
9311;12488;18/12/2023;3370;Bank Transfer
9312;12140;29/03/2026;19142;Bank Transfer
9313;6766;02/10/2023;6152;Bank Transfer
9314;18799;21/07/2025;11297;Cash
9315;12675;17/12/2023;1802;Online
9316;6849;20/01/2025;15879;Cash
9317;1368;28/11/2023;13571;Bank Transfer
9318;12669;27/08/2024;6153;Bank Transfer
9319;16905;11/09/2024;23181;Online
9320;5945;08/02/2024;13819;Debit Card
9321;2253;15/05/2026;1271;Cash
9322;8095;08/09/2024;23145;Cash
9323;12320;05/05/2024;22127;Bank Transfer
9324;5055;18/11/2025;18368;Cash
9325;2474;17/11/2023;15535;Bank Transfer
9326;9683;10/11/2025;17675;Credit Card
9327;12257;13/12/2025;11192;Credit Card
9328;14627;08/01/2024;24690;Cash
9329;4370;08/11/2024;15607;Bank Transfer
9330;19389;29/09/2023;4604;Credit Card
9331;18835;06/06/2025;11833;Online
9332;3922;12/06/2026;9072;Bank Transfer
9333;5606;08/11/2023;15618;Cash
9334;7773;03/08/2025;16449;Debit Card
9335;2444;20/08/2025;3299;Credit Card
9336;369;04/05/2024;23733;Cash
9337;14805;29/12/2025;7899;Online
9338;3563;16/12/2025;6172;Online
9339;10222;17/10/2025;22258;Bank Transfer
9340;1678;25/11/2025;11949;Bank Transfer
9341;7739;21/06/2024;10095;Cash
9342;2479;02/04/2026;21353;Cash
9343;13089;15/07/2026;9092;Debit Card
9344;18931;19/06/2025;4818;Bank Transfer
9345;13927;22/01/2024;29400;Bank Transfer
9346;17062;14/10/2023;23585;Debit Card
9347;13026;25/01/2024;24061;Online
9348;18443;27/10/2025;21375;Credit Card
9349;16311;19/11/2024;23576;Cash
9350;3861;02/09/2026;21966;Cash
9351;10416;16/07/2024;3063;Credit Card
9352;16630;20/05/2024;3482;Debit Card
9353;13900;21/09/2025;24587;Credit Card
9354;3810;23/07/2024;12212;Online
9355;9550;03/01/2026;2418;Bank Transfer
9356;6646;06/08/2024;7017;Credit Card
9357;7303;29/11/2024;28378;Credit Card
9358;12741;18/06/2025;6526;Credit Card
9359;10593;17/07/2026;11608;Debit Card
9360;9336;03/03/2025;23003;Credit Card
9361;6661;25/05/2025;7836;Credit Card
9362;10495;04/09/2024;19181;Debit Card
9363;13045;26/10/2025;22793;Online
9364;19628;26/02/2024;22819;Credit Card
9365;12749;04/03/2024;3256;Online
9366;5493;17/05/2024;3818;Cash
9367;17982;21/10/2025;21164;Debit Card
9368;2742;06/05/2024;28660;Credit Card
9369;1577;25/11/2024;15166;Bank Transfer
9370;10500;25/08/2026;4138;Bank Transfer
9371;13748;01/02/2026;15308;Debit Card
9372;9723;20/03/2024;6773;Online
9373;9196;26/02/2025;17127;Cash
9374;13525;03/06/2026;21605;Debit Card
9375;16273;22/10/2024;12615;Debit Card
9376;11262;04/04/2026;11832;Cash
9377;3928;27/04/2025;26656;Credit Card
9378;8871;20/07/2024;29965;Credit Card
9379;12772;30/01/2025;26087;Online
9380;5933;14/11/2023;25941;Debit Card
9381;4089;22/09/2023;15121;Online
9382;6796;27/05/2024;14676;Debit Card
9383;19862;06/06/2024;20023;Online
9384;5988;12/06/2024;14398;Credit Card
9385;15801;29/12/2023;28577;Bank Transfer
9386;3715;25/08/2024;10463;Bank Transfer
9387;3871;17/03/2026;16628;Bank Transfer
9388;14462;02/11/2023;27227;Debit Card
9389;12015;06/01/2025;6521;Debit Card
9390;15110;14/06/2026;18439;Bank Transfer
9391;11339;06/12/2025;6010;Online
9392;8038;12/01/2025;26406;Cash
9393;4531;03/09/2026;14499;Bank Transfer
9394;3618;12/03/2025;15770;Bank Transfer
9395;10584;27/05/2026;19677;Online
9396;7106;10/09/2024;17735;Credit Card
9397;13666;09/05/2025;4883;Debit Card
9398;4957;14/08/2024;19056;Credit Card
9399;10756;11/03/2025;10505;Debit Card
9400;16868;16/03/2025;29816;Debit Card
9401;7884;21/04/2024;2356;Credit Card
9402;13660;11/07/2026;24680;Credit Card
9403;16466;24/08/2026;22675;Cash
9404;12826;14/08/2024;15356;Online
9405;8671;04/12/2025;18093;Online
9406;5978;07/06/2026;21809;Cash
9407;11891;24/09/2024;28360;Online
9408;12958;25/08/2024;25497;Debit Card
9409;954;27/02/2024;13460;Credit Card
9410;16554;30/10/2023;8571;Cash
9411;6867;27/02/2024;5551;Bank Transfer
9412;15554;17/07/2024;28955;Credit Card
9413;2815;09/07/2026;2426;Credit Card
9414;7636;15/03/2024;3996;Credit Card
9415;3386;18/01/2025;21610;Credit Card
9416;9167;18/10/2025;22037;Credit Card
9417;5826;27/08/2024;13536;Debit Card
9418;13723;22/03/2024;13350;Online
9419;18743;06/12/2024;6171;Bank Transfer
9420;14148;20/08/2024;10464;Debit Card
9421;19822;29/04/2025;24197;Online
9422;19819;31/12/2024;6877;Bank Transfer
9423;18677;28/09/2024;23952;Bank Transfer
9424;17312;08/08/2026;4104;Online
9425;4662;02/07/2024;6692;Bank Transfer
9426;11596;21/07/2026;9651;Credit Card
9427;17950;24/11/2025;4423;Debit Card
9428;16436;18/07/2026;6691;Credit Card
9429;11947;11/11/2025;27721;Cash
9430;6935;08/07/2026;8057;Bank Transfer
9431;19453;31/03/2026;8020;Bank Transfer
9432;9575;08/09/2024;26098;Cash
9433;11233;09/11/2023;11099;Cash
9434;14343;05/01/2026;13519;Credit Card
9435;19584;09/10/2023;21187;Debit Card
9436;5966;13/03/2025;17358;Bank Transfer
9437;7991;30/01/2025;10795;Bank Transfer
9438;416;25/01/2025;22116;Bank Transfer
9439;11019;12/04/2026;28291;Cash
9440;9592;08/06/2024;17203;Online
9441;6176;01/07/2024;10991;Cash
9442;8809;17/11/2024;24497;Credit Card
9443;2280;02/12/2024;10162;Cash
9444;6972;30/12/2025;29560;Debit Card
9445;10618;15/02/2026;12900;Bank Transfer
9446;2514;19/09/2025;12355;Online
9447;18054;11/05/2026;28529;Bank Transfer
9448;4781;31/03/2026;15826;Debit Card
9449;11093;03/03/2025;27479;Credit Card
9450;6266;09/07/2024;10521;Cash
9451;15843;29/04/2026;26032;Cash
9452;4107;06/02/2024;27435;Online
9453;2175;22/07/2025;8179;Credit Card
9454;12378;11/05/2026;4735;Credit Card
9455;15837;26/05/2025;18395;Cash
9456;19629;27/11/2023;9428;Bank Transfer
9457;6633;21/03/2024;22462;Debit Card
9458;16513;13/11/2023;7832;Credit Card
9459;3269;28/03/2026;21517;Debit Card
9460;19265;12/09/2026;7794;Debit Card
9461;14007;06/06/2024;7245;Online
9462;13766;23/03/2024;6842;Bank Transfer
9463;15449;28/03/2025;8726;Online
9464;1481;06/10/2023;25743;Online
9465;10628;23/08/2025;14351;Debit Card
9466;2196;08/08/2024;10800;Bank Transfer
9467;15001;24/10/2025;26998;Credit Card
9468;6086;21/05/2026;11730;Debit Card
9469;9949;11/11/2023;554;Debit Card
9470;6007;03/03/2024;3923;Debit Card
9471;5468;04/04/2024;29753;Online
9472;12899;31/01/2025;3409;Credit Card
9473;2853;06/10/2025;11469;Debit Card
9474;10289;24/06/2025;13355;Cash
9475;16589;27/09/2025;23448;Cash
9476;1552;25/08/2024;24673;Cash
9477;8338;09/08/2024;4645;Online
9478;12283;17/07/2024;2537;Cash
9479;10034;21/08/2026;28670;Online
9480;2997;21/04/2024;20344;Online
9481;14125;12/09/2026;29111;Credit Card
9482;8265;24/01/2025;23242;Credit Card
9483;15921;05/03/2024;26038;Credit Card
9484;6354;26/11/2025;9349;Debit Card
9485;2234;15/08/2024;7271;Online
9486;16233;30/09/2024;26433;Online
9487;17229;07/11/2024;24219;Online
9488;11311;21/06/2026;20330;Online
9489;4367;21/03/2026;9022;Online
9490;7885;17/10/2024;19656;Cash
9491;19267;24/06/2024;24577;Debit Card
9492;16612;21/03/2025;5831;Debit Card
9493;3440;13/02/2026;7162;Credit Card
9494;9853;21/05/2025;28703;Online
9495;10511;13/04/2026;20872;Cash
9496;15408;24/11/2025;19688;Cash
9497;2130;21/05/2026;8716;Online
9498;3001;21/06/2025;29097;Online
9499;10274;26/06/2024;9892;Cash
9500;19859;20/03/2025;8756;Cash
9501;18069;09/09/2024;11610;Credit Card
9502;1566;31/10/2024;11676;Bank Transfer
9503;13652;14/06/2026;29804;Bank Transfer
9504;8402;11/05/2024;18320;Cash
9505;19877;12/09/2026;25156;Online
9506;8014;15/10/2024;26535;Bank Transfer
9507;19119;13/12/2025;5539;Bank Transfer
9508;12064;08/03/2026;16497;Cash
9509;17399;11/10/2023;6512;Credit Card
9510;14876;02/11/2025;14106;Debit Card
9511;5154;22/12/2025;20081;Online
9512;19223;26/02/2025;19494;Cash
9513;11023;29/11/2025;16631;Bank Transfer
9514;8629;01/12/2024;3335;Debit Card
9515;13356;18/12/2023;14145;Bank Transfer
9516;18513;28/03/2024;27920;Credit Card
9517;8659;18/05/2025;6289;Debit Card
9518;9878;17/11/2025;14412;Credit Card
9519;15030;11/05/2025;1145;Cash
9520;3465;14/03/2024;9160;Online
9521;16325;17/09/2025;4806;Credit Card
9522;13645;17/05/2025;16528;Debit Card
9523;11789;04/08/2025;27672;Bank Transfer
9524;16450;09/09/2024;18303;Cash
9525;17926;07/06/2025;16294;Cash
9526;8041;13/05/2024;4500;Online
9527;18980;31/12/2023;29963;Debit Card
9528;7832;04/08/2025;7158;Bank Transfer
9529;1168;03/07/2026;5869;Cash
9530;17405;05/10/2025;17491;Cash
9531;4296;30/08/2026;29073;Cash
9532;2893;31/12/2023;3431;Debit Card
9533;15517;06/12/2024;24285;Bank Transfer
9534;3469;02/02/2025;29998;Credit Card
9535;12092;15/06/2026;14485;Cash
9536;1687;22/03/2024;14901;Credit Card
9537;386;10/03/2024;20400;Cash
9538;17482;21/07/2024;16073;Credit Card
9539;9068;03/10/2023;13074;Cash
9540;4506;13/03/2025;11001;Cash
9541;4658;20/10/2025;9728;Cash
9542;15571;12/05/2025;18066;Cash
9543;12865;21/02/2025;7174;Debit Card
9544;15897;05/07/2024;26068;Online
9545;12212;18/01/2025;17524;Cash
9546;12676;29/04/2026;15686;Debit Card
9547;9717;04/10/2023;24792;Credit Card
9548;10283;22/03/2024;19470;Credit Card
9549;13322;14/11/2024;13005;Bank Transfer
9550;17836;30/11/2023;10423;Bank Transfer
9551;17702;15/09/2025;12813;Debit Card
9552;17066;14/06/2025;28632;Bank Transfer
9553;12282;01/11/2023;6025;Bank Transfer
9554;13641;21/04/2025;11487;Bank Transfer
9555;3437;22/11/2023;12463;Cash
9556;37;30/07/2026;13944;Credit Card
9557;7122;23/05/2025;28919;Debit Card
9558;14582;03/01/2024;6751;Cash
9559;17495;30/06/2025;25776;Online
9560;10639;05/04/2024;11128;Bank Transfer
9561;19778;10/06/2025;8334;Credit Card
9562;2060;26/08/2026;28040;Bank Transfer
9563;3936;17/05/2026;15526;Cash
9564;3009;15/08/2026;25494;Bank Transfer
9565;18008;11/06/2026;17392;Cash
9566;7681;03/03/2025;28208;Credit Card
9567;6536;07/06/2024;14391;Bank Transfer
9568;19582;05/11/2024;21870;Debit Card
9569;13129;30/03/2024;28070;Bank Transfer
9570;2275;03/03/2026;27752;Online
9571;16397;07/04/2025;9343;Bank Transfer
9572;16826;25/11/2025;7378;Credit Card
9573;14868;07/11/2023;10438;Cash
9574;7276;03/06/2024;13652;Debit Card
9575;6291;24/02/2025;23659;Debit Card
9576;17258;27/02/2024;12452;Cash
9577;17622;05/07/2025;21901;Online
9578;15061;10/01/2025;29127;Debit Card
9579;17573;21/04/2024;27808;Online
9580;4079;28/01/2026;9602;Online
9581;18226;07/03/2025;7345;Credit Card
9582;14191;10/01/2024;5215;Online
9583;5523;15/01/2024;22622;Cash
9584;1684;15/07/2025;3925;Credit Card
9585;4156;04/10/2025;7888;Debit Card
9586;16364;20/11/2023;9838;Bank Transfer
9587;19463;11/07/2026;5313;Bank Transfer
9588;13658;15/11/2024;15634;Cash
9589;15725;04/02/2026;4498;Online
9590;5208;21/08/2024;19642;Bank Transfer
9591;4485;02/02/2024;15049;Debit Card
9592;13247;13/08/2025;25809;Cash
9593;8949;13/09/2024;22341;Cash
9594;3382;02/10/2025;24697;Credit Card
9595;74;23/08/2026;6229;Bank Transfer
9596;5570;24/06/2026;29660;Online
9597;8806;14/01/2025;4120;Online
9598;15624;20/05/2024;11221;Credit Card
9599;12036;14/01/2026;20273;Online
9600;16692;16/07/2025;2332;Cash
9601;6376;30/05/2025;1383;Cash
9602;19041;23/07/2024;14611;Online
9603;7549;06/08/2024;26895;Cash
9604;1045;04/01/2026;24544;Credit Card
9605;1359;20/02/2024;15754;Cash
9606;14591;24/09/2023;26263;Credit Card
9607;16913;24/11/2023;1885;Bank Transfer
9608;6857;28/03/2024;24126;Debit Card
9609;6544;26/11/2024;1185;Cash
9610;12099;26/02/2025;23964;Credit Card
9611;13509;20/03/2024;14654;Credit Card
9612;2331;30/06/2026;19779;Cash
9613;18858;28/08/2024;6973;Credit Card
9614;14437;02/03/2025;6665;Cash
9615;12206;26/01/2025;9970;Bank Transfer
9616;9327;29/09/2025;6669;Credit Card
9617;17856;26/07/2026;13952;Debit Card
9618;14933;22/12/2023;10269;Cash
9619;7042;19/03/2024;18321;Bank Transfer
9620;17773;19/02/2026;13408;Bank Transfer
9621;11866;19/09/2025;16941;Debit Card
9622;7822;28/10/2023;1738;Debit Card
9623;8801;10/01/2024;856;Bank Transfer
9624;5181;26/09/2024;9351;Debit Card
9625;1554;04/09/2024;20938;Online
9626;14401;03/03/2026;18002;Credit Card
9627;12634;11/10/2023;7479;Debit Card
9628;6536;09/04/2024;25904;Online
9629;5456;28/12/2023;21088;Credit Card
9630;10269;23/10/2023;28443;Bank Transfer
9631;11071;09/06/2026;5053;Credit Card
9632;17035;30/10/2024;12006;Online
9633;3775;27/09/2023;7633;Bank Transfer
9634;19677;31/08/2025;26955;Credit Card
9635;7220;04/01/2026;28090;Debit Card
9636;387;08/10/2024;19652;Online
9637;5864;07/04/2026;1501;Cash
9638;15845;05/02/2026;27032;Bank Transfer
9639;18727;08/10/2023;25573;Credit Card
9640;4456;21/08/2025;25017;Online
9641;9914;13/02/2024;28105;Online
9642;17612;25/03/2024;10701;Bank Transfer
9643;425;08/11/2025;23584;Credit Card
9644;19060;05/12/2024;2377;Debit Card
9645;341;06/01/2026;28276;Online
9646;4608;18/01/2026;29380;Bank Transfer
9647;5665;13/02/2026;22466;Online
9648;1442;22/04/2026;2649;Online
9649;17245;17/12/2023;7266;Online
9650;1552;21/05/2024;20270;Online
9651;19717;27/03/2026;27784;Debit Card
9652;12198;07/07/2025;8831;Cash
9653;15670;21/09/2023;3565;Credit Card
9654;9608;03/12/2025;14115;Debit Card
9655;3772;20/03/2024;14607;Credit Card
9656;13935;16/04/2025;17561;Debit Card
9657;8744;13/05/2026;19849;Bank Transfer
9658;18596;16/12/2024;21519;Cash
9659;486;13/02/2026;4269;Debit Card
9660;234;23/12/2023;18926;Bank Transfer
9661;3814;03/10/2023;11740;Credit Card
9662;4702;16/09/2023;21124;Cash
9663;19007;13/09/2024;18466;Debit Card
9664;7852;31/03/2026;20606;Bank Transfer
9665;13115;31/07/2026;7826;Bank Transfer
9666;10301;08/01/2025;4017;Cash
9667;6588;19/06/2025;3719;Cash
9668;5410;15/11/2024;3528;Bank Transfer
9669;18774;26/07/2025;606;Online
9670;6367;16/09/2024;27579;Credit Card
9671;9101;19/05/2024;8316;Bank Transfer
9672;18956;19/01/2025;6246;Online
9673;1271;15/08/2024;633;Cash
9674;18497;17/03/2025;28907;Online
9675;8001;13/07/2025;8942;Cash
9676;8166;21/01/2024;24448;Debit Card
9677;16062;18/09/2023;10484;Online
9678;13222;03/10/2023;17801;Bank Transfer
9679;394;12/01/2026;23037;Online
9680;10732;19/02/2026;26426;Bank Transfer
9681;13804;21/10/2023;5834;Credit Card
9682;17988;02/02/2026;15525;Online
9683;18654;14/08/2025;22077;Online
9684;9282;12/11/2024;4576;Cash
9685;6014;05/02/2026;19833;Cash
9686;15050;25/06/2026;26800;Debit Card
9687;13103;02/09/2026;27928;Bank Transfer
9688;14417;03/08/2024;8513;Credit Card
9689;12130;20/08/2024;29859;Cash
9690;16847;18/04/2026;11504;Debit Card
9691;10169;12/12/2023;6845;Cash
9692;12808;19/09/2024;29282;Cash
9693;8009;22/07/2025;12420;Debit Card
9694;13345;08/10/2025;11179;Bank Transfer
9695;11085;09/08/2025;3635;Bank Transfer
9696;7465;02/07/2026;6879;Online
9697;15000;24/06/2026;8546;Debit Card
9698;5775;21/01/2026;20730;Bank Transfer
9699;14390;15/09/2024;4150;Bank Transfer
9700;13943;18/04/2024;7956;Debit Card
9701;17755;03/10/2024;23519;Cash
9702;19835;22/10/2024;26463;Online
9703;12728;17/02/2026;28066;Bank Transfer
9704;53;20/08/2026;24579;Credit Card
9705;1462;21/07/2026;16819;Credit Card
9706;1430;27/06/2024;15566;Debit Card
9707;5250;10/07/2025;10565;Online
9708;855;20/02/2026;782;Cash
9709;8883;18/09/2024;1515;Debit Card
9710;6427;02/06/2026;25638;Credit Card
9711;19663;22/10/2024;28378;Debit Card
9712;6614;20/01/2026;16542;Bank Transfer
9713;18680;21/04/2025;1000;Bank Transfer
9714;2052;20/10/2023;29556;Cash
9715;17985;16/03/2025;6409;Debit Card
9716;4047;24/06/2024;9374;Online
9717;3500;14/05/2025;4967;Online
9718;13132;27/02/2025;19364;Bank Transfer
9719;17606;19/01/2024;2901;Credit Card
9720;13537;15/11/2024;3954;Debit Card
9721;19807;15/06/2024;21907;Credit Card
9722;6751;14/10/2024;22305;Debit Card
9723;19973;04/08/2026;19052;Cash
9724;9019;15/11/2024;12131;Debit Card
9725;3850;07/10/2024;8350;Bank Transfer
9726;19975;21/02/2026;12179;Credit Card
9727;15230;25/02/2026;1434;Bank Transfer
9728;11350;29/11/2024;20980;Bank Transfer
9729;1261;09/06/2024;11202;Debit Card
9730;1117;20/07/2025;15724;Online
9731;565;29/07/2024;21650;Bank Transfer
9732;19369;20/12/2023;15066;Debit Card
9733;16658;14/02/2025;17559;Bank Transfer
9734;18373;01/02/2026;5752;Bank Transfer
9735;8993;24/11/2023;16160;Cash
9736;12862;03/07/2025;16098;Credit Card
9737;12696;09/10/2024;6275;Cash
9738;5592;30/08/2025;7966;Online
9739;1858;30/01/2024;6180;Bank Transfer
9740;8670;19/03/2026;12258;Online
9741;11543;20/09/2023;11936;Debit Card
9742;12863;29/04/2026;7987;Cash
9743;8600;16/11/2023;9373;Credit Card
9744;8987;03/01/2025;12134;Cash
9745;11552;25/09/2024;8388;Online
9746;16575;26/02/2025;13276;Online
9747;4007;15/08/2026;24282;Bank Transfer
9748;3912;05/12/2025;23073;Debit Card
9749;1053;03/12/2025;27997;Credit Card
9750;17323;25/06/2025;26573;Credit Card
9751;4189;09/04/2025;18002;Cash
9752;19269;17/10/2024;17566;Debit Card
9753;15504;02/02/2024;705;Bank Transfer
9754;16027;18/08/2024;1949;Bank Transfer
9755;3758;24/10/2024;2152;Bank Transfer
9756;19447;31/08/2024;10084;Online
9757;12850;10/10/2024;13826;Debit Card
9758;916;02/04/2025;25340;Bank Transfer
9759;7940;04/04/2024;15661;Bank Transfer
9760;5022;01/03/2026;15189;Debit Card
9761;6233;08/07/2025;11049;Credit Card
9762;19065;24/05/2026;29546;Credit Card
9763;16388;03/12/2025;13291;Debit Card
9764;4515;24/05/2024;28790;Online
9765;519;21/11/2025;1476;Credit Card
9766;5298;02/01/2026;7695;Debit Card
9767;16389;13/02/2025;28726;Bank Transfer
9768;15819;26/01/2024;21441;Credit Card
9769;9929;12/06/2026;7114;Credit Card
9770;9283;10/10/2024;12650;Debit Card
9771;44;31/10/2023;19833;Debit Card
9772;16638;11/12/2023;25243;Debit Card
9773;13399;13/10/2024;17692;Bank Transfer
9774;9723;11/05/2026;754;Cash
9775;14107;24/05/2024;26080;Bank Transfer
9776;4637;26/07/2024;25446;Debit Card
9777;2933;12/06/2026;791;Debit Card
9778;5931;04/10/2024;17479;Cash
9779;7001;01/11/2023;29649;Bank Transfer
9780;17900;21/01/2024;11368;Bank Transfer
9781;15715;04/09/2024;4250;Credit Card
9782;12917;01/01/2026;14265;Cash
9783;6974;10/04/2026;13290;Cash
9784;15341;06/07/2025;16723;Cash
9785;15380;09/02/2024;29782;Online
9786;16254;23/03/2025;7300;Online
9787;17891;19/02/2024;10984;Credit Card
9788;15943;29/05/2025;8962;Bank Transfer
9789;4202;24/11/2024;14992;Bank Transfer
9790;7207;05/04/2025;2073;Online
9791;11702;04/12/2024;14130;Credit Card
9792;11740;18/12/2024;28610;Debit Card
9793;9973;30/07/2025;1004;Online
9794;18188;02/03/2024;16835;Bank Transfer
9795;1925;02/04/2025;2164;Credit Card
9796;13379;14/11/2023;10648;Online
9797;9945;31/10/2024;23502;Online
9798;16930;20/04/2026;29599;Cash
9799;8828;13/11/2024;4395;Cash
9800;18313;19/04/2024;18517;Bank Transfer
9801;6153;02/12/2023;5161;Bank Transfer
9802;11147;29/06/2026;16801;Bank Transfer
9803;3595;14/02/2026;18385;Bank Transfer
9804;16734;20/12/2024;24900;Cash
9805;5050;24/11/2025;21401;Cash
9806;7150;30/07/2026;14630;Online
9807;12139;08/10/2025;21686;Credit Card
9808;10909;15/09/2023;13761;Online
9809;7764;04/11/2025;2556;Credit Card
9810;14670;06/07/2024;11982;Credit Card
9811;2695;09/06/2026;23807;Bank Transfer
9812;4369;28/03/2025;579;Bank Transfer
9813;18047;31/05/2026;21074;Cash
9814;12678;21/02/2025;29122;Cash
9815;9209;23/08/2026;10700;Bank Transfer
9816;19601;30/05/2025;29219;Credit Card
9817;2723;25/11/2023;10756;Debit Card
9818;12111;14/10/2025;22661;Debit Card
9819;13881;28/08/2024;22652;Credit Card
9820;6069;20/07/2024;18716;Credit Card
9821;4251;21/12/2025;10791;Cash
9822;4859;13/02/2025;22713;Bank Transfer
9823;4140;14/03/2025;29210;Credit Card
9824;16414;13/12/2023;29040;Online
9825;9338;13/01/2026;9542;Online
9826;16364;30/08/2025;4924;Debit Card
9827;5213;09/12/2024;1219;Bank Transfer
9828;9991;22/01/2024;2614;Debit Card
9829;8065;21/08/2025;22596;Bank Transfer
9830;18286;30/12/2023;7026;Cash
9831;5086;01/07/2026;21628;Credit Card
9832;15648;26/10/2024;1326;Credit Card
9833;14667;30/11/2023;21179;Cash
9834;9935;13/03/2025;8074;Credit Card
9835;12147;03/10/2023;3118;Credit Card
9836;627;03/04/2024;25736;Debit Card
9837;17235;20/03/2026;14844;Cash
9838;19970;12/03/2024;12210;Bank Transfer
9839;19694;10/08/2025;2321;Online
9840;18809;12/10/2025;6061;Bank Transfer
9841;12170;06/08/2025;12773;Online
9842;17558;02/02/2024;7891;Debit Card
9843;1670;24/07/2026;24519;Online
9844;13621;28/09/2023;20608;Online
9845;10511;28/09/2024;21255;Online
9846;6309;24/03/2025;29796;Bank Transfer
9847;16916;22/11/2023;18306;Debit Card
9848;14782;16/06/2026;26580;Online
9849;10479;02/01/2024;24242;Credit Card
9850;11652;12/11/2025;19909;Online
9851;11722;21/11/2025;24289;Debit Card
9852;14875;25/07/2024;17011;Bank Transfer
9853;2254;28/06/2024;8058;Bank Transfer
9854;14455;01/01/2025;20795;Bank Transfer
9855;6214;14/04/2024;9082;Cash
9856;4485;08/08/2024;8630;Bank Transfer
9857;11573;10/10/2023;17317;Cash
9858;13565;08/08/2025;18209;Bank Transfer
9859;13240;15/06/2025;11956;Debit Card
9860;17848;21/07/2026;12252;Cash
9861;9452;15/04/2026;16568;Bank Transfer
9862;1167;12/06/2024;10698;Bank Transfer
9863;10192;26/12/2024;10428;Cash
9864;7554;14/09/2025;11956;Cash
9865;17557;04/06/2025;5242;Credit Card
9866;13859;06/01/2024;28827;Bank Transfer
9867;3530;24/05/2024;12640;Cash
9868;8827;05/02/2025;12377;Online
9869;4882;30/04/2025;7083;Cash
9870;11529;18/06/2024;23738;Debit Card
9871;1968;12/08/2025;7979;Debit Card
9872;2767;12/04/2025;17171;Credit Card
9873;18051;05/08/2024;22650;Debit Card
9874;9737;07/12/2025;22219;Cash
9875;14956;02/12/2024;2209;Credit Card
9876;16313;17/08/2026;20008;Bank Transfer
9877;18984;09/06/2024;19268;Bank Transfer
9878;8872;13/01/2024;14194;Credit Card
9879;6044;14/05/2024;2901;Debit Card
9880;3951;11/07/2026;916;Cash
9881;8344;12/02/2024;6979;Debit Card
9882;13136;07/11/2024;17670;Debit Card
9883;1779;28/01/2026;14306;Cash
9884;147;21/04/2026;14421;Online
9885;16743;07/10/2024;2237;Cash
9886;5423;29/08/2026;11032;Debit Card
9887;1930;27/12/2023;16861;Cash
9888;19868;26/11/2023;29628;Bank Transfer
9889;5592;03/06/2024;10702;Bank Transfer
9890;13601;16/05/2025;15969;Online
9891;4817;13/10/2024;25796;Cash
9892;5881;16/06/2024;17651;Debit Card
9893;9107;21/09/2025;11649;Cash
9894;6182;24/10/2024;23257;Credit Card
9895;14801;02/07/2024;3562;Bank Transfer
9896;14313;30/03/2024;29029;Bank Transfer
9897;1172;04/05/2024;27911;Bank Transfer
9898;8156;06/09/2026;4552;Debit Card
9899;18353;01/03/2024;28195;Bank Transfer
9900;5906;18/02/2025;17414;Credit Card
9901;16884;10/02/2025;11592;Online
9902;2200;15/03/2025;27097;Credit Card
9903;14928;24/03/2025;10078;Online
9904;6761;11/10/2025;9991;Debit Card
9905;13084;29/12/2025;12077;Credit Card
9906;16964;20/01/2024;4797;Debit Card
9907;18759;21/02/2025;14973;Debit Card
9908;15012;21/02/2024;7687;Credit Card
9909;14856;23/04/2025;7725;Bank Transfer
9910;19473;26/10/2023;15895;Debit Card
9911;14078;23/10/2023;23405;Debit Card
9912;4215;30/09/2025;1475;Cash
9913;10714;14/09/2025;29959;Credit Card
9914;6192;09/12/2023;21085;Credit Card
9915;7255;25/02/2024;817;Credit Card
9916;18285;18/06/2025;5748;Bank Transfer
9917;12886;17/01/2024;7426;Debit Card
9918;2381;05/06/2024;13280;Cash
9919;11617;12/09/2024;1974;Debit Card
9920;7730;07/11/2024;4845;Cash
9921;11493;18/08/2025;20735;Cash
9922;8842;22/06/2026;16430;Debit Card
9923;14104;27/06/2024;13409;Online
9924;10525;18/06/2025;3750;Cash
9925;17952;26/09/2025;3259;Credit Card
9926;14700;14/09/2023;5565;Bank Transfer
9927;8519;10/12/2023;14652;Debit Card
9928;13661;29/04/2024;6303;Online
9929;6020;15/11/2024;15998;Debit Card
9930;4699;24/08/2026;13863;Debit Card
9931;4350;17/12/2024;26522;Debit Card
9932;10372;17/08/2024;25779;Debit Card
9933;17707;06/06/2026;25165;Online
9934;18832;27/03/2025;23498;Debit Card
9935;14221;25/05/2024;605;Debit Card
9936;15948;01/11/2023;29507;Bank Transfer
9937;2021;06/08/2024;21679;Bank Transfer
9938;15532;18/03/2024;7402;Online
9939;14921;23/08/2024;25242;Online
9940;19442;16/05/2024;23459;Debit Card
9941;15810;30/10/2024;10142;Online
9942;7003;05/03/2024;17779;Bank Transfer
9943;17565;22/03/2025;29418;Debit Card
9944;17499;02/07/2026;18801;Online
9945;3901;23/02/2025;19315;Online
9946;195;16/06/2025;9897;Credit Card
9947;11759;10/01/2026;28975;Cash
9948;17183;01/07/2025;16068;Cash
9949;14204;28/03/2024;19291;Credit Card
9950;7080;11/07/2026;18348;Bank Transfer
9951;12795;18/02/2026;5659;Online
9952;12036;02/05/2024;25608;Bank Transfer
9953;19870;13/10/2025;4425;Cash
9954;7614;27/06/2026;9327;Cash
9955;698;29/02/2024;15532;Online
9956;3664;02/10/2025;28213;Credit Card
9957;6873;15/10/2023;27628;Cash
9958;8719;02/05/2026;27558;Credit Card
9959;17696;05/10/2023;12600;Cash
9960;8991;06/03/2026;15538;Online
9961;19549;12/03/2026;3654;Debit Card
9962;1176;19/10/2025;13356;Online
9963;10734;22/04/2024;4606;Bank Transfer
9964;4934;14/05/2024;25771;Online
9965;17912;10/01/2025;16619;Debit Card
9966;17670;01/07/2024;13403;Bank Transfer
9967;16986;23/09/2025;24410;Cash
9968;16779;14/12/2024;5651;Credit Card
9969;1369;01/12/2025;9588;Credit Card
9970;1529;28/12/2025;9592;Online
9971;13281;12/01/2024;5357;Debit Card
9972;10993;15/05/2026;22872;Cash
9973;6954;14/07/2026;10767;Bank Transfer
9974;3482;08/04/2024;13616;Bank Transfer
9975;2529;14/11/2025;7752;Credit Card
9976;8969;17/05/2025;29557;Cash
9977;3625;23/02/2025;798;Bank Transfer
9978;10129;23/10/2024;18283;Debit Card
9979;7174;22/07/2025;10269;Online
9980;305;18/11/2023;16533;Debit Card
9981;15818;23/01/2025;29508;Bank Transfer
9982;4229;24/02/2024;4752;Online
9983;15864;12/05/2025;29379;Credit Card
9984;531;31/05/2024;6023;Bank Transfer
9985;18476;18/01/2024;4684;Credit Card
9986;14284;18/08/2026;3697;Bank Transfer
9987;1674;25/01/2025;23850;Credit Card
9988;14725;20/12/2023;5630;Bank Transfer
9989;19861;23/05/2024;25290;Online
9990;15438;04/07/2025;21782;Debit Card
9991;614;08/11/2023;5860;Cash
9992;9407;09/11/2023;18541;Credit Card
9993;17422;21/12/2024;15934;Bank Transfer
9994;15879;13/11/2024;2509;Debit Card
9995;1605;03/04/2025;7946;Cash
9996;11692;18/10/2024;27361;Cash
9997;15292;07/05/2026;1153;Credit Card
9998;18060;17/04/2026;756;Bank Transfer
9999;16710;20/05/2025;16929;Credit Card
10000;4750;06/08/2026;11638;Online
10001;3403;25/12/2023;8235;Debit Card
10002;2392;10/05/2026;3933;Online
10003;1020;14/01/2025;28391;Credit Card
10004;3551;17/07/2025;7289;Credit Card
10005;17743;24/08/2025;11525;Credit Card
10006;17007;28/10/2025;13518;Debit Card
10007;14806;15/05/2026;8436;Credit Card
10008;2340;13/11/2024;14656;Cash
10009;11870;26/11/2025;2404;Cash
10010;2455;07/06/2025;19521;Online
10011;14516;05/12/2025;20517;Debit Card
10012;6333;24/07/2025;16399;Bank Transfer
10013;14728;10/01/2025;10773;Cash
10014;10574;21/09/2024;21984;Credit Card
10015;18672;30/08/2024;3217;Credit Card
10016;18948;28/06/2024;23628;Online
10017;1229;27/03/2025;9401;Online
10018;13833;31/10/2023;22364;Debit Card
10019;19780;20/09/2025;24408;Cash
10020;4572;31/03/2025;29445;Bank Transfer
10021;5493;08/08/2025;3331;Bank Transfer
10022;1812;19/03/2026;2606;Bank Transfer
10023;6375;15/08/2024;28368;Online
10024;2354;13/04/2026;23746;Bank Transfer
10025;12164;30/07/2025;3809;Online
10026;5452;20/02/2026;28872;Online
10027;11296;09/07/2024;27313;Credit Card
10028;14114;24/03/2026;14740;Online
10029;5566;04/12/2024;17396;Debit Card
10030;5182;28/05/2026;5905;Bank Transfer
10031;18642;01/06/2024;22208;Debit Card
10032;11062;04/05/2025;8463;Online
10033;3303;11/01/2024;4728;Debit Card
10034;2078;19/07/2026;12823;Credit Card
10035;1583;01/11/2023;18127;Debit Card
10036;17171;24/01/2026;3459;Cash
10037;4836;27/05/2026;18132;Bank Transfer
10038;16801;07/04/2026;2196;Cash
10039;18202;28/08/2025;21028;Bank Transfer
10040;13902;22/05/2024;6027;Online
10041;15174;10/12/2024;14436;Credit Card
10042;19683;24/05/2026;12198;Cash
10043;8410;31/03/2024;3866;Credit Card
10044;11641;22/08/2025;16765;Bank Transfer
10045;874;13/01/2025;13656;Credit Card
10046;14379;03/05/2024;18378;Bank Transfer
10047;17507;11/07/2025;7653;Online
10048;6251;12/11/2024;14680;Credit Card
10049;16702;22/02/2025;23090;Debit Card
10050;2483;12/03/2026;16503;Online
10051;12046;11/01/2024;1739;Debit Card
10052;3964;02/10/2025;10092;Credit Card
10053;7212;29/04/2024;29882;Bank Transfer
10054;339;30/09/2025;20637;Debit Card
10055;708;10/02/2024;14171;Online
10056;15997;09/03/2024;27789;Online
10057;19657;16/10/2024;20763;Cash
10058;6670;29/08/2026;21182;Debit Card
10059;12458;09/09/2024;19101;Credit Card
10060;11748;20/11/2024;22861;Online
10061;14578;12/10/2024;29540;Debit Card
10062;3855;02/07/2026;6846;Debit Card
10063;14497;15/11/2023;18992;Online
10064;286;16/12/2023;28930;Cash
10065;12197;31/01/2025;26673;Online
10066;10218;16/10/2025;24704;Bank Transfer
10067;9548;02/06/2025;24089;Online
10068;658;13/07/2024;14281;Debit Card
10069;17401;20/08/2024;4727;Debit Card
10070;8136;27/02/2026;18909;Debit Card
10071;18086;20/03/2025;21012;Debit Card
10072;16092;15/06/2025;22222;Cash
10073;2331;06/12/2025;29606;Cash
10074;18048;04/10/2024;875;Credit Card
10075;14218;14/08/2026;15541;Cash
10076;10333;23/04/2026;25934;Credit Card
10077;7827;04/10/2024;9941;Cash
10078;12933;16/05/2025;27575;Bank Transfer
10079;19555;11/04/2025;10438;Bank Transfer
10080;19680;18/08/2025;967;Cash
10081;19741;30/07/2024;15685;Credit Card
10082;7238;09/01/2026;14624;Cash
10083;3987;30/09/2024;16908;Online
10084;15416;03/06/2024;26689;Debit Card
10085;10387;13/08/2025;3331;Bank Transfer
10086;16674;14/11/2025;17883;Credit Card
10087;4727;24/10/2025;27777;Online
10088;19238;10/09/2024;21865;Bank Transfer
10089;4750;18/07/2024;13920;Credit Card
10090;3357;29/01/2025;24342;Bank Transfer
10091;1581;19/06/2025;11406;Cash
10092;6410;26/11/2024;25365;Cash
10093;19718;23/09/2023;12763;Credit Card
10094;13089;26/01/2024;20500;Cash
10095;18296;20/08/2025;28961;Bank Transfer
10096;14123;15/09/2023;20698;Credit Card
10097;19901;06/10/2025;3178;Cash
10098;2797;29/11/2025;16697;Credit Card
10099;3659;02/02/2024;2536;Credit Card
10100;2639;01/10/2023;26711;Credit Card
10101;5102;09/04/2024;2253;Online
10102;5722;07/05/2026;29340;Credit Card
10103;126;13/03/2024;4917;Bank Transfer
10104;17345;06/03/2025;5743;Debit Card
10105;1948;20/01/2026;7434;Online
10106;16794;09/02/2024;29618;Credit Card
10107;3577;02/03/2026;1738;Bank Transfer
10108;14135;12/07/2026;11564;Debit Card
10109;2559;16/04/2026;2633;Online
10110;13195;22/06/2024;25240;Cash
10111;8412;03/05/2026;11331;Credit Card
10112;15312;10/08/2025;16838;Debit Card
10113;10545;14/03/2024;12122;Credit Card
10114;8345;10/11/2023;19822;Cash
10115;12158;02/05/2025;12031;Online
10116;9826;12/12/2023;7986;Debit Card
10117;8020;01/09/2025;15582;Cash
10118;13567;15/06/2024;20088;Credit Card
10119;13835;09/09/2024;27364;Bank Transfer
10120;8006;16/02/2024;1953;Debit Card
10121;3413;01/10/2023;29761;Online
10122;14052;24/07/2025;9699;Bank Transfer
10123;7055;13/06/2026;2821;Debit Card
10124;12111;04/08/2024;10256;Debit Card
10125;6818;03/07/2026;11425;Online
10126;3925;06/01/2024;11585;Online
10127;10276;06/10/2024;17300;Cash
10128;5021;17/10/2024;2548;Cash
10129;18722;08/07/2024;21350;Bank Transfer
10130;10090;20/05/2026;24192;Debit Card
10131;7713;08/06/2024;17573;Bank Transfer
10132;1779;30/01/2026;18196;Online
10133;1043;27/11/2023;12322;Credit Card
10134;1243;22/06/2024;1106;Credit Card
10135;11322;27/02/2025;19311;Cash
10136;1474;14/08/2026;17154;Online
10137;6600;05/06/2024;28931;Cash
10138;7732;20/05/2024;13998;Credit Card
10139;18605;10/09/2025;24038;Credit Card
10140;5567;05/10/2025;5070;Debit Card
10141;10577;29/09/2025;29271;Debit Card
10142;10071;24/05/2026;11996;Online
10143;8035;13/12/2025;7567;Credit Card
10144;16937;01/05/2025;7405;Debit Card
10145;3980;19/06/2025;19371;Cash
10146;8780;12/01/2025;7284;Bank Transfer
10147;738;11/07/2026;20425;Online
10148;1848;27/01/2024;16299;Debit Card
10149;15259;16/02/2025;13777;Online
10150;10252;15/02/2024;16951;Credit Card
10151;17578;05/09/2024;23790;Credit Card
10152;16745;30/04/2024;9261;Online
10153;1573;03/05/2026;22710;Debit Card
10154;653;13/04/2026;18480;Debit Card
10155;12774;22/05/2025;24325;Cash
10156;2891;03/03/2026;22846;Online
10157;14386;27/09/2024;8919;Online
10158;4210;25/01/2025;9803;Credit Card
10159;673;09/08/2025;9541;Credit Card
10160;10883;17/06/2025;12238;Debit Card
10161;9622;05/03/2024;24182;Bank Transfer
10162;2057;03/06/2024;721;Online
10163;7919;04/01/2024;23482;Cash
10164;6197;29/08/2026;19233;Cash
10165;5622;15/12/2024;11006;Online
10166;2799;03/09/2026;28960;Cash
10167;19538;06/09/2025;10541;Online
10168;9616;22/02/2026;19359;Debit Card
10169;19244;19/07/2025;5006;Credit Card
10170;14070;27/01/2024;10392;Debit Card
10171;15752;24/01/2026;16298;Cash
10172;4790;29/03/2026;22168;Cash
10173;12859;20/12/2024;27367;Online
10174;12697;02/09/2025;23343;Online
10175;16454;05/06/2025;3292;Online
10176;11105;27/10/2023;2252;Credit Card
10177;4210;22/09/2023;28263;Online
10178;13075;11/04/2025;20979;Online
10179;4025;07/03/2024;9015;Online
10180;1554;02/06/2025;12408;Bank Transfer
10181;762;23/01/2025;11569;Online
10182;19069;22/07/2025;28360;Cash
10183;9513;29/08/2025;6784;Credit Card
10184;18728;20/06/2025;18064;Bank Transfer
10185;6241;15/11/2024;10520;Credit Card
10186;15610;29/01/2025;13912;Debit Card
10187;9116;31/03/2024;16094;Online
10188;4454;29/10/2023;3386;Bank Transfer
10189;19275;30/04/2024;18021;Credit Card
10190;18008;19/08/2025;21657;Debit Card
10191;11747;26/02/2025;19440;Bank Transfer
10192;5351;05/05/2024;22844;Credit Card
10193;13165;08/02/2024;15211;Credit Card
10194;3221;19/11/2025;18261;Online
10195;12460;03/02/2024;6730;Cash
10196;11559;09/12/2023;7735;Bank Transfer
10197;19681;05/10/2024;12310;Credit Card
10198;6206;13/04/2025;26203;Online
10199;1872;06/02/2024;29289;Debit Card
10200;12814;03/09/2026;22959;Debit Card
10201;4554;16/01/2026;25931;Bank Transfer
10202;6639;19/02/2024;12154;Bank Transfer
10203;3064;05/02/2024;23276;Credit Card
10204;9892;18/01/2024;12860;Online
10205;18926;27/10/2024;9753;Cash
10206;13647;05/10/2023;21427;Online
10207;544;23/09/2023;6410;Bank Transfer
10208;5200;28/05/2025;18725;Bank Transfer
10209;18949;24/06/2024;16836;Online
10210;12396;04/12/2025;28759;Debit Card
10211;19677;29/08/2025;21890;Online
10212;12223;28/04/2025;1950;Online
10213;1152;23/03/2025;26689;Credit Card
10214;8347;25/11/2025;22389;Cash
10215;8744;26/05/2025;24252;Credit Card
10216;4614;09/04/2024;21208;Bank Transfer
10217;17837;27/03/2026;9437;Debit Card
10218;15385;21/10/2024;22493;Debit Card
10219;19161;25/03/2024;14672;Debit Card
10220;6721;16/01/2026;27566;Cash
10221;4612;23/12/2023;5627;Credit Card
10222;1239;09/06/2025;10088;Bank Transfer
10223;14927;15/08/2026;11463;Bank Transfer
10224;5470;16/11/2023;1614;Online
10225;7769;14/05/2025;28102;Bank Transfer
10226;8804;24/03/2026;27090;Debit Card
10227;2349;24/10/2025;13647;Bank Transfer
10228;16060;20/02/2025;15468;Online
10229;8421;05/03/2026;19469;Cash
10230;17462;22/08/2025;22665;Cash
10231;11997;27/05/2024;14648;Bank Transfer
10232;2704;18/10/2023;23874;Credit Card
10233;17316;10/12/2025;12315;Online
10234;3292;06/08/2024;6599;Bank Transfer
10235;16005;22/06/2026;26391;Credit Card
10236;19840;02/03/2026;14811;Online
10237;19639;20/09/2023;17658;Online
10238;139;14/03/2025;26871;Bank Transfer
10239;6321;31/03/2024;18447;Credit Card
10240;1668;30/12/2023;18981;Credit Card
10241;13496;13/11/2025;12741;Credit Card
10242;10572;14/06/2024;7136;Bank Transfer
10243;9238;03/02/2024;15843;Debit Card
10244;19418;31/10/2025;6826;Cash
10245;4497;16/01/2025;8753;Debit Card
10246;2183;09/01/2025;23489;Online
10247;14281;20/08/2026;27568;Bank Transfer
10248;18675;19/12/2023;10283;Credit Card
10249;1462;11/11/2024;27375;Online
10250;8488;05/10/2024;27641;Debit Card
10251;11442;08/04/2024;14086;Bank Transfer
10252;11660;13/09/2025;4907;Cash
10253;10489;10/11/2024;3815;Online
10254;17368;13/01/2026;27220;Cash
10255;3096;19/01/2024;8647;Online
10256;1991;02/03/2024;2648;Cash
10257;3079;01/09/2026;18570;Debit Card
10258;6784;29/09/2024;14909;Cash
10259;4997;10/12/2025;7493;Bank Transfer
10260;19682;15/11/2024;3582;Credit Card
10261;14829;09/06/2024;20024;Online
10262;8268;11/03/2025;28540;Online
10263;13295;10/08/2025;16418;Debit Card
10264;1575;01/11/2024;17863;Online
10265;8755;05/08/2026;8613;Online
10266;14125;21/12/2023;11539;Debit Card
10267;14217;20/08/2025;25729;Bank Transfer
10268;1754;23/02/2025;2605;Debit Card
10269;5845;30/04/2025;15411;Credit Card
10270;10969;30/09/2024;15871;Online
10271;2683;08/11/2025;4542;Online
10272;7626;27/12/2025;23853;Bank Transfer
10273;7723;21/10/2024;14852;Bank Transfer
10274;15513;01/07/2024;24929;Cash
10275;12944;17/03/2026;3242;Cash
10276;6893;23/11/2025;29639;Cash
10277;4105;29/07/2025;9914;Cash
10278;4832;24/07/2024;4195;Bank Transfer
10279;9872;24/06/2024;20045;Cash
10280;10937;04/06/2026;9375;Cash
10281;8486;30/01/2024;21632;Cash
10282;7744;09/08/2024;19519;Credit Card
10283;1403;20/02/2024;20462;Credit Card
10284;16310;28/08/2026;4648;Bank Transfer
10285;5691;30/04/2025;18433;Credit Card
10286;19551;07/07/2024;29361;Bank Transfer
10287;942;07/02/2026;2795;Cash
10288;85;22/08/2026;9780;Credit Card
10289;1493;08/09/2025;3801;Credit Card
10290;932;07/12/2024;29269;Credit Card
10291;19918;29/07/2026;23512;Credit Card
10292;18411;31/07/2024;20355;Credit Card
10293;14956;27/06/2025;25692;Online
10294;10994;14/03/2024;27663;Debit Card
10295;8038;28/09/2025;27975;Debit Card
10296;12162;06/08/2024;9068;Cash
10297;17505;19/03/2026;24467;Cash
10298;12925;13/02/2026;11197;Credit Card
10299;4958;20/12/2024;17738;Credit Card
10300;7845;13/01/2026;26762;Cash
10301;15539;20/06/2025;6045;Credit Card
10302;5244;08/03/2024;18412;Bank Transfer
10303;10609;31/08/2025;22607;Debit Card
10304;17391;04/04/2026;19363;Bank Transfer
10305;9415;31/05/2025;947;Online
10306;17529;31/12/2024;1078;Credit Card
10307;13108;04/01/2024;19681;Cash
10308;1623;20/06/2026;18206;Debit Card
10309;8316;15/12/2023;16256;Credit Card
10310;7383;17/03/2026;16820;Online
10311;2594;14/08/2026;25742;Cash
10312;19711;01/04/2025;19414;Credit Card
10313;10419;11/04/2026;29805;Cash
10314;392;15/07/2025;18180;Cash
10315;8869;26/07/2024;13453;Debit Card
10316;15789;05/01/2025;7290;Credit Card
10317;2769;04/04/2025;17145;Cash
10318;18973;02/01/2026;6833;Credit Card
10319;17833;12/05/2024;29606;Debit Card
10320;13858;23/11/2023;9959;Credit Card
10321;17377;06/02/2024;29313;Cash
10322;11798;19/03/2026;29787;Debit Card
10323;15386;31/01/2025;9068;Online
10324;12870;03/07/2024;10422;Bank Transfer
10325;19380;18/11/2025;10388;Credit Card
10326;1994;02/06/2025;5736;Credit Card
10327;211;16/05/2025;26958;Debit Card
10328;17815;22/05/2026;1837;Cash
10329;202;11/06/2024;27963;Debit Card
10330;17485;11/12/2025;22440;Debit Card
10331;13585;25/01/2026;20737;Cash
10332;9476;11/04/2025;14183;Online
10333;453;30/10/2024;26313;Debit Card
10334;2546;15/07/2026;15828;Bank Transfer
10335;19854;16/10/2023;9290;Debit Card
10336;14641;14/11/2024;1341;Cash
10337;8022;07/09/2024;9382;Debit Card
10338;17909;05/05/2025;16739;Credit Card
10339;10231;19/11/2023;25431;Debit Card
10340;8969;28/12/2023;20597;Online
10341;16303;08/03/2025;17076;Bank Transfer
10342;28;28/12/2023;12368;Online
10343;1298;17/08/2026;24853;Debit Card
10344;4102;29/04/2024;5221;Credit Card
10345;13807;16/09/2023;14042;Online
10346;305;06/11/2023;29922;Online
10347;17762;15/10/2023;24653;Bank Transfer
10348;19037;20/05/2026;17804;Online
10349;13538;28/12/2023;20131;Online
10350;18576;16/08/2026;9266;Cash
10351;14502;05/07/2024;3212;Online
10352;11520;02/08/2024;14557;Credit Card
10353;929;01/10/2024;26033;Bank Transfer
10354;12587;02/08/2025;6305;Online
10355;5399;30/10/2025;29676;Online
10356;11838;14/10/2023;21987;Bank Transfer
10357;1780;18/02/2025;10786;Debit Card
10358;16191;10/03/2026;2922;Credit Card
10359;12508;23/08/2024;13960;Cash
10360;11195;25/10/2025;29595;Credit Card
10361;17510;20/12/2025;19316;Credit Card
10362;12757;01/05/2026;29244;Cash
10363;17121;24/04/2024;5169;Online
10364;6627;30/08/2025;27000;Cash
10365;17230;17/05/2025;6263;Online
10366;16786;27/08/2024;9778;Credit Card
10367;19679;24/04/2024;9150;Cash
10368;9035;22/02/2025;10765;Credit Card
10369;11892;16/06/2024;22430;Bank Transfer
10370;17422;08/07/2024;3593;Credit Card
10371;13318;09/04/2026;22826;Debit Card
10372;13468;03/09/2025;5757;Online
10373;4828;13/09/2025;9573;Online
10374;13834;12/08/2026;25194;Bank Transfer
10375;6797;18/09/2025;17273;Cash
10376;18326;02/01/2024;6285;Debit Card
10377;6727;04/11/2023;3659;Online
10378;7693;05/02/2024;2039;Bank Transfer
10379;12209;31/05/2026;11837;Cash
10380;12809;09/04/2026;17953;Debit Card
10381;3838;11/11/2025;24029;Debit Card
10382;9856;29/11/2025;3487;Credit Card
10383;706;30/05/2024;4514;Bank Transfer
10384;19404;07/03/2026;3242;Cash
10385;10159;05/09/2026;858;Debit Card
10386;18785;20/09/2025;3242;Credit Card
10387;15148;27/10/2024;4188;Bank Transfer
10388;3422;25/12/2025;19173;Debit Card
10389;14764;28/02/2026;24229;Debit Card
10390;14473;18/03/2026;8738;Debit Card
10391;5013;17/03/2026;25385;Online
10392;9057;17/10/2024;13384;Bank Transfer
10393;12040;26/07/2026;28343;Cash
10394;326;22/06/2025;14469;Cash
10395;10077;18/07/2026;705;Debit Card
10396;4266;17/06/2025;11225;Online
10397;1254;03/06/2024;27536;Online
10398;2;28/12/2023;12271;Cash
10399;19442;03/03/2026;20788;Online
10400;13311;24/06/2026;3974;Cash
10401;19872;20/06/2025;10726;Cash
10402;11139;22/11/2025;19976;Bank Transfer
10403;2350;01/10/2024;16497;Debit Card
10404;2005;21/08/2025;8643;Online
10405;5181;09/09/2026;5983;Online
10406;8653;13/01/2024;28101;Bank Transfer
10407;6876;01/03/2025;6185;Bank Transfer
10408;19404;25/12/2024;9563;Cash
10409;9316;08/09/2026;15570;Credit Card
10410;9601;29/12/2023;15864;Cash
10411;15572;25/06/2025;17998;Debit Card
10412;196;05/08/2024;17867;Online
10413;16817;17/02/2026;27652;Online
10414;17415;09/06/2025;23979;Online
10415;14437;26/04/2025;13919;Online
10416;7870;10/03/2026;25935;Debit Card
10417;9527;23/02/2026;27726;Bank Transfer
10418;6736;20/10/2024;1396;Online
10419;2707;25/02/2026;18764;Online
10420;8657;12/08/2024;20110;Debit Card
10421;7475;25/05/2024;9049;Credit Card
10422;1590;27/03/2025;4914;Bank Transfer
10423;12544;27/08/2025;29254;Online
10424;6175;24/03/2024;24979;Bank Transfer
10425;7147;04/04/2024;15414;Credit Card
10426;14378;17/06/2026;2556;Bank Transfer
10427;5864;03/12/2024;12968;Cash
10428;16271;07/02/2024;9338;Bank Transfer
10429;8602;30/07/2024;10718;Cash
10430;10637;13/11/2025;8261;Cash
10431;2907;25/10/2023;16113;Debit Card
10432;7252;29/05/2025;15267;Cash
10433;15393;05/01/2024;22533;Credit Card
10434;9794;14/05/2025;15889;Cash
10435;12766;28/04/2024;14385;Bank Transfer
10436;17168;07/08/2026;16355;Bank Transfer
10437;13218;10/07/2026;22034;Cash
10438;12635;24/11/2025;19034;Online
10439;17938;13/01/2024;5581;Debit Card
10440;286;02/06/2025;29349;Credit Card
10441;9353;05/02/2026;11420;Credit Card
10442;15739;03/01/2025;18285;Debit Card
10443;14539;01/11/2025;18008;Credit Card
10444;1693;27/09/2025;27749;Debit Card
10445;18929;04/07/2026;4218;Online
10446;17684;04/05/2026;21279;Debit Card
10447;1170;19/05/2024;28306;Bank Transfer
10448;17762;15/02/2026;20663;Online
10449;18011;21/01/2026;1568;Bank Transfer
10450;6830;25/09/2024;7522;Cash
10451;8225;20/09/2025;11986;Credit Card
10452;9061;16/05/2025;17514;Cash
10453;11861;01/07/2024;3857;Online
10454;12315;04/08/2025;16770;Debit Card
10455;7634;10/11/2023;16734;Cash
10456;2824;30/04/2024;2636;Bank Transfer
10457;4491;06/10/2025;4686;Online
10458;1001;19/04/2026;13946;Cash
10459;972;13/08/2024;21377;Bank Transfer
10460;18365;19/04/2026;9711;Bank Transfer
10461;12186;05/04/2025;8278;Online
10462;14267;16/04/2024;11373;Bank Transfer
10463;7874;28/12/2025;29961;Cash
10464;4680;23/09/2024;27635;Bank Transfer
10465;19239;06/11/2024;9294;Bank Transfer
10466;10854;30/06/2025;18364;Bank Transfer
10467;1867;22/06/2025;13015;Cash
10468;14358;06/06/2024;1910;Credit Card
10469;17940;17/01/2025;1097;Online
10470;19244;02/04/2026;27634;Credit Card
10471;925;31/01/2025;7899;Cash
10472;1953;19/03/2026;3446;Credit Card
10473;4698;20/03/2026;26693;Online
10474;15872;21/03/2024;25725;Debit Card
10475;3411;21/04/2024;29452;Cash
10476;18816;26/08/2026;14315;Online
10477;8697;29/12/2023;8725;Bank Transfer
10478;7855;09/12/2025;29180;Cash
10479;17861;04/09/2026;21208;Credit Card
10480;12909;20/08/2024;4174;Debit Card
10481;7472;09/02/2026;11967;Debit Card
10482;16425;13/06/2025;14352;Bank Transfer
10483;12133;12/01/2026;21120;Online
10484;11511;11/03/2026;8626;Cash
10485;9672;04/03/2026;22111;Cash
10486;19824;31/08/2025;14603;Bank Transfer
10487;11428;02/09/2025;25909;Debit Card
10488;1583;04/05/2025;7655;Cash
10489;6612;15/09/2025;26071;Bank Transfer
10490;18356;04/07/2026;8643;Debit Card
10491;2406;20/06/2026;18052;Cash
10492;15891;08/04/2024;7515;Online
10493;2129;27/05/2026;9877;Online
10494;18811;15/10/2023;18474;Online
10495;990;09/05/2026;29731;Online
10496;17897;22/02/2025;644;Bank Transfer
10497;18319;05/08/2026;1740;Cash
10498;10278;11/02/2025;26714;Bank Transfer
10499;17325;24/01/2026;10986;Cash
10500;3355;29/11/2023;4726;Cash
10501;8362;31/10/2025;27043;Bank Transfer
10502;8650;05/08/2026;17981;Debit Card
10503;19224;01/05/2026;20371;Debit Card
10504;368;30/05/2026;6606;Bank Transfer
10505;885;13/01/2024;25298;Online
10506;13836;25/04/2025;23433;Cash
10507;364;07/06/2025;21891;Bank Transfer
10508;12546;21/02/2025;12693;Cash
10509;18737;11/12/2023;19205;Bank Transfer
10510;13536;15/08/2024;6233;Bank Transfer
10511;9420;24/06/2024;7470;Cash
10512;3410;16/09/2023;20441;Bank Transfer
10513;6612;05/06/2024;4044;Bank Transfer
10514;12922;08/07/2026;3971;Debit Card
10515;335;09/01/2024;518;Bank Transfer
10516;128;22/03/2026;28541;Debit Card
10517;1160;27/06/2026;29059;Online
10518;14260;16/02/2024;29672;Credit Card
10519;13440;02/09/2026;15320;Cash
10520;14041;06/06/2025;18768;Online
10521;12414;01/01/2024;24784;Bank Transfer
10522;15814;11/01/2026;17340;Cash
10523;2568;26/11/2024;15984;Online
10524;11581;14/03/2026;8076;Online
10525;12323;23/09/2025;2945;Cash
10526;13037;14/08/2025;12262;Online
10527;15219;14/02/2026;25693;Debit Card
10528;610;31/07/2025;6889;Credit Card
10529;19891;22/07/2025;9059;Credit Card
10530;13421;23/11/2025;18154;Credit Card
10531;9260;14/07/2025;4224;Cash
10532;6032;10/06/2024;13259;Bank Transfer
10533;16462;05/02/2026;14850;Debit Card
10534;6888;17/10/2025;24589;Online
10535;7320;09/07/2024;18072;Credit Card
10536;14842;17/09/2025;12620;Credit Card
10537;10057;16/05/2024;22252;Online
10538;14272;26/03/2025;6496;Debit Card
10539;6068;21/02/2025;6201;Bank Transfer
10540;19559;08/06/2024;29900;Cash
10541;5957;31/10/2023;2532;Cash
10542;10127;30/12/2024;609;Credit Card
10543;7682;10/12/2023;2185;Cash
10544;1736;24/11/2023;15169;Online
10545;9988;18/11/2024;29577;Debit Card
10546;18199;08/05/2025;9014;Bank Transfer
10547;11176;29/02/2024;7961;Credit Card
10548;12389;10/11/2023;22262;Debit Card
10549;18633;08/01/2026;19004;Debit Card
10550;18253;02/05/2025;2152;Bank Transfer
10551;6742;30/04/2025;20780;Bank Transfer
10552;13740;12/04/2025;16008;Credit Card
10553;7732;24/06/2025;20118;Bank Transfer
10554;18469;03/09/2024;13554;Online
10555;14905;06/06/2026;12985;Credit Card
10556;1616;03/10/2024;27478;Online
10557;8212;18/06/2024;4520;Bank Transfer
10558;19276;15/10/2024;850;Debit Card
10559;9979;21/05/2026;9563;Online
10560;4938;16/09/2023;24669;Debit Card
10561;10777;09/08/2026;13221;Cash
10562;7130;24/07/2026;12019;Bank Transfer
10563;5757;15/12/2024;21319;Online
10564;6977;25/06/2026;4338;Online
10565;19082;19/06/2025;29800;Online
10566;2726;22/09/2023;19702;Cash
10567;6218;27/12/2023;23622;Cash
10568;9550;23/07/2026;21960;Online
10569;11547;23/06/2024;11834;Debit Card
10570;9710;12/09/2024;25797;Credit Card
10571;9973;04/09/2026;8567;Credit Card
10572;12338;17/12/2025;5805;Cash
10573;8153;20/06/2024;29804;Bank Transfer
10574;2225;31/03/2026;22983;Debit Card
10575;13773;04/11/2024;27639;Bank Transfer
10576;3017;13/04/2024;8117;Credit Card
10577;15636;27/12/2025;28729;Online
10578;17542;24/06/2025;15500;Online
10579;12495;28/07/2026;1478;Credit Card
10580;9569;11/10/2024;4832;Debit Card
10581;13186;12/07/2024;20074;Cash
10582;4793;28/09/2024;11282;Online
10583;9411;18/01/2024;24539;Cash
10584;15604;24/06/2025;3236;Online
10585;8699;11/06/2024;3074;Bank Transfer
10586;16546;03/03/2025;7429;Cash
10587;16375;21/06/2026;22321;Online
10588;16326;03/07/2026;26955;Credit Card
10589;18797;28/02/2026;9057;Online
10590;10513;08/07/2024;16468;Cash
10591;5399;06/07/2026;25292;Credit Card
10592;15267;28/08/2025;19135;Online
10593;13199;19/06/2025;7066;Credit Card
10594;6929;02/04/2026;6369;Cash
10595;11483;31/12/2023;27859;Bank Transfer
10596;16186;14/04/2024;1737;Online
10597;4944;31/08/2024;29308;Online
10598;9335;22/06/2026;13982;Debit Card
10599;10892;04/02/2024;23921;Credit Card
10600;9258;17/08/2025;18862;Credit Card
10601;2071;06/03/2025;26557;Debit Card
10602;19879;18/11/2024;24925;Bank Transfer
10603;5798;06/06/2025;1040;Bank Transfer
10604;16228;12/06/2025;16731;Credit Card
10605;17923;27/04/2026;16102;Credit Card
10606;8942;02/04/2025;24638;Credit Card
10607;2810;01/03/2025;15082;Bank Transfer
10608;3977;05/09/2024;2507;Credit Card
10609;1303;08/11/2023;27593;Online
10610;17268;29/11/2024;22118;Debit Card
10611;16648;04/11/2023;25183;Credit Card
10612;16673;04/07/2025;14176;Credit Card
10613;8285;02/01/2025;1982;Bank Transfer
10614;4028;03/02/2026;4188;Cash
10615;9901;09/11/2025;19622;Bank Transfer
10616;15772;23/10/2023;6101;Credit Card
10617;10329;30/08/2024;11708;Online
10618;19958;22/09/2025;6751;Cash
10619;17720;03/02/2026;28636;Debit Card
10620;16719;13/05/2026;14354;Online
10621;6903;18/05/2024;28780;Bank Transfer
10622;7801;18/10/2023;9089;Cash
10623;19375;22/09/2023;25338;Bank Transfer
10624;8435;19/04/2025;29989;Online
10625;4204;10/02/2025;21708;Cash
10626;14069;27/12/2024;28293;Bank Transfer
10627;6319;17/01/2026;19154;Debit Card
10628;17018;15/09/2024;14018;Bank Transfer
10629;12790;15/06/2024;23211;Online
10630;10825;18/01/2026;21924;Debit Card
10631;8535;26/03/2024;11041;Bank Transfer
10632;14181;17/08/2024;19887;Debit Card
10633;5730;30/06/2026;10867;Debit Card
10634;629;22/07/2025;29349;Bank Transfer
10635;886;28/11/2024;3551;Bank Transfer
10636;19121;18/04/2024;10094;Cash
10637;18965;01/04/2026;15263;Debit Card
10638;4977;22/06/2026;6620;Bank Transfer
10639;7390;15/10/2025;21834;Cash
10640;1282;29/04/2026;23144;Credit Card
10641;183;06/12/2023;18760;Credit Card
10642;11228;06/03/2024;25992;Bank Transfer
10643;10944;26/06/2026;1916;Bank Transfer
10644;3503;18/06/2026;8325;Online
10645;16491;07/06/2024;15315;Online
10646;14584;01/01/2024;17405;Credit Card
10647;3668;14/07/2024;2198;Cash
10648;8232;26/08/2024;21339;Debit Card
10649;10120;29/08/2026;15427;Online
10650;48;20/09/2024;28115;Online
10651;5308;25/01/2024;16893;Bank Transfer
10652;6723;13/06/2024;16657;Debit Card
10653;10504;09/10/2023;21758;Bank Transfer
10654;9842;26/06/2024;20735;Bank Transfer
10655;14177;05/01/2024;27302;Credit Card
10656;12765;08/02/2026;9156;Debit Card
10657;7417;21/06/2026;1952;Debit Card
10658;5157;22/07/2026;4040;Debit Card
10659;8865;14/12/2024;24323;Bank Transfer
10660;10897;31/08/2026;3952;Cash
10661;18051;04/12/2023;9760;Bank Transfer
10662;8235;22/10/2025;982;Bank Transfer
10663;9011;07/02/2025;5302;Bank Transfer
10664;13743;26/05/2026;18216;Debit Card
10665;19206;16/12/2023;19199;Credit Card
10666;12740;01/04/2026;6914;Debit Card
10667;4410;15/08/2025;7810;Bank Transfer
10668;16209;04/05/2025;14731;Debit Card
10669;18815;14/01/2024;10470;Online
10670;15544;18/05/2025;11940;Credit Card
10671;17040;07/05/2026;7813;Cash
10672;8911;16/04/2025;24142;Credit Card
10673;17128;06/11/2023;21000;Cash
10674;10449;21/10/2024;10544;Bank Transfer
10675;6064;02/12/2024;11321;Cash
10676;6688;18/03/2026;20151;Bank Transfer
10677;11696;26/11/2024;20411;Debit Card
10678;395;04/05/2026;28597;Debit Card
10679;5127;10/10/2025;1535;Credit Card
10680;1756;03/04/2024;15912;Online
10681;5293;15/10/2024;18192;Credit Card
10682;15621;22/01/2025;6952;Online
10683;7224;22/07/2026;24584;Online
10684;983;04/07/2025;12423;Online
10685;10071;12/05/2024;22077;Debit Card
10686;11484;09/05/2025;26688;Credit Card
10687;336;13/12/2024;16586;Bank Transfer
10688;5116;09/08/2026;10956;Bank Transfer
10689;144;23/02/2026;8473;Cash
10690;9743;20/05/2024;11603;Debit Card
10691;2717;03/06/2024;23990;Credit Card
10692;3369;30/10/2024;15051;Online
10693;2610;26/02/2024;29978;Bank Transfer
10694;4670;13/01/2025;10288;Cash
10695;2172;05/04/2026;12659;Credit Card
10696;13427;28/02/2026;17719;Credit Card
10697;19492;16/02/2024;17447;Online
10698;5518;10/03/2024;9815;Cash
10699;978;25/05/2026;23507;Online
10700;1440;12/07/2024;7102;Debit Card
10701;18492;30/05/2024;1894;Credit Card
10702;9617;15/01/2024;18335;Credit Card
10703;4089;31/08/2026;8644;Credit Card
10704;17923;02/05/2025;25795;Cash
10705;9809;03/06/2024;23650;Bank Transfer
10706;5805;15/03/2024;9471;Online
10707;15739;25/02/2025;25472;Debit Card
10708;16056;05/03/2025;19503;Online
10709;15831;08/01/2024;15776;Online
10710;16901;16/09/2024;4817;Online
10711;8894;17/06/2025;22807;Online
10712;18416;31/05/2024;9199;Credit Card
10713;1723;04/09/2025;25572;Bank Transfer
10714;2548;18/09/2023;3992;Online
10715;6962;10/05/2025;20503;Credit Card
10716;5407;15/06/2026;18956;Credit Card
10717;416;25/11/2024;12044;Online
10718;4572;10/07/2026;10339;Bank Transfer
10719;10214;22/06/2025;16618;Credit Card
10720;19472;02/02/2024;25543;Debit Card
10721;11642;29/07/2025;13714;Debit Card
10722;14669;06/02/2026;5558;Cash
10723;12322;25/07/2024;28860;Online
10724;8124;31/07/2024;25043;Online
10725;6179;23/10/2024;9362;Credit Card
10726;14674;10/08/2026;16279;Debit Card
10727;9955;09/11/2025;17344;Bank Transfer
10728;13975;16/04/2024;21608;Cash
10729;15968;17/07/2025;26567;Credit Card
10730;4154;20/04/2026;12188;Debit Card
10731;8146;19/12/2023;19970;Debit Card
10732;3170;03/06/2026;13096;Cash
10733;19859;09/08/2026;11631;Bank Transfer
10734;51;03/05/2024;10957;Cash
10735;8049;30/10/2024;1663;Debit Card
10736;10396;26/03/2024;24440;Cash
10737;11675;29/10/2025;27132;Bank Transfer
10738;7471;21/07/2024;22612;Cash
10739;14510;30/07/2025;11369;Cash
10740;19386;07/12/2025;12957;Debit Card
10741;10228;06/08/2024;8619;Bank Transfer
10742;4116;24/10/2025;14183;Cash
10743;5324;14/02/2024;7743;Bank Transfer
10744;4393;12/02/2026;13459;Debit Card
10745;11449;10/11/2025;17469;Online
10746;4303;27/08/2026;14994;Bank Transfer
10747;19187;27/01/2025;1511;Bank Transfer
10748;19853;25/07/2026;25016;Bank Transfer
10749;3753;16/06/2024;20669;Credit Card
10750;15099;01/01/2026;24948;Bank Transfer
10751;9349;31/01/2025;22616;Bank Transfer
10752;13284;29/06/2026;3693;Cash
10753;15231;25/07/2026;4931;Credit Card
10754;17992;16/07/2025;5740;Debit Card
10755;1811;14/04/2026;8445;Cash
10756;13712;09/12/2025;10020;Bank Transfer
10757;9014;16/03/2025;29762;Online
10758;19207;07/02/2025;12105;Online
10759;14861;27/10/2025;24315;Debit Card
10760;1058;19/11/2025;29822;Online
10761;5264;14/04/2025;18732;Credit Card
10762;20000;14/02/2026;26560;Bank Transfer
10763;1345;26/06/2025;9690;Bank Transfer
10764;10685;29/02/2024;20865;Bank Transfer
10765;5565;20/06/2024;3364;Credit Card
10766;17680;06/05/2024;26085;Bank Transfer
10767;5493;21/09/2025;16635;Bank Transfer
10768;10705;25/02/2024;9469;Debit Card
10769;8186;03/10/2023;19771;Debit Card
10770;3027;21/09/2025;22969;Online
10771;17571;27/06/2024;1361;Credit Card
10772;15680;24/06/2026;3666;Credit Card
10773;19645;27/08/2024;15327;Debit Card
10774;3451;24/10/2024;22083;Online
10775;1448;10/08/2024;7166;Online
10776;18674;06/04/2025;22292;Credit Card
10777;11485;12/05/2026;23308;Cash
10778;15151;09/01/2024;6712;Debit Card
10779;674;19/04/2025;3515;Bank Transfer
10780;19096;27/03/2024;963;Online
10781;8057;18/10/2025;1113;Credit Card
10782;3549;28/04/2024;20392;Cash
10783;14927;30/08/2025;29537;Bank Transfer
10784;19481;30/09/2025;10191;Debit Card
10785;9727;10/01/2024;20798;Bank Transfer
10786;8550;30/10/2024;11351;Online
10787;12605;13/11/2025;26733;Bank Transfer
10788;4779;21/05/2026;15432;Credit Card
10789;6233;03/03/2025;7665;Online
10790;3492;07/04/2024;26464;Bank Transfer
10791;12141;29/04/2026;25146;Bank Transfer
10792;19087;07/05/2026;25813;Debit Card
10793;14448;05/07/2024;3746;Cash
10794;7463;16/03/2026;11769;Online
10795;18530;17/09/2023;19771;Online
10796;17451;29/11/2023;1243;Debit Card
10797;3211;10/12/2025;8137;Bank Transfer
10798;5795;06/04/2025;26743;Bank Transfer
10799;6037;11/06/2025;29853;Bank Transfer
10800;3452;05/04/2024;28291;Online
10801;9307;25/03/2024;22088;Debit Card
10802;17420;02/09/2025;25400;Credit Card
10803;2840;01/10/2025;6882;Cash
10804;8901;07/04/2025;9926;Debit Card
10805;16895;19/01/2024;5590;Debit Card
10806;4086;20/09/2024;11017;Credit Card
10807;2262;19/02/2026;19489;Bank Transfer
10808;11875;29/01/2024;27503;Cash
10809;2166;23/03/2024;614;Debit Card
10810;14997;18/02/2025;24951;Cash
10811;18784;11/03/2025;27901;Online
10812;6308;04/01/2024;24128;Bank Transfer
10813;11309;13/04/2026;1785;Credit Card
10814;1782;05/08/2026;694;Online
10815;176;14/03/2025;12796;Online
10816;16026;16/06/2024;23010;Bank Transfer
10817;14877;21/10/2023;23415;Online
10818;14826;07/09/2024;17338;Credit Card
10819;10758;19/09/2025;18720;Online
10820;14572;19/07/2025;4682;Bank Transfer
10821;19369;03/11/2025;1726;Bank Transfer
10822;15880;31/05/2025;11596;Debit Card
10823;3648;15/11/2025;24726;Cash
10824;6414;19/11/2024;14370;Cash
10825;15969;10/07/2024;26155;Credit Card
10826;2135;15/04/2024;10325;Cash
10827;15760;11/06/2024;22108;Debit Card
10828;15442;02/10/2023;1274;Bank Transfer
10829;6029;06/06/2024;1770;Debit Card
10830;13550;30/08/2024;28512;Cash
10831;16098;23/04/2024;2432;Online
10832;15076;13/08/2025;3011;Online
10833;3355;31/01/2026;8704;Online
10834;5396;11/10/2023;26373;Bank Transfer
10835;6747;26/12/2025;6976;Bank Transfer
10836;15384;07/12/2025;29772;Online
10837;14876;25/06/2025;28083;Credit Card
10838;14592;23/02/2025;10322;Cash
10839;4206;17/07/2024;16127;Online
10840;10917;24/03/2024;17300;Online
10841;7943;21/05/2025;28015;Debit Card
10842;17160;25/01/2025;6957;Online
10843;4613;16/05/2025;20257;Debit Card
10844;18611;28/06/2026;2528;Bank Transfer
10845;837;08/11/2024;10123;Credit Card
10846;8847;21/01/2025;24724;Bank Transfer
10847;10570;15/05/2025;1149;Bank Transfer
10848;18469;04/12/2023;2699;Credit Card
10849;5571;09/10/2025;24180;Online
10850;15205;26/01/2026;2971;Online
10851;15718;30/06/2025;29621;Bank Transfer
10852;1115;03/09/2025;23391;Credit Card
10853;3484;12/04/2025;25141;Cash
10854;6720;29/08/2024;2897;Online
10855;18478;07/06/2025;12337;Credit Card
10856;864;11/06/2024;13694;Online
10857;6826;10/06/2025;12980;Debit Card
10858;10655;12/11/2025;25598;Online
10859;5626;22/04/2025;6922;Credit Card
10860;4786;12/09/2024;2276;Bank Transfer
10861;3218;12/09/2025;7263;Cash
10862;17369;21/08/2024;21036;Bank Transfer
10863;19506;19/04/2024;19848;Cash
10864;14461;09/02/2026;4929;Online
10865;16777;19/01/2026;2535;Bank Transfer
10866;11405;03/09/2026;12029;Online
10867;14042;12/06/2026;23486;Cash
10868;12724;14/03/2026;29769;Credit Card
10869;5617;23/08/2024;13337;Cash
10870;6982;11/01/2024;18495;Bank Transfer
10871;461;23/04/2025;20709;Credit Card
10872;18208;17/07/2025;9979;Credit Card
10873;3637;26/03/2024;19581;Debit Card
10874;5203;03/12/2025;18938;Bank Transfer
10875;7200;20/12/2023;8392;Credit Card
10876;18169;08/08/2024;26026;Credit Card
10877;5006;15/04/2026;23179;Bank Transfer
10878;7407;02/01/2025;16991;Debit Card
10879;18645;21/08/2026;24789;Online
10880;16109;02/07/2026;4660;Debit Card
10881;2256;18/03/2025;22389;Bank Transfer
10882;16618;21/05/2025;3121;Bank Transfer
10883;12018;02/11/2024;21838;Debit Card
10884;13538;02/01/2025;13823;Online
10885;8038;11/09/2026;7884;Online
10886;1425;05/01/2026;21859;Credit Card
10887;15816;04/04/2026;26293;Debit Card
10888;2498;04/01/2026;10949;Credit Card
10889;1573;18/02/2025;4677;Cash
10890;5348;03/07/2025;13492;Online
10891;871;21/05/2026;14111;Credit Card
10892;12178;06/08/2024;9558;Online
10893;17666;21/09/2025;4453;Credit Card
10894;14514;15/06/2025;3715;Cash
10895;18326;22/09/2025;13859;Debit Card
10896;17939;09/02/2026;10546;Online
10897;14696;05/07/2026;1022;Online
10898;15156;22/10/2025;3140;Cash
10899;14086;10/05/2025;10864;Credit Card
10900;3011;16/02/2024;2852;Cash
10901;15693;11/09/2026;27030;Debit Card
10902;12587;27/07/2026;6080;Bank Transfer
10903;6494;29/04/2025;20941;Debit Card
10904;13270;28/05/2026;20129;Debit Card
10905;5269;01/03/2026;26203;Debit Card
10906;14239;14/12/2024;5292;Credit Card
10907;13017;20/03/2025;29035;Credit Card
10908;5655;21/11/2025;8090;Bank Transfer
10909;9979;09/01/2024;3348;Credit Card
10910;16917;01/06/2026;6011;Online
10911;8226;13/07/2025;19318;Credit Card
10912;1197;01/06/2024;8885;Credit Card
10913;4687;23/11/2024;13246;Bank Transfer
10914;18547;02/02/2026;16992;Online
10915;7046;28/10/2024;2668;Bank Transfer
10916;11057;20/11/2025;23244;Bank Transfer
10917;9474;08/12/2025;20727;Debit Card
10918;17748;26/02/2025;25620;Cash
10919;14110;06/07/2026;18896;Bank Transfer
10920;6601;19/05/2026;24976;Cash
10921;4409;03/07/2025;15892;Online
10922;2743;29/08/2025;790;Online
10923;17438;06/01/2024;9731;Debit Card
10924;13132;26/10/2025;12905;Credit Card
10925;17352;14/01/2024;26725;Cash
10926;19324;23/04/2025;24451;Cash
10927;11845;26/09/2023;7621;Bank Transfer
10928;10520;18/10/2024;15797;Online
10929;6630;12/09/2025;23277;Bank Transfer
10930;19216;09/11/2024;8723;Online
10931;12231;03/07/2024;6940;Bank Transfer
10932;3077;13/03/2025;4314;Credit Card
10933;3238;29/09/2023;29429;Cash
10934;14128;27/06/2024;21161;Cash
10935;14890;07/10/2023;22231;Credit Card
10936;9120;08/07/2025;9276;Credit Card
10937;18251;16/12/2023;25442;Bank Transfer
10938;4401;19/01/2025;5292;Credit Card
10939;16442;26/09/2025;6849;Online
10940;8303;21/05/2026;23969;Cash
10941;14261;18/03/2026;28988;Credit Card
10942;8416;11/07/2024;23874;Bank Transfer
10943;17045;21/06/2026;1072;Online
10944;13065;30/09/2024;4193;Debit Card
10945;15403;21/11/2023;27439;Online
10946;1069;01/04/2024;9535;Credit Card
10947;1924;12/02/2024;8248;Debit Card
10948;16930;11/01/2025;4450;Online
10949;5704;06/02/2025;20826;Credit Card
10950;494;04/12/2023;3404;Debit Card
10951;11876;04/10/2023;1616;Cash
10952;14221;18/10/2024;28906;Credit Card
10953;4576;27/08/2024;24808;Cash
10954;9602;17/11/2023;17350;Cash
10955;4036;11/03/2024;20562;Cash
10956;5237;05/03/2025;22083;Online
10957;7830;02/12/2024;18385;Cash
10958;13675;22/08/2024;12842;Cash
10959;10759;17/02/2024;18935;Online
10960;13882;16/03/2026;3740;Online
10961;13811;15/05/2024;7522;Debit Card
10962;16316;21/04/2026;3037;Credit Card
10963;6375;01/03/2026;11341;Online
10964;15122;15/08/2024;18861;Bank Transfer
10965;9813;28/05/2025;28143;Cash
10966;3115;10/01/2026;10541;Online
10967;7315;12/12/2025;24913;Credit Card
10968;4588;12/11/2023;13451;Credit Card
10969;11804;23/09/2024;10484;Bank Transfer
10970;4314;17/12/2023;19290;Bank Transfer
10971;6257;05/05/2024;14327;Debit Card
10972;3326;14/03/2026;3345;Debit Card
10973;11264;06/11/2024;5885;Cash
10974;17394;07/11/2025;995;Debit Card
10975;2738;17/06/2025;11957;Cash
10976;11554;23/05/2025;29645;Cash
10977;6659;25/10/2024;17232;Cash
10978;18840;30/12/2024;20482;Credit Card
10979;401;20/05/2025;5211;Cash
10980;9535;04/11/2025;12750;Credit Card
10981;9513;02/06/2024;7209;Bank Transfer
10982;6812;31/08/2024;2670;Cash
10983;15055;11/02/2025;21218;Bank Transfer
10984;14421;30/11/2023;9701;Debit Card
10985;13228;02/09/2025;3236;Bank Transfer
10986;18499;27/02/2026;25039;Cash
10987;16130;28/05/2024;15467;Debit Card
10988;10347;13/12/2025;2041;Online
10989;11615;23/08/2025;3872;Cash
10990;14033;25/01/2024;1117;Cash
10991;854;09/12/2024;11421;Debit Card
10992;16998;08/07/2025;5701;Credit Card
10993;2785;27/02/2025;11292;Cash
10994;13029;23/01/2025;4163;Cash
10995;10593;22/07/2024;22092;Online
10996;13681;26/06/2024;28710;Debit Card
10997;10142;20/03/2025;26300;Debit Card
10998;11892;30/05/2025;2466;Cash
10999;820;25/02/2025;17312;Online
11000;1816;24/12/2024;757;Bank Transfer
11001;6328;24/07/2025;25058;Credit Card
11002;17745;08/01/2024;27948;Online
11003;8640;20/08/2026;17940;Online
11004;10553;11/11/2023;5199;Bank Transfer
11005;10584;07/10/2023;22879;Cash
11006;714;22/03/2025;18166;Cash
11007;15702;16/02/2024;22971;Debit Card
11008;2250;29/01/2025;16817;Bank Transfer
11009;1255;25/01/2026;25716;Online
11010;3903;07/05/2024;22777;Bank Transfer
11011;6840;14/09/2023;9610;Bank Transfer
11012;10134;05/07/2025;23943;Debit Card
11013;888;08/12/2023;20019;Online
11014;397;05/05/2025;12134;Credit Card
11015;1874;23/06/2024;23787;Cash
11016;19520;14/12/2023;23494;Online
11017;17916;31/05/2026;22598;Online
11018;3992;17/02/2025;20319;Online
11019;8218;10/02/2025;2468;Cash
11020;11781;28/04/2026;9177;Online
11021;1279;12/08/2024;21351;Debit Card
11022;657;21/06/2026;2647;Cash
11023;19390;11/05/2026;25920;Credit Card
11024;15948;01/05/2025;18362;Debit Card
11025;3855;09/09/2025;21495;Online
11026;16707;26/04/2025;6114;Debit Card
11027;18190;01/05/2026;18436;Debit Card
11028;12134;03/04/2024;22345;Bank Transfer
11029;1064;22/07/2026;10173;Debit Card
11030;947;19/08/2025;10771;Credit Card
11031;6823;21/06/2026;5218;Credit Card
11032;8025;05/11/2023;23437;Debit Card
11033;3790;15/11/2024;19159;Bank Transfer
11034;17593;23/06/2024;28336;Cash
11035;1126;01/08/2025;26696;Debit Card
11036;12757;30/09/2025;17495;Credit Card
11037;117;03/12/2023;26503;Bank Transfer
11038;205;05/04/2025;28848;Online
11039;7824;17/12/2025;749;Online
11040;10945;21/07/2025;9738;Credit Card
11041;5793;30/04/2024;18632;Credit Card
11042;1388;23/05/2024;17651;Online
11043;11965;21/10/2023;21511;Bank Transfer
11044;19843;03/05/2024;29330;Bank Transfer
11045;16668;18/12/2025;3790;Online
11046;4687;10/07/2025;2630;Cash
11047;19603;21/07/2024;20985;Bank Transfer
11048;13328;23/08/2024;534;Online
11049;11403;01/06/2025;14695;Online
11050;4532;19/09/2024;3904;Online
11051;5253;25/09/2025;12814;Cash
11052;9016;05/06/2025;12049;Debit Card
11053;16521;17/01/2026;23695;Online
11054;1828;01/07/2026;7618;Bank Transfer
11055;11786;27/06/2024;18277;Online
11056;5914;12/05/2026;14700;Bank Transfer
11057;6202;16/04/2025;24627;Online
11058;8452;26/08/2026;13857;Credit Card
11059;6447;09/06/2025;21078;Cash
11060;17766;24/10/2024;9661;Cash
11061;8806;01/02/2025;17642;Credit Card
11062;3891;21/08/2025;24092;Bank Transfer
11063;16582;28/07/2024;13876;Credit Card
11064;11507;16/01/2025;13941;Cash
11065;18717;25/06/2025;28592;Debit Card
11066;12501;19/04/2024;26298;Credit Card
11067;2414;12/01/2025;3961;Credit Card
11068;16634;12/10/2025;20519;Bank Transfer
11069;52;11/10/2025;9385;Debit Card
11070;11005;15/09/2024;4395;Bank Transfer
11071;16211;26/01/2026;13444;Bank Transfer
11072;17045;29/02/2024;10781;Debit Card
11073;16799;28/01/2025;26507;Cash
11074;10559;14/02/2026;24086;Cash
11075;275;23/08/2024;15641;Bank Transfer
11076;2646;02/04/2024;29200;Bank Transfer
11077;1822;05/03/2026;3306;Debit Card
11078;18240;14/01/2026;15239;Online
11079;12741;03/12/2025;19922;Bank Transfer
11080;4859;26/02/2024;8765;Credit Card
11081;11607;21/10/2024;6537;Bank Transfer
11082;10460;19/02/2025;11985;Debit Card
11083;16618;01/09/2025;7193;Debit Card
11084;17885;09/06/2026;1872;Online
11085;2179;18/11/2023;9737;Online
11086;3822;27/01/2024;29731;Cash
11087;778;23/04/2025;17366;Cash
11088;16569;15/10/2024;25788;Online
11089;3650;28/03/2026;26638;Bank Transfer
11090;16226;18/12/2024;1774;Credit Card
11091;17057;17/05/2026;6168;Credit Card
11092;10808;26/11/2025;14861;Bank Transfer
11093;9989;04/01/2026;19187;Credit Card
11094;10083;02/06/2026;14919;Online
11095;3631;23/08/2025;17555;Bank Transfer
11096;7546;20/12/2024;3879;Credit Card
11097;8588;16/01/2026;25245;Credit Card
11098;7995;20/01/2025;12856;Cash
11099;10645;29/05/2025;5959;Online
11100;14644;14/02/2024;3606;Online
11101;7744;08/06/2026;28653;Bank Transfer
11102;16554;22/12/2025;12834;Cash
11103;14691;26/11/2024;29711;Credit Card
11104;737;19/04/2024;25675;Cash
11105;7221;01/12/2024;8808;Credit Card
11106;10737;09/12/2024;4398;Online
11107;19097;15/06/2024;21661;Bank Transfer
11108;13969;14/03/2024;24696;Debit Card
11109;11581;15/06/2026;16505;Debit Card
11110;15372;13/01/2026;4135;Debit Card
11111;12885;07/11/2025;15971;Cash
11112;16605;15/06/2025;10937;Online
11113;18887;15/05/2025;22720;Cash
11114;19183;02/06/2024;25143;Credit Card
11115;16229;30/12/2023;18964;Bank Transfer
11116;5578;22/01/2025;3953;Credit Card
11117;8876;31/12/2024;27114;Cash
11118;809;14/11/2025;1928;Debit Card
11119;19531;29/05/2025;24645;Debit Card
11120;10974;10/03/2024;29152;Online
11121;18609;18/11/2024;16090;Bank Transfer
11122;13919;18/03/2025;28478;Credit Card
11123;3728;07/06/2026;28464;Debit Card
11124;4712;26/09/2025;20293;Credit Card
11125;17910;12/05/2024;23658;Cash
11126;17529;27/01/2024;29591;Bank Transfer
11127;14542;18/11/2025;28535;Bank Transfer
11128;9896;01/09/2025;14925;Credit Card
11129;9523;19/08/2024;16888;Online
11130;10633;22/05/2025;13464;Credit Card
11131;16882;11/06/2025;12508;Credit Card
11132;10147;17/12/2023;13113;Bank Transfer
11133;12029;14/01/2024;29711;Cash
11134;1347;07/01/2026;7955;Debit Card
11135;14828;05/05/2026;20974;Online
11136;16732;04/07/2024;19584;Cash
11137;11209;14/11/2024;10914;Online
11138;529;09/10/2023;24887;Bank Transfer
11139;3709;16/10/2025;7136;Cash
11140;13932;02/11/2024;25757;Credit Card
11141;10371;18/07/2024;15371;Online
11142;18011;12/04/2025;7467;Bank Transfer
11143;11804;22/03/2026;8769;Online
11144;2848;18/03/2024;10108;Bank Transfer
11145;120;15/11/2025;27875;Credit Card
11146;15547;03/03/2024;7635;Credit Card
11147;4389;03/01/2024;22065;Credit Card
11148;17491;25/07/2026;19078;Bank Transfer
11149;9732;25/11/2025;1862;Cash
11150;17283;09/07/2024;2494;Cash
11151;10185;31/10/2024;6096;Cash
11152;17958;01/07/2025;28566;Credit Card
11153;1560;09/08/2025;22492;Bank Transfer
11154;6054;22/01/2024;19716;Credit Card
11155;8933;11/09/2024;17030;Online
11156;5632;30/07/2024;5636;Online
11157;1480;26/11/2025;8255;Debit Card
11158;8449;29/08/2024;10997;Debit Card
11159;15871;10/02/2024;1976;Cash
11160;1391;28/12/2024;1612;Cash
11161;12028;04/02/2024;1443;Online
11162;19436;26/12/2023;25600;Credit Card
11163;884;04/12/2023;876;Online
11164;621;04/08/2025;8230;Cash
11165;18199;27/06/2024;7831;Bank Transfer
11166;17277;06/11/2023;23560;Online
11167;5919;26/10/2023;14199;Online
11168;9901;09/01/2024;14489;Credit Card
11169;12203;21/03/2026;17653;Online
11170;13828;28/02/2025;23161;Bank Transfer
11171;14585;05/04/2026;29494;Bank Transfer
11172;3971;12/08/2025;22439;Online
11173;11148;10/06/2024;25544;Cash
11174;11368;01/08/2025;17592;Cash
11175;2187;11/12/2024;10820;Debit Card
11176;13237;13/08/2024;11190;Cash
11177;7560;17/10/2024;5803;Credit Card
11178;7620;23/09/2025;24342;Cash
11179;8987;15/11/2024;29441;Online
11180;12359;12/11/2025;16804;Credit Card
11181;15979;30/04/2026;9563;Bank Transfer
11182;17371;17/05/2024;9128;Cash
11183;15966;16/08/2024;15991;Credit Card
11184;16380;05/04/2024;4606;Online
11185;9724;28/02/2026;22969;Debit Card
11186;12435;23/07/2026;19812;Bank Transfer
11187;19368;16/06/2025;12384;Debit Card
11188;3329;01/02/2024;19953;Credit Card
11189;17654;12/09/2026;10533;Online
11190;10118;01/01/2024;28552;Debit Card
11191;16939;18/05/2026;24789;Bank Transfer
11192;13559;12/04/2024;23289;Debit Card
11193;17895;04/06/2025;3791;Bank Transfer
11194;12572;11/10/2023;13799;Bank Transfer
11195;7110;20/05/2025;18655;Cash
11196;1883;13/12/2023;9338;Cash
11197;9563;21/06/2025;15749;Online
11198;15980;13/01/2024;10738;Online
11199;7624;05/12/2023;21912;Credit Card
11200;19862;03/07/2026;10449;Credit Card
11201;19378;15/12/2025;14328;Online
11202;8789;17/09/2023;7864;Cash
11203;3959;04/05/2024;28053;Debit Card
11204;761;09/01/2025;17795;Online
11205;12162;01/09/2026;26007;Cash
11206;4173;25/03/2025;20400;Credit Card
11207;12658;20/06/2025;29368;Online
11208;1109;12/10/2023;3124;Bank Transfer
11209;6462;10/06/2026;24123;Bank Transfer
11210;4103;10/01/2024;15933;Credit Card
11211;19318;08/06/2025;3393;Online
11212;355;21/04/2025;11205;Cash
11213;1688;28/03/2024;21779;Bank Transfer
11214;12083;01/10/2023;21319;Online
11215;2812;24/11/2023;11450;Bank Transfer
11216;15394;02/11/2025;23498;Debit Card
11217;15515;19/04/2024;25666;Online
11218;9456;26/10/2023;14545;Credit Card
11219;14206;11/11/2025;7770;Online
11220;3995;24/04/2024;16676;Online
11221;212;08/05/2026;14749;Debit Card
11222;12628;31/07/2025;9240;Debit Card
11223;1651;18/10/2025;2279;Cash
11224;848;05/03/2026;27739;Credit Card
11225;3739;20/12/2025;4905;Credit Card
11226;13468;25/01/2025;17298;Online
11227;9737;04/08/2024;502;Online
11228;13776;14/05/2024;27316;Online
11229;6676;30/11/2024;14021;Debit Card
11230;12292;12/03/2024;6197;Bank Transfer
11231;3793;17/03/2026;18847;Credit Card
11232;15456;03/08/2025;4553;Credit Card
11233;1267;29/10/2023;13256;Credit Card
11234;5036;26/09/2023;23508;Credit Card
11235;15314;02/04/2026;7872;Online
11236;13620;25/11/2023;854;Cash
11237;1546;30/04/2026;22866;Debit Card
11238;9166;07/09/2026;23004;Debit Card
11239;7121;09/08/2025;14553;Online
11240;17053;20/02/2024;5770;Credit Card
11241;18353;08/02/2025;10878;Credit Card
11242;11354;06/12/2025;14112;Bank Transfer
11243;6984;19/08/2024;21163;Cash
11244;810;02/04/2026;16948;Cash
11245;12914;09/07/2026;1515;Credit Card
11246;14718;16/11/2023;1614;Debit Card
11247;228;31/08/2024;17253;Bank Transfer
11248;450;14/12/2023;17489;Credit Card
11249;15578;12/02/2025;22097;Online
11250;2573;21/03/2025;10227;Debit Card
11251;16188;02/03/2025;22960;Bank Transfer
11252;5958;27/02/2025;12145;Online
11253;1920;26/08/2025;5078;Online
11254;13898;03/08/2025;17962;Online
11255;14853;13/03/2026;10629;Online
11256;5060;23/03/2024;27460;Online
11257;19590;08/09/2024;7616;Debit Card
11258;19500;11/12/2024;25069;Cash
11259;14776;04/02/2026;7901;Debit Card
11260;2627;20/12/2024;27899;Debit Card
11261;18969;28/11/2023;3402;Credit Card
11262;10726;14/07/2024;4995;Bank Transfer
11263;4578;04/01/2026;22197;Online
11264;19980;08/01/2026;16388;Cash
11265;12956;20/09/2024;26971;Credit Card
11266;1632;29/02/2024;3400;Credit Card
11267;4779;26/01/2025;21051;Online
11268;760;15/07/2024;14004;Bank Transfer
11269;5364;14/09/2023;2447;Cash
11270;2035;20/10/2023;23524;Credit Card
11271;7748;07/09/2025;2560;Debit Card
11272;598;12/06/2025;2600;Cash
11273;2363;01/03/2024;10690;Cash
11274;13128;31/10/2023;28655;Bank Transfer
11275;3497;04/12/2023;3600;Cash
11276;10610;26/02/2024;21576;Online
11277;19032;18/08/2025;712;Online
11278;13551;21/04/2024;4973;Cash
11279;13125;26/03/2026;15394;Debit Card
11280;16872;24/12/2023;20882;Cash
11281;12110;06/10/2023;3318;Online
11282;17912;01/10/2025;24401;Cash
11283;15231;06/04/2024;996;Online
11284;7598;03/12/2025;16130;Online
11285;13869;30/09/2024;3154;Bank Transfer
11286;4191;01/09/2026;27701;Debit Card
11287;3232;30/12/2023;22341;Credit Card
11288;17494;14/04/2025;21130;Online
11289;15858;19/12/2024;12275;Cash
11290;10017;10/11/2023;10717;Debit Card
11291;15246;09/09/2026;14391;Credit Card
11292;13910;08/07/2025;10177;Bank Transfer
11293;8349;11/08/2026;27570;Online
11294;3503;27/05/2024;22794;Bank Transfer
11295;452;11/07/2024;18466;Credit Card
11296;579;19/01/2025;7154;Debit Card
11297;3020;01/06/2026;5914;Bank Transfer
11298;3616;25/10/2025;14341;Online
11299;10130;08/12/2024;17745;Bank Transfer
11300;5510;07/03/2026;24022;Online
11301;14621;04/05/2024;2292;Online
11302;3311;01/08/2026;2265;Credit Card
11303;1125;19/04/2026;14824;Credit Card
11304;12575;10/12/2023;5368;Cash
11305;5135;02/03/2024;19312;Credit Card
11306;4162;24/05/2026;17400;Bank Transfer
11307;16541;14/11/2023;27308;Cash
11308;6248;23/11/2023;18396;Debit Card
11309;16940;06/12/2025;27936;Debit Card
11310;9528;01/09/2024;7199;Credit Card
11311;17284;12/04/2024;2640;Debit Card
11312;16889;31/05/2026;20486;Cash
11313;18288;25/08/2026;2219;Cash
11314;15865;06/07/2025;29839;Credit Card
11315;2145;07/08/2024;16484;Online
11316;15672;01/04/2024;18796;Bank Transfer
11317;3078;16/05/2024;14003;Credit Card
11318;9603;30/06/2024;9309;Online
11319;10542;10/06/2024;26367;Cash
11320;6630;10/07/2024;23929;Credit Card
11321;7116;30/10/2025;1300;Cash
11322;4173;20/06/2024;25962;Bank Transfer
11323;13794;21/11/2025;19336;Cash
11324;1265;01/09/2025;7954;Cash
11325;12164;01/11/2024;11536;Cash
11326;18359;28/12/2023;29770;Credit Card
11327;16925;12/01/2025;9275;Online
11328;17163;24/11/2024;25615;Debit Card
11329;7094;08/04/2024;28404;Bank Transfer
11330;10294;28/08/2024;29529;Debit Card
11331;8664;10/02/2026;26818;Cash
11332;8724;17/10/2025;7434;Cash
11333;15040;28/02/2026;3691;Debit Card
11334;1545;02/08/2026;10434;Cash
11335;9322;29/06/2026;10620;Cash
11336;10275;20/07/2026;17205;Online
11337;8701;10/09/2026;17083;Online
11338;2290;01/07/2025;5692;Bank Transfer
11339;2030;25/07/2024;11413;Debit Card
11340;15504;26/07/2024;7413;Cash
11341;11455;08/10/2024;23803;Online
11342;15252;23/07/2024;27696;Online
11343;11420;06/06/2026;7054;Debit Card
11344;5618;10/10/2023;13105;Cash
11345;5406;10/12/2024;12335;Debit Card
11346;12042;07/09/2024;17530;Online
11347;8867;20/11/2023;3910;Bank Transfer
11348;11714;25/06/2024;24218;Online
11349;5263;17/10/2025;18633;Debit Card
11350;801;29/11/2025;3349;Bank Transfer
11351;3572;04/08/2025;16775;Credit Card
11352;5428;20/12/2023;2538;Online
11353;15512;06/03/2026;1862;Bank Transfer
11354;4224;28/06/2024;25251;Online
11355;717;20/02/2025;25256;Cash
11356;14160;31/12/2024;14118;Online
11357;9786;01/03/2024;3142;Credit Card
11358;7324;18/07/2026;14102;Online
11359;18517;01/06/2026;19271;Cash
11360;5095;23/03/2026;8991;Bank Transfer
11361;16522;20/07/2026;2898;Cash
11362;13746;22/03/2024;2986;Cash
11363;15938;01/08/2024;13724;Cash
11364;18168;12/06/2025;25739;Debit Card
11365;3104;14/11/2025;24285;Debit Card
11366;14084;19/04/2024;15786;Debit Card
11367;17074;27/09/2023;15013;Debit Card
11368;604;07/05/2026;17729;Online
11369;159;05/06/2026;8810;Bank Transfer
11370;674;25/02/2026;2128;Online
11371;5151;03/10/2023;23619;Online
11372;11568;18/12/2025;13151;Bank Transfer
11373;17295;02/01/2026;4501;Debit Card
11374;11662;24/01/2026;1793;Online
11375;13043;31/05/2024;5160;Cash
11376;6628;09/06/2024;11994;Bank Transfer
11377;6238;18/05/2025;18244;Debit Card
11378;11952;11/09/2026;24881;Debit Card
11379;1767;15/03/2024;21574;Cash
11380;2935;25/06/2024;19517;Credit Card
11381;2449;15/10/2025;14189;Cash
11382;14495;30/07/2024;21778;Cash
11383;18474;08/02/2024;16247;Bank Transfer
11384;7127;30/12/2025;10991;Credit Card
11385;13536;16/12/2025;28676;Debit Card
11386;12457;09/11/2024;12798;Cash
11387;17057;14/11/2025;19128;Credit Card
11388;4052;21/08/2024;20918;Cash
11389;7169;07/12/2024;6051;Debit Card
11390;3658;16/03/2026;9618;Bank Transfer
11391;18930;14/10/2023;17776;Online
11392;4445;13/03/2024;28835;Cash
11393;19832;06/06/2024;12011;Bank Transfer
11394;9854;24/09/2023;6405;Credit Card
11395;12178;23/12/2025;28304;Bank Transfer
11396;5845;24/04/2024;8907;Online
11397;11197;23/08/2026;956;Credit Card
11398;6611;26/06/2025;26858;Cash
11399;2955;13/11/2023;4146;Bank Transfer
11400;12682;14/12/2023;26839;Online
11401;612;04/05/2025;20233;Online
11402;14013;19/07/2024;25541;Bank Transfer
11403;11184;15/01/2025;17451;Bank Transfer
11404;2217;13/03/2026;29096;Debit Card
11405;471;07/09/2026;19565;Online
11406;15780;13/03/2024;17779;Cash
11407;5436;23/02/2026;11451;Bank Transfer
11408;5238;13/04/2024;21373;Online
11409;985;25/05/2024;1980;Online
11410;4582;23/01/2026;11348;Bank Transfer
11411;1924;24/09/2024;7496;Online
11412;90;16/09/2023;14060;Credit Card
11413;3461;30/06/2025;23669;Debit Card
11414;14068;11/03/2024;17914;Credit Card
11415;11300;21/02/2026;21071;Debit Card
11416;1103;20/12/2025;17874;Credit Card
11417;17534;16/07/2025;28784;Debit Card
11418;1495;13/09/2024;27863;Cash
11419;13814;07/06/2026;15681;Debit Card
11420;2918;05/12/2024;29739;Credit Card
11421;1102;11/10/2023;18625;Credit Card
11422;11072;18/12/2025;20289;Bank Transfer
11423;15327;09/09/2026;15029;Online
11424;19656;22/12/2025;5372;Debit Card
11425;16561;08/04/2024;29485;Credit Card
11426;17894;21/11/2023;8871;Online
11427;1941;12/02/2026;19290;Credit Card
11428;2435;13/06/2025;17378;Online
11429;18161;28/01/2024;4033;Bank Transfer
11430;2649;16/09/2023;2021;Online
11431;5236;14/02/2024;15219;Credit Card
11432;3021;06/10/2025;16309;Bank Transfer
11433;2699;23/02/2026;20325;Online
11434;781;14/02/2026;2896;Bank Transfer
11435;13921;21/08/2025;16196;Cash
11436;10333;14/02/2026;21870;Bank Transfer
11437;6790;21/08/2024;24566;Credit Card
11438;11743;10/06/2024;6798;Cash
11439;16497;29/12/2024;5152;Online
11440;11183;18/09/2023;794;Debit Card
11441;8315;22/04/2024;5921;Credit Card
11442;5365;09/03/2025;3842;Credit Card
11443;2780;08/11/2024;5202;Cash
11444;9885;08/02/2024;11646;Online
11445;11844;23/09/2025;23076;Credit Card
11446;11376;31/08/2026;8913;Cash
11447;18584;31/10/2025;27935;Online
11448;13438;23/05/2025;29589;Credit Card
11449;11650;27/12/2023;10772;Cash
11450;10033;29/06/2025;26915;Online
11451;235;01/03/2024;23259;Debit Card
11452;975;15/02/2024;22155;Debit Card
11453;12052;24/06/2025;9578;Cash
11454;11492;25/09/2023;23241;Credit Card
11455;315;21/02/2024;29975;Credit Card
11456;13898;28/05/2024;11539;Credit Card
11457;4353;20/10/2023;27673;Bank Transfer
11458;3013;28/11/2025;9991;Bank Transfer
11459;1477;05/03/2024;22616;Credit Card
11460;18305;29/10/2023;19670;Online
11461;11367;28/06/2024;12572;Debit Card
11462;17744;23/01/2025;13137;Online
11463;1732;29/10/2024;13710;Cash
11464;12964;10/02/2025;8141;Debit Card
11465;4297;04/01/2026;20337;Debit Card
11466;11218;20/11/2023;2702;Cash
11467;3369;29/06/2024;16958;Online
11468;17554;04/10/2024;22547;Credit Card
11469;18014;30/04/2026;3388;Credit Card
11470;15872;13/03/2024;19385;Credit Card
11471;11204;30/12/2024;8691;Cash
11472;5528;17/06/2025;12098;Online
11473;7980;24/07/2025;10884;Debit Card
11474;14174;23/10/2025;6395;Debit Card
11475;5392;11/09/2024;20256;Credit Card
11476;5362;11/06/2026;9401;Cash
11477;3698;08/05/2024;3729;Credit Card
11478;7498;24/08/2025;2241;Debit Card
11479;16268;02/07/2025;26911;Debit Card
11480;37;22/09/2023;15235;Credit Card
11481;8019;21/08/2025;13097;Cash
11482;19577;08/09/2026;2576;Cash
11483;15548;19/05/2024;20507;Debit Card
11484;18926;02/05/2024;19317;Bank Transfer
11485;1963;04/07/2024;5354;Bank Transfer
11486;9804;28/10/2025;8823;Debit Card
11487;2536;22/02/2025;21004;Credit Card
11488;1048;22/08/2026;637;Credit Card
11489;1372;12/01/2025;9622;Cash
11490;3708;13/11/2025;27047;Online
11491;8622;23/04/2024;4652;Bank Transfer
11492;8696;26/04/2026;2122;Debit Card
11493;7987;24/09/2023;13331;Online
11494;12061;07/08/2024;8053;Bank Transfer
11495;678;20/12/2023;20360;Cash
11496;7928;23/11/2025;25449;Online
11497;4952;24/04/2026;25789;Credit Card
11498;18136;30/05/2026;4962;Online
11499;834;21/11/2024;10711;Online
11500;2827;01/07/2025;5777;Cash
11501;17391;24/09/2024;6933;Online
11502;16801;14/08/2025;29017;Debit Card
11503;18711;15/03/2024;19225;Cash
11504;4482;18/01/2025;23578;Online
11505;2227;19/12/2025;22142;Cash
11506;5470;28/10/2023;16814;Debit Card
11507;8909;15/11/2024;28365;Credit Card
11508;14242;01/05/2025;2381;Online
11509;3684;16/04/2024;24267;Cash
11510;13068;29/04/2024;15222;Debit Card
11511;19853;03/02/2026;2488;Bank Transfer
11512;16797;02/11/2023;16002;Online
11513;16113;28/09/2025;9896;Credit Card
11514;732;20/10/2024;3203;Cash
11515;2199;10/08/2024;14214;Bank Transfer
11516;14399;04/03/2025;8912;Bank Transfer
11517;3470;14/09/2024;6038;Cash
11518;18394;29/04/2024;12309;Debit Card
11519;8587;14/05/2025;14422;Credit Card
11520;4218;25/07/2025;28935;Cash
11521;13101;26/01/2025;23644;Debit Card
11522;11350;13/02/2025;1927;Cash
11523;16907;30/06/2025;20602;Debit Card
11524;16952;12/10/2023;18138;Credit Card
11525;14266;28/11/2023;1414;Bank Transfer
11526;3622;11/07/2025;23738;Cash
11527;10963;20/01/2024;14551;Debit Card
11528;10462;21/10/2024;2669;Debit Card
11529;12214;15/10/2023;14975;Credit Card
11530;12244;29/10/2023;19260;Debit Card
11531;8903;02/03/2024;1589;Debit Card
11532;14385;22/03/2025;6200;Credit Card
11533;3555;01/08/2025;23822;Cash
11534;8630;02/11/2023;7079;Online
11535;6545;16/01/2025;25498;Cash
11536;18837;16/02/2025;6941;Cash
11537;6354;22/04/2024;25200;Online
11538;12117;05/12/2025;6903;Credit Card
11539;122;10/03/2025;23666;Online
11540;11589;16/09/2024;23962;Bank Transfer
11541;9087;02/08/2025;22333;Credit Card
11542;12770;06/06/2026;6279;Online
11543;13792;07/06/2024;18687;Debit Card
11544;15037;06/02/2024;26816;Online
11545;14365;08/05/2026;13031;Debit Card
11546;19114;10/08/2024;4924;Bank Transfer
11547;15456;01/04/2024;1373;Bank Transfer
11548;12005;25/05/2026;6852;Bank Transfer
11549;17396;17/01/2025;6411;Online
11550;19980;04/05/2024;7838;Credit Card
11551;5958;03/11/2024;28302;Bank Transfer
11552;3894;17/11/2025;19016;Bank Transfer
11553;983;03/08/2024;29173;Debit Card
11554;9053;07/07/2024;25863;Credit Card
11555;5224;08/11/2025;4227;Bank Transfer
11556;14134;04/09/2026;1100;Online
11557;4032;06/06/2025;17092;Cash
11558;9002;10/12/2025;25781;Online
11559;4538;01/08/2026;24029;Online
11560;7343;16/02/2024;10667;Debit Card
11561;13364;13/07/2024;28931;Credit Card
11562;2425;05/02/2026;14524;Bank Transfer
11563;13990;02/01/2024;22605;Debit Card
11564;8070;06/09/2026;6816;Bank Transfer
11565;16095;25/04/2024;28216;Debit Card
11566;4569;27/11/2025;1501;Credit Card
11567;5683;06/02/2026;18510;Cash
11568;18056;17/02/2025;25346;Bank Transfer
11569;2180;02/01/2026;5171;Online
11570;17908;23/04/2025;22641;Bank Transfer
11571;7356;20/03/2026;23887;Cash
11572;146;10/01/2026;3235;Credit Card
11573;11184;09/10/2025;9545;Bank Transfer
11574;12903;27/11/2024;19850;Bank Transfer
11575;17716;08/02/2025;23028;Cash
11576;9920;20/06/2026;24080;Debit Card
11577;18372;12/10/2023;6244;Online
11578;7424;11/06/2024;13687;Online
11579;2827;05/02/2025;14003;Cash
11580;2222;06/12/2025;7323;Bank Transfer
11581;2636;02/11/2023;16064;Debit Card
11582;16309;06/12/2025;25819;Online
11583;266;10/08/2026;29416;Online
11584;4776;24/08/2025;10529;Debit Card
11585;11628;11/12/2023;950;Cash
11586;12079;14/09/2023;19970;Online
11587;19378;10/06/2025;24780;Cash
11588;11478;04/08/2024;17413;Debit Card
11589;4686;24/08/2026;14973;Debit Card
11590;15993;05/01/2025;16065;Bank Transfer
11591;12543;22/04/2025;10846;Debit Card
11592;15710;07/09/2024;29995;Online
11593;15483;25/11/2025;25016;Cash
11594;1220;01/08/2026;16908;Bank Transfer
11595;17804;23/03/2025;29430;Cash
11596;13028;08/02/2025;19187;Credit Card
11597;4578;24/12/2024;12117;Bank Transfer
11598;7847;18/06/2026;6508;Bank Transfer
11599;6937;22/09/2024;20189;Bank Transfer
11600;7781;20/10/2025;16295;Debit Card
11601;9712;11/04/2025;8417;Online
11602;17343;04/03/2025;8478;Online
11603;6789;05/08/2025;5958;Online
11604;15432;26/02/2026;26140;Credit Card
11605;14708;29/03/2024;10409;Credit Card
11606;19243;05/06/2025;1276;Cash
11607;2678;01/09/2024;2090;Bank Transfer
11608;19935;12/02/2024;19974;Credit Card
11609;1500;17/09/2023;28112;Debit Card
11610;1158;08/07/2024;7362;Cash
11611;5901;19/12/2025;28474;Debit Card
11612;9355;23/11/2023;29066;Bank Transfer
11613;14113;10/08/2025;1844;Cash
11614;14555;21/05/2024;8782;Credit Card
11615;16762;25/07/2026;23675;Debit Card
11616;3794;16/01/2024;10962;Bank Transfer
11617;17025;10/02/2024;15695;Credit Card
11618;9224;07/04/2026;9649;Debit Card
11619;6508;04/07/2025;19793;Credit Card
11620;19395;11/05/2024;22880;Cash
11621;10541;30/04/2026;29874;Online
11622;12951;11/05/2026;4667;Cash
11623;13270;22/11/2023;10234;Credit Card
11624;19470;21/11/2023;4930;Debit Card
11625;10034;24/02/2025;18589;Cash
11626;19620;28/08/2025;1088;Bank Transfer
11627;5466;27/01/2025;12554;Debit Card
11628;8540;13/05/2025;12363;Online
11629;13924;28/12/2023;21660;Bank Transfer
11630;2035;25/01/2025;11739;Credit Card
11631;11853;14/11/2025;13807;Credit Card
11632;6403;29/11/2023;5970;Online
11633;14282;18/10/2025;12744;Cash
11634;5274;24/11/2024;16434;Debit Card
11635;16912;06/10/2023;1152;Online
11636;1630;26/11/2023;22492;Debit Card
11637;1387;06/04/2025;17104;Online
11638;17302;02/11/2024;7497;Online
11639;4109;31/08/2025;6791;Bank Transfer
11640;5043;23/05/2024;20165;Bank Transfer
11641;11608;08/02/2026;10576;Online
11642;15843;11/09/2026;25219;Cash
11643;19765;11/01/2024;9302;Online
11644;13106;14/04/2025;19463;Credit Card
11645;19058;08/07/2025;7148;Credit Card
11646;17869;22/04/2024;10041;Credit Card
11647;4205;14/04/2026;23289;Cash
11648;1958;24/02/2024;18678;Bank Transfer
11649;13980;02/01/2026;6882;Online
11650;8476;28/08/2025;7888;Debit Card
11651;16110;08/01/2026;25341;Debit Card
11652;11713;04/11/2025;14861;Bank Transfer
11653;4530;22/02/2024;20414;Credit Card
11654;8454;02/11/2024;783;Credit Card
11655;9913;14/12/2025;28864;Debit Card
11656;9513;19/02/2026;13969;Credit Card
11657;8782;20/08/2025;16625;Cash
11658;3581;02/11/2023;7214;Debit Card
11659;7698;13/09/2023;14408;Credit Card
11660;10784;04/06/2025;10178;Cash
11661;16248;07/06/2024;24813;Cash
11662;3773;24/12/2024;18297;Cash
11663;6475;17/08/2026;19345;Cash
11664;6310;20/05/2025;19740;Online
11665;8457;28/03/2024;2431;Online
11666;4168;27/07/2024;24746;Bank Transfer
11667;9348;04/07/2025;21461;Cash
11668;6346;31/12/2025;18210;Credit Card
11669;15380;26/04/2025;16177;Online
11670;19106;30/09/2024;20583;Debit Card
11671;4012;21/10/2023;2938;Online
11672;17444;29/12/2025;5708;Credit Card
11673;8821;22/08/2025;21581;Debit Card
11674;15521;28/07/2024;15803;Debit Card
11675;8275;22/04/2024;25006;Bank Transfer
11676;9813;13/06/2024;15404;Bank Transfer
11677;9964;21/12/2024;23396;Credit Card
11678;13578;10/05/2024;23068;Cash
11679;7787;11/04/2026;2857;Credit Card
11680;1764;15/04/2025;21681;Bank Transfer
11681;243;20/11/2025;24217;Credit Card
11682;2264;17/03/2026;11757;Debit Card
11683;12143;05/08/2025;7690;Debit Card
11684;5381;17/08/2026;17511;Online
11685;6904;16/03/2026;9998;Online
11686;1359;14/09/2023;25102;Cash
11687;3340;27/07/2026;23321;Cash
11688;8358;31/03/2024;28999;Debit Card
11689;17815;24/06/2024;28460;Bank Transfer
11690;13525;16/09/2024;1286;Debit Card
11691;15097;21/04/2024;15817;Cash
11692;6005;18/12/2024;23948;Online
11693;7475;02/09/2025;26509;Bank Transfer
11694;15396;06/08/2026;7192;Online
11695;9262;01/01/2024;634;Cash
11696;8844;05/08/2025;13967;Debit Card
11697;15010;25/04/2025;11894;Credit Card
11698;6548;28/03/2025;19932;Credit Card
11699;9847;19/12/2025;9146;Bank Transfer
11700;527;17/04/2026;27729;Online
11701;10277;21/11/2025;25970;Debit Card
11702;18595;02/10/2023;13898;Bank Transfer
11703;19502;24/07/2024;28092;Cash
11704;5293;09/07/2025;28284;Cash
11705;6862;27/03/2026;24033;Bank Transfer
11706;10971;12/05/2024;28063;Credit Card
11707;15922;04/08/2024;2049;Credit Card
11708;8799;13/05/2026;18656;Credit Card
11709;5086;02/11/2023;6610;Debit Card
11710;86;30/10/2023;4821;Credit Card
11711;11154;27/04/2024;18605;Debit Card
11712;1938;28/06/2024;27179;Bank Transfer
11713;5995;26/05/2026;24305;Bank Transfer
11714;15741;06/08/2025;29350;Bank Transfer
11715;1459;25/09/2024;27961;Debit Card
11716;11886;23/08/2024;13051;Bank Transfer
11717;17970;22/09/2025;29027;Cash
11718;10144;01/07/2024;17404;Online
11719;14987;04/12/2024;23328;Credit Card
11720;17540;23/01/2026;15297;Online
11721;10019;04/10/2023;27089;Cash
11722;1115;21/01/2026;24315;Online
11723;6479;12/10/2023;26023;Credit Card
11724;19914;25/03/2024;5080;Online
11725;12002;14/01/2026;28987;Online
11726;7275;02/12/2024;25148;Online
11727;16722;28/06/2024;19223;Cash
11728;18889;12/11/2023;15065;Debit Card
11729;14890;07/12/2025;24434;Bank Transfer
11730;6340;06/12/2024;17541;Debit Card
11731;5037;19/04/2024;12984;Bank Transfer
11732;19124;23/12/2023;848;Credit Card
11733;11475;03/01/2026;18223;Bank Transfer
11734;6618;10/03/2026;22150;Online
11735;9224;24/08/2026;25140;Credit Card
11736;12835;16/12/2024;22503;Cash
11737;7050;29/10/2024;13920;Bank Transfer
11738;8753;07/12/2025;24487;Cash
11739;18877;25/08/2025;7495;Debit Card
11740;18673;16/07/2026;14729;Debit Card
11741;15004;28/05/2024;6094;Credit Card
11742;10665;11/08/2026;13702;Online
11743;11985;27/03/2024;16334;Bank Transfer
11744;9129;03/01/2024;15838;Cash
11745;10593;13/02/2026;29812;Online
11746;15793;11/03/2026;21711;Debit Card
11747;971;03/10/2023;19961;Cash
11748;1128;09/01/2026;28454;Bank Transfer
11749;2730;26/03/2024;1599;Bank Transfer
11750;18170;28/04/2024;19473;Cash
11751;3938;04/09/2025;28523;Cash
11752;17161;04/12/2023;26134;Cash
11753;19017;05/12/2025;4079;Bank Transfer
11754;15464;24/03/2026;7692;Cash
11755;9971;10/11/2024;19973;Bank Transfer
11756;19102;10/11/2023;22861;Debit Card
11757;3479;03/10/2023;17972;Credit Card
11758;1045;25/05/2025;11938;Bank Transfer
11759;3906;17/01/2024;27759;Debit Card
11760;13273;23/04/2024;1663;Cash
11761;11489;12/06/2026;18213;Debit Card
11762;7222;22/12/2024;9287;Credit Card
11763;132;13/03/2025;29551;Credit Card
11764;9725;16/09/2023;2939;Debit Card
11765;15331;06/06/2026;5784;Credit Card
11766;10632;22/12/2023;19573;Bank Transfer
11767;17147;10/02/2025;27966;Debit Card
11768;8955;23/05/2026;26647;Online
11769;16249;20/04/2025;5351;Cash
11770;17300;25/03/2024;3814;Bank Transfer
11771;1356;10/12/2025;6676;Online
11772;80;13/04/2024;1144;Debit Card
11773;147;07/11/2024;12252;Online
11774;12079;14/10/2024;25520;Bank Transfer
11775;2795;27/11/2024;4536;Online
11776;766;30/11/2024;19842;Online
11777;8566;03/09/2024;15063;Debit Card
11778;14755;16/04/2026;22811;Bank Transfer
11779;14843;13/02/2026;19087;Cash
11780;4865;23/03/2025;8773;Credit Card
11781;13867;19/04/2024;21600;Credit Card
11782;16502;14/04/2024;22108;Credit Card
11783;3320;13/11/2023;24859;Online
11784;999;05/04/2026;6984;Bank Transfer
11785;1775;26/06/2025;20590;Bank Transfer
11786;1764;28/02/2024;19658;Cash
11787;19015;12/09/2026;28756;Debit Card
11788;16672;08/06/2026;23827;Bank Transfer
11789;18479;29/08/2024;11427;Credit Card
11790;13549;15/10/2025;10774;Credit Card
11791;19510;09/12/2024;20051;Cash
11792;12795;16/12/2025;2594;Online
11793;16196;23/06/2026;7825;Credit Card
11794;18689;08/08/2025;18067;Debit Card
11795;663;22/09/2024;7319;Online
11796;19987;11/11/2025;19369;Credit Card
11797;3187;23/02/2024;20309;Bank Transfer
11798;13036;21/03/2025;12483;Debit Card
11799;18836;20/09/2024;15107;Online
11800;16822;06/04/2026;16088;Debit Card
11801;14775;17/07/2026;29593;Bank Transfer
11802;636;11/07/2024;29205;Online
11803;12440;24/06/2024;11381;Debit Card
11804;5325;18/04/2024;7113;Online
11805;7555;08/01/2025;22902;Bank Transfer
11806;12774;01/11/2024;22777;Bank Transfer
11807;15063;15/01/2025;28820;Debit Card
11808;12681;04/01/2025;11623;Cash
11809;9839;07/07/2024;20380;Online
11810;3711;23/03/2024;20477;Credit Card
11811;8485;10/01/2024;26917;Cash
11812;13630;25/03/2025;6497;Bank Transfer
11813;4659;19/03/2025;11416;Cash
11814;17218;24/09/2025;14343;Bank Transfer
11815;299;13/03/2026;5295;Online
11816;7170;11/08/2024;3775;Cash
11817;10811;02/11/2025;23466;Online
11818;10716;22/04/2026;21009;Online
11819;2375;27/08/2025;17270;Cash
11820;4922;02/02/2024;2877;Credit Card
11821;11335;21/10/2023;27432;Debit Card
11822;12885;26/01/2024;25123;Bank Transfer
11823;17168;30/05/2025;2345;Online
11824;13242;11/09/2025;18054;Cash
11825;5681;26/03/2025;2426;Credit Card
11826;6879;10/10/2023;13979;Bank Transfer
11827;19420;04/09/2026;4428;Online
11828;9963;22/06/2024;12539;Credit Card
11829;7170;06/08/2025;15618;Bank Transfer
11830;13294;07/10/2025;14931;Cash
11831;13354;25/05/2026;19419;Cash
11832;8474;01/11/2024;6433;Bank Transfer
11833;1610;13/05/2026;9234;Cash
11834;14687;01/11/2025;3718;Debit Card
11835;7932;18/05/2025;16859;Cash
11836;100;01/08/2024;22560;Bank Transfer
11837;16737;20/03/2026;1031;Cash
11838;4657;06/10/2023;4958;Credit Card
11839;11274;11/01/2025;5778;Bank Transfer
11840;3026;03/10/2024;18678;Credit Card
11841;267;16/01/2024;2027;Online
11842;608;22/07/2025;25761;Cash
11843;9791;16/07/2026;18945;Debit Card
11844;824;12/10/2023;2886;Cash
11845;5365;30/08/2026;27296;Debit Card
11846;12691;30/12/2024;29147;Bank Transfer
11847;18262;30/11/2023;21163;Debit Card
11848;10656;04/02/2024;19602;Credit Card
11849;3092;12/11/2023;8861;Credit Card
11850;8369;26/10/2023;19102;Debit Card
11851;2933;07/08/2024;12148;Online
11852;2052;10/09/2025;11530;Debit Card
11853;4005;06/11/2024;5896;Cash
11854;1458;27/12/2025;27798;Credit Card
11855;13790;22/03/2025;9033;Credit Card
11856;19216;05/08/2025;22706;Cash
11857;9163;15/07/2025;26152;Bank Transfer
11858;549;05/12/2024;27878;Credit Card
11859;14071;05/11/2023;19406;Credit Card
11860;9528;26/03/2025;1849;Debit Card
11861;4142;11/04/2025;2966;Debit Card
11862;18246;12/07/2024;17082;Cash
11863;8476;26/05/2024;24218;Bank Transfer
11864;2134;21/08/2024;23664;Bank Transfer
11865;4557;10/10/2023;19968;Cash
11866;3472;21/05/2024;884;Credit Card
11867;18085;21/07/2024;15683;Debit Card
11868;961;07/01/2026;16602;Online
11869;6984;01/10/2024;1777;Bank Transfer
11870;15947;11/07/2025;5225;Online
11871;13828;01/06/2025;29986;Credit Card
11872;6811;20/11/2025;25387;Credit Card
11873;8853;17/04/2025;25160;Cash
11874;8197;10/01/2026;1380;Online
11875;2852;28/04/2025;14406;Credit Card
11876;12140;30/10/2023;29501;Cash
11877;18415;09/12/2025;16149;Credit Card
11878;2747;13/05/2026;17035;Bank Transfer
11879;6341;25/10/2023;23216;Cash
11880;1459;05/10/2025;7563;Debit Card
11881;16310;29/07/2026;19430;Online
11882;19658;23/02/2026;5255;Online
11883;18371;02/03/2025;10170;Cash
11884;10773;29/05/2025;25555;Bank Transfer
11885;19626;17/08/2024;17313;Online
11886;9879;13/08/2024;23180;Debit Card
11887;9082;15/07/2024;17485;Credit Card
11888;9530;06/09/2026;13600;Online
11889;4324;14/01/2026;3440;Online
11890;19502;08/05/2026;18054;Bank Transfer
11891;5568;05/05/2024;21418;Bank Transfer
11892;5162;09/03/2026;11617;Debit Card
11893;14153;02/11/2024;15441;Cash
11894;3216;10/07/2025;12233;Credit Card
11895;14778;24/03/2025;17410;Bank Transfer
11896;10997;21/11/2023;11054;Bank Transfer
11897;5842;03/01/2025;19599;Online
11898;1475;07/01/2024;13019;Credit Card
11899;15555;18/06/2024;29556;Bank Transfer
11900;15361;05/08/2025;28443;Online
11901;16564;14/01/2025;5490;Cash
11902;316;28/07/2024;14844;Credit Card
11903;17115;09/05/2026;20103;Debit Card
11904;18635;13/07/2024;23871;Debit Card
11905;704;06/01/2026;13977;Debit Card
11906;6644;16/03/2026;12191;Credit Card
11907;15586;18/02/2025;16320;Bank Transfer
11908;11046;20/11/2023;27351;Bank Transfer
11909;6445;19/10/2025;8434;Online
11910;14461;06/06/2025;14200;Cash
11911;6635;23/12/2023;18621;Credit Card
11912;5575;06/02/2026;20845;Online
11913;13970;19/06/2025;16580;Cash
11914;4835;11/08/2024;13504;Bank Transfer
11915;225;27/02/2026;1962;Credit Card
11916;8996;11/03/2026;22625;Online
11917;19536;08/09/2024;20556;Cash
11918;19649;29/06/2026;17673;Bank Transfer
11919;2230;07/08/2025;6156;Online
11920;4778;12/12/2025;7420;Debit Card
11921;11424;20/12/2025;28110;Bank Transfer
11922;650;26/08/2026;14571;Cash
11923;8122;20/08/2026;19368;Debit Card
11924;9653;05/10/2023;14903;Cash
11925;7427;16/04/2024;6055;Credit Card
11926;2336;21/04/2025;27875;Cash
11927;10280;02/07/2026;28991;Cash
11928;9058;04/01/2024;25315;Credit Card
11929;11140;18/01/2024;17788;Bank Transfer
11930;2336;29/06/2024;18749;Debit Card
11931;13407;17/05/2025;21177;Credit Card
11932;2873;11/10/2023;25199;Credit Card
11933;3757;10/01/2024;27207;Online
11934;8785;04/01/2024;3872;Debit Card
11935;16311;10/11/2025;6852;Online
11936;4013;25/10/2025;21165;Credit Card
11937;16354;07/03/2026;14037;Debit Card
11938;7768;14/12/2025;15622;Cash
11939;2530;28/10/2023;15177;Credit Card
11940;1091;03/08/2025;29022;Cash
11941;15759;11/01/2026;9153;Cash
11942;17647;17/07/2024;2695;Cash
11943;2084;06/03/2024;16248;Cash
11944;19304;07/10/2023;23495;Online
11945;4808;20/10/2024;4198;Bank Transfer
11946;6033;28/09/2025;12834;Online
11947;11035;24/07/2026;14986;Online
11948;9371;22/01/2025;26151;Debit Card
11949;14627;18/06/2024;23356;Bank Transfer
11950;18602;26/05/2026;24373;Bank Transfer
11951;12237;24/12/2024;16732;Online
11952;14864;08/07/2025;7117;Debit Card
11953;5744;17/10/2024;17305;Online
11954;15589;05/04/2026;2853;Online
11955;8640;21/04/2026;7058;Debit Card
11956;3162;11/01/2026;18535;Online
11957;1504;10/03/2024;21703;Credit Card
11958;7489;01/02/2026;5252;Cash
11959;1379;28/01/2024;3677;Bank Transfer
11960;1988;25/08/2026;16397;Cash
11961;19517;03/01/2026;9144;Debit Card
11962;2625;16/04/2026;11743;Bank Transfer
11963;7867;18/03/2026;23347;Bank Transfer
11964;2398;18/08/2025;4049;Debit Card
11965;8797;13/12/2025;3789;Credit Card
11966;9779;07/12/2023;12091;Cash
11967;9842;04/01/2024;16707;Debit Card
11968;15393;13/11/2025;2867;Credit Card
11969;16295;03/11/2024;2730;Online
11970;19426;06/10/2025;24889;Credit Card
11971;3679;09/11/2025;4572;Online
11972;11825;26/10/2025;8503;Cash
11973;8182;25/01/2024;10281;Bank Transfer
11974;1311;03/01/2026;19877;Online
11975;19079;10/12/2023;25023;Debit Card
11976;7862;03/07/2024;20293;Credit Card
11977;2054;28/01/2024;12879;Debit Card
11978;4086;08/12/2023;3186;Cash
11979;11899;28/06/2025;15751;Bank Transfer
11980;17153;18/09/2024;16539;Credit Card
11981;2671;23/03/2026;28383;Online
11982;5884;24/07/2025;22484;Cash
11983;15435;19/03/2025;21457;Cash
11984;16450;11/08/2025;9509;Cash
11985;1254;22/06/2026;15136;Cash
11986;19029;31/07/2026;7786;Bank Transfer
11987;17718;07/10/2025;22715;Debit Card
11988;6766;13/04/2026;14177;Debit Card
11989;8511;28/02/2026;28155;Bank Transfer
11990;106;12/03/2024;9283;Debit Card
11991;13978;15/09/2023;1117;Online
11992;4414;07/01/2025;20463;Credit Card
11993;15392;28/04/2025;7542;Credit Card
11994;1059;12/10/2023;13410;Credit Card
11995;19947;25/09/2023;22249;Online
11996;3476;17/02/2026;21309;Credit Card
11997;10289;23/08/2025;11144;Online
11998;11716;07/02/2024;13557;Cash
11999;8683;24/02/2026;5539;Cash
12000;1415;24/08/2026;2659;Online
12001;12276;03/03/2025;25238;Credit Card
12002;7147;17/08/2024;25314;Debit Card
12003;7046;06/11/2023;20186;Debit Card
12004;12186;07/10/2023;20089;Online
12005;11245;06/06/2026;4063;Bank Transfer
12006;15140;15/10/2025;23914;Credit Card
12007;15968;31/05/2024;16953;Bank Transfer
12008;2270;30/06/2024;16736;Debit Card
12009;3063;02/04/2024;16246;Debit Card
12010;289;30/09/2025;19263;Credit Card
12011;16249;12/05/2025;19949;Credit Card
12012;12898;29/12/2024;6495;Debit Card
12013;9813;02/11/2025;9433;Debit Card
12014;9475;13/10/2025;3964;Online
12015;16596;31/12/2023;16417;Bank Transfer
12016;8335;20/08/2026;2618;Credit Card
12017;18732;19/02/2024;17978;Cash
12018;9911;08/10/2023;26609;Credit Card
12019;11771;17/08/2026;21899;Cash
12020;19186;23/12/2023;14158;Debit Card
12021;19640;13/09/2025;8733;Credit Card
12022;3921;31/01/2026;14430;Bank Transfer
12023;790;11/10/2023;10293;Online
12024;9007;25/09/2023;28535;Credit Card
12025;4514;24/05/2025;28581;Credit Card
12026;17113;11/12/2023;7504;Debit Card
12027;15654;20/03/2024;9585;Debit Card
12028;19120;11/04/2024;5382;Online
12029;14583;06/02/2024;19071;Debit Card
12030;19933;30/06/2024;861;Credit Card
12031;17696;24/12/2024;19547;Bank Transfer
12032;6175;28/01/2024;3469;Debit Card
12033;12402;26/09/2023;26265;Debit Card
12034;18216;03/01/2026;29309;Cash
12035;10557;25/02/2026;11462;Cash
12036;9586;10/08/2026;22133;Credit Card
12037;449;08/01/2025;23357;Cash
12038;7498;03/03/2026;1499;Bank Transfer
12039;11088;20/02/2025;13285;Credit Card
12040;14474;13/08/2024;24736;Online
12041;13033;18/11/2025;7656;Cash
12042;17695;10/12/2023;7736;Cash
12043;16113;10/05/2024;25359;Bank Transfer
12044;944;09/10/2025;13597;Bank Transfer
12045;14724;15/03/2026;21659;Debit Card
12046;13344;18/01/2025;3274;Online
12047;8827;18/08/2025;23086;Online
12048;16116;07/01/2025;13816;Online
12049;4646;25/02/2024;28976;Online
12050;19199;04/02/2026;14991;Debit Card
12051;15899;29/10/2023;8233;Credit Card
12052;15265;11/03/2026;26900;Debit Card
12053;13938;14/05/2024;25904;Bank Transfer
12054;4814;30/04/2024;28830;Credit Card
12055;15451;08/03/2025;10866;Credit Card
12056;12189;12/04/2025;27315;Cash
12057;13636;27/05/2025;13969;Cash
12058;11168;19/05/2025;15550;Credit Card
12059;12164;27/01/2024;9148;Debit Card
12060;19783;02/02/2025;13623;Online
12061;11338;09/02/2026;29613;Debit Card
12062;13069;14/09/2023;28099;Bank Transfer
12063;18480;18/04/2024;2366;Cash
12064;18871;23/06/2026;13473;Bank Transfer
12065;4744;03/11/2025;9773;Debit Card
12066;1992;31/03/2026;8863;Cash
12067;10593;25/11/2025;19072;Online
12068;17611;22/05/2024;17738;Bank Transfer
12069;7125;15/03/2025;5311;Debit Card
12070;17567;27/10/2023;28159;Debit Card
12071;1860;17/11/2025;19234;Online
12072;13867;18/10/2024;12664;Cash
12073;12009;09/12/2025;26836;Cash
12074;3686;06/07/2026;19210;Credit Card
12075;17287;22/01/2026;19296;Bank Transfer
12076;13447;10/07/2024;10919;Debit Card
12077;232;04/08/2024;8188;Bank Transfer
12078;9881;29/08/2026;27498;Bank Transfer
12079;7243;18/04/2025;23963;Bank Transfer
12080;17677;18/11/2024;11043;Cash
12081;18079;23/11/2025;13083;Bank Transfer
12082;456;03/09/2025;28278;Debit Card
12083;18563;23/04/2024;2455;Cash
12084;13328;03/04/2024;16751;Debit Card
12085;10480;19/09/2024;24831;Bank Transfer
12086;1238;06/04/2026;12176;Bank Transfer
12087;11882;19/05/2026;8590;Cash
12088;9985;28/03/2025;25552;Cash
12089;6365;01/07/2026;20777;Credit Card
12090;18312;30/01/2025;4616;Debit Card
12091;13427;26/12/2024;29483;Cash
12092;146;13/11/2025;3533;Credit Card
12093;15187;04/01/2026;6485;Credit Card
12094;301;20/12/2025;1830;Cash
12095;3050;31/10/2023;13936;Cash
12096;15679;31/08/2026;9804;Debit Card
12097;4594;17/02/2025;10728;Online
12098;19336;15/07/2025;7975;Online
12099;4059;06/11/2023;5645;Credit Card
12100;11333;29/11/2023;24100;Debit Card
12101;5744;24/03/2026;9501;Credit Card
12102;14966;02/02/2024;22336;Debit Card
12103;16914;08/06/2024;3684;Credit Card
12104;18005;04/07/2024;10369;Online
12105;6584;23/07/2024;24935;Bank Transfer
12106;11285;26/11/2023;27026;Bank Transfer
12107;13186;12/01/2024;22275;Online
12108;1765;28/11/2025;9391;Cash
12109;2981;25/06/2026;13799;Online
12110;5789;22/08/2025;11150;Bank Transfer
12111;8971;26/07/2025;12839;Online
12112;10620;08/05/2026;15051;Debit Card
12113;18528;11/11/2025;4189;Debit Card
12114;5845;08/07/2026;12912;Debit Card
12115;19321;30/08/2024;12793;Credit Card
12116;6247;27/04/2024;16699;Cash
12117;10646;15/05/2024;8718;Cash
12118;2065;18/08/2026;9276;Debit Card
12119;16545;07/07/2025;13898;Cash
12120;9917;23/04/2026;16977;Online
12121;8195;06/10/2025;11543;Online
12122;7433;01/01/2024;24593;Debit Card
12123;813;26/05/2024;20225;Debit Card
12124;5088;25/10/2023;25405;Online
12125;17499;20/02/2026;9191;Debit Card
12126;16638;28/02/2026;6056;Credit Card
12127;16959;15/05/2026;8373;Online
12128;13533;03/01/2024;20358;Bank Transfer
12129;8922;11/02/2026;3949;Cash
12130;6246;11/05/2024;20576;Online
12131;15499;23/11/2023;25831;Bank Transfer
12132;9742;22/05/2024;3441;Cash
12133;4539;26/08/2026;6664;Online
12134;3495;11/06/2026;12546;Credit Card
12135;16403;07/09/2025;24379;Online
12136;7782;19/12/2025;4760;Cash
12137;6198;23/09/2024;10421;Debit Card
12138;18992;12/11/2024;25178;Debit Card
12139;6221;24/06/2026;14773;Bank Transfer
12140;12152;27/06/2025;28140;Credit Card
12141;3705;31/07/2024;5586;Debit Card
12142;11935;24/12/2024;21040;Bank Transfer
12143;10447;15/05/2025;12990;Bank Transfer
12144;7508;02/02/2026;14671;Debit Card
12145;14711;12/02/2024;12526;Cash
12146;13389;15/08/2026;23261;Bank Transfer
12147;5997;02/08/2025;7931;Credit Card
12148;5503;23/09/2023;26270;Bank Transfer
12149;14774;07/09/2025;12022;Credit Card
12150;10862;28/10/2024;8938;Bank Transfer
12151;14873;25/01/2025;25828;Cash
12152;5084;23/06/2026;13387;Debit Card
12153;8096;23/05/2025;27188;Online
12154;6381;24/05/2024;11141;Cash
12155;17261;25/01/2026;29684;Debit Card
12156;12990;24/08/2025;2962;Debit Card
12157;5753;23/09/2023;26770;Credit Card
12158;6937;20/02/2026;28118;Debit Card
12159;18168;01/05/2026;20305;Bank Transfer
12160;5590;21/08/2025;28851;Cash
12161;8135;02/05/2024;15521;Bank Transfer
12162;498;07/06/2025;13496;Online
12163;9706;02/07/2024;2320;Online
12164;7639;22/04/2025;21063;Debit Card
12165;15421;22/11/2024;22520;Debit Card
12166;15204;27/01/2025;15415;Cash
12167;7648;02/05/2024;12827;Online
12168;2053;05/06/2025;27199;Cash
12169;10746;25/10/2025;29334;Cash
12170;17328;31/08/2024;25689;Cash
12171;5309;24/07/2024;12921;Credit Card
12172;19453;12/02/2025;15023;Online
12173;7094;11/02/2025;11716;Online
12174;16041;14/12/2024;13522;Bank Transfer
12175;16243;11/05/2024;21949;Bank Transfer
12176;3615;22/08/2025;640;Cash
12177;17266;19/10/2025;20310;Credit Card
12178;16345;05/08/2026;20282;Debit Card
12179;1251;24/10/2024;25869;Debit Card
12180;8647;30/12/2025;5193;Cash
12181;7014;12/09/2024;9885;Online
12182;1543;17/10/2023;12138;Credit Card
12183;13360;29/03/2025;5370;Online
12184;3725;22/12/2025;25689;Bank Transfer
12185;4643;19/05/2026;22472;Online
12186;4748;29/06/2024;2310;Credit Card
12187;18470;22/09/2025;26452;Debit Card
12188;9789;29/08/2026;1164;Cash
12189;2770;23/02/2026;7052;Online
12190;9770;16/08/2026;4149;Online
12191;2142;26/06/2025;20389;Debit Card
12192;4042;08/02/2024;21719;Online
12193;19797;23/01/2024;17583;Credit Card
12194;10134;26/08/2024;7337;Bank Transfer
12195;848;15/04/2026;26688;Online
12196;6516;31/05/2026;17514;Credit Card
12197;6404;09/02/2025;27585;Credit Card
12198;16995;02/05/2025;9149;Online
12199;11541;27/04/2024;21035;Cash
12200;5272;17/03/2025;13745;Debit Card
12201;8496;30/11/2025;14341;Credit Card
12202;17097;20/01/2025;24702;Debit Card
12203;17238;19/07/2024;6639;Bank Transfer
12204;6150;31/05/2024;7137;Debit Card
12205;9249;04/09/2025;8969;Credit Card
12206;8409;21/08/2024;20822;Bank Transfer
12207;2763;05/11/2025;29856;Credit Card
12208;15009;23/04/2024;17432;Credit Card
12209;5688;13/10/2025;703;Cash
12210;9741;21/01/2026;12929;Cash
12211;5193;28/07/2026;25167;Online
12212;1182;18/03/2024;20964;Online
12213;16841;02/09/2025;5201;Bank Transfer
12214;17170;10/08/2025;18668;Cash
12215;14131;09/07/2025;11054;Debit Card
12216;4224;07/02/2025;11344;Bank Transfer
12217;12050;27/01/2025;5251;Bank Transfer
12218;11677;20/10/2025;8540;Cash
12219;12502;22/10/2025;24957;Bank Transfer
12220;3109;27/08/2026;20908;Online
12221;6491;04/10/2024;20660;Online
12222;3501;27/10/2024;17588;Credit Card
12223;1887;25/03/2024;25044;Debit Card
12224;19219;14/08/2024;13355;Online
12225;12100;08/08/2025;29638;Debit Card
12226;3085;24/06/2025;11284;Bank Transfer
12227;8999;23/03/2024;4719;Cash
12228;17813;26/09/2024;3798;Cash
12229;9978;20/03/2025;4087;Debit Card
12230;2825;10/06/2024;12237;Bank Transfer
12231;5027;06/08/2026;24460;Cash
12232;11959;22/08/2026;4416;Cash
12233;5506;12/03/2026;19346;Online
12234;7956;17/07/2026;4100;Credit Card
12235;617;05/10/2023;20589;Bank Transfer
12236;19445;25/03/2025;21999;Bank Transfer
12237;1846;16/10/2023;26649;Online
12238;8207;21/12/2024;16812;Cash
12239;13643;22/12/2023;7743;Debit Card
12240;12737;04/11/2025;23734;Online
12241;1743;21/08/2025;9448;Debit Card
12242;17203;07/10/2024;4699;Online
12243;14692;03/03/2024;1997;Cash
12244;9127;10/11/2025;9442;Debit Card
12245;5219;11/05/2024;9234;Credit Card
12246;11882;15/06/2024;2382;Bank Transfer
12247;9568;01/05/2025;28793;Online
12248;4509;20/03/2026;26445;Cash
12249;11137;10/11/2024;17195;Debit Card
12250;13971;26/04/2025;3106;Credit Card
12251;19422;17/02/2024;25943;Bank Transfer
12252;9561;28/07/2026;23593;Bank Transfer
12253;11554;20/12/2025;23521;Credit Card
12254;19264;28/03/2026;28141;Cash
12255;10676;28/05/2024;22850;Credit Card
12256;15595;12/10/2023;15067;Online
12257;18550;11/05/2025;17875;Bank Transfer
12258;8884;19/03/2026;29424;Bank Transfer
12259;8680;14/10/2023;17467;Online
12260;10350;04/12/2023;16553;Debit Card
12261;5911;18/10/2025;11132;Bank Transfer
12262;12326;16/01/2024;9860;Online
12263;12491;01/12/2025;771;Online
12264;17350;05/05/2024;12551;Debit Card
12265;17616;06/11/2025;29667;Debit Card
12266;17904;26/05/2024;967;Cash
12267;3006;26/08/2026;17021;Online
12268;2924;11/09/2025;13377;Credit Card
12269;9946;01/08/2025;7620;Cash
12270;8538;21/02/2024;26322;Credit Card
12271;13995;10/05/2024;9558;Online
12272;2009;26/12/2023;10425;Debit Card
12273;8312;01/12/2023;23794;Credit Card
12274;13039;28/05/2026;21794;Debit Card
12275;6687;06/11/2024;990;Debit Card
12276;11510;27/03/2025;16803;Debit Card
12277;14434;02/05/2024;25939;Credit Card
12278;15201;26/01/2025;23099;Online
12279;3194;13/01/2024;1091;Cash
12280;15959;05/06/2026;3806;Cash
12281;9215;16/05/2024;5904;Debit Card
12282;11430;12/07/2026;4564;Cash
12283;10088;19/05/2024;27516;Debit Card
12284;10763;26/10/2024;23051;Online
12285;17773;10/10/2023;7244;Bank Transfer
12286;19803;23/04/2025;17947;Credit Card
12287;1564;05/07/2025;7974;Cash
12288;4845;05/12/2025;18091;Credit Card
12289;9552;02/06/2026;24462;Credit Card
12290;7147;06/02/2024;7540;Online
12291;13296;31/03/2024;17578;Bank Transfer
12292;19111;03/09/2024;3821;Online
12293;11260;13/09/2023;27262;Cash
12294;11059;26/04/2024;21068;Bank Transfer
12295;17910;09/03/2025;11300;Online
12296;7851;05/09/2025;12009;Cash
12297;3920;18/02/2026;24555;Online
12298;8518;09/10/2023;2911;Cash
12299;12947;25/05/2025;20092;Cash
12300;3431;07/07/2025;22840;Credit Card
12301;3567;04/04/2025;8338;Debit Card
12302;11830;15/11/2024;7085;Debit Card
12303;19545;21/06/2025;26475;Cash
12304;19697;04/01/2026;11504;Online
12305;17021;08/09/2026;15376;Cash
12306;19889;05/12/2023;19472;Debit Card
12307;18785;05/05/2024;3486;Credit Card
12308;7808;04/05/2024;15707;Bank Transfer
12309;3706;25/06/2025;5626;Debit Card
12310;19785;20/08/2026;15638;Debit Card
12311;17448;21/12/2023;24423;Debit Card
12312;5239;09/03/2024;3632;Online
12313;11290;02/01/2025;26677;Debit Card
12314;5051;01/01/2026;24270;Credit Card
12315;5060;26/01/2026;25831;Online
12316;15062;05/03/2026;2932;Bank Transfer
12317;8733;03/11/2025;2910;Debit Card
12318;13724;20/08/2024;27854;Credit Card
12319;9697;29/07/2025;14855;Credit Card
12320;11604;29/03/2025;16834;Debit Card
12321;1883;21/07/2025;9878;Credit Card
12322;8769;13/10/2024;8683;Credit Card
12323;5572;07/02/2024;9824;Credit Card
12324;18669;13/01/2025;6132;Credit Card
12325;999;20/04/2026;18117;Online
12326;16977;14/04/2025;26268;Bank Transfer
12327;15475;24/02/2024;28577;Credit Card
12328;19048;06/10/2025;29340;Debit Card
12329;7958;15/07/2024;11549;Credit Card
12330;19920;02/01/2026;10202;Debit Card
12331;17915;19/12/2023;9272;Cash
12332;9820;13/10/2025;13699;Bank Transfer
12333;3432;26/05/2025;5856;Bank Transfer
12334;17221;03/02/2026;17786;Credit Card
12335;19430;13/02/2024;15943;Bank Transfer
12336;10816;25/02/2024;18694;Credit Card
12337;10034;24/07/2024;18054;Cash
12338;13381;06/10/2025;20866;Debit Card
12339;18657;15/06/2026;9304;Cash
12340;6490;27/06/2025;7040;Online
12341;19514;07/05/2025;18733;Online
12342;10826;24/11/2025;12161;Debit Card
12343;2254;17/02/2025;17249;Cash
12344;18897;29/01/2025;3173;Online
12345;12573;29/05/2026;18341;Debit Card
12346;6730;19/01/2025;27395;Credit Card
12347;10927;24/04/2025;23919;Bank Transfer
12348;8970;31/03/2025;18372;Credit Card
12349;13028;07/05/2025;27041;Debit Card
12350;15492;21/07/2026;26335;Credit Card
12351;15420;24/12/2023;13450;Cash
12352;7408;07/09/2025;24100;Bank Transfer
12353;18707;26/02/2024;26462;Credit Card
12354;13737;01/03/2024;17657;Bank Transfer
12355;13177;03/08/2025;6113;Cash
12356;72;01/08/2025;18014;Debit Card
12357;15541;11/01/2024;8748;Online
12358;15875;13/09/2023;25996;Debit Card
12359;16064;03/12/2024;7667;Bank Transfer
12360;14139;27/03/2025;1839;Credit Card
12361;12246;28/12/2025;27412;Online
12362;14048;28/09/2025;27707;Debit Card
12363;4236;30/07/2024;23233;Debit Card
12364;17005;03/12/2025;22776;Online
12365;17266;31/03/2024;11314;Debit Card
12366;15231;20/06/2026;6080;Cash
12367;985;12/12/2023;10458;Bank Transfer
12368;3121;23/07/2024;28141;Debit Card
12369;13161;30/05/2025;5280;Online
12370;16231;10/09/2024;4661;Credit Card
12371;11350;07/03/2025;17208;Debit Card
12372;2474;03/11/2024;11818;Debit Card
12373;2605;18/11/2023;26261;Bank Transfer
12374;16109;04/02/2025;27455;Cash
12375;18715;27/12/2025;5975;Credit Card
12376;13523;18/03/2024;22029;Credit Card
12377;13813;05/07/2026;7135;Cash
12378;16529;16/08/2026;2197;Cash
12379;10890;12/08/2025;4055;Cash
12380;3697;11/08/2026;18040;Credit Card
12381;5737;01/11/2023;2473;Credit Card
12382;17665;05/05/2024;9259;Debit Card
12383;4521;07/10/2024;15539;Bank Transfer
12384;11861;05/11/2024;5350;Cash
12385;12193;11/09/2026;7227;Cash
12386;19652;17/03/2024;5997;Credit Card
12387;5234;14/07/2026;19153;Bank Transfer
12388;16647;03/08/2024;10106;Bank Transfer
12389;9998;14/09/2025;15278;Credit Card
12390;700;10/07/2024;16943;Cash
12391;13331;30/06/2025;27254;Credit Card
12392;17200;12/02/2026;25012;Debit Card
12393;12563;30/09/2025;13426;Online
12394;1673;07/05/2026;3617;Online
12395;10272;21/05/2024;7663;Credit Card
12396;9652;07/02/2026;953;Bank Transfer
12397;853;03/03/2024;18587;Credit Card
12398;1602;03/08/2026;23356;Debit Card
12399;1683;30/03/2024;10909;Cash
12400;2826;05/10/2024;11294;Debit Card
12401;16881;27/10/2024;19071;Bank Transfer
12402;10574;01/07/2026;29423;Cash
12403;15736;26/05/2024;7562;Debit Card
12404;2580;05/10/2023;15316;Debit Card
12405;14734;21/10/2023;21322;Debit Card
12406;13062;11/04/2026;11866;Bank Transfer
12407;937;17/09/2024;17394;Credit Card
12408;11532;25/03/2024;15199;Online
12409;10348;27/05/2025;26251;Bank Transfer
12410;19411;08/07/2025;6691;Bank Transfer
12411;1076;12/09/2025;12123;Credit Card
12412;8457;19/06/2024;9403;Credit Card
12413;15091;01/11/2025;4633;Debit Card
12414;9584;25/07/2024;12765;Online
12415;4607;28/07/2025;14348;Debit Card
12416;10493;28/05/2026;21551;Bank Transfer
12417;16064;25/05/2025;4948;Online
12418;3081;21/09/2023;29091;Online
12419;8408;10/11/2025;21244;Online
12420;15307;04/12/2023;28420;Online
12421;5952;23/10/2024;17631;Credit Card
12422;4213;15/12/2023;951;Cash
12423;13377;09/05/2024;12292;Online
12424;15331;23/12/2025;7388;Online
12425;14460;11/01/2025;8711;Cash
12426;3437;13/11/2025;7314;Debit Card
12427;1491;19/05/2025;22826;Bank Transfer
12428;5712;29/03/2026;9126;Cash
12429;4115;28/05/2024;8625;Bank Transfer
12430;1180;26/02/2026;7479;Cash
12431;3539;24/02/2024;21928;Credit Card
12432;11615;03/06/2026;24537;Online
12433;18993;21/01/2026;5659;Bank Transfer
12434;7861;28/06/2024;1795;Cash
12435;589;04/12/2023;20357;Online
12436;9112;05/05/2024;15179;Credit Card
12437;2962;05/02/2024;13958;Bank Transfer
12438;9724;17/04/2024;21911;Bank Transfer
12439;16259;30/09/2023;27372;Credit Card
12440;391;06/05/2026;17406;Bank Transfer
12441;13385;25/01/2025;10673;Online
12442;4547;11/04/2024;23985;Cash
12443;13651;26/12/2025;11646;Debit Card
12444;775;30/07/2024;21598;Bank Transfer
12445;15904;17/12/2023;14367;Online
12446;3631;24/10/2024;25771;Bank Transfer
12447;8583;28/09/2023;15768;Bank Transfer
12448;6114;15/05/2024;27199;Bank Transfer
12449;17232;31/07/2024;18697;Bank Transfer
12450;14425;28/11/2024;20652;Debit Card
12451;17230;02/12/2023;29455;Debit Card
12452;2816;03/04/2024;20147;Credit Card
12453;9372;01/02/2026;25352;Online
12454;13651;07/03/2026;2491;Cash
12455;16032;14/01/2025;22308;Bank Transfer
12456;16949;06/10/2023;20451;Credit Card
12457;9902;24/05/2024;2221;Debit Card
12458;10857;20/08/2024;17581;Credit Card
12459;13379;27/09/2025;18091;Online
12460;15832;15/12/2023;24084;Bank Transfer
12461;17112;01/10/2024;12689;Cash
12462;2947;14/08/2025;7949;Bank Transfer
12463;793;09/11/2023;24870;Credit Card
12464;1569;28/11/2025;11869;Credit Card
12465;10546;12/04/2024;10338;Debit Card
12466;2037;09/02/2026;1592;Debit Card
12467;19493;17/06/2024;17608;Credit Card
12468;7921;03/04/2024;12846;Bank Transfer
12469;15086;01/06/2024;1208;Cash
12470;11940;25/01/2026;24572;Online
12471;18654;10/01/2024;6372;Credit Card
12472;11809;07/02/2026;10175;Bank Transfer
12473;16296;11/02/2024;16237;Online
12474;15108;27/08/2024;26826;Credit Card
12475;15515;07/06/2026;29892;Bank Transfer
12476;18028;30/04/2024;24644;Cash
12477;16720;18/03/2026;7418;Credit Card
12478;6708;05/06/2024;6108;Online
12479;14085;04/09/2026;28237;Bank Transfer
12480;5585;07/08/2026;22954;Cash
12481;10805;08/05/2026;22167;Bank Transfer
12482;1437;17/08/2025;10836;Bank Transfer
12483;6439;08/11/2025;3641;Credit Card
12484;4779;26/05/2024;24503;Bank Transfer
12485;14110;09/12/2025;19465;Cash
12486;12116;14/08/2024;8230;Cash
12487;8540;19/07/2026;1276;Debit Card
12488;3972;15/05/2026;12503;Cash
12489;12961;07/05/2025;5700;Debit Card
12490;2773;14/03/2025;1373;Online
12491;15057;31/08/2026;16259;Debit Card
12492;14384;13/12/2025;17465;Debit Card
12493;6099;14/06/2024;29209;Online
12494;1430;12/03/2024;29669;Online
12495;10655;21/04/2026;6400;Cash
12496;11565;16/04/2024;26080;Debit Card
12497;6750;31/05/2024;28670;Debit Card
12498;10470;20/07/2024;27828;Bank Transfer
12499;10556;30/04/2025;23897;Cash
12500;19812;11/12/2024;10962;Credit Card
12501;15105;11/03/2024;10197;Debit Card
12502;5854;11/04/2026;598;Debit Card
12503;3224;27/08/2024;3710;Bank Transfer
12504;6538;28/10/2024;10403;Online
12505;14559;08/01/2026;13731;Bank Transfer
12506;983;25/03/2025;13215;Bank Transfer
12507;5725;05/10/2023;7677;Debit Card
12508;2622;07/09/2026;24817;Debit Card
12509;9234;02/07/2026;26493;Debit Card
12510;10464;05/03/2024;17878;Debit Card
12511;5484;16/11/2023;26766;Bank Transfer
12512;4805;27/09/2025;29273;Credit Card
12513;18912;12/02/2026;8653;Online
12514;414;16/08/2024;21301;Bank Transfer
12515;13278;05/11/2023;6215;Credit Card
12516;2664;17/11/2025;3123;Debit Card
12517;1470;16/05/2024;11029;Online
12518;2355;05/02/2024;7214;Debit Card
12519;2497;17/01/2025;22548;Credit Card
12520;10287;30/04/2025;7360;Online
12521;1941;04/07/2025;5805;Debit Card
12522;18099;28/10/2023;20578;Debit Card
12523;10750;01/06/2025;4339;Cash
12524;13712;17/05/2026;5728;Credit Card
12525;2629;03/10/2025;8481;Online
12526;16532;28/12/2024;25860;Debit Card
12527;11002;07/03/2026;23751;Cash
12528;16818;07/01/2024;29382;Cash
12529;19953;09/03/2026;10172;Credit Card
12530;19694;24/07/2026;21354;Credit Card
12531;19331;17/05/2024;13725;Credit Card
12532;5123;06/08/2026;21066;Credit Card
12533;9470;22/07/2024;11522;Bank Transfer
12534;17652;08/03/2025;11356;Cash
12535;10607;27/09/2025;4319;Credit Card
12536;214;08/07/2024;3609;Online
12537;11375;07/06/2026;27146;Credit Card
12538;10248;07/10/2023;2435;Online
12539;18737;18/08/2024;22259;Debit Card
12540;17515;14/11/2024;2614;Debit Card
12541;5549;01/11/2025;16973;Credit Card
12542;6527;28/01/2025;3623;Credit Card
12543;16736;20/04/2024;29976;Debit Card
12544;18900;05/01/2026;7818;Debit Card
12545;917;14/05/2024;27918;Credit Card
12546;18281;13/03/2024;10889;Bank Transfer
12547;928;31/12/2025;8005;Credit Card
12548;8427;09/10/2023;6924;Cash
12549;14751;09/06/2025;12533;Online
12550;4096;19/11/2025;28093;Bank Transfer
12551;4495;29/03/2026;13970;Credit Card
12552;14489;12/06/2026;14954;Cash
12553;3356;19/04/2024;10435;Bank Transfer
12554;10661;18/10/2023;11286;Bank Transfer
12555;10148;05/10/2024;3637;Bank Transfer
12556;8236;02/02/2026;15020;Debit Card
12557;7852;09/02/2026;28539;Credit Card
12558;13200;26/07/2024;11902;Online
12559;14481;21/04/2026;22204;Cash
12560;10450;09/11/2024;23489;Bank Transfer
12561;15598;27/07/2025;25509;Cash
12562;18138;08/05/2024;28245;Debit Card
12563;17733;27/02/2025;20265;Debit Card
12564;972;08/10/2025;16684;Credit Card
12565;6154;18/07/2025;1062;Cash
12566;8679;20/09/2025;20756;Debit Card
12567;19234;01/11/2024;16264;Cash
12568;13275;27/10/2024;19883;Bank Transfer
12569;19903;04/11/2025;21939;Credit Card
12570;1485;19/01/2025;12723;Cash
12571;12592;13/11/2023;22050;Cash
12572;12939;27/09/2025;16702;Bank Transfer
12573;18120;01/11/2023;1027;Bank Transfer
12574;14853;05/09/2024;11879;Bank Transfer
12575;1593;02/01/2025;19209;Online
12576;3879;09/05/2025;11725;Bank Transfer
12577;17031;08/11/2023;22906;Cash
12578;12591;28/09/2024;16351;Credit Card
12579;10220;28/05/2026;9953;Debit Card
12580;15860;01/03/2025;3259;Bank Transfer
12581;14101;15/04/2024;23940;Bank Transfer
12582;8497;06/11/2025;12978;Credit Card
12583;19987;12/12/2023;27250;Credit Card
12584;1005;03/03/2025;9514;Online
12585;11663;30/08/2025;17765;Credit Card
12586;9204;26/09/2025;10941;Bank Transfer
12587;10433;03/10/2024;19427;Credit Card
12588;12253;01/12/2023;26478;Bank Transfer
12589;8899;26/12/2023;27233;Cash
12590;7638;25/02/2024;20268;Debit Card
12591;2203;21/06/2026;24113;Bank Transfer
12592;17762;01/01/2025;29220;Cash
12593;1737;15/10/2023;10481;Debit Card
12594;3031;05/07/2024;2792;Bank Transfer
12595;18036;10/12/2025;17950;Credit Card
12596;14930;29/09/2023;7098;Bank Transfer
12597;2156;14/01/2026;2243;Online
12598;16216;30/05/2026;22953;Online
12599;14415;27/12/2023;25337;Cash
12600;16211;16/04/2024;3488;Debit Card
12601;4821;29/10/2025;4126;Online
12602;663;25/07/2024;17995;Online
12603;13693;19/04/2024;12436;Online
12604;16362;29/10/2025;18043;Debit Card
12605;17883;30/12/2024;3337;Debit Card
12606;4618;24/05/2025;23133;Bank Transfer
12607;8947;11/09/2026;7668;Credit Card
12608;13204;22/04/2024;21699;Online
12609;14037;25/09/2023;17592;Credit Card
12610;12806;27/04/2024;18267;Online
12611;12830;06/11/2024;29344;Bank Transfer
12612;13104;14/05/2024;7228;Credit Card
12613;12026;19/06/2024;2533;Bank Transfer
12614;14531;25/12/2025;23237;Online
12615;2202;26/02/2024;2467;Debit Card
12616;10375;20/07/2025;1790;Bank Transfer
12617;12785;30/12/2025;14503;Online
12618;1808;13/09/2023;23981;Credit Card
12619;19660;07/08/2025;10862;Debit Card
12620;13647;14/07/2024;2445;Cash
12621;6021;26/11/2025;2106;Online
12622;12236;02/04/2024;15198;Bank Transfer
12623;4255;26/06/2024;12532;Bank Transfer
12624;1090;10/03/2026;2274;Cash
12625;9679;18/06/2024;27634;Bank Transfer
12626;14492;03/12/2024;740;Debit Card
12627;3215;01/08/2026;27287;Credit Card
12628;14282;26/01/2026;1604;Online
12629;3923;03/09/2026;16353;Debit Card
12630;1965;22/05/2024;24035;Cash
12631;17264;29/10/2024;21588;Cash
12632;15742;12/10/2023;12191;Cash
12633;18769;20/12/2024;3743;Online
12634;5687;03/09/2025;21678;Debit Card
12635;988;29/03/2025;16504;Cash
12636;18590;26/06/2026;6052;Bank Transfer
12637;12433;25/04/2026;27140;Debit Card
12638;4103;26/10/2025;26652;Cash
12639;8349;26/08/2026;6197;Bank Transfer
12640;19028;20/11/2024;19156;Cash
12641;6854;18/01/2025;19024;Credit Card
12642;6814;24/04/2024;10822;Cash
12643;718;20/12/2023;10970;Online
12644;10694;23/04/2026;12110;Bank Transfer
12645;15638;20/05/2025;10196;Bank Transfer
12646;16620;05/08/2026;20998;Debit Card
12647;11697;09/10/2024;27710;Bank Transfer
12648;16141;28/03/2026;4270;Credit Card
12649;5003;03/09/2025;4661;Credit Card
12650;18625;24/10/2023;7581;Cash
12651;16960;04/09/2024;4674;Cash
12652;1964;16/05/2024;3429;Online
12653;14424;18/03/2025;28851;Online
12654;7602;17/10/2025;25331;Debit Card
12655;3631;17/11/2023;6967;Debit Card
12656;13679;05/09/2025;5898;Cash
12657;5009;07/06/2025;12295;Cash
12658;9395;21/11/2025;11395;Bank Transfer
12659;1571;24/06/2026;28071;Cash
12660;7547;15/11/2025;3674;Bank Transfer
12661;959;06/06/2024;28602;Bank Transfer
12662;11243;22/06/2025;533;Bank Transfer
12663;12837;01/03/2026;799;Online
12664;13686;17/06/2024;29364;Credit Card
12665;10348;16/03/2025;24780;Credit Card
12666;75;23/04/2025;14980;Debit Card
12667;16072;05/06/2024;8368;Credit Card
12668;7887;19/06/2025;13126;Debit Card
12669;12128;12/11/2024;18880;Debit Card
12670;859;13/05/2024;23822;Debit Card
12671;4157;25/07/2026;19641;Online
12672;17140;23/12/2025;26508;Credit Card
12673;13757;09/10/2023;5404;Online
12674;7215;18/02/2026;5706;Online
12675;14136;18/07/2026;15023;Debit Card
12676;6471;23/06/2025;18007;Cash
12677;11871;14/05/2024;12438;Credit Card
12678;2171;29/06/2025;18087;Cash
12679;8572;03/04/2026;4363;Cash
12680;8994;16/11/2023;21190;Debit Card
12681;19790;12/04/2026;20161;Online
12682;10876;02/11/2023;23301;Bank Transfer
12683;11637;07/09/2026;16836;Credit Card
12684;7013;13/07/2026;12056;Bank Transfer
12685;9875;28/05/2026;23759;Online
12686;12982;05/04/2024;21481;Online
12687;13267;20/01/2025;14263;Cash
12688;17678;16/04/2026;14010;Credit Card
12689;12367;18/01/2026;17935;Bank Transfer
12690;6384;03/10/2023;17417;Credit Card
12691;9772;16/09/2025;13139;Bank Transfer
12692;11937;22/07/2026;15410;Online
12693;10532;11/08/2024;18302;Credit Card
12694;5686;02/04/2024;10489;Debit Card
12695;11241;29/07/2025;9444;Cash
12696;11754;12/05/2025;6166;Credit Card
12697;15980;06/12/2024;8707;Online
12698;1022;04/07/2024;12298;Bank Transfer
12699;755;21/11/2025;27993;Bank Transfer
12700;2693;26/04/2024;29989;Online
12701;11744;29/03/2026;2277;Bank Transfer
12702;3452;29/03/2024;26242;Debit Card
12703;6719;27/03/2026;13078;Cash
12704;17343;19/02/2024;13717;Debit Card
12705;325;23/11/2024;19428;Debit Card
12706;3493;02/04/2026;8179;Credit Card
12707;4759;22/05/2024;14273;Bank Transfer
12708;11545;26/09/2023;3976;Credit Card
12709;8806;08/07/2025;17246;Credit Card
12710;11916;30/04/2025;29443;Online
12711;13024;19/09/2024;13043;Bank Transfer
12712;7732;09/06/2024;9919;Credit Card
12713;5781;24/01/2024;10146;Online
12714;4401;07/05/2024;6233;Cash
12715;17323;18/06/2025;4785;Credit Card
12716;15338;19/05/2024;15587;Cash
12717;7967;22/04/2025;18133;Debit Card
12718;993;07/07/2026;20377;Credit Card
12719;11241;13/04/2024;16936;Bank Transfer
12720;15398;16/01/2026;6297;Cash
12721;6123;06/02/2026;5082;Bank Transfer
12722;11165;12/04/2026;16695;Credit Card
12723;14498;18/10/2023;25449;Credit Card
12724;4729;01/12/2025;3694;Credit Card
12725;18767;22/11/2023;26975;Online
12726;14444;26/09/2024;28232;Cash
12727;16076;10/08/2024;23630;Bank Transfer
12728;3399;08/02/2025;5645;Debit Card
12729;746;25/10/2024;11692;Debit Card
12730;8730;05/06/2026;7555;Bank Transfer
12731;15799;06/02/2026;2711;Debit Card
12732;19319;14/02/2024;5040;Cash
12733;12700;16/04/2025;2679;Bank Transfer
12734;9066;22/06/2026;29701;Cash
12735;4335;24/12/2025;22822;Online
12736;10408;12/05/2026;6445;Credit Card
12737;3146;29/06/2026;28839;Bank Transfer
12738;4541;21/09/2025;25216;Cash
12739;16130;27/11/2025;22565;Online
12740;16114;26/10/2025;12603;Online
12741;7064;30/12/2025;23388;Online
12742;4532;14/12/2023;12941;Cash
12743;16347;10/02/2026;10030;Credit Card
12744;7504;14/11/2023;20438;Online
12745;19356;12/08/2025;6191;Online
12746;14524;04/08/2025;13156;Cash
12747;4404;11/04/2024;21493;Credit Card
12748;9043;18/06/2026;16559;Online
12749;7879;24/12/2024;8926;Cash
12750;1269;09/01/2026;12417;Online
12751;19438;28/01/2026;9410;Debit Card
12752;11976;26/07/2024;17688;Online
12753;3903;15/05/2026;5633;Bank Transfer
12754;16925;19/10/2025;27122;Cash
12755;6659;06/08/2024;8966;Debit Card
12756;8547;09/08/2025;2189;Debit Card
12757;9364;18/10/2023;2672;Debit Card
12758;23;18/05/2026;16136;Debit Card
12759;3356;22/09/2025;12560;Bank Transfer
12760;13407;25/07/2026;10813;Bank Transfer
12761;7878;01/08/2025;18835;Online
12762;9543;19/03/2025;3567;Bank Transfer
12763;13152;15/10/2023;24964;Bank Transfer
12764;15282;25/03/2024;3545;Online
12765;6876;01/06/2026;16002;Bank Transfer
12766;17763;23/07/2024;17933;Cash
12767;3493;11/04/2024;10429;Cash
12768;11986;13/08/2026;29656;Debit Card
12769;1178;19/12/2023;21456;Credit Card
12770;11253;17/12/2024;3470;Debit Card
12771;2744;08/06/2026;9693;Bank Transfer
12772;11206;13/08/2025;9407;Cash
12773;13151;28/11/2023;6550;Online
12774;3084;07/07/2025;13054;Debit Card
12775;991;05/10/2024;23316;Cash
12776;9781;03/02/2024;11868;Cash
12777;15316;17/04/2024;11720;Cash
12778;2612;05/01/2024;28159;Bank Transfer
12779;3485;03/01/2026;10749;Cash
12780;9159;13/02/2026;18811;Credit Card
12781;16375;26/11/2025;9247;Credit Card
12782;5117;22/07/2024;20151;Bank Transfer
12783;17980;21/11/2023;12599;Online
12784;15477;19/08/2026;6220;Online
12785;14749;04/07/2025;2637;Debit Card
12786;11859;15/02/2025;13931;Online
12787;9762;08/05/2026;9796;Cash
12788;17661;15/03/2026;24575;Bank Transfer
12789;11175;26/08/2025;16677;Bank Transfer
12790;5983;20/08/2024;8456;Bank Transfer
12791;11364;05/01/2026;21204;Cash
12792;11595;27/04/2025;17852;Cash
12793;13050;27/03/2024;15629;Debit Card
12794;1312;27/04/2024;811;Online
12795;18270;17/07/2024;5442;Bank Transfer
12796;8321;22/01/2025;10888;Bank Transfer
12797;14884;06/07/2024;7597;Credit Card
12798;6725;17/02/2024;8921;Online
12799;18903;06/03/2025;16686;Credit Card
12800;7867;28/06/2024;4625;Bank Transfer
12801;3421;02/08/2024;27094;Debit Card
12802;12487;07/11/2024;14698;Cash
12803;16847;09/01/2024;935;Debit Card
12804;10037;06/06/2026;3871;Online
12805;10375;01/12/2024;23461;Online
12806;9736;12/07/2024;19211;Online
12807;12339;16/07/2024;14362;Bank Transfer
12808;2208;23/10/2024;11579;Bank Transfer
12809;11000;13/05/2026;4304;Cash
12810;7695;16/03/2026;4410;Online
12811;15169;03/07/2026;4463;Credit Card
12812;1517;12/03/2026;18580;Bank Transfer
12813;6358;06/05/2024;7933;Debit Card
12814;2200;19/09/2025;23444;Debit Card
12815;1200;03/04/2026;18140;Debit Card
12816;9885;12/08/2024;2864;Bank Transfer
12817;3760;15/03/2025;1642;Cash
12818;4454;08/07/2025;20825;Debit Card
12819;58;28/03/2025;9572;Bank Transfer
12820;13363;29/08/2026;28286;Cash
12821;3052;25/10/2024;27324;Bank Transfer
12822;12092;18/02/2025;8983;Debit Card
12823;12307;08/07/2026;849;Credit Card
12824;5228;25/02/2024;18231;Credit Card
12825;17763;22/09/2024;25689;Debit Card
12826;1675;08/11/2025;22963;Credit Card
12827;1869;04/02/2025;20703;Bank Transfer
12828;13944;29/05/2024;2740;Bank Transfer
12829;15108;25/07/2026;13374;Online
12830;6277;09/11/2024;21946;Cash
12831;18690;27/03/2024;25384;Debit Card
12832;6887;24/07/2024;24657;Debit Card
12833;13344;01/09/2024;13691;Credit Card
12834;488;24/08/2026;10581;Online
12835;6369;02/07/2025;7316;Online
12836;19578;27/06/2024;29026;Cash
12837;19502;04/06/2025;7426;Credit Card
12838;9913;08/04/2026;11137;Debit Card
12839;8748;20/05/2025;2604;Debit Card
12840;13785;11/09/2025;1979;Debit Card
12841;4857;12/08/2025;17425;Debit Card
12842;8775;08/06/2025;25332;Cash
12843;18888;13/02/2025;24692;Cash
12844;13263;06/11/2023;7147;Credit Card
12845;15084;14/10/2024;16006;Cash
12846;17387;07/02/2026;21570;Cash
12847;3460;01/05/2024;27211;Credit Card
12848;7571;26/03/2024;21014;Credit Card
12849;18731;27/12/2024;4632;Cash
12850;11809;27/06/2026;27927;Debit Card
12851;507;29/05/2026;13915;Debit Card
12852;743;07/07/2024;8469;Credit Card
12853;112;02/12/2024;18069;Bank Transfer
12854;2164;11/05/2026;13744;Bank Transfer
12855;2846;18/04/2025;12453;Online
12856;292;09/11/2024;6083;Online
12857;2576;22/08/2024;2417;Credit Card
12858;17838;23/08/2024;19856;Cash
12859;18711;30/01/2025;16471;Online
12860;6349;02/04/2024;28097;Online
12861;1895;21/04/2026;3467;Credit Card
12862;10245;19/07/2026;17471;Online
12863;9355;26/11/2024;3093;Credit Card
12864;10440;21/05/2024;11067;Online
12865;1840;04/12/2024;2667;Bank Transfer
12866;14172;07/12/2025;566;Credit Card
12867;13070;29/03/2024;21176;Debit Card
12868;3217;01/03/2024;29186;Online
12869;18454;05/01/2025;23358;Credit Card
12870;19330;04/11/2024;1494;Online
12871;16702;01/01/2024;5895;Credit Card
12872;11097;12/04/2024;20595;Credit Card
12873;12056;15/03/2025;19515;Bank Transfer
12874;279;29/10/2025;1926;Bank Transfer
12875;2995;03/05/2024;15407;Debit Card
12876;2310;04/12/2024;24134;Credit Card
12877;19588;23/12/2025;750;Credit Card
12878;17734;06/10/2025;26220;Credit Card
12879;3233;01/01/2024;10213;Bank Transfer
12880;1454;19/10/2025;13755;Credit Card
12881;12572;29/08/2026;6974;Online
12882;17251;11/12/2023;15124;Debit Card
12883;6131;28/07/2025;6378;Online
12884;278;07/05/2026;3084;Debit Card
12885;19577;05/03/2026;27190;Bank Transfer
12886;12279;11/01/2025;1503;Credit Card
12887;3584;01/04/2026;26896;Online
12888;9312;19/11/2025;28904;Credit Card
12889;17741;04/09/2025;2293;Cash
12890;933;10/07/2026;12799;Bank Transfer
12891;4966;04/05/2026;7297;Bank Transfer
12892;13027;07/10/2025;28400;Debit Card
12893;11037;21/02/2025;8707;Debit Card
12894;357;13/07/2025;2160;Cash
12895;19482;16/03/2025;29658;Debit Card
12896;5126;15/12/2023;7107;Online
12897;19117;12/09/2026;16473;Debit Card
12898;1951;26/08/2024;1979;Online
12899;2200;30/12/2023;15087;Cash
12900;14772;06/11/2024;19965;Cash
12901;8939;19/12/2025;11070;Cash
12902;8570;12/01/2024;12308;Credit Card
12903;15046;10/02/2026;13445;Bank Transfer
12904;5637;12/07/2026;15975;Debit Card
12905;9322;05/12/2025;26563;Bank Transfer
12906;9553;01/04/2024;2125;Credit Card
12907;10921;27/12/2025;29091;Bank Transfer
12908;3602;17/08/2025;14618;Cash
12909;14728;10/12/2025;13701;Cash
12910;10137;21/04/2025;26691;Debit Card
12911;8021;22/11/2024;26898;Debit Card
12912;230;30/01/2025;20308;Online
12913;1299;22/10/2024;28627;Online
12914;15859;29/10/2024;28393;Debit Card
12915;12095;18/06/2025;25297;Credit Card
12916;17878;29/02/2024;25385;Bank Transfer
12917;9803;01/04/2024;28337;Debit Card
12918;9592;04/11/2025;20425;Bank Transfer
12919;2827;05/04/2026;29460;Debit Card
12920;14479;18/07/2026;11050;Debit Card
12921;16276;27/09/2024;7113;Online
12922;15467;13/10/2025;24276;Credit Card
12923;13240;05/10/2025;7729;Credit Card
12924;12832;06/07/2025;25396;Cash
12925;11410;20/06/2026;5279;Debit Card
12926;8294;02/01/2026;8770;Debit Card
12927;5260;10/04/2026;12878;Cash
12928;3445;11/06/2024;16192;Cash
12929;3396;23/06/2025;15280;Cash
12930;13362;06/12/2025;1456;Credit Card
12931;1560;07/08/2024;651;Cash
12932;5067;02/11/2024;27153;Cash
12933;5744;15/07/2026;21259;Credit Card
12934;7116;16/09/2025;7559;Online
12935;9063;21/03/2025;12210;Online
12936;4710;04/12/2025;18393;Online
12937;1150;11/11/2023;607;Credit Card
12938;2385;12/02/2024;16248;Bank Transfer
12939;16601;17/12/2025;6102;Credit Card
12940;13594;18/09/2023;17368;Credit Card
12941;9462;26/06/2024;20344;Credit Card
12942;723;03/07/2024;21245;Bank Transfer
12943;16962;06/03/2024;24383;Online
12944;1117;15/10/2023;22374;Bank Transfer
12945;2294;16/10/2024;9805;Credit Card
12946;3991;08/02/2026;9500;Credit Card
12947;150;21/09/2025;24551;Online
12948;14962;28/06/2026;15323;Bank Transfer
12949;6888;23/10/2024;26399;Online
12950;1175;14/11/2024;16090;Bank Transfer
12951;19092;07/03/2025;14392;Credit Card
12952;4006;08/10/2024;13428;Credit Card
12953;3612;29/05/2024;13521;Cash
12954;5392;10/05/2025;11713;Cash
12955;19729;26/09/2023;14275;Bank Transfer
12956;7671;14/04/2026;27486;Credit Card
12957;761;13/05/2025;3857;Cash
12958;1452;19/09/2025;22994;Bank Transfer
12959;18305;26/10/2025;2105;Online
12960;9647;09/05/2025;27689;Credit Card
12961;9662;19/07/2026;6028;Debit Card
12962;9332;05/11/2025;23530;Debit Card
12963;12192;14/09/2025;16078;Debit Card
12964;16209;19/12/2024;16644;Bank Transfer
12965;10444;22/10/2024;8487;Bank Transfer
12966;6240;17/06/2026;11727;Debit Card
12967;9580;14/12/2025;19534;Debit Card
12968;6874;14/06/2026;18411;Online
12969;7878;03/05/2026;9764;Credit Card
12970;12731;01/11/2023;16245;Cash
12971;4148;06/03/2026;4530;Bank Transfer
12972;10625;28/07/2025;26096;Bank Transfer
12973;3305;11/01/2024;13797;Bank Transfer
12974;7420;27/06/2026;9671;Online
12975;15882;03/10/2025;24886;Online
12976;17998;07/11/2023;1557;Online
12977;12494;11/04/2025;18433;Cash
12978;1660;26/02/2024;23690;Bank Transfer
12979;13276;05/12/2024;9920;Cash
12980;14011;01/07/2025;18964;Debit Card
12981;15849;27/03/2025;9803;Debit Card
12982;6807;29/07/2025;18546;Online
12983;12742;28/04/2024;1828;Cash
12984;8135;28/01/2026;28965;Cash
12985;5529;22/09/2024;21412;Cash
12986;14824;22/08/2026;9780;Online
12987;6144;15/02/2026;5533;Credit Card
12988;12555;02/11/2025;26154;Credit Card
12989;977;22/07/2025;10102;Cash
12990;13882;24/11/2024;28736;Bank Transfer
12991;4034;30/05/2026;5812;Debit Card
12992;13242;10/03/2026;4958;Debit Card
12993;19288;15/12/2023;17439;Online
12994;9657;16/10/2024;15428;Bank Transfer
12995;2035;04/06/2024;8670;Bank Transfer
12996;1338;02/12/2025;16591;Cash
12997;1383;02/11/2024;2859;Bank Transfer
12998;6372;05/12/2024;24519;Bank Transfer
12999;11641;05/06/2026;13196;Bank Transfer
13000;5724;29/09/2023;13355;Cash
13001;11738;29/03/2025;11415;Cash
13002;6061;07/06/2026;976;Bank Transfer
13003;14473;29/09/2024;1718;Cash
13004;11534;27/07/2024;8251;Online
13005;1419;09/08/2024;19366;Debit Card
13006;11811;22/04/2024;17300;Bank Transfer
13007;6467;10/10/2024;26523;Bank Transfer
13008;8557;29/05/2026;1777;Cash
13009;8252;23/09/2025;9708;Credit Card
13010;3664;10/05/2024;24865;Debit Card
13011;2954;10/12/2023;4920;Credit Card
13012;14141;23/09/2025;28538;Bank Transfer
13013;953;19/11/2024;2591;Online
13014;5754;22/03/2025;11727;Credit Card
13015;775;02/02/2026;28698;Bank Transfer
13016;11086;15/11/2023;5655;Cash
13017;16815;10/09/2025;19117;Online
13018;12950;29/07/2025;17437;Cash
13019;698;13/03/2025;15592;Credit Card
13020;18712;17/11/2024;6290;Bank Transfer
13021;18393;16/03/2025;7791;Debit Card
13022;13729;20/06/2026;2043;Bank Transfer
13023;19760;20/09/2024;28925;Credit Card
13024;12888;15/09/2024;29631;Bank Transfer
13025;3641;31/05/2024;18181;Debit Card
13026;6828;26/03/2024;7297;Debit Card
13027;6555;10/11/2023;3203;Credit Card
13028;19261;29/03/2025;17520;Credit Card
13029;1993;15/04/2026;29906;Credit Card
13030;14467;10/02/2026;16195;Credit Card
13031;12016;18/11/2025;6923;Online
13032;6471;23/02/2024;26929;Credit Card
13033;6950;21/05/2024;18939;Online
13034;12769;27/05/2024;2482;Online
13035;9567;11/01/2026;22052;Cash
13036;18932;26/01/2026;775;Credit Card
13037;8043;20/07/2024;5231;Bank Transfer
13038;95;12/10/2024;6860;Credit Card
13039;2151;10/10/2025;29774;Credit Card
13040;2649;24/07/2025;6503;Bank Transfer
13041;10116;07/02/2024;2072;Online
13042;19360;11/10/2025;2576;Credit Card
13043;3850;05/11/2023;17333;Bank Transfer
13044;4776;31/03/2026;15445;Online
13045;17526;27/05/2024;2506;Bank Transfer
13046;18918;06/09/2026;8183;Credit Card
13047;2359;18/08/2025;17716;Bank Transfer
13048;15222;21/11/2023;4596;Cash
13049;13090;05/08/2024;6641;Cash
13050;11724;25/04/2025;20158;Online
13051;1827;19/04/2024;6975;Debit Card
13052;4871;06/12/2025;19349;Bank Transfer
13053;12105;20/05/2025;8368;Debit Card
13054;1531;12/12/2024;1397;Cash
13055;18738;29/04/2025;8890;Credit Card
13056;14771;28/05/2024;7829;Cash
13057;19380;25/03/2025;7622;Bank Transfer
13058;18659;02/03/2026;12691;Online
13059;18603;12/05/2024;4127;Debit Card
13060;8939;10/04/2024;5346;Online
13061;10107;23/05/2025;27162;Credit Card
13062;5341;29/11/2025;17811;Cash
13063;16036;13/02/2026;1220;Bank Transfer
13064;15063;14/07/2024;18618;Bank Transfer
13065;5405;29/09/2024;6463;Debit Card
13066;12418;04/10/2024;29499;Bank Transfer
13067;9160;04/09/2026;17071;Online
13068;7150;24/07/2025;6011;Credit Card
13069;17088;02/02/2026;29247;Online
13070;9492;13/05/2025;2816;Online
13071;11830;27/06/2026;20162;Online
13072;312;18/09/2025;23679;Bank Transfer
13073;6853;11/06/2024;22219;Debit Card
13074;18478;09/05/2024;17195;Bank Transfer
13075;7740;21/11/2025;27553;Bank Transfer
13076;10384;13/12/2024;27045;Bank Transfer
13077;14892;11/07/2026;25724;Debit Card
13078;986;18/05/2024;9767;Credit Card
13079;8609;19/12/2024;1330;Credit Card
13080;16885;31/08/2024;927;Bank Transfer
13081;3582;14/06/2026;19017;Online
13082;14425;31/03/2024;24470;Bank Transfer
13083;3683;18/08/2024;28938;Bank Transfer
13084;11281;08/11/2025;20249;Credit Card
13085;3554;23/03/2026;6181;Credit Card
13086;16402;06/06/2026;24148;Bank Transfer
13087;4011;14/08/2024;28009;Bank Transfer
13088;10292;15/03/2026;10896;Cash
13089;19665;02/01/2025;2170;Online
13090;16508;19/11/2024;20741;Online
13091;12925;24/04/2025;7198;Debit Card
13092;12607;30/10/2025;23333;Credit Card
13093;4920;29/10/2023;21202;Debit Card
13094;8127;04/10/2025;24004;Online
13095;13186;01/08/2025;12910;Credit Card
13096;6735;21/12/2023;26766;Bank Transfer
13097;1464;16/07/2025;27798;Credit Card
13098;1414;19/09/2023;10631;Bank Transfer
13099;2366;05/11/2024;6774;Bank Transfer
13100;9364;23/07/2025;9967;Cash
13101;8765;08/08/2025;5169;Cash
13102;984;23/03/2024;11344;Bank Transfer
13103;8587;14/12/2024;21622;Online
13104;12492;12/03/2025;5007;Debit Card
13105;18062;01/08/2024;4689;Debit Card
13106;4864;25/05/2024;16499;Online
13107;10755;24/03/2024;5032;Online
13108;12461;25/11/2023;23579;Cash
13109;16760;30/05/2026;4739;Bank Transfer
13110;5616;17/10/2023;25101;Debit Card
13111;8916;27/07/2026;20763;Bank Transfer
13112;16778;16/02/2026;23629;Bank Transfer
13113;8154;18/10/2023;8344;Cash
13114;9927;07/05/2025;7653;Debit Card
13115;9989;18/09/2024;27612;Credit Card
13116;11599;13/08/2026;28642;Debit Card
13117;10934;07/06/2024;28233;Online
13118;14811;09/12/2024;8324;Bank Transfer
13119;4565;08/10/2023;7453;Bank Transfer
13120;12744;08/11/2024;25813;Cash
13121;19336;18/06/2024;11839;Credit Card
13122;4274;11/06/2025;20465;Credit Card
13123;15135;10/12/2025;6848;Online
13124;15460;25/11/2025;2914;Credit Card
13125;12182;02/08/2024;13396;Credit Card
13126;3902;22/04/2026;19472;Debit Card
13127;1905;07/06/2026;17513;Credit Card
13128;8972;08/05/2024;26731;Online
13129;6633;22/05/2025;11406;Debit Card
13130;11654;13/11/2024;24856;Bank Transfer
13131;4602;31/03/2026;10405;Debit Card
13132;11466;11/01/2024;28832;Online
13133;3943;29/12/2025;18575;Debit Card
13134;14861;26/11/2023;23887;Credit Card
13135;17277;23/10/2023;681;Cash
13136;5900;14/01/2024;10916;Bank Transfer
13137;15142;13/11/2024;8524;Credit Card
13138;15491;15/06/2025;4380;Debit Card
13139;6525;18/10/2023;25555;Credit Card
13140;8339;01/07/2026;23886;Online
13141;4864;28/05/2024;1988;Credit Card
13142;13991;05/06/2024;18332;Cash
13143;30;17/09/2025;20023;Bank Transfer
13144;626;01/12/2024;21364;Bank Transfer
13145;15326;03/11/2024;17379;Bank Transfer
13146;515;02/02/2024;8692;Cash
13147;5189;04/03/2025;11138;Bank Transfer
13148;13333;03/12/2025;23035;Debit Card
13149;5922;02/02/2025;20784;Bank Transfer
13150;10903;13/07/2024;14712;Bank Transfer
13151;15676;05/02/2025;3690;Bank Transfer
13152;11289;25/06/2026;27012;Online
13153;8826;05/05/2026;22342;Debit Card
13154;143;16/12/2025;10067;Online
13155;19857;25/06/2025;21019;Credit Card
13156;19063;09/12/2024;23421;Credit Card
13157;4438;18/05/2024;15895;Debit Card
13158;5799;12/07/2025;21029;Online
13159;11151;20/05/2025;17358;Debit Card
13160;8661;24/03/2026;6161;Online
13161;17767;03/06/2025;19593;Cash
13162;19199;12/11/2025;15328;Debit Card
13163;8080;10/02/2026;4473;Cash
13164;10695;18/02/2025;12811;Online
13165;8589;22/04/2024;9120;Credit Card
13166;17016;11/12/2024;7469;Credit Card
13167;7922;22/04/2025;13905;Bank Transfer
13168;758;20/04/2026;15220;Online
13169;17855;14/09/2025;3406;Debit Card
13170;14911;02/05/2024;26016;Bank Transfer
13171;6657;24/01/2026;19917;Online
13172;9405;03/02/2024;27004;Online
13173;1201;02/09/2025;15168;Online
13174;7028;20/08/2026;7084;Credit Card
13175;6750;07/06/2025;22735;Cash
13176;13763;09/12/2024;15402;Online
13177;16225;23/04/2024;15245;Online
13178;12913;09/12/2025;27625;Bank Transfer
13179;8779;05/03/2024;10873;Online
13180;4713;12/12/2024;16839;Cash
13181;801;16/01/2024;8611;Bank Transfer
13182;10735;15/12/2025;16328;Credit Card
13183;4817;18/09/2025;17411;Bank Transfer
13184;4212;03/12/2025;25587;Debit Card
13185;3996;02/11/2025;14938;Cash
13186;16532;09/09/2024;4722;Bank Transfer
13187;5559;02/06/2026;23771;Bank Transfer
13188;221;07/01/2024;24920;Bank Transfer
13189;9135;02/02/2024;25560;Online
13190;19125;18/02/2025;19401;Online
13191;13972;25/11/2025;7599;Online
13192;13981;11/03/2026;10670;Credit Card
13193;9211;22/09/2024;10344;Online
13194;18634;20/08/2026;23117;Debit Card
13195;548;12/03/2024;27116;Bank Transfer
13196;233;25/08/2026;22352;Bank Transfer
13197;12034;21/09/2024;24541;Credit Card
13198;8219;14/08/2026;28235;Cash
13199;19107;17/12/2023;17640;Bank Transfer
13200;918;22/08/2025;4046;Bank Transfer
13201;11530;03/08/2024;14263;Online
13202;1541;15/06/2026;29704;Online
13203;19343;28/09/2023;29380;Credit Card
13204;17358;04/01/2025;1973;Cash
13205;10935;29/03/2024;6953;Credit Card
13206;19615;03/03/2024;26244;Online
13207;17167;17/02/2025;23505;Cash
13208;13848;03/11/2025;5757;Debit Card
13209;12278;03/06/2024;24215;Credit Card
13210;14602;14/01/2025;28076;Online
13211;16978;09/04/2026;6316;Debit Card
13212;16945;15/08/2024;25775;Debit Card
13213;14761;19/04/2024;27201;Cash
13214;17227;22/11/2023;3599;Credit Card
13215;8594;03/02/2025;10209;Cash
13216;13023;25/05/2025;4017;Cash
13217;1419;17/04/2026;22650;Credit Card
13218;15069;26/05/2026;16783;Debit Card
13219;19617;14/11/2024;5654;Debit Card
13220;7680;17/10/2024;10877;Credit Card
13221;86;06/10/2025;27010;Cash
13222;2020;01/04/2024;7675;Online
13223;82;03/06/2026;16532;Cash
13224;2637;19/10/2024;26740;Credit Card
13225;4478;04/12/2023;6868;Bank Transfer
13226;13182;08/11/2023;11561;Debit Card
13227;3835;23/08/2026;29359;Credit Card
13228;12754;29/08/2024;9717;Cash
13229;9990;23/08/2025;20882;Cash
13230;2782;21/07/2025;23040;Bank Transfer
13231;9403;12/08/2026;16416;Debit Card
13232;12910;31/08/2024;25448;Online
13233;2531;10/11/2025;22939;Credit Card
13234;10267;10/02/2024;7283;Bank Transfer
13235;8625;12/12/2024;21014;Online
13236;12637;01/05/2025;20114;Online
13237;11898;18/07/2024;21802;Debit Card
13238;15470;02/09/2026;8520;Credit Card
13239;14074;07/08/2025;7033;Online
13240;10124;27/02/2026;2153;Online
13241;9246;11/04/2025;28431;Cash
13242;12823;08/03/2026;7609;Cash
13243;6647;26/03/2024;22470;Credit Card
13244;1826;04/07/2026;18321;Cash
13245;12580;20/06/2026;24735;Cash
13246;16507;29/04/2025;27338;Debit Card
13247;10698;21/05/2026;10175;Online
13248;12499;20/09/2023;9912;Credit Card
13249;6554;19/01/2024;2722;Credit Card
13250;10130;20/03/2025;10071;Cash
13251;15435;14/04/2024;27738;Online
13252;10692;27/11/2025;28494;Cash
13253;17029;12/06/2025;17964;Credit Card
13254;579;04/02/2024;24276;Credit Card
13255;8975;18/09/2024;29150;Credit Card
13256;15206;21/03/2025;3382;Credit Card
13257;12752;22/12/2025;8212;Debit Card
13258;14642;15/10/2024;28942;Cash
13259;11178;03/03/2026;13452;Credit Card
13260;9883;23/05/2025;11129;Cash
13261;19513;16/07/2026;8498;Credit Card
13262;3683;25/04/2024;5917;Credit Card
13263;12953;09/09/2025;2727;Debit Card
13264;12823;19/10/2024;18384;Debit Card
13265;12718;06/05/2024;6058;Online
13266;13751;27/09/2024;18294;Cash
13267;5206;29/04/2024;21101;Online
13268;2471;14/11/2024;29431;Bank Transfer
13269;1905;31/05/2025;23111;Cash
13270;9539;23/10/2023;27860;Credit Card
13271;4635;16/10/2024;10970;Online
13272;9491;14/01/2026;3707;Debit Card
13273;12309;26/12/2024;5382;Cash
13274;5135;23/05/2025;11556;Credit Card
13275;12597;01/05/2025;22934;Bank Transfer
13276;4592;11/11/2025;19218;Online
13277;3499;01/10/2023;24426;Cash
13278;368;16/11/2023;18523;Online
13279;12030;06/03/2025;24829;Cash
13280;3410;28/11/2024;5565;Bank Transfer
13281;685;06/02/2024;25099;Credit Card
13282;14833;08/03/2025;4624;Cash
13283;3505;21/09/2024;4978;Debit Card
13284;12362;08/12/2023;26531;Bank Transfer
13285;3297;09/05/2024;17480;Online
13286;15335;15/04/2026;21853;Debit Card
13287;14341;11/06/2026;19016;Bank Transfer
13288;9281;20/06/2026;1758;Online
13289;15867;18/06/2024;11555;Cash
13290;9679;02/10/2023;622;Debit Card
13291;13295;16/01/2025;6660;Credit Card
13292;12133;15/12/2025;16288;Bank Transfer
13293;3934;03/01/2026;28790;Credit Card
13294;10292;20/04/2024;19390;Bank Transfer
13295;10158;29/03/2025;14231;Online
13296;17327;02/11/2025;15479;Credit Card
13297;18184;06/02/2024;3657;Bank Transfer
13298;7617;31/12/2024;3581;Online
13299;12620;11/07/2025;17902;Online
13300;485;25/02/2024;27745;Credit Card
13301;19426;28/02/2026;22766;Online
13302;15087;18/10/2024;29849;Bank Transfer
13303;6239;29/05/2025;13183;Online
13304;5802;14/03/2026;27091;Credit Card
13305;17858;13/04/2024;2404;Credit Card
13306;172;21/12/2023;27886;Debit Card
13307;2723;03/03/2025;21872;Cash
13308;944;28/04/2024;23287;Credit Card
13309;14118;17/08/2026;1338;Online
13310;14742;05/03/2025;8413;Credit Card
13311;1185;12/10/2025;26176;Debit Card
13312;18186;20/10/2023;7077;Cash
13313;18498;19/07/2025;29389;Bank Transfer
13314;13739;25/12/2023;10815;Debit Card
13315;4051;12/01/2024;5522;Online
13316;11041;22/11/2024;19009;Online
13317;9619;09/03/2024;2905;Online
13318;14005;14/01/2025;21683;Bank Transfer
13319;192;09/07/2025;5188;Online
13320;17376;27/07/2024;9826;Cash
13321;12946;05/04/2025;24632;Debit Card
13322;7225;08/02/2024;24644;Cash
13323;3328;04/12/2023;14054;Cash
13324;2455;14/11/2024;17050;Online
13325;3091;30/01/2024;21647;Debit Card
13326;17639;28/01/2024;14264;Online
13327;16281;30/05/2025;27596;Debit Card
13328;8006;20/07/2025;19027;Debit Card
13329;9171;25/03/2024;13331;Online
13330;2688;14/02/2025;4945;Bank Transfer
13331;16929;08/01/2025;17327;Bank Transfer
13332;8808;09/07/2026;11087;Debit Card
13333;9640;21/12/2025;4130;Bank Transfer
13334;3851;27/07/2025;11554;Cash
13335;17378;31/03/2026;1166;Credit Card
13336;13132;27/07/2024;28862;Credit Card
13337;6873;04/02/2024;8408;Online
13338;184;15/07/2025;14967;Credit Card
13339;9447;08/03/2024;7647;Online
13340;17672;27/01/2024;9986;Online
13341;2940;22/06/2025;20147;Online
13342;11250;15/07/2024;9255;Bank Transfer
13343;247;03/06/2024;14861;Credit Card
13344;14833;18/04/2025;15458;Online
13345;18928;13/06/2024;23056;Bank Transfer
13346;6408;27/08/2026;1921;Online
13347;14283;11/11/2023;29548;Debit Card
13348;15779;07/09/2026;29448;Bank Transfer
13349;3625;07/01/2024;23988;Online
13350;18387;03/09/2024;18783;Credit Card
13351;3531;13/05/2026;27038;Bank Transfer
13352;2237;08/05/2024;26024;Online
13353;9028;06/04/2024;10925;Debit Card
13354;833;17/02/2024;7987;Debit Card
13355;6688;01/03/2026;12059;Bank Transfer
13356;1940;16/08/2024;6195;Online
13357;18545;14/01/2024;14925;Bank Transfer
13358;4659;25/08/2025;10050;Cash
13359;7471;16/10/2024;12177;Debit Card
13360;1611;24/07/2026;13146;Cash
13361;7774;13/05/2026;3518;Credit Card
13362;17826;28/09/2025;20883;Cash
13363;2382;02/11/2025;27574;Bank Transfer
13364;14860;16/08/2025;20019;Online
13365;1371;09/12/2024;27839;Online
13366;6797;12/09/2026;26614;Credit Card
13367;14012;10/11/2025;2882;Bank Transfer
13368;2703;04/02/2026;12553;Bank Transfer
13369;6896;05/04/2024;6022;Cash
13370;14704;01/03/2026;29967;Bank Transfer
13371;1173;31/01/2026;18988;Online
13372;5684;16/02/2024;21947;Cash
13373;5887;17/06/2024;21747;Credit Card
13374;9640;13/05/2026;3682;Bank Transfer
13375;127;07/02/2024;25275;Debit Card
13376;4106;16/07/2026;10050;Bank Transfer
13377;7461;25/08/2024;14664;Credit Card
13378;3289;10/10/2023;7725;Credit Card
13379;1527;29/05/2026;14507;Debit Card
13380;509;28/02/2024;17957;Online
13381;3751;04/10/2024;3169;Online
13382;5174;14/03/2024;24790;Cash
13383;7801;19/07/2026;27071;Bank Transfer
13384;19240;06/02/2025;26896;Online
13385;19651;20/12/2025;2531;Cash
13386;19355;29/04/2025;28523;Credit Card
13387;9273;11/11/2025;17796;Debit Card
13388;13260;04/06/2026;12429;Online
13389;3347;06/06/2024;2227;Cash
13390;622;28/06/2025;2830;Cash
13391;14914;24/04/2026;22915;Online
13392;15895;28/12/2025;10689;Bank Transfer
13393;1836;28/07/2026;3084;Debit Card
13394;12590;26/02/2025;21500;Credit Card
13395;5828;18/12/2025;5801;Credit Card
13396;2488;26/09/2024;18101;Cash
13397;3260;27/10/2025;18245;Bank Transfer
13398;605;05/07/2026;24182;Debit Card
13399;12480;27/10/2024;11135;Cash
13400;12011;07/02/2026;2899;Online
13401;8919;25/02/2024;542;Online
13402;15916;26/12/2025;27733;Cash
13403;10360;09/09/2024;20897;Cash
13404;18721;05/07/2026;5396;Debit Card
13405;7838;11/11/2024;18578;Cash
13406;16406;07/09/2026;24499;Cash
13407;3243;14/02/2026;7893;Cash
13408;12575;19/01/2026;26883;Debit Card
13409;4057;02/02/2026;1701;Cash
13410;18301;28/04/2024;22301;Debit Card
13411;5967;17/03/2024;13399;Debit Card
13412;9889;08/12/2024;12261;Cash
13413;4675;06/11/2023;1759;Online
13414;3842;06/03/2024;21823;Credit Card
13415;8384;21/10/2024;13959;Bank Transfer
13416;6303;07/03/2024;20091;Bank Transfer
13417;1442;03/04/2025;19297;Credit Card
13418;10991;14/05/2024;28658;Cash
13419;15138;28/09/2023;14555;Bank Transfer
13420;5992;05/11/2025;13747;Debit Card
13421;6507;11/01/2026;21816;Credit Card
13422;18260;03/06/2026;28774;Cash
13423;12901;31/01/2024;24407;Online
13424;904;08/11/2024;5065;Bank Transfer
13425;536;17/05/2024;13350;Cash
13426;11699;05/11/2025;5918;Credit Card
13427;2488;08/10/2023;10150;Online
13428;2565;19/06/2026;21028;Online
13429;14822;11/12/2024;7499;Cash
13430;1356;07/02/2025;16739;Cash
13431;8213;20/02/2025;11107;Debit Card
13432;12774;12/05/2024;5293;Credit Card
13433;10271;18/05/2026;4908;Cash
13434;785;02/01/2025;28798;Cash
13435;18946;12/06/2024;4918;Credit Card
13436;13939;19/12/2023;9433;Bank Transfer
13437;18898;13/02/2026;12292;Credit Card
13438;6568;11/10/2025;25624;Cash
13439;684;13/05/2024;17309;Online
13440;1911;03/10/2025;1950;Bank Transfer
13441;13957;18/09/2025;15129;Cash
13442;6997;15/04/2024;1992;Cash
13443;1686;03/05/2025;22489;Credit Card
13444;7996;12/12/2024;25011;Bank Transfer
13445;7507;12/10/2025;3548;Credit Card
13446;9812;18/05/2024;29026;Bank Transfer
13447;193;02/01/2025;4010;Online
13448;8301;05/02/2026;7317;Online
13449;4357;11/02/2024;6257;Debit Card
13450;674;21/05/2024;21668;Credit Card
13451;19805;15/11/2025;23278;Debit Card
13452;11324;05/11/2024;28979;Cash
13453;11709;04/07/2024;23541;Debit Card
13454;7317;10/08/2024;26826;Cash
13455;1340;02/12/2024;8651;Cash
13456;18801;26/11/2024;21833;Credit Card
13457;10237;05/06/2024;16606;Credit Card
13458;6161;06/04/2025;18592;Online
13459;6648;01/08/2025;6011;Cash
13460;15456;07/12/2024;7021;Bank Transfer
13461;17093;07/02/2024;16159;Debit Card
13462;15350;18/02/2026;27894;Debit Card
13463;14601;20/06/2024;17850;Debit Card
13464;6945;16/07/2024;18806;Bank Transfer
13465;194;12/03/2024;17967;Online
13466;7806;14/08/2026;10016;Bank Transfer
13467;19812;26/06/2026;17810;Debit Card
13468;10662;09/10/2024;14934;Credit Card
13469;11879;24/01/2024;5803;Debit Card
13470;14499;18/02/2025;28562;Cash
13471;5653;24/09/2023;18821;Bank Transfer
13472;16363;08/11/2024;27956;Bank Transfer
13473;14826;19/05/2024;17996;Credit Card
13474;11139;10/05/2026;6453;Credit Card
13475;19774;28/12/2023;19465;Credit Card
13476;16753;27/10/2025;20614;Bank Transfer
13477;10274;11/04/2025;22617;Debit Card
13478;18033;12/07/2026;26087;Cash
13479;2305;11/02/2025;1688;Cash
13480;5808;01/02/2025;4855;Bank Transfer
13481;11531;04/08/2025;29797;Debit Card
13482;6193;25/08/2026;26200;Debit Card
13483;3309;26/11/2025;29231;Cash
13484;18294;06/03/2024;27088;Debit Card
13485;5128;29/01/2026;14494;Bank Transfer
13486;7039;13/11/2023;8594;Credit Card
13487;14639;08/04/2025;20816;Cash
13488;11054;07/08/2025;7036;Online
13489;1505;29/06/2026;15942;Online
13490;19903;02/11/2023;10058;Credit Card
13491;6494;14/05/2024;3640;Debit Card
13492;122;05/06/2024;28174;Online
13493;7479;02/06/2024;9661;Bank Transfer
13494;1706;17/11/2023;26429;Cash
13495;14302;24/11/2024;3973;Debit Card
13496;14414;14/01/2025;26363;Online
13497;12228;24/04/2025;24626;Online
13498;18919;03/12/2023;20156;Online
13499;6330;29/12/2024;4147;Credit Card
13500;11383;12/10/2025;13597;Online
13501;3326;26/07/2024;28747;Debit Card
13502;6240;08/07/2025;12350;Cash
13503;1689;28/05/2026;7019;Bank Transfer
13504;16583;05/04/2025;26833;Bank Transfer
13505;14253;30/08/2025;13247;Online
13506;15558;21/07/2026;19046;Debit Card
13507;17643;08/11/2024;17838;Credit Card
13508;3501;06/10/2024;22657;Cash
13509;2336;22/05/2026;27818;Credit Card
13510;9431;14/09/2025;20818;Cash
13511;3657;18/01/2025;9455;Online
13512;10106;21/01/2025;3456;Cash
13513;6125;23/02/2025;17622;Bank Transfer
13514;19156;14/12/2024;24822;Cash
13515;8110;23/09/2025;7955;Cash
13516;9136;03/09/2026;19061;Bank Transfer
13517;10785;27/04/2025;20817;Bank Transfer
13518;15936;23/08/2024;3872;Debit Card
13519;15265;15/07/2025;8874;Credit Card
13520;327;20/04/2024;17010;Online
13521;7767;06/10/2023;14324;Cash
13522;15866;10/01/2024;28663;Credit Card
13523;1825;26/12/2025;11512;Online
13524;1586;20/03/2026;3296;Bank Transfer
13525;18312;07/01/2026;21503;Bank Transfer
13526;18521;04/11/2025;25342;Credit Card
13527;3193;03/12/2024;3375;Bank Transfer
13528;1848;28/10/2025;4974;Bank Transfer
13529;3832;23/05/2024;25045;Online
13530;12544;08/07/2026;6498;Online
13531;3722;22/11/2023;4740;Bank Transfer
13532;554;18/10/2024;26398;Credit Card
13533;12426;14/05/2025;20834;Credit Card
13534;9442;10/11/2024;10923;Credit Card
13535;3595;23/01/2026;7141;Cash
13536;845;23/11/2024;17441;Bank Transfer
13537;1634;05/01/2024;28220;Bank Transfer
13538;17540;25/12/2025;6964;Cash
13539;2325;25/03/2025;1385;Online
13540;2608;25/05/2024;20631;Bank Transfer
13541;1600;20/02/2024;12479;Bank Transfer
13542;14899;08/03/2026;8953;Debit Card
13543;14335;25/03/2025;28500;Debit Card
13544;18510;15/11/2023;29463;Bank Transfer
13545;7000;15/04/2024;17485;Cash
13546;4318;06/09/2024;22782;Debit Card
13547;8889;20/11/2023;15822;Online
13548;4686;10/10/2023;11625;Online
13549;16966;11/08/2026;12758;Credit Card
13550;14063;08/07/2026;5050;Online
13551;19092;09/11/2025;23503;Credit Card
13552;13459;13/06/2026;25174;Cash
13553;1187;02/09/2024;12611;Credit Card
13554;12502;27/03/2026;9947;Debit Card
13555;8664;02/10/2025;4264;Credit Card
13556;16744;12/01/2025;4731;Cash
13557;5631;05/08/2026;13029;Bank Transfer
13558;808;10/04/2025;8656;Cash
13559;18027;04/11/2023;24892;Bank Transfer
13560;19729;30/06/2024;7953;Online
13561;16324;26/12/2025;20292;Cash
13562;14117;22/08/2024;16870;Cash
13563;6198;17/02/2026;19807;Debit Card
13564;9553;15/04/2025;29080;Bank Transfer
13565;15919;10/11/2025;23943;Credit Card
13566;10829;14/01/2026;1840;Bank Transfer
13567;9355;16/08/2024;18737;Cash
13568;1287;22/07/2024;24167;Bank Transfer
13569;14280;24/08/2025;8946;Debit Card
13570;7123;21/06/2024;6370;Bank Transfer
13571;17612;14/05/2024;5582;Debit Card
13572;2558;23/11/2025;3694;Debit Card
13573;7713;25/11/2023;23455;Online
13574;8598;28/03/2026;2889;Bank Transfer
13575;18926;30/06/2025;24456;Credit Card
13576;17697;25/05/2026;29465;Online
13577;14176;07/11/2025;10834;Bank Transfer
13578;19969;19/02/2026;7786;Cash
13579;8498;01/02/2026;9523;Debit Card
13580;15329;07/09/2025;19919;Bank Transfer
13581;3766;03/08/2025;16132;Credit Card
13582;3894;25/03/2024;13201;Bank Transfer
13583;8688;28/03/2025;8898;Bank Transfer
13584;454;31/03/2024;3054;Bank Transfer
13585;11533;23/06/2026;21695;Debit Card
13586;19541;17/06/2025;5455;Cash
13587;19977;10/11/2024;11545;Bank Transfer
13588;6529;17/09/2023;18004;Credit Card
13589;1448;30/05/2026;20280;Credit Card
13590;10603;07/07/2025;22485;Credit Card
13591;10478;15/07/2024;22070;Cash
13592;19126;22/09/2023;16645;Credit Card
13593;9878;23/06/2024;17106;Online
13594;19190;20/08/2024;20608;Online
13595;5620;26/04/2025;18039;Debit Card
13596;5265;11/03/2025;14925;Bank Transfer
13597;19578;10/02/2024;14970;Credit Card
13598;12783;09/09/2025;5596;Cash
13599;19485;22/07/2025;22050;Debit Card
13600;16307;28/11/2025;18881;Cash
13601;12948;13/04/2026;28763;Debit Card
13602;12189;31/01/2025;15515;Cash
13603;8538;04/12/2024;24115;Debit Card
13604;8922;18/09/2024;24437;Bank Transfer
13605;563;24/02/2024;7009;Online
13606;13052;22/06/2025;2311;Bank Transfer
13607;14705;06/06/2025;21801;Bank Transfer
13608;7343;30/07/2026;1226;Credit Card
13609;14587;06/02/2025;16799;Debit Card
13610;4291;11/09/2024;16668;Credit Card
13611;6700;12/07/2026;27032;Online
13612;7962;26/11/2025;26965;Credit Card
13613;16623;28/10/2023;13614;Cash
13614;2683;23/10/2024;27619;Online
13615;13684;29/07/2026;25381;Bank Transfer
13616;3408;23/05/2026;18458;Bank Transfer
13617;5838;14/09/2024;20168;Credit Card
13618;4671;31/05/2025;7424;Bank Transfer
13619;4675;21/04/2024;7290;Bank Transfer
13620;629;15/06/2026;12995;Cash
13621;5350;25/03/2024;25096;Credit Card
13622;14684;12/11/2023;5324;Credit Card
13623;12236;02/07/2024;18468;Debit Card
13624;15784;04/09/2024;4598;Bank Transfer
13625;10597;26/04/2025;3492;Online
13626;5190;18/10/2025;2851;Cash
13627;14848;26/01/2024;20433;Debit Card
13628;5213;30/09/2025;29886;Credit Card
13629;16668;29/12/2024;20589;Online
13630;19851;27/11/2025;15265;Online
13631;4706;29/04/2026;29549;Bank Transfer
13632;13844;30/07/2026;12860;Online
13633;8544;21/11/2023;23405;Debit Card
13634;10536;14/05/2026;26300;Bank Transfer
13635;5177;13/07/2025;22679;Online
13636;11734;24/10/2025;29249;Credit Card
13637;17646;17/02/2025;15045;Bank Transfer
13638;4884;25/09/2025;9742;Credit Card
13639;72;03/05/2026;4285;Online
13640;71;08/11/2024;29333;Online
13641;11727;05/11/2023;27491;Bank Transfer
13642;12984;24/04/2024;2086;Cash
13643;6505;19/04/2024;14300;Credit Card
13644;14055;02/10/2023;18379;Cash
13645;3112;21/08/2024;10227;Debit Card
13646;12724;28/03/2024;1595;Cash
13647;15741;22/11/2023;29886;Debit Card
13648;18075;15/11/2023;12354;Bank Transfer
13649;14533;24/03/2024;5564;Online
13650;14120;24/04/2026;29868;Debit Card
13651;9941;27/01/2026;27094;Cash
13652;2346;13/07/2024;1951;Bank Transfer
13653;6336;16/06/2026;26435;Online
13654;10103;08/04/2026;22954;Debit Card
13655;10165;17/06/2025;19585;Debit Card
13656;606;31/12/2025;27320;Cash
13657;12293;11/07/2026;21440;Credit Card
13658;4530;22/12/2025;12939;Credit Card
13659;9500;12/10/2023;16891;Cash
13660;19678;02/01/2025;28789;Credit Card
13661;17134;08/10/2025;2036;Cash
13662;1218;07/02/2024;16281;Cash
13663;927;18/09/2025;13410;Online
13664;10675;16/03/2024;29791;Credit Card
13665;4406;13/10/2024;2424;Online
13666;10015;05/05/2025;29446;Debit Card
13667;18688;03/02/2026;29811;Debit Card
13668;722;24/07/2024;1758;Cash
13669;741;26/05/2026;14366;Credit Card
13670;14284;14/01/2024;6624;Cash
13671;18863;27/06/2025;7014;Debit Card
13672;12967;14/08/2024;1932;Cash
13673;12492;28/09/2023;6676;Bank Transfer
13674;9055;13/03/2024;26274;Credit Card
13675;18619;05/05/2024;8463;Credit Card
13676;10326;23/03/2025;21403;Online
13677;16615;18/12/2024;1313;Debit Card
13678;671;10/03/2025;11916;Credit Card
13679;16292;13/01/2024;27898;Credit Card
13680;11504;24/09/2023;12617;Debit Card
13681;16539;17/08/2026;3891;Debit Card
13682;5279;23/07/2024;10446;Cash
13683;10830;19/10/2025;12749;Cash
13684;19201;10/05/2025;4642;Debit Card
13685;6220;24/05/2026;15983;Debit Card
13686;12829;22/09/2023;24285;Cash
13687;8623;25/12/2023;11672;Bank Transfer
13688;6387;29/11/2025;12274;Debit Card
13689;19531;09/06/2025;10710;Online
13690;4488;01/04/2025;4452;Debit Card
13691;3727;22/05/2026;20423;Cash
13692;2165;19/08/2025;20202;Cash
13693;3634;25/03/2026;6859;Cash
13694;14908;04/06/2025;9069;Online
13695;3047;18/09/2024;29871;Online
13696;15152;11/03/2024;24587;Credit Card
13697;1357;10/08/2025;27681;Debit Card
13698;6643;19/11/2023;16915;Credit Card
13699;2218;25/08/2025;28632;Credit Card
13700;19144;25/04/2026;7578;Credit Card
13701;8922;16/04/2026;23813;Bank Transfer
13702;9861;02/09/2025;5002;Debit Card
13703;1501;23/10/2024;24671;Credit Card
13704;5339;24/07/2026;4090;Credit Card
13705;15858;17/11/2025;25274;Debit Card
13706;12493;25/12/2023;1927;Debit Card
13707;16089;20/12/2025;13812;Credit Card
13708;1521;04/10/2023;14855;Debit Card
13709;14453;08/01/2024;14410;Bank Transfer
13710;16643;15/03/2026;11145;Bank Transfer
13711;15163;09/06/2025;6991;Credit Card
13712;10528;04/05/2025;13333;Online
13713;10008;07/05/2025;12012;Debit Card
13714;18405;02/12/2024;3967;Debit Card
13715;1005;29/12/2025;28342;Bank Transfer
13716;2384;17/09/2025;25704;Credit Card
13717;8381;20/11/2024;24886;Online
13718;16572;16/03/2024;19170;Cash
13719;13469;04/06/2025;5083;Debit Card
13720;342;28/06/2026;7421;Bank Transfer
13721;14588;06/11/2024;3495;Cash
13722;14088;06/04/2025;25719;Online
13723;8435;28/08/2025;17153;Online
13724;15889;28/05/2026;24607;Credit Card
13725;13704;23/10/2025;20247;Debit Card
13726;3556;15/12/2023;13102;Cash
13727;13788;30/09/2024;22330;Bank Transfer
13728;5529;24/04/2025;9507;Cash
13729;8996;09/12/2023;15654;Online
13730;8291;19/02/2026;21747;Bank Transfer
13731;7038;28/08/2024;1174;Online
13732;6645;18/09/2025;10818;Bank Transfer
13733;8950;27/03/2024;28386;Bank Transfer
13734;12772;21/03/2024;25234;Cash
13735;7607;12/11/2024;14704;Debit Card
13736;18905;10/07/2026;11888;Debit Card
13737;12118;17/09/2024;8918;Bank Transfer
13738;14796;13/11/2024;28620;Credit Card
13739;387;28/01/2025;20739;Online
13740;19878;01/10/2023;29592;Debit Card
13741;5388;21/07/2025;14626;Debit Card
13742;11939;09/11/2023;11794;Debit Card
13743;1578;16/09/2023;11142;Online
13744;18400;27/09/2023;4943;Debit Card
13745;11881;29/07/2024;21599;Debit Card
13746;14133;24/03/2026;29390;Credit Card
13747;2810;01/11/2025;11190;Credit Card
13748;12318;08/04/2024;4280;Credit Card
13749;1288;01/10/2024;26818;Debit Card
13750;1660;19/01/2026;20975;Cash
13751;14940;03/10/2023;24579;Credit Card
13752;4919;11/06/2026;2273;Credit Card
13753;17198;16/12/2023;28154;Bank Transfer
13754;3708;20/11/2025;16279;Debit Card
13755;1179;23/02/2026;23822;Credit Card
13756;9337;15/02/2025;6968;Debit Card
13757;9009;21/07/2025;9864;Cash
13758;2954;03/10/2023;4372;Online
13759;19067;30/07/2025;7711;Credit Card
13760;7876;10/12/2024;29130;Bank Transfer
13761;10187;10/02/2025;24099;Debit Card
13762;99;28/12/2024;27772;Online
13763;5889;25/12/2024;712;Credit Card
13764;18039;05/01/2024;6139;Online
13765;12634;04/04/2025;25092;Credit Card
13766;15717;12/11/2024;20897;Online
13767;6918;05/06/2026;20767;Online
13768;17238;01/03/2024;25172;Bank Transfer
13769;1838;08/04/2026;17640;Cash
13770;11878;09/09/2024;8211;Debit Card
13771;12051;17/07/2025;26580;Online
13772;10853;12/08/2026;14599;Credit Card
13773;6680;18/10/2023;778;Cash
13774;2048;29/08/2024;4557;Debit Card
13775;14042;01/11/2024;21164;Debit Card
13776;6916;15/03/2026;15544;Cash
13777;10727;20/04/2025;20179;Online
13778;14209;12/07/2025;12692;Cash
13779;2799;11/03/2025;6541;Bank Transfer
13780;18507;24/02/2025;26696;Debit Card
13781;11732;12/01/2024;7533;Bank Transfer
13782;4463;07/06/2026;11142;Bank Transfer
13783;4323;24/10/2025;23092;Debit Card
13784;15236;15/05/2025;9242;Bank Transfer
13785;18538;02/02/2024;14648;Credit Card
13786;4921;22/07/2026;17305;Debit Card
13787;9156;16/11/2024;646;Cash
13788;19108;29/05/2025;12336;Cash
13789;7651;06/05/2024;19518;Debit Card
13790;5298;15/02/2025;3048;Online
13791;1799;29/04/2025;29007;Online
13792;6960;05/10/2024;21194;Debit Card
13793;13820;11/10/2023;3188;Cash
13794;6473;23/06/2026;25194;Debit Card
13795;14136;14/01/2024;9961;Credit Card
13796;6109;27/09/2025;27005;Cash
13797;14386;11/05/2025;23113;Bank Transfer
13798;5792;23/06/2026;1975;Debit Card
13799;5333;21/12/2023;20714;Online
13800;4826;01/05/2026;20974;Online
13801;11126;17/07/2026;21271;Bank Transfer
13802;12502;13/04/2026;3836;Credit Card
13803;13034;21/05/2025;19374;Credit Card
13804;15700;24/12/2024;6284;Debit Card
13805;17988;09/10/2023;1117;Debit Card
13806;6358;19/06/2024;568;Online
13807;4698;03/01/2024;6399;Debit Card
13808;5231;24/03/2024;4822;Online
13809;12195;31/10/2023;11366;Bank Transfer
13810;12038;24/12/2024;17122;Cash
13811;18973;14/12/2025;2687;Bank Transfer
13812;17222;15/04/2024;15251;Debit Card
13813;19713;01/04/2024;15202;Cash
13814;11963;26/10/2024;6659;Credit Card
13815;14311;25/03/2025;9635;Cash
13816;18406;07/05/2024;11507;Online
13817;3342;03/03/2026;22274;Cash
13818;14564;02/01/2025;28928;Online
13819;12154;20/10/2023;7478;Online
13820;2107;08/02/2026;19329;Online
13821;11597;05/10/2025;12337;Online
13822;19491;27/03/2025;26881;Online
13823;9328;08/11/2024;3759;Online
13824;1271;21/10/2023;3474;Online
13825;8871;29/10/2024;24553;Online
13826;9999;31/07/2024;26817;Credit Card
13827;15172;24/09/2024;14875;Online
13828;19026;17/06/2025;27783;Cash
13829;10329;05/06/2024;3012;Credit Card
13830;2179;27/03/2024;1171;Cash
13831;19627;23/05/2025;2206;Cash
13832;7893;07/05/2026;2401;Debit Card
13833;15587;21/06/2024;18169;Online
13834;14558;10/03/2025;9035;Cash
13835;2249;09/03/2024;17210;Online
13836;13131;22/03/2025;7748;Credit Card
13837;19990;08/02/2026;25501;Bank Transfer
13838;12436;06/03/2026;20428;Online
13839;1701;16/01/2026;10548;Debit Card
13840;17146;21/03/2025;29768;Debit Card
13841;14242;30/06/2025;11843;Debit Card
13842;18672;15/08/2024;5319;Online
13843;11597;14/12/2024;19479;Bank Transfer
13844;13790;20/07/2026;14246;Cash
13845;4062;06/05/2024;21336;Online
13846;12883;06/10/2024;26797;Online
13847;8773;16/07/2025;27211;Credit Card
13848;17360;30/12/2023;22678;Online
13849;17103;26/08/2024;776;Cash
13850;6179;15/06/2024;8143;Cash
13851;18092;16/09/2025;22356;Cash
13852;8857;30/08/2025;2140;Debit Card
13853;8268;24/06/2025;29211;Debit Card
13854;642;10/06/2026;13035;Online
13855;6285;01/11/2023;7025;Online
13856;5493;09/09/2025;1522;Credit Card
13857;10538;26/12/2023;12657;Online
13858;16914;22/11/2024;14949;Cash
13859;13360;27/12/2024;9067;Debit Card
13860;8771;07/09/2026;20652;Credit Card
13861;10507;02/02/2026;18984;Online
13862;17496;07/07/2025;26032;Credit Card
13863;5627;17/10/2024;7978;Cash
13864;14800;28/09/2023;4068;Cash
13865;12636;21/09/2024;25899;Bank Transfer
13866;15066;01/03/2024;15981;Cash
13867;9725;08/05/2024;20056;Bank Transfer
13868;14400;28/11/2023;18717;Credit Card
13869;19138;28/06/2026;2000;Online
13870;814;04/06/2026;22352;Debit Card
13871;9278;13/07/2025;22138;Bank Transfer
13872;877;08/12/2024;14011;Credit Card
13873;17120;02/12/2023;19369;Debit Card
13874;1331;30/11/2024;13172;Credit Card
13875;12388;24/11/2024;16524;Credit Card
13876;8656;24/09/2024;27379;Online
13877;16459;14/08/2024;6687;Debit Card
13878;12920;27/07/2024;14328;Debit Card
13879;3927;11/07/2024;23176;Debit Card
13880;9065;31/07/2026;20052;Bank Transfer
13881;14755;22/03/2025;14634;Bank Transfer
13882;11320;17/01/2025;22336;Bank Transfer
13883;1785;19/06/2025;16286;Bank Transfer
13884;19123;16/03/2024;19106;Bank Transfer
13885;7306;22/10/2023;18709;Cash
13886;18038;20/12/2025;23903;Bank Transfer
13887;5080;13/07/2024;18551;Online
13888;1767;31/08/2024;24827;Credit Card
13889;14134;12/09/2026;23437;Bank Transfer
13890;2258;19/04/2025;16279;Cash
13891;14289;06/03/2026;29922;Cash
13892;4419;16/02/2025;15669;Cash
13893;1423;23/11/2025;14465;Bank Transfer
13894;18426;23/12/2024;4224;Credit Card
13895;8623;09/05/2026;16889;Cash
13896;14223;15/04/2025;19920;Online
13897;4240;08/12/2025;9327;Bank Transfer
13898;15269;30/04/2024;19799;Online
13899;2830;18/01/2026;20964;Debit Card
13900;15888;27/10/2023;15907;Online
13901;9533;21/10/2024;3061;Online
13902;18356;08/12/2024;18574;Online
13903;2139;01/07/2026;12772;Debit Card
13904;13589;02/11/2025;876;Bank Transfer
13905;18099;07/07/2026;8037;Cash
13906;7092;28/04/2025;18904;Online
13907;4680;27/06/2024;27287;Debit Card
13908;18118;10/08/2025;14959;Online
13909;4927;06/12/2024;25344;Cash
13910;11780;10/12/2023;8985;Bank Transfer
13911;4660;21/03/2026;29649;Debit Card
13912;6359;14/01/2026;26450;Credit Card
13913;16345;09/03/2026;29635;Credit Card
13914;7716;29/04/2026;8824;Online
13915;1828;23/11/2025;25235;Debit Card
13916;15963;19/05/2026;26595;Credit Card
13917;5665;15/04/2024;27752;Credit Card
13918;17364;22/03/2024;9133;Debit Card
13919;19483;07/11/2024;25900;Cash
13920;12025;05/02/2025;2514;Debit Card
13921;168;15/08/2026;22274;Cash
13922;13390;13/06/2024;11547;Bank Transfer
13923;5294;01/12/2024;13728;Credit Card
13924;12137;15/05/2024;1415;Bank Transfer
13925;14535;25/11/2024;29825;Debit Card
13926;970;29/10/2024;13788;Online
13927;8967;30/12/2023;13990;Online
13928;17498;17/09/2023;17330;Bank Transfer
13929;4825;01/07/2025;27525;Online
13930;3555;07/04/2025;16605;Debit Card
13931;12653;18/08/2026;13252;Cash
13932;7307;03/08/2024;10483;Debit Card
13933;3526;29/05/2025;8389;Bank Transfer
13934;8812;23/06/2024;13081;Bank Transfer
13935;17368;11/07/2025;6234;Bank Transfer
13936;19785;03/03/2024;4341;Debit Card
13937;18511;11/02/2026;27393;Online
13938;1514;30/07/2024;872;Credit Card
13939;15125;22/10/2023;4732;Bank Transfer
13940;1285;29/07/2026;11967;Credit Card
13941;7947;22/02/2025;11560;Credit Card
13942;16337;24/11/2025;24962;Cash
13943;10745;09/07/2026;20412;Credit Card
13944;6144;01/02/2024;18766;Debit Card
13945;17655;24/11/2023;11038;Bank Transfer
13946;19134;18/05/2025;8122;Cash
13947;19444;10/11/2023;27033;Debit Card
13948;8106;01/09/2026;28008;Debit Card
13949;13877;01/05/2026;20585;Debit Card
13950;4543;11/07/2026;26116;Bank Transfer
13951;10964;26/02/2024;19950;Cash
13952;14485;21/10/2025;29209;Debit Card
13953;14139;14/11/2023;28602;Cash
13954;8249;19/07/2025;4060;Online
13955;5849;16/09/2023;9062;Credit Card
13956;10198;03/10/2023;11402;Debit Card
13957;1246;21/05/2026;2536;Debit Card
13958;1202;07/07/2025;943;Cash
13959;15526;21/06/2024;25127;Online
13960;14031;27/04/2026;27608;Bank Transfer
13961;1069;10/10/2025;13924;Credit Card
13962;15891;10/09/2026;1946;Bank Transfer
13963;3120;20/01/2024;6271;Credit Card
13964;4212;08/01/2024;28324;Credit Card
13965;7729;31/08/2024;9760;Cash
13966;5620;28/02/2024;2502;Cash
13967;18089;01/12/2025;1877;Bank Transfer
13968;16008;28/04/2025;29230;Cash
13969;9288;17/02/2026;21130;Online
13970;7328;19/03/2025;25769;Cash
13971;15924;13/05/2026;6378;Debit Card
13972;18367;16/09/2024;21809;Debit Card
13973;15550;02/08/2024;7181;Debit Card
13974;19362;29/04/2024;3473;Cash
13975;18338;29/05/2024;7246;Online
13976;8175;21/04/2025;5426;Cash
13977;8040;03/03/2024;16872;Online
13978;7650;03/12/2023;24446;Debit Card
13979;3460;28/11/2024;24541;Credit Card
13980;5864;30/03/2026;9260;Bank Transfer
13981;11193;06/05/2025;3481;Bank Transfer
13982;13584;19/07/2024;17658;Debit Card
13983;19705;19/10/2025;26745;Debit Card
13984;12699;14/06/2024;16471;Online
13985;18729;05/12/2025;12595;Bank Transfer
13986;14425;15/02/2026;17936;Credit Card
13987;562;18/06/2026;18067;Online
13988;3547;09/03/2025;18925;Credit Card
13989;1489;05/10/2023;20033;Online
13990;4645;04/03/2026;19883;Cash
13991;8470;22/09/2024;7761;Online
13992;19462;14/01/2025;7801;Bank Transfer
13993;782;18/03/2024;8872;Bank Transfer
13994;12865;09/07/2025;29464;Online
13995;1174;01/12/2025;17454;Online
13996;3311;12/06/2025;3121;Credit Card
13997;17290;02/07/2024;6360;Cash
13998;4047;19/07/2025;7245;Debit Card
13999;2571;26/09/2024;10244;Bank Transfer
14000;17784;28/01/2026;19286;Bank Transfer
14001;8466;22/03/2025;26559;Cash
14002;6508;27/09/2025;13690;Debit Card
14003;19024;14/12/2025;26194;Debit Card
14004;1677;02/10/2024;19801;Bank Transfer
14005;2130;01/10/2025;3426;Bank Transfer
14006;12705;04/06/2024;24844;Cash
14007;6472;02/12/2025;27978;Credit Card
14008;10358;27/06/2025;2496;Credit Card
14009;4692;08/07/2024;10447;Bank Transfer
14010;15829;18/03/2025;24802;Credit Card
14011;14704;18/04/2025;17702;Bank Transfer
14012;7889;04/05/2025;24993;Bank Transfer
14013;16225;01/08/2025;22334;Cash
14014;16120;22/09/2025;4444;Online
14015;19160;23/12/2024;20781;Online
14016;13942;14/05/2024;25340;Online
14017;6211;11/08/2026;6335;Bank Transfer
14018;16381;19/05/2026;8995;Credit Card
14019;16727;05/02/2025;17101;Online
14020;846;02/12/2025;20797;Bank Transfer
14021;14497;02/10/2023;23520;Cash
14022;6119;08/10/2025;22229;Online
14023;11304;12/09/2024;18523;Cash
14024;6638;13/02/2025;4811;Debit Card
14025;3754;14/03/2026;19934;Credit Card
14026;12308;18/06/2024;25502;Debit Card
14027;9898;29/08/2025;4813;Debit Card
14028;15392;29/11/2025;15152;Debit Card
14029;13356;27/06/2026;8977;Online
14030;11564;24/12/2023;8294;Debit Card
14031;6370;13/11/2025;29339;Cash
14032;19064;07/10/2023;7949;Cash
14033;11984;14/04/2026;25809;Credit Card
14034;15880;27/06/2024;12020;Credit Card
14035;7236;07/09/2025;22146;Cash
14036;16296;21/04/2026;25145;Bank Transfer
14037;11009;27/04/2024;10695;Cash
14038;3237;01/06/2025;2280;Online
14039;8322;26/07/2026;1487;Online
14040;8903;02/11/2023;15679;Cash
14041;10863;20/02/2024;4253;Debit Card
14042;7863;30/11/2025;18260;Bank Transfer
14043;7333;02/05/2024;27238;Bank Transfer
14044;11878;10/11/2024;9739;Cash
14045;2010;22/07/2026;22743;Cash
14046;11779;13/10/2023;9045;Online
14047;10652;03/04/2024;17934;Online
14048;2573;15/02/2025;26618;Online
14049;11261;28/12/2024;27200;Bank Transfer
14050;15506;21/01/2025;3232;Debit Card
14051;1674;16/05/2026;1177;Credit Card
14052;11252;01/03/2026;4098;Debit Card
14053;17679;09/04/2024;21223;Online
14054;9910;23/11/2025;13293;Online
14055;17556;25/03/2025;22798;Cash
14056;11071;11/05/2025;3691;Bank Transfer
14057;19520;13/05/2026;16902;Debit Card
14058;5918;04/03/2025;28215;Bank Transfer
14059;19186;03/04/2024;6540;Online
14060;14539;02/01/2024;20386;Cash
14061;6579;01/12/2023;12198;Bank Transfer
14062;15753;30/11/2024;21413;Cash
14063;13025;19/05/2026;25751;Debit Card
14064;3389;10/11/2023;6263;Debit Card
14065;269;11/04/2025;11609;Online
14066;14867;05/05/2025;14998;Cash
14067;16333;22/12/2023;17311;Bank Transfer
14068;7525;15/03/2024;13353;Credit Card
14069;3736;26/04/2026;24233;Bank Transfer
14070;4881;13/11/2024;6927;Cash
14071;288;14/02/2026;5811;Debit Card
14072;6942;29/08/2025;27082;Bank Transfer
14073;2072;12/06/2025;28372;Credit Card
14074;11605;21/07/2024;29961;Credit Card
14075;12046;05/09/2026;26949;Debit Card
14076;12608;12/08/2026;29216;Credit Card
14077;8319;16/07/2025;4265;Cash
14078;12860;29/06/2024;13859;Cash
14079;7226;09/10/2025;26669;Bank Transfer
14080;17417;11/01/2025;27124;Cash
14081;16840;22/08/2024;13414;Cash
14082;11712;14/06/2025;27717;Bank Transfer
14083;2314;11/05/2026;24101;Debit Card
14084;3375;07/06/2024;6841;Bank Transfer
14085;18012;13/04/2025;5337;Credit Card
14086;14059;12/09/2026;13743;Bank Transfer
14087;6505;27/10/2023;22217;Online
14088;938;08/11/2024;29572;Debit Card
14089;19169;08/04/2026;10001;Online
14090;16177;30/01/2026;28479;Bank Transfer
14091;19678;06/12/2025;2901;Credit Card
14092;17833;14/07/2024;8945;Debit Card
14093;14831;31/10/2024;21424;Online
14094;16845;29/05/2026;24285;Credit Card
14095;16978;06/05/2025;22650;Cash
14096;8850;29/03/2026;7685;Debit Card
14097;14448;20/08/2025;26052;Debit Card
14098;13630;20/03/2024;9488;Bank Transfer
14099;4440;31/05/2025;2971;Online
14100;14214;20/11/2025;638;Online
14101;6884;29/08/2026;16869;Bank Transfer
14102;1006;02/08/2024;21349;Cash
14103;6753;28/05/2024;23698;Online
14104;16125;09/10/2024;11772;Bank Transfer
14105;3672;02/06/2026;21243;Cash
14106;19615;07/04/2025;17283;Credit Card
14107;8865;26/09/2025;18075;Debit Card
14108;13834;18/06/2026;24204;Debit Card
14109;996;07/10/2023;29632;Bank Transfer
14110;3668;29/10/2025;4567;Debit Card
14111;19906;29/11/2025;29880;Cash
14112;19332;15/08/2026;1833;Credit Card
14113;18596;07/04/2024;6431;Online
14114;6957;30/12/2025;22001;Debit Card
14115;5369;08/05/2026;2529;Cash
14116;16605;14/03/2026;7415;Bank Transfer
14117;4193;21/09/2023;11595;Credit Card
14118;18178;27/06/2025;7026;Cash
14119;2618;23/08/2026;22403;Debit Card
14120;8742;06/09/2026;23340;Online
14121;12479;17/03/2025;908;Cash
14122;1291;11/08/2025;21889;Online
14123;14320;09/02/2024;515;Bank Transfer
14124;13789;04/05/2024;20586;Cash
14125;16168;13/07/2026;20133;Credit Card
14126;18289;26/03/2024;2207;Debit Card
14127;11392;13/06/2025;4159;Cash
14128;9854;26/10/2023;25702;Cash
14129;6038;31/01/2024;12310;Credit Card
14130;1953;05/02/2026;7535;Debit Card
14131;9408;16/11/2023;4698;Online
14132;10599;09/09/2024;18082;Debit Card
14133;11018;19/10/2025;15146;Cash
14134;19400;30/05/2025;17415;Cash
14135;2337;09/05/2025;24301;Bank Transfer
14136;18146;01/02/2025;15608;Cash
14137;19660;25/02/2026;12214;Credit Card
14138;8902;18/05/2024;6778;Debit Card
14139;4911;07/08/2024;17396;Bank Transfer
14140;13773;03/07/2024;13755;Cash
14141;8531;11/05/2026;28053;Credit Card
14142;16964;10/02/2025;9614;Online
14143;12689;26/04/2025;14876;Credit Card
14144;4206;09/05/2026;16497;Debit Card
14145;19587;25/09/2023;13829;Debit Card
14146;531;24/09/2024;26449;Credit Card
14147;13948;20/05/2026;15759;Credit Card
14148;13454;25/05/2025;12922;Debit Card
14149;907;29/01/2026;23466;Credit Card
14150;15304;19/09/2023;25791;Online
14151;17958;19/05/2024;22397;Cash
14152;8062;10/01/2026;17088;Credit Card
14153;8964;22/06/2026;21540;Bank Transfer
14154;11389;11/04/2025;10814;Debit Card
14155;7556;11/08/2025;2069;Online
14156;19311;21/08/2026;10809;Credit Card
14157;15224;03/06/2026;1697;Cash
14158;620;03/02/2025;28339;Bank Transfer
14159;16742;22/03/2026;12785;Cash
14160;13191;03/02/2024;24514;Credit Card
14161;8264;13/07/2024;22816;Bank Transfer
14162;12587;10/10/2023;16999;Online
14163;15467;01/04/2025;997;Bank Transfer
14164;6586;20/04/2025;3494;Credit Card
14165;4159;17/12/2023;16516;Online
14166;13187;19/01/2025;12993;Bank Transfer
14167;16480;24/02/2025;17157;Debit Card
14168;1703;25/03/2026;6869;Online
14169;557;18/11/2023;29987;Online
14170;11421;29/08/2024;5289;Online
14171;3430;22/09/2023;27369;Debit Card
14172;7465;13/01/2024;20150;Credit Card
14173;14608;24/10/2024;9082;Cash
14174;17249;26/03/2024;1817;Bank Transfer
14175;1192;11/09/2025;26613;Online
14176;380;08/06/2024;15922;Cash
14177;5269;25/09/2024;24926;Online
14178;7747;30/07/2024;24526;Debit Card
14179;3833;10/05/2024;13149;Bank Transfer
14180;9451;03/05/2024;28433;Credit Card
14181;4795;16/09/2025;29033;Debit Card
14182;19467;28/10/2023;18214;Cash
14183;10374;02/12/2024;20103;Credit Card
14184;12447;20/03/2024;13752;Credit Card
14185;11927;24/03/2026;28158;Credit Card
14186;7613;15/02/2026;22058;Credit Card
14187;16235;18/10/2023;25447;Debit Card
14188;11150;11/06/2025;2570;Bank Transfer
14189;1751;14/01/2024;29508;Online
14190;5347;09/07/2024;16401;Cash
14191;16828;25/04/2025;24283;Bank Transfer
14192;6124;05/01/2026;25826;Credit Card
14193;7135;28/03/2026;29431;Bank Transfer
14194;11482;12/08/2024;12263;Cash
14195;13985;18/04/2024;13365;Bank Transfer
14196;15258;27/10/2023;16380;Online
14197;14334;26/04/2026;11207;Cash
14198;3414;07/07/2025;20427;Cash
14199;11224;24/09/2025;18582;Credit Card
14200;8383;28/02/2025;19423;Credit Card
14201;9225;05/03/2024;2831;Bank Transfer
14202;3249;26/04/2026;23066;Bank Transfer
14203;13571;04/08/2025;18202;Credit Card
14204;12356;10/07/2025;22258;Bank Transfer
14205;4834;01/06/2026;3922;Debit Card
14206;4832;09/01/2024;3697;Cash
14207;7185;18/06/2025;16425;Online
14208;11229;13/12/2024;23610;Cash
14209;16486;04/11/2024;8296;Cash
14210;5481;11/04/2025;10103;Credit Card
14211;18671;04/12/2025;25337;Cash
14212;17813;04/06/2024;10471;Bank Transfer
14213;17740;15/12/2024;12584;Online
14214;8964;05/05/2024;22801;Online
14215;6913;07/11/2025;13191;Bank Transfer
14216;7698;21/05/2024;25124;Cash
14217;11466;01/11/2025;562;Cash
14218;13663;30/06/2026;23953;Credit Card
14219;13720;09/11/2024;15211;Bank Transfer
14220;2070;23/01/2025;14690;Bank Transfer
14221;4097;15/11/2023;5105;Credit Card
14222;10641;07/09/2025;6808;Online
14223;6830;18/01/2024;29904;Online
14224;5783;14/11/2024;7108;Bank Transfer
14225;19152;26/09/2024;18081;Credit Card
14226;17821;16/07/2026;25732;Debit Card
14227;14620;19/01/2025;5465;Cash
14228;11508;27/01/2026;2810;Cash
14229;4792;01/04/2025;14822;Online
14230;15936;08/03/2026;25864;Credit Card
14231;17422;15/12/2024;27027;Online
14232;4234;21/07/2025;17049;Bank Transfer
14233;17430;30/09/2025;29180;Cash
14234;17062;02/11/2023;4671;Online
14235;4060;01/06/2024;5262;Bank Transfer
14236;14646;05/12/2025;17059;Online
14237;14506;12/04/2026;28168;Credit Card
14238;12991;01/11/2023;16692;Online
14239;18963;13/05/2024;25720;Online
14240;8768;03/04/2026;1910;Online
14241;2251;15/12/2024;6361;Cash
14242;8505;17/12/2024;29523;Bank Transfer
14243;7590;24/09/2023;11533;Credit Card
14244;5208;24/04/2025;11859;Bank Transfer
14245;16682;01/12/2023;27445;Cash
14246;728;08/11/2024;3502;Bank Transfer
14247;9568;22/11/2025;19372;Bank Transfer
14248;16344;13/07/2025;10729;Online
14249;6820;25/11/2024;4584;Bank Transfer
14250;12267;06/04/2026;26806;Debit Card
14251;5017;17/10/2023;16265;Debit Card
14252;16799;26/12/2023;29122;Credit Card
14253;5812;25/05/2025;20016;Online
14254;18540;24/09/2024;3905;Cash
14255;4677;09/07/2026;13648;Bank Transfer
14256;2954;17/12/2023;1843;Debit Card
14257;11328;18/06/2025;23590;Cash
14258;4269;16/09/2024;9132;Cash
14259;13209;19/10/2024;16811;Credit Card
14260;8237;30/06/2025;10975;Debit Card
14261;2496;29/12/2025;5819;Debit Card
14262;6209;03/01/2024;23444;Online
14263;17091;02/05/2026;12042;Debit Card
14264;8369;28/03/2025;874;Online
14265;17362;11/12/2024;3167;Bank Transfer
14266;8453;21/03/2026;28371;Online
14267;17705;24/12/2024;17569;Credit Card
14268;3854;11/03/2026;8482;Cash
14269;18221;27/12/2024;4333;Online
14270;10796;20/09/2025;17390;Credit Card
14271;6287;19/04/2025;9964;Credit Card
14272;2476;04/02/2026;9886;Credit Card
14273;5394;03/03/2025;13879;Debit Card
14274;14684;15/02/2024;15858;Cash
14275;9568;24/02/2025;7898;Credit Card
14276;8955;15/12/2023;23300;Debit Card
14277;12528;24/07/2026;18556;Online
14278;2540;20/03/2025;27672;Online
14279;17436;25/07/2026;8318;Bank Transfer
14280;15839;21/09/2024;9346;Online
14281;12817;21/07/2024;14255;Bank Transfer
14282;9882;02/06/2026;10465;Bank Transfer
14283;19374;06/05/2026;14791;Debit Card
14284;2827;01/04/2024;17729;Online
14285;4283;24/07/2024;20934;Bank Transfer
14286;17741;17/08/2026;3367;Credit Card
14287;9788;10/12/2023;24025;Cash
14288;1057;24/08/2026;2665;Debit Card
14289;16773;05/05/2025;9753;Bank Transfer
14290;17242;21/02/2024;22302;Bank Transfer
14291;10159;18/01/2024;17718;Credit Card
14292;10276;12/08/2024;26201;Online
14293;8726;24/09/2025;11862;Cash
14294;15286;17/09/2024;12456;Credit Card
14295;15835;23/05/2026;1884;Online
14296;12215;15/05/2024;18381;Bank Transfer
14297;5121;14/06/2024;28602;Online
14298;550;10/12/2025;3764;Online
14299;12719;01/07/2024;8148;Credit Card
14300;5362;12/01/2024;1779;Debit Card
14301;16811;23/02/2025;17431;Debit Card
14302;10524;06/07/2024;15954;Bank Transfer
14303;19256;16/11/2023;21937;Credit Card
14304;14334;13/08/2024;24948;Credit Card
14305;6070;08/06/2026;11556;Bank Transfer
14306;8142;16/01/2024;27001;Cash
14307;14004;31/12/2023;11412;Debit Card
14308;2520;25/04/2024;26709;Online
14309;2791;08/10/2023;13881;Online
14310;9005;13/05/2024;4710;Bank Transfer
14311;7098;20/06/2024;24269;Debit Card
14312;14629;17/01/2025;12575;Online
14313;6408;12/02/2026;10402;Debit Card
14314;10730;10/12/2024;6035;Debit Card
14315;4411;17/02/2025;28203;Online
14316;16766;20/01/2026;3875;Credit Card
14317;8950;11/04/2026;2488;Credit Card
14318;14899;22/11/2025;24058;Debit Card
14319;11195;10/09/2026;14391;Cash
14320;19028;23/03/2025;21033;Credit Card
14321;11314;26/08/2024;23069;Cash
14322;10481;09/06/2026;10956;Online
14323;3338;12/04/2025;6124;Bank Transfer
14324;13011;10/11/2024;2751;Debit Card
14325;2642;13/08/2024;15214;Debit Card
14326;6433;05/01/2024;26182;Bank Transfer
14327;4866;08/08/2024;26539;Online
14328;15066;29/11/2025;26926;Bank Transfer
14329;11593;09/07/2025;27577;Bank Transfer
14330;13744;17/02/2025;12853;Cash
14331;12315;28/10/2024;22427;Credit Card
14332;6635;09/04/2024;29442;Bank Transfer
14333;8698;06/10/2023;27457;Cash
14334;8299;16/06/2025;7718;Debit Card
14335;19363;13/03/2026;16936;Online
14336;9647;18/04/2024;1820;Cash
14337;8709;13/05/2026;16028;Credit Card
14338;15275;06/08/2026;23763;Credit Card
14339;2487;29/11/2025;2331;Credit Card
14340;13467;04/02/2025;24871;Online
14341;9592;08/11/2023;3043;Online
14342;17312;21/05/2024;787;Bank Transfer
14343;6046;16/05/2025;25728;Debit Card
14344;456;05/11/2025;12057;Bank Transfer
14345;18067;07/09/2026;11454;Cash
14346;16267;12/12/2023;20916;Debit Card
14347;3573;11/07/2024;13901;Credit Card
14348;9473;09/03/2025;29810;Online
14349;6871;07/05/2025;26792;Online
14350;18242;17/11/2024;7894;Online
14351;40;15/07/2025;23491;Online
14352;13100;14/02/2025;5000;Online
14353;8864;12/07/2025;5891;Cash
14354;17886;30/10/2023;27781;Bank Transfer
14355;11578;28/10/2023;11104;Credit Card
14356;15060;03/11/2025;25786;Debit Card
14357;18120;24/07/2024;25487;Cash
14358;6373;06/07/2025;22109;Online
14359;5459;27/09/2024;24072;Credit Card
14360;12249;11/10/2024;9882;Bank Transfer
14361;17365;24/04/2026;2514;Debit Card
14362;420;03/12/2025;21565;Online
14363;6103;01/03/2024;24336;Online
14364;12188;22/06/2024;24145;Debit Card
14365;8706;11/05/2025;27412;Credit Card
14366;13943;29/03/2024;27310;Online
14367;6534;23/03/2026;5824;Cash
14368;12180;27/07/2024;18483;Credit Card
14369;521;29/05/2026;5579;Online
14370;5511;18/11/2024;21355;Bank Transfer
14371;19319;19/09/2023;25369;Debit Card
14372;457;18/11/2024;5886;Bank Transfer
14373;1182;21/04/2026;2656;Online
14374;8760;20/05/2024;1107;Credit Card
14375;8145;08/04/2026;14265;Online
14376;17673;12/03/2024;23000;Bank Transfer
14377;18481;21/07/2026;13946;Cash
14378;19976;24/07/2025;9437;Credit Card
14379;19291;27/08/2025;11229;Credit Card
14380;9895;02/10/2025;28236;Cash
14381;6290;03/11/2023;5703;Cash
14382;11144;14/09/2025;7785;Credit Card
14383;8618;15/01/2025;20408;Cash
14384;6744;24/01/2024;15926;Online
14385;11420;05/02/2025;22912;Debit Card
14386;16835;29/06/2025;5669;Credit Card
14387;8588;16/07/2026;19802;Debit Card
14388;9756;09/02/2026;5159;Credit Card
14389;4752;09/02/2025;25742;Online
14390;9413;23/04/2024;23211;Cash
14391;9907;09/12/2024;28461;Credit Card
14392;6396;16/11/2025;22164;Cash
14393;9316;27/07/2025;9407;Online
14394;9278;16/03/2024;27757;Credit Card
14395;13061;24/09/2024;10654;Online
14396;4311;04/06/2024;11549;Debit Card
14397;16182;21/02/2025;9309;Cash
14398;6095;28/08/2024;7592;Bank Transfer
14399;13966;16/03/2024;10718;Credit Card
14400;19793;01/03/2026;12101;Online
14401;17093;03/12/2025;4534;Credit Card
14402;11686;02/07/2024;27834;Bank Transfer
14403;16827;30/04/2025;18713;Online
14404;12571;19/02/2025;1152;Online
14405;10171;21/01/2025;24044;Debit Card
14406;7567;27/07/2024;13055;Cash
14407;5014;09/12/2023;12281;Cash
14408;9841;27/02/2026;26476;Online
14409;1654;26/08/2025;19634;Debit Card
14410;828;13/05/2025;12294;Credit Card
14411;14582;14/09/2025;20780;Credit Card
14412;14493;14/11/2023;1869;Online
14413;11662;24/09/2024;26848;Credit Card
14414;9156;21/02/2025;24364;Credit Card
14415;14744;22/07/2026;17912;Online
14416;490;25/03/2025;23833;Credit Card
14417;11198;19/08/2026;6228;Credit Card
14418;347;07/10/2025;18773;Credit Card
14419;8449;08/09/2024;18946;Cash
14420;615;06/08/2026;15655;Bank Transfer
14421;11528;20/10/2025;29716;Debit Card
14422;12631;18/05/2024;11302;Credit Card
14423;13078;09/05/2026;25254;Bank Transfer
14424;19297;12/12/2025;18293;Credit Card
14425;11081;25/08/2025;28909;Debit Card
14426;15707;01/05/2026;2006;Online
14427;17819;05/02/2024;27070;Credit Card
14428;7859;24/10/2025;10030;Credit Card
14429;2756;04/01/2026;1393;Debit Card
14430;5621;07/09/2026;11956;Online
14431;2190;30/12/2023;8189;Credit Card
14432;3422;18/05/2026;19982;Credit Card
14433;19627;08/08/2025;19837;Debit Card
14434;18000;09/07/2025;18573;Bank Transfer
14435;15526;17/06/2025;15897;Debit Card
14436;8689;17/04/2026;17551;Cash
14437;11036;04/04/2024;29350;Cash
14438;16329;25/09/2025;923;Credit Card
14439;15337;26/05/2025;11093;Bank Transfer
14440;7439;03/09/2026;5721;Bank Transfer
14441;16608;13/07/2024;21709;Cash
14442;15103;14/01/2025;8920;Bank Transfer
14443;9497;05/03/2025;5310;Debit Card
14444;13229;21/10/2023;22218;Bank Transfer
14445;14259;25/02/2025;14311;Credit Card
14446;9552;27/11/2023;6861;Online
14447;10904;30/12/2024;10771;Online
14448;11231;13/05/2026;12688;Debit Card
14449;3673;27/09/2024;2241;Bank Transfer
14450;2180;23/08/2026;18799;Credit Card
14451;6677;20/06/2026;15879;Online
14452;2209;31/12/2023;6978;Cash
14453;6873;27/04/2026;28022;Debit Card
14454;11325;27/01/2024;18558;Debit Card
14455;6973;27/06/2024;7501;Cash
14456;8153;09/06/2024;5006;Online
14457;7433;29/12/2024;25845;Debit Card
14458;10178;16/09/2025;18134;Credit Card
14459;6317;27/01/2025;4128;Cash
14460;729;14/05/2024;944;Cash
14461;10780;16/04/2025;17919;Credit Card
14462;1096;02/03/2026;8430;Debit Card
14463;11737;30/07/2025;8221;Credit Card
14464;10899;01/03/2024;23375;Online
14465;13942;22/01/2025;29277;Bank Transfer
14466;3488;20/03/2025;8553;Cash
14467;10790;11/06/2026;16033;Cash
14468;19971;03/07/2024;18034;Cash
14469;11868;13/11/2023;7988;Bank Transfer
14470;17282;19/09/2025;2643;Credit Card
14471;54;18/08/2025;8254;Debit Card
14472;5210;08/09/2025;18605;Credit Card
14473;8918;30/08/2026;11318;Bank Transfer
14474;2528;28/01/2025;8906;Bank Transfer
14475;7180;24/06/2025;1178;Debit Card
14476;1415;01/12/2024;21043;Bank Transfer
14477;2664;29/01/2024;5642;Online
14478;3411;16/08/2026;2763;Bank Transfer
14479;13494;02/11/2024;25588;Online
14480;14635;18/04/2026;25430;Bank Transfer
14481;4292;24/10/2023;17628;Bank Transfer
14482;9884;02/10/2024;19010;Bank Transfer
14483;11069;02/01/2024;19597;Bank Transfer
14484;15306;08/06/2026;2319;Cash
14485;9372;02/10/2024;7103;Cash
14486;17172;18/05/2026;9546;Bank Transfer
14487;4832;21/12/2023;20780;Bank Transfer
14488;6563;20/08/2026;21583;Bank Transfer
14489;3840;02/12/2025;15554;Cash
14490;2010;13/05/2024;8456;Bank Transfer
14491;1287;02/12/2024;5759;Online
14492;8284;20/06/2025;20600;Bank Transfer
14493;1056;12/04/2025;22400;Credit Card
14494;11908;06/07/2024;13635;Debit Card
14495;3241;27/09/2024;3948;Cash
14496;15727;22/07/2024;21758;Online
14497;7421;01/12/2024;8271;Debit Card
14498;14539;13/04/2024;26224;Credit Card
14499;17932;04/07/2026;25194;Debit Card
14500;17782;21/05/2024;16559;Cash
14501;11303;03/02/2025;19563;Cash
14502;8703;05/05/2025;21718;Debit Card
14503;11157;29/02/2024;17015;Cash
14504;4635;01/12/2025;9898;Online
14505;11653;18/02/2024;16098;Credit Card
14506;12951;21/06/2025;4383;Bank Transfer
14507;17167;04/10/2024;13190;Online
14508;9263;07/02/2026;4354;Bank Transfer
14509;5459;05/12/2024;6010;Cash
14510;18752;31/08/2025;26672;Cash
14511;10818;06/06/2024;11253;Bank Transfer
14512;15380;14/06/2025;7602;Online
14513;5992;24/05/2024;19688;Credit Card
14514;3385;11/12/2025;8180;Credit Card
14515;17932;01/12/2025;6763;Cash
14516;18530;10/08/2024;4722;Bank Transfer
14517;4597;16/07/2026;18217;Debit Card
14518;12156;02/12/2025;2308;Bank Transfer
14519;14072;21/08/2026;7849;Bank Transfer
14520;1992;18/08/2026;6348;Bank Transfer
14521;2426;06/09/2024;8661;Bank Transfer
14522;8374;25/05/2024;26968;Bank Transfer
14523;8969;28/05/2024;28978;Credit Card
14524;7519;12/08/2025;23963;Online
14525;125;10/01/2026;28316;Cash
14526;8218;02/07/2024;29098;Cash
14527;18919;03/10/2024;7898;Bank Transfer
14528;7848;21/08/2026;27889;Credit Card
14529;19318;06/07/2024;23748;Online
14530;5877;17/03/2024;23479;Credit Card
14531;9103;10/01/2024;24461;Cash
14532;995;09/04/2025;23672;Debit Card
14533;1397;28/02/2025;21779;Cash
14534;975;23/07/2025;21556;Bank Transfer
14535;15741;29/03/2026;15130;Credit Card
14536;7816;04/07/2024;9220;Credit Card
14537;4651;26/06/2024;8320;Credit Card
14538;17251;15/06/2025;1447;Online
14539;12622;07/06/2025;1640;Credit Card
14540;3546;22/04/2025;20166;Online
14541;2990;27/02/2026;27504;Cash
14542;17100;15/07/2024;868;Cash
14543;10767;13/03/2024;15570;Credit Card
14544;11977;06/04/2026;8694;Credit Card
14545;7091;08/01/2024;19494;Online
14546;3129;13/07/2025;22997;Bank Transfer
14547;18845;09/06/2024;14806;Credit Card
14548;1175;01/08/2025;12169;Debit Card
14549;12575;25/10/2025;20133;Credit Card
14550;11962;14/05/2024;26650;Cash
14551;10845;21/10/2025;5846;Online
14552;18101;23/01/2026;8704;Debit Card
14553;9197;05/01/2025;15227;Online
14554;18512;14/03/2024;12562;Credit Card
14555;18394;28/07/2024;25359;Bank Transfer
14556;6526;16/01/2026;5877;Online
14557;17898;27/09/2023;5954;Cash
14558;13492;05/10/2024;3528;Bank Transfer
14559;1661;04/08/2024;22316;Cash
14560;16081;26/11/2025;12623;Cash
14561;1741;27/04/2026;22686;Cash
14562;3660;02/03/2025;1993;Credit Card
14563;1272;03/01/2026;6526;Cash
14564;2523;04/04/2026;7584;Bank Transfer
14565;18099;06/01/2026;9230;Bank Transfer
14566;19471;21/03/2025;11673;Cash
14567;457;01/04/2025;11589;Online
14568;2840;12/03/2026;2912;Credit Card
14569;752;08/11/2025;546;Bank Transfer
14570;14695;17/01/2026;4809;Online
14571;19097;15/02/2024;4275;Bank Transfer
14572;12069;13/04/2024;9548;Credit Card
14573;8912;28/04/2026;20837;Online
14574;7528;31/01/2025;11389;Online
14575;11908;08/08/2024;26244;Online
14576;15931;05/07/2025;24831;Online
14577;4283;04/06/2026;11326;Bank Transfer
14578;13051;13/12/2024;9203;Debit Card
14579;11724;01/05/2026;1439;Debit Card
14580;9796;14/08/2025;4120;Bank Transfer
14581;10884;14/02/2024;19643;Online
14582;9349;17/07/2026;25370;Credit Card
14583;15820;06/09/2024;12788;Debit Card
14584;17544;19/08/2024;3529;Cash
14585;6538;12/02/2024;23210;Bank Transfer
14586;15170;09/10/2024;12237;Cash
14587;9979;17/03/2026;29214;Debit Card
14588;384;23/11/2024;21963;Online
14589;9983;19/09/2023;13131;Bank Transfer
14590;11660;28/10/2025;15971;Debit Card
14591;10193;05/11/2024;5077;Cash
14592;5074;15/03/2026;28757;Online
14593;3657;12/02/2026;24247;Cash
14594;14750;20/09/2023;11384;Debit Card
14595;1647;13/11/2025;23295;Credit Card
14596;16601;16/02/2026;6726;Credit Card
14597;14120;29/10/2024;5086;Online
14598;16989;29/04/2025;8505;Bank Transfer
14599;10822;14/09/2024;25233;Cash
14600;10569;16/02/2026;5628;Cash
14601;1758;01/06/2025;22190;Cash
14602;2872;27/12/2025;648;Bank Transfer
14603;646;24/05/2025;13273;Debit Card
14604;14364;24/03/2024;22197;Online
14605;9777;28/01/2024;24737;Online
14606;3143;30/06/2024;23363;Credit Card
14607;17976;15/09/2025;14490;Debit Card
14608;18802;02/05/2024;3828;Bank Transfer
14609;18727;29/10/2023;5923;Debit Card
14610;411;02/06/2025;18237;Bank Transfer
14611;14898;18/09/2025;24896;Debit Card
14612;6852;11/01/2025;14955;Debit Card
14613;16338;22/12/2024;28209;Bank Transfer
14614;13171;05/05/2025;2335;Debit Card
14615;14576;01/01/2025;7794;Online
14616;10346;08/07/2026;9102;Online
14617;9048;07/03/2026;23135;Cash
14618;16352;25/01/2026;25005;Credit Card
14619;441;16/05/2026;12669;Bank Transfer
14620;6390;21/03/2025;12218;Credit Card
14621;15445;10/10/2025;17916;Debit Card
14622;15811;13/12/2025;8231;Online
14623;5741;23/09/2023;21725;Online
14624;19373;01/06/2026;7816;Bank Transfer
14625;4433;17/01/2025;16506;Bank Transfer
14626;1953;01/09/2025;26662;Credit Card
14627;15101;29/09/2025;9148;Debit Card
14628;4364;16/10/2024;17338;Bank Transfer
14629;3763;09/12/2025;5563;Cash
14630;7248;18/02/2026;19974;Cash
14631;5198;11/03/2026;21372;Debit Card
14632;7971;04/11/2025;24821;Debit Card
14633;16389;06/03/2025;7260;Debit Card
14634;5110;13/12/2024;24755;Credit Card
14635;8890;18/09/2024;11759;Debit Card
14636;17654;25/04/2025;19482;Debit Card
14637;10606;27/10/2025;21111;Online
14638;10334;01/07/2026;27963;Credit Card
14639;11262;29/07/2024;15172;Credit Card
14640;5344;31/08/2024;25838;Debit Card
14641;8746;23/04/2026;13949;Debit Card
14642;8710;25/12/2025;21408;Cash
14643;11928;24/07/2026;15720;Credit Card
14644;17935;16/03/2024;10453;Cash
14645;54;07/07/2026;1700;Bank Transfer
14646;6771;22/12/2024;6635;Credit Card
14647;4562;21/02/2025;12527;Credit Card
14648;7021;17/12/2025;28638;Bank Transfer
14649;16237;02/03/2024;11984;Bank Transfer
14650;13291;01/07/2026;10298;Credit Card
14651;10893;15/11/2025;24040;Bank Transfer
14652;1484;27/01/2026;19228;Bank Transfer
14653;4571;14/10/2024;17960;Credit Card
14654;2756;27/07/2024;28139;Bank Transfer
14655;18069;11/12/2023;15959;Bank Transfer
14656;18492;06/06/2024;26030;Cash
14657;15819;15/09/2024;16811;Online
14658;2934;08/08/2025;14460;Cash
14659;4317;08/11/2024;29617;Online
14660;8884;10/09/2024;2374;Online
14661;7588;20/12/2025;13124;Debit Card
14662;17003;01/06/2026;17535;Online
14663;16056;10/09/2024;2521;Online
14664;4044;28/07/2025;1052;Cash
14665;2543;12/12/2024;20589;Credit Card
14666;16855;08/07/2025;29028;Credit Card
14667;6453;13/11/2023;7396;Debit Card
14668;18892;25/12/2024;26566;Credit Card
14669;4648;10/12/2024;1163;Online
14670;4940;17/09/2023;10324;Debit Card
14671;18734;22/12/2025;12763;Online
14672;9982;27/05/2024;11791;Bank Transfer
14673;4021;29/08/2026;20551;Cash
14674;18600;18/06/2025;13948;Credit Card
14675;4489;25/11/2024;28234;Debit Card
14676;9431;16/02/2024;11280;Bank Transfer
14677;9370;05/12/2023;19319;Bank Transfer
14678;13539;15/09/2025;10702;Bank Transfer
14679;4182;23/05/2025;28631;Online
14680;5276;07/09/2024;26465;Credit Card
14681;9762;11/11/2024;27641;Bank Transfer
14682;11115;09/10/2024;18568;Bank Transfer
14683;10293;11/10/2025;7695;Bank Transfer
14684;14420;23/09/2024;4038;Online
14685;16642;29/04/2024;1382;Debit Card
14686;11909;05/08/2026;14172;Online
14687;4399;19/02/2025;24366;Bank Transfer
14688;8808;28/10/2024;18739;Cash
14689;1514;16/10/2023;1075;Credit Card
14690;17814;11/06/2026;17791;Debit Card
14691;4209;29/11/2023;10030;Bank Transfer
14692;6174;25/12/2024;2585;Cash
14693;19074;28/07/2024;13231;Online
14694;18687;28/08/2026;3805;Credit Card
14695;8246;31/10/2024;5283;Credit Card
14696;4426;22/07/2024;25033;Debit Card
14697;12215;12/01/2024;17454;Debit Card
14698;16942;26/08/2026;13523;Online
14699;8348;27/10/2023;27997;Cash
14700;4118;03/12/2024;29103;Bank Transfer
14701;14423;13/01/2025;4594;Credit Card
14702;3345;09/11/2025;21644;Bank Transfer
14703;15919;07/06/2025;6621;Bank Transfer
14704;13692;01/01/2025;20306;Credit Card
14705;820;09/05/2026;22790;Cash
14706;16872;13/11/2024;9871;Bank Transfer
14707;19934;08/09/2026;7662;Bank Transfer
14708;4197;01/04/2026;13192;Credit Card
14709;14027;05/06/2026;21122;Debit Card
14710;4700;01/11/2023;22703;Debit Card
14711;367;18/04/2026;19328;Bank Transfer
14712;10911;26/05/2024;2894;Bank Transfer
14713;18578;05/11/2024;13778;Credit Card
14714;12114;30/06/2025;14625;Credit Card
14715;2605;01/02/2026;12952;Debit Card
14716;4978;08/05/2026;26018;Cash
14717;2150;09/02/2025;29582;Debit Card
14718;2442;18/05/2025;7844;Cash
14719;128;06/04/2025;12510;Debit Card
14720;19445;07/05/2024;8162;Debit Card
14721;2222;01/05/2026;2174;Online
14722;11181;17/04/2026;14081;Credit Card
14723;7872;18/02/2024;23335;Debit Card
14724;815;18/10/2023;9678;Cash
14725;13298;06/04/2026;5621;Bank Transfer
14726;5510;12/10/2023;16589;Cash
14727;12144;10/02/2026;16149;Cash
14728;9142;13/03/2025;14921;Cash
14729;2971;14/12/2025;27348;Online
14730;12732;02/03/2025;15927;Debit Card
14731;13422;07/12/2024;8267;Online
14732;758;08/08/2024;16500;Debit Card
14733;11664;28/01/2026;24111;Online
14734;19170;03/07/2025;10289;Bank Transfer
14735;2243;26/11/2023;29828;Cash
14736;5692;10/02/2025;8591;Debit Card
14737;14370;22/09/2025;29195;Online
14738;18401;21/04/2026;10129;Debit Card
14739;7388;29/01/2025;19329;Credit Card
14740;10019;04/08/2024;2961;Debit Card
14741;18196;09/07/2024;27535;Cash
14742;18519;24/01/2026;24708;Credit Card
14743;12825;25/01/2026;19327;Online
14744;19328;01/09/2026;1007;Cash
14745;9654;01/06/2026;24323;Debit Card
14746;18001;06/06/2025;17626;Bank Transfer
14747;10862;27/07/2025;24192;Cash
14748;5254;20/04/2026;8394;Bank Transfer
14749;19358;16/07/2026;23776;Debit Card
14750;16090;16/08/2025;18127;Debit Card
14751;14669;20/02/2026;9322;Credit Card
14752;9762;04/10/2023;19433;Cash
14753;5381;08/06/2026;13800;Credit Card
14754;13577;27/12/2025;12228;Cash
14755;843;25/11/2024;10113;Debit Card
14756;14890;18/08/2024;4213;Cash
14757;12740;18/01/2024;13893;Online
14758;17017;16/04/2024;28200;Online
14759;11987;25/09/2024;20508;Cash
14760;13054;26/09/2023;26192;Online
14761;7439;31/05/2024;29356;Bank Transfer
14762;5495;06/11/2024;4721;Cash
14763;19325;05/08/2026;15080;Bank Transfer
14764;12081;25/12/2024;5029;Debit Card
14765;2653;25/02/2025;13180;Bank Transfer
14766;13544;02/02/2025;5319;Bank Transfer
14767;11388;06/03/2025;2548;Cash
14768;5857;21/10/2025;29646;Bank Transfer
14769;19273;24/01/2024;5710;Cash
14770;9831;12/12/2025;29642;Bank Transfer
14771;335;11/10/2024;24677;Bank Transfer
14772;6055;17/11/2023;8682;Debit Card
14773;6987;21/02/2025;1879;Bank Transfer
14774;8514;25/01/2026;22947;Credit Card
14775;19865;18/02/2024;26886;Debit Card
14776;8457;11/08/2024;17041;Debit Card
14777;18564;22/09/2023;2643;Online
14778;19222;15/11/2024;20219;Debit Card
14779;8268;02/03/2024;9806;Bank Transfer
14780;6805;03/09/2024;16509;Credit Card
14781;9051;01/04/2026;11529;Bank Transfer
14782;2135;10/05/2024;15452;Bank Transfer
14783;8957;23/05/2026;16996;Bank Transfer
14784;11969;09/01/2024;16921;Cash
14785;12555;22/12/2025;29408;Debit Card
14786;16373;21/01/2025;23880;Cash
14787;13991;30/04/2025;12522;Cash
14788;19684;25/04/2026;8535;Bank Transfer
14789;17924;16/11/2023;8720;Credit Card
14790;13860;09/11/2025;21722;Bank Transfer
14791;15342;22/01/2025;1023;Online
14792;1444;02/01/2026;19947;Debit Card
14793;19276;15/05/2025;11479;Online
14794;4250;26/12/2024;3543;Online
14795;14870;18/11/2025;26403;Online
14796;176;23/01/2024;28885;Cash
14797;19795;27/02/2025;13822;Online
14798;12803;30/07/2025;19383;Online
14799;12101;09/08/2025;1114;Debit Card
14800;13590;02/07/2025;1498;Bank Transfer
14801;6551;02/01/2026;5559;Credit Card
14802;18693;27/04/2024;19861;Credit Card
14803;15503;19/04/2025;20785;Cash
14804;4082;06/09/2025;14353;Online
14805;473;03/08/2025;711;Debit Card
14806;18172;16/05/2026;12781;Debit Card
14807;15652;18/06/2024;10394;Online
14808;17522;22/09/2024;8175;Debit Card
14809;9692;14/01/2025;8079;Debit Card
14810;19817;11/08/2024;2041;Online
14811;15497;30/07/2025;696;Bank Transfer
14812;3590;18/02/2024;1284;Credit Card
14813;15312;04/05/2025;12299;Credit Card
14814;17641;13/05/2024;16573;Online
14815;10527;07/08/2024;22272;Debit Card
14816;16960;15/04/2024;4794;Bank Transfer
14817;799;30/05/2024;2983;Credit Card
14818;1342;07/01/2025;22184;Debit Card
14819;6201;09/04/2025;13774;Bank Transfer
14820;10383;22/07/2024;15530;Cash
14821;18585;14/03/2025;18997;Credit Card
14822;13849;06/02/2024;22205;Bank Transfer
14823;7629;01/11/2023;13671;Credit Card
14824;5632;12/03/2026;15361;Credit Card
14825;13287;16/07/2025;21220;Online
14826;5551;17/04/2025;15899;Credit Card
14827;659;02/04/2026;17375;Online
14828;6784;22/01/2026;28562;Credit Card
14829;19971;30/03/2024;26945;Bank Transfer
14830;9535;04/12/2023;1589;Bank Transfer
14831;18067;21/10/2025;7707;Online
14832;3563;12/09/2026;29122;Debit Card
14833;7709;25/04/2026;17482;Cash
14834;5776;29/11/2025;14859;Bank Transfer
14835;1006;22/05/2026;1407;Bank Transfer
14836;15594;29/08/2026;23103;Credit Card
14837;6457;14/04/2025;28759;Cash
14838;13357;06/04/2025;25237;Bank Transfer
14839;2897;10/08/2025;9164;Cash
14840;15425;07/08/2024;7498;Bank Transfer
14841;1278;24/01/2024;4214;Debit Card
14842;2318;24/05/2026;21459;Bank Transfer
14843;11345;27/10/2025;27494;Bank Transfer
14844;5074;28/08/2024;5273;Debit Card
14845;11443;11/11/2024;2071;Online
14846;12130;12/07/2025;13223;Cash
14847;18079;23/11/2025;27054;Cash
14848;15263;06/08/2024;4177;Online
14849;4509;06/07/2026;23267;Credit Card
14850;2352;20/05/2024;25984;Debit Card
14851;18949;01/05/2025;1290;Cash
14852;1169;31/08/2024;27859;Cash
14853;10773;13/10/2024;5789;Cash
14854;3088;18/11/2024;18139;Online
14855;7993;10/12/2025;18517;Credit Card
14856;12005;13/05/2026;28793;Credit Card
14857;17801;31/10/2025;9786;Online
14858;5859;26/12/2025;10610;Online
14859;9444;24/05/2024;19377;Credit Card
14860;13065;13/07/2024;17198;Online
14861;13380;01/08/2025;6725;Credit Card
14862;2065;02/02/2024;24090;Online
14863;7546;01/08/2025;12302;Online
14864;9298;16/12/2023;14218;Online
14865;2027;22/02/2024;14353;Credit Card
14866;9578;05/12/2025;18292;Cash
14867;6265;13/07/2025;10881;Bank Transfer
14868;7472;01/11/2024;7520;Bank Transfer
14869;6277;27/11/2024;666;Credit Card
14870;7814;13/01/2026;1307;Online
14871;5998;22/05/2025;8649;Online
14872;1163;12/08/2026;2005;Online
14873;17597;29/11/2024;20166;Debit Card
14874;60;11/12/2023;28532;Online
14875;7796;23/03/2026;14950;Bank Transfer
14876;18114;15/06/2026;26990;Bank Transfer
14877;10066;31/10/2024;5096;Cash
14878;4350;15/09/2025;9933;Bank Transfer
14879;17355;17/12/2023;26724;Cash
14880;1836;10/05/2025;6287;Online
14881;14470;30/05/2025;969;Cash
14882;15259;24/09/2025;9880;Credit Card
14883;4170;08/01/2026;15952;Bank Transfer
14884;17736;05/10/2025;1458;Cash
14885;15615;15/07/2025;19366;Cash
14886;1768;05/02/2024;6941;Credit Card
14887;4633;15/06/2024;22248;Bank Transfer
14888;9160;30/09/2023;27956;Debit Card
14889;2882;02/09/2026;13661;Debit Card
14890;10733;11/12/2025;24319;Cash
14891;8557;23/06/2026;23971;Bank Transfer
14892;8553;25/01/2024;8915;Online
14893;19684;31/01/2024;13672;Online
14894;15984;11/08/2024;16778;Debit Card
14895;5237;10/04/2024;28594;Bank Transfer
14896;17465;31/10/2025;29709;Credit Card
14897;19755;24/11/2025;26474;Online
14898;8766;23/11/2024;28803;Online
14899;4827;19/12/2024;15504;Credit Card
14900;14361;29/07/2025;25584;Debit Card
14901;17184;24/01/2024;11195;Online
14902;6045;19/09/2025;17855;Cash
14903;18635;06/09/2024;5374;Debit Card
14904;11469;16/07/2026;3012;Debit Card
14905;18953;20/12/2025;22548;Online
14906;15571;13/02/2026;18529;Debit Card
14907;8574;18/01/2024;18638;Credit Card
14908;8980;02/01/2025;1481;Online
14909;17459;23/05/2026;21312;Cash
14910;202;16/03/2025;16361;Online
14911;304;13/03/2024;19709;Debit Card
14912;4373;23/01/2025;13513;Bank Transfer
14913;6226;28/10/2023;15705;Debit Card
14914;8059;19/06/2024;10441;Debit Card
14915;12941;08/08/2026;17293;Cash
14916;2844;11/08/2026;19364;Bank Transfer
14917;11676;08/02/2025;28651;Bank Transfer
14918;18806;03/08/2026;1511;Credit Card
14919;14429;04/12/2025;2914;Online
14920;10899;08/03/2026;17315;Cash
14921;709;16/05/2025;21879;Cash
14922;2758;04/06/2025;881;Online
14923;17193;21/07/2024;7999;Bank Transfer
14924;12723;04/10/2025;9133;Debit Card
14925;17216;31/07/2024;21686;Bank Transfer
14926;12950;02/09/2024;7638;Bank Transfer
14927;5118;18/01/2024;20209;Bank Transfer
14928;11166;24/08/2024;7586;Debit Card
14929;13018;13/11/2023;19052;Credit Card
14930;1689;09/03/2025;10901;Debit Card
14931;5321;29/11/2023;19887;Cash
14932;14331;29/11/2025;21823;Credit Card
14933;698;09/09/2026;23673;Credit Card
14934;6584;23/08/2024;9259;Bank Transfer
14935;19860;04/11/2023;13727;Bank Transfer
14936;14205;18/10/2023;24092;Bank Transfer
14937;5110;02/07/2024;7050;Online
14938;10688;01/06/2026;3820;Cash
14939;5618;04/12/2025;21866;Bank Transfer
14940;3479;20/12/2023;16455;Debit Card
14941;15557;04/12/2025;10148;Debit Card
14942;16940;30/04/2025;17857;Bank Transfer
14943;9622;02/04/2026;2648;Debit Card
14944;3181;10/06/2024;19948;Debit Card
14945;19239;26/03/2025;10067;Debit Card
14946;9429;24/08/2024;12853;Credit Card
14947;13903;10/09/2024;11508;Credit Card
14948;6371;27/05/2026;6570;Online
14949;13998;14/04/2026;29335;Debit Card
14950;190;26/01/2026;9050;Bank Transfer
14951;13691;01/11/2024;13542;Debit Card
14952;15664;17/10/2025;29027;Credit Card
14953;838;08/04/2024;7780;Credit Card
14954;688;17/09/2025;7206;Bank Transfer
14955;4437;17/08/2024;20419;Credit Card
14956;3395;09/10/2024;29606;Online
14957;10539;11/09/2025;11543;Debit Card
14958;10158;16/08/2025;6074;Debit Card
14959;17334;12/11/2023;10994;Credit Card
14960;5580;17/08/2026;5756;Credit Card
14961;5521;23/05/2025;8137;Online
14962;1730;01/06/2026;20876;Debit Card
14963;18246;22/12/2023;25451;Bank Transfer
14964;19455;03/01/2025;17012;Online
14965;14351;19/04/2024;20663;Debit Card
14966;3182;31/01/2026;13702;Cash
14967;19593;29/12/2023;28137;Credit Card
14968;13931;07/04/2026;21982;Credit Card
14969;14802;06/04/2024;9556;Online
14970;18746;15/06/2026;15841;Bank Transfer
14971;12387;02/05/2026;25906;Online
14972;87;27/02/2026;26235;Online
14973;3702;03/10/2025;18698;Debit Card
14974;5825;27/02/2026;9340;Online
14975;19347;23/07/2025;14605;Credit Card
14976;7054;17/06/2026;1635;Credit Card
14977;15191;16/06/2025;14471;Debit Card
14978;6750;06/09/2024;2487;Debit Card
14979;17128;06/02/2026;26953;Cash
14980;4017;23/02/2026;25587;Debit Card
14981;11177;11/05/2024;12689;Debit Card
14982;12451;18/02/2024;14361;Online
14983;9369;22/08/2025;20969;Bank Transfer
14984;1668;24/09/2024;17655;Debit Card
14985;10229;14/08/2026;2048;Debit Card
14986;9968;02/10/2023;8681;Online
14987;14737;12/10/2025;17277;Credit Card
14988;368;11/07/2026;4693;Cash
14989;10057;22/08/2024;28801;Cash
14990;7362;18/08/2024;21886;Credit Card
14991;14571;07/07/2025;12558;Bank Transfer
14992;19592;27/04/2026;13496;Bank Transfer
14993;11565;09/03/2024;11525;Cash
14994;14753;06/10/2023;19991;Bank Transfer
14995;5312;16/10/2025;7867;Debit Card
14996;6962;12/03/2025;27402;Credit Card
14997;18909;17/10/2023;24445;Credit Card
14998;10539;05/05/2025;7741;Bank Transfer
14999;13149;26/05/2026;16555;Cash
15000;5049;04/11/2024;4001;Bank Transfer
15001;14263;21/12/2024;5154;Debit Card
15002;13728;08/03/2025;20636;Online
15003;18257;13/02/2026;8401;Bank Transfer
15004;6813;17/05/2025;14158;Debit Card
15005;16047;22/12/2023;22594;Debit Card
15006;8034;16/01/2025;4817;Cash
15007;7557;05/01/2026;10670;Debit Card
15008;12774;24/06/2025;11362;Debit Card
15009;1953;02/05/2026;15705;Cash
15010;2711;04/03/2025;2878;Debit Card
15011;15801;22/03/2025;816;Cash
15012;16904;27/04/2026;10609;Online
15013;11011;22/06/2026;14592;Credit Card
15014;6445;11/09/2026;19415;Debit Card
15015;18757;20/04/2025;8638;Online
15016;3291;27/09/2025;16151;Online
15017;3909;11/10/2023;25604;Debit Card
15018;13903;15/09/2025;3289;Cash
15019;2530;06/11/2025;12097;Cash
15020;13712;10/02/2025;5282;Bank Transfer
15021;274;30/07/2026;27728;Debit Card
15022;18428;25/12/2023;628;Cash
15023;1185;28/05/2024;20925;Bank Transfer
15024;18864;18/02/2026;885;Bank Transfer
15025;12075;18/02/2024;8500;Online
15026;5955;29/12/2023;5948;Debit Card
15027;12038;27/05/2025;6999;Bank Transfer
15028;4410;19/05/2025;13227;Debit Card
15029;19231;27/03/2025;10423;Cash
15030;14275;24/03/2024;7731;Debit Card
15031;9017;16/12/2023;25581;Debit Card
15032;13178;01/05/2024;25284;Online
15033;13552;08/06/2025;15989;Bank Transfer
15034;6386;09/12/2025;29698;Credit Card
15035;16080;30/01/2024;18575;Bank Transfer
15036;6286;15/11/2023;23139;Cash
15037;4618;31/08/2024;22093;Credit Card
15038;1786;24/02/2026;24795;Online
15039;15580;04/04/2025;24865;Debit Card
15040;5974;15/07/2024;26336;Bank Transfer
15041;4891;15/07/2026;2158;Cash
15042;6544;03/02/2025;24200;Debit Card
15043;2326;25/10/2023;10150;Cash
15044;3188;07/02/2025;23135;Online
15045;12039;07/06/2025;24791;Bank Transfer
15046;2636;21/09/2023;6411;Cash
15047;11148;23/06/2025;2281;Credit Card
15048;8974;08/01/2025;11578;Debit Card
15049;16493;10/08/2025;19465;Credit Card
15050;760;18/04/2025;1630;Cash
15051;8404;13/08/2026;20983;Debit Card
15052;12614;06/11/2023;18496;Bank Transfer
15053;19867;05/04/2026;16035;Online
15054;9602;14/04/2024;10620;Bank Transfer
15055;7090;06/05/2026;3397;Online
15056;13274;04/01/2024;12225;Online
15057;6934;09/05/2025;7483;Online
15058;14697;21/10/2024;10873;Cash
15059;10531;28/07/2026;16888;Cash
15060;10479;31/07/2026;10704;Credit Card
15061;12722;28/12/2024;14195;Online
15062;4835;11/08/2025;21466;Cash
15063;8430;23/12/2023;5585;Cash
15064;15485;05/11/2023;28197;Credit Card
15065;7717;29/12/2025;26735;Online
15066;15511;14/09/2025;10200;Debit Card
15067;12774;13/05/2026;21361;Credit Card
15068;13598;29/11/2023;24477;Bank Transfer
15069;11590;30/04/2024;18582;Online
15070;13346;18/08/2024;15323;Online
15071;6269;18/09/2024;3085;Debit Card
15072;6740;12/04/2024;19562;Bank Transfer
15073;4155;03/05/2024;5507;Debit Card
15074;10581;01/04/2026;18902;Cash
15075;2014;21/05/2026;3895;Credit Card
15076;4072;26/03/2024;4636;Cash
15077;13004;30/09/2025;5783;Bank Transfer
15078;8307;18/11/2025;23557;Cash
15079;128;05/11/2024;15335;Bank Transfer
15080;11854;13/01/2024;4143;Cash
15081;6352;20/05/2026;16146;Bank Transfer
15082;3337;05/08/2026;6252;Cash
15083;19417;19/04/2024;13165;Debit Card
15084;18103;27/05/2026;29387;Debit Card
15085;12316;14/10/2024;7289;Bank Transfer
15086;6499;07/09/2026;23829;Credit Card
15087;2972;24/07/2026;17625;Online
15088;15080;14/05/2025;3057;Cash
15089;5334;07/09/2024;3085;Cash
15090;17900;26/04/2024;23374;Bank Transfer
15091;5688;02/07/2026;12695;Credit Card
15092;16886;28/06/2026;3656;Debit Card
15093;15186;12/07/2024;27546;Online
15094;9198;20/06/2025;11902;Debit Card
15095;19463;22/06/2025;23778;Credit Card
15096;6445;25/08/2024;21022;Credit Card
15097;13401;03/11/2023;29862;Debit Card
15098;1045;14/10/2023;10681;Cash
15099;19365;02/05/2026;17468;Debit Card
15100;17507;26/05/2026;22309;Debit Card
15101;19247;10/02/2024;7142;Cash
15102;11250;15/04/2026;14453;Online
15103;15274;10/01/2025;3156;Bank Transfer
15104;14737;10/01/2025;694;Debit Card
15105;18723;28/04/2026;12724;Bank Transfer
15106;1503;14/06/2025;9807;Credit Card
15107;6429;07/06/2026;7334;Cash
15108;9278;25/04/2025;27456;Cash
15109;9917;29/05/2024;12555;Bank Transfer
15110;14562;20/04/2026;3217;Bank Transfer
15111;11807;08/07/2026;14331;Debit Card
15112;9557;13/03/2025;4783;Debit Card
15113;16404;01/11/2024;21543;Credit Card
15114;15186;02/08/2025;28253;Credit Card
15115;2605;21/03/2026;17773;Debit Card
15116;3856;07/02/2024;14982;Credit Card
15117;5868;09/07/2024;15522;Bank Transfer
15118;1742;18/06/2025;9055;Credit Card
15119;4511;01/10/2023;22934;Credit Card
15120;18646;28/04/2025;17538;Cash
15121;5000;20/07/2026;3987;Credit Card
15122;1190;24/11/2025;27241;Cash
15123;10206;01/12/2024;24300;Online
15124;18826;31/03/2024;8797;Bank Transfer
15125;8965;17/05/2025;7807;Cash
15126;18705;19/06/2024;9439;Bank Transfer
15127;7905;04/11/2023;2474;Bank Transfer
15128;7882;23/03/2024;28218;Online
15129;15984;29/06/2025;20184;Debit Card
15130;19350;22/08/2026;27141;Bank Transfer
15131;15896;22/10/2023;26282;Cash
15132;16409;09/10/2024;12477;Credit Card
15133;7433;12/09/2025;15155;Credit Card
15134;15548;12/04/2026;23478;Online
15135;15802;05/08/2024;14533;Bank Transfer
15136;4083;02/09/2025;8859;Credit Card
15137;12081;21/07/2024;6731;Cash
15138;7041;25/06/2026;18695;Bank Transfer
15139;13155;25/02/2024;16534;Debit Card
15140;6872;01/04/2025;14852;Debit Card
15141;13738;03/05/2024;17589;Credit Card
15142;11556;18/12/2023;24985;Bank Transfer
15143;1673;27/02/2026;9276;Credit Card
15144;4611;18/06/2026;2947;Online
15145;5805;15/01/2026;3643;Bank Transfer
15146;14935;02/08/2024;5853;Debit Card
15147;19956;25/10/2023;26498;Debit Card
15148;9582;22/11/2024;18035;Bank Transfer
15149;7238;07/07/2024;24468;Cash
15150;321;18/10/2023;14419;Bank Transfer
15151;14763;22/08/2025;10234;Credit Card
15152;3350;30/01/2024;7262;Online
15153;17607;20/09/2023;25514;Bank Transfer
15154;5163;15/11/2024;4170;Online
15155;16893;16/03/2025;2134;Online
15156;8774;10/03/2024;29737;Online
15157;11759;24/02/2026;17545;Debit Card
15158;1187;05/10/2025;3411;Bank Transfer
15159;18887;04/09/2026;25813;Cash
15160;15473;20/08/2024;18711;Cash
15161;16322;16/10/2023;9954;Debit Card
15162;17861;17/05/2026;11615;Online
15163;1636;27/08/2024;19320;Online
15164;15685;06/11/2024;12085;Credit Card
15165;3820;28/07/2026;20831;Bank Transfer
15166;14252;17/05/2026;17719;Online
15167;12774;14/05/2025;18132;Online
15168;19596;14/04/2025;22560;Cash
15169;19989;24/10/2023;8790;Bank Transfer
15170;7259;30/03/2025;13554;Bank Transfer
15171;8625;20/11/2023;6039;Bank Transfer
15172;15738;15/05/2025;3672;Debit Card
15173;18051;14/05/2026;29907;Online
15174;8238;27/12/2023;25540;Credit Card
15175;9678;26/07/2026;18661;Cash
15176;14307;22/01/2026;16735;Bank Transfer
15177;5667;22/04/2026;25382;Credit Card
15178;4442;30/05/2025;533;Credit Card
15179;1364;06/05/2024;9674;Cash
15180;12216;10/08/2026;8851;Credit Card
15181;5006;24/05/2025;18811;Cash
15182;11525;07/01/2026;27654;Cash
15183;11051;26/03/2025;14470;Online
15184;12888;23/01/2024;4140;Online
15185;4457;22/04/2024;3879;Online
15186;16600;24/12/2024;12575;Credit Card
15187;15627;15/01/2026;22979;Cash
15188;513;20/06/2024;23499;Credit Card
15189;7164;28/05/2026;9729;Cash
15190;13002;29/08/2024;24669;Online
15191;13892;23/08/2025;2414;Bank Transfer
15192;3253;18/10/2024;29901;Credit Card
15193;14662;04/02/2025;19629;Debit Card
15194;18787;13/02/2025;25250;Debit Card
15195;1934;16/10/2023;4649;Cash
15196;13692;28/11/2024;26038;Cash
15197;14754;29/06/2025;15035;Bank Transfer
15198;16895;02/09/2025;23004;Bank Transfer
15199;11982;28/04/2025;19834;Debit Card
15200;9079;04/10/2023;7713;Credit Card
15201;17695;29/08/2024;654;Credit Card
15202;15756;27/09/2023;4896;Credit Card
15203;9873;06/11/2025;7596;Debit Card
15204;3653;07/06/2025;29595;Bank Transfer
15205;10861;12/11/2023;20319;Credit Card
15206;4060;31/07/2025;14980;Credit Card
15207;7896;02/04/2026;18369;Online
15208;15516;26/04/2025;23636;Cash
15209;19409;13/03/2025;17169;Bank Transfer
15210;16666;25/03/2025;24483;Cash
15211;5658;02/01/2025;8044;Credit Card
15212;3860;14/04/2024;10216;Cash
15213;16509;20/05/2024;3458;Credit Card
15214;8646;29/09/2025;9509;Online
15215;8326;25/07/2026;11552;Online
15216;17853;10/10/2025;11889;Cash
15217;3997;03/08/2025;26052;Debit Card
15218;15592;29/06/2026;7018;Debit Card
15219;1620;20/10/2023;22106;Online
15220;17562;21/03/2025;5561;Debit Card
15221;11344;18/11/2025;617;Debit Card
15222;6733;03/07/2025;8920;Bank Transfer
15223;18085;06/09/2025;18562;Bank Transfer
15224;12582;14/08/2026;4636;Cash
15225;13521;10/10/2023;16550;Cash
15226;3339;26/09/2025;6364;Online
15227;7937;17/03/2024;602;Online
15228;10605;09/09/2026;22218;Debit Card
15229;12408;26/09/2025;18902;Bank Transfer
15230;16047;05/11/2025;19741;Credit Card
15231;8535;24/02/2026;10324;Debit Card
15232;7324;27/03/2026;10698;Cash
15233;6684;04/12/2024;25704;Bank Transfer
15234;10063;03/12/2025;20214;Online
15235;9139;03/11/2025;3196;Bank Transfer
15236;9354;11/11/2023;8421;Cash
15237;5836;18/02/2026;25340;Cash
15238;5214;07/05/2026;27848;Bank Transfer
15239;5091;17/09/2023;1121;Credit Card
15240;9000;14/09/2023;14033;Bank Transfer
15241;9343;14/04/2026;7752;Cash
15242;3617;05/08/2024;5026;Debit Card
15243;5826;18/04/2024;2911;Online
15244;9508;11/02/2026;27271;Cash
15245;17633;15/04/2025;21152;Online
15246;12581;22/04/2025;21595;Credit Card
15247;5325;21/07/2026;11625;Bank Transfer
15248;2340;03/10/2025;24680;Debit Card
15249;8232;13/02/2025;918;Bank Transfer
15250;9755;27/02/2024;10087;Debit Card
15251;4662;03/08/2025;7488;Credit Card
15252;18886;18/11/2023;22719;Credit Card
15253;12754;01/03/2025;29868;Online
15254;15194;17/08/2025;10680;Credit Card
15255;8887;17/07/2026;22467;Credit Card
15256;8311;26/10/2024;9644;Credit Card
15257;1619;13/01/2025;27092;Online
15258;6194;26/11/2023;14100;Credit Card
15259;121;14/01/2025;21803;Online
15260;12290;31/12/2023;28007;Online
15261;2431;20/07/2025;7525;Credit Card
15262;17808;09/01/2024;13084;Cash
15263;11580;09/08/2026;11077;Online
15264;9682;20/02/2025;13446;Bank Transfer
15265;17220;09/04/2024;19596;Cash
15266;17337;20/08/2026;2347;Bank Transfer
15267;14377;22/04/2024;25675;Bank Transfer
15268;15615;19/11/2023;6472;Debit Card
15269;18262;30/05/2026;21753;Bank Transfer
15270;9507;30/01/2025;18926;Cash
15271;9454;11/10/2023;28095;Debit Card
15272;14643;07/08/2025;14089;Credit Card
15273;13033;25/03/2025;927;Online
15274;3825;21/07/2024;14853;Debit Card
15275;17114;21/11/2024;24809;Bank Transfer
15276;1374;12/02/2024;25979;Cash
15277;8270;03/11/2024;27491;Cash
15278;7573;06/07/2026;25518;Credit Card
15279;8716;07/11/2024;28955;Cash
15280;8100;15/03/2025;14657;Bank Transfer
15281;12489;21/09/2023;11545;Debit Card
15282;10782;27/08/2024;7412;Credit Card
15283;12555;07/05/2026;24514;Credit Card
15284;4854;05/04/2024;13331;Cash
15285;7617;17/11/2023;14764;Debit Card
15286;16947;06/07/2026;10910;Credit Card
15287;18699;24/07/2026;14069;Online
15288;15380;12/12/2024;27308;Cash
15289;7268;27/11/2024;22034;Debit Card
15290;1321;03/09/2024;15002;Bank Transfer
15291;11758;17/02/2024;20490;Bank Transfer
15292;19158;03/12/2024;15781;Cash
15293;3297;08/04/2026;9322;Cash
15294;4187;23/05/2026;25712;Bank Transfer
15295;9669;13/11/2023;28052;Credit Card
15296;6371;21/08/2026;14079;Cash
15297;7060;16/10/2023;25185;Bank Transfer
15298;13039;29/05/2025;23406;Bank Transfer
15299;14783;17/09/2024;7719;Credit Card
15300;3461;12/07/2024;25625;Online
15301;9155;26/12/2025;25037;Debit Card
15302;1597;17/06/2025;5307;Online
15303;13573;01/07/2025;27809;Credit Card
15304;6121;13/10/2023;24805;Credit Card
15305;1207;17/09/2025;12370;Credit Card
15306;9650;05/01/2024;1680;Credit Card
15307;4449;26/04/2025;3147;Cash
15308;2118;01/10/2023;11038;Credit Card
15309;11956;15/04/2026;3621;Credit Card
15310;10768;05/06/2024;11698;Credit Card
15311;5929;07/11/2024;14599;Bank Transfer
15312;12812;27/03/2026;11316;Bank Transfer
15313;17466;03/02/2024;21652;Cash
15314;7089;30/04/2025;23828;Credit Card
15315;8549;10/07/2026;11919;Credit Card
15316;16973;27/08/2025;15597;Credit Card
15317;15080;28/01/2024;12655;Debit Card
15318;7367;05/05/2026;14798;Cash
15319;1925;03/03/2026;15428;Bank Transfer
15320;6624;25/03/2026;26270;Bank Transfer
15321;19729;14/11/2024;22778;Debit Card
15322;15111;01/07/2024;7549;Bank Transfer
15323;5777;27/12/2024;11414;Credit Card
15324;15892;15/07/2024;27186;Debit Card
15325;6301;06/07/2024;26641;Debit Card
15326;10303;03/03/2026;14223;Online
15327;7170;31/07/2024;3109;Debit Card
15328;19387;21/03/2025;28057;Debit Card
15329;9036;15/12/2025;24505;Bank Transfer
15330;5105;03/05/2026;11163;Online
15331;4281;15/08/2025;29139;Online
15332;15359;24/03/2025;1716;Cash
15333;2671;27/03/2026;15885;Bank Transfer
15334;15323;15/06/2025;6034;Bank Transfer
15335;17084;28/12/2023;28714;Online
15336;5914;10/05/2026;17345;Debit Card
15337;12862;25/09/2024;6822;Cash
15338;19479;21/05/2024;5895;Cash
15339;1357;10/01/2024;8611;Debit Card
15340;6829;07/04/2024;7767;Bank Transfer
15341;8855;13/12/2023;25913;Bank Transfer
15342;15052;27/05/2026;2298;Bank Transfer
15343;3496;14/04/2026;13538;Debit Card
15344;10550;27/04/2026;17750;Bank Transfer
15345;7043;07/03/2025;10366;Credit Card
15346;7221;19/09/2023;25404;Debit Card
15347;10468;16/04/2025;1666;Credit Card
15348;6234;15/11/2023;10514;Online
15349;9977;13/05/2024;18352;Cash
15350;13012;26/01/2025;15837;Credit Card
15351;10344;13/09/2025;12546;Cash
15352;5180;22/03/2025;28952;Cash
15353;10528;29/07/2024;25803;Cash
15354;987;06/05/2024;6607;Credit Card
15355;13891;12/05/2024;8266;Cash
15356;9953;13/11/2025;29302;Debit Card
15357;6459;20/01/2025;25757;Bank Transfer
15358;11064;11/03/2025;14995;Bank Transfer
15359;19520;13/06/2024;10336;Credit Card
15360;1788;22/12/2023;25384;Bank Transfer
15361;10210;12/01/2024;18640;Online
15362;8307;31/01/2026;26506;Debit Card
15363;3885;04/01/2024;20523;Debit Card
15364;13826;12/12/2025;28783;Online
15365;1010;16/11/2025;18890;Cash
15366;11028;03/09/2026;16284;Credit Card
15367;5545;23/11/2024;12977;Cash
15368;16473;05/07/2025;3189;Cash
15369;1238;27/02/2024;15249;Cash
15370;11805;31/12/2023;1731;Debit Card
15371;4705;11/08/2024;13691;Credit Card
15372;7826;27/12/2025;21257;Bank Transfer
15373;8153;02/08/2025;7581;Credit Card
15374;12334;28/09/2023;24331;Bank Transfer
15375;14360;08/06/2026;13338;Bank Transfer
15376;13247;19/03/2026;27541;Online
15377;12568;18/03/2024;5526;Cash
15378;6268;06/06/2025;27148;Bank Transfer
15379;13152;17/06/2025;16494;Cash
15380;6497;07/09/2025;19680;Credit Card
15381;16873;29/07/2026;23046;Credit Card
15382;3532;02/10/2024;3419;Credit Card
15383;16261;20/07/2025;15333;Cash
15384;15344;01/05/2024;22069;Online
15385;19759;17/07/2026;24352;Bank Transfer
15386;13731;18/10/2024;16211;Credit Card
15387;2521;28/08/2024;7921;Cash
15388;4947;24/07/2025;26471;Bank Transfer
15389;13649;02/03/2026;14582;Credit Card
15390;1464;02/01/2025;24787;Cash
15391;4758;18/01/2026;28126;Credit Card
15392;11605;07/04/2026;15067;Debit Card
15393;10782;15/09/2023;11382;Credit Card
15394;18004;10/04/2025;1644;Bank Transfer
15395;18501;16/12/2025;10960;Bank Transfer
15396;6201;28/11/2025;3985;Cash
15397;13853;01/08/2025;28813;Debit Card
15398;11886;23/02/2025;8840;Bank Transfer
15399;5378;19/10/2025;10005;Debit Card
15400;555;14/09/2025;22035;Cash
15401;971;17/04/2025;22056;Credit Card
15402;16153;12/10/2023;14425;Bank Transfer
15403;19209;18/02/2026;11399;Cash
15404;6496;22/09/2025;17870;Cash
15405;10169;24/12/2023;10416;Credit Card
15406;18277;27/12/2024;2691;Bank Transfer
15407;3895;03/01/2025;18371;Online
15408;12282;21/03/2026;24988;Credit Card
15409;10031;19/05/2026;3996;Bank Transfer
15410;14052;27/01/2025;5985;Bank Transfer
15411;187;29/08/2026;13053;Cash
15412;6973;16/11/2024;13598;Debit Card
15413;525;20/07/2024;9257;Debit Card
15414;7532;13/02/2025;27955;Debit Card
15415;9133;10/06/2024;20392;Debit Card
15416;3331;22/07/2025;1112;Credit Card
15417;13619;01/02/2024;26042;Cash
15418;18154;17/01/2024;8505;Cash
15419;14464;14/08/2024;20164;Cash
15420;19750;16/04/2025;6962;Debit Card
15421;1372;30/11/2024;22094;Bank Transfer
15422;2626;09/06/2024;5985;Online
15423;2666;20/11/2023;27006;Bank Transfer
15424;11975;28/10/2025;11509;Cash
15425;12957;10/09/2025;9064;Online
15426;385;01/02/2026;2296;Cash
15427;17999;27/01/2026;17018;Credit Card
15428;1271;07/03/2025;27118;Debit Card
15429;1906;15/03/2025;17196;Online
15430;6904;24/09/2023;26795;Debit Card
15431;10884;15/06/2026;12872;Bank Transfer
15432;12349;01/05/2025;26657;Credit Card
15433;13249;25/03/2026;24100;Debit Card
15434;15973;06/06/2024;11370;Online
15435;7557;01/10/2023;20494;Bank Transfer
15436;15806;23/02/2024;20339;Debit Card
15437;5348;16/07/2025;22968;Cash
15438;3079;03/07/2026;23628;Bank Transfer
15439;571;19/01/2024;17588;Online
15440;3451;28/04/2025;26516;Cash
15441;17251;05/05/2024;8666;Bank Transfer
15442;1297;07/05/2025;8677;Online
15443;11107;19/02/2026;17253;Debit Card
15444;17832;18/08/2024;24700;Credit Card
15445;6316;03/10/2023;27221;Cash
15446;14118;06/07/2024;26630;Credit Card
15447;4795;25/06/2024;20091;Bank Transfer
15448;16591;25/07/2024;23927;Debit Card
15449;4218;08/03/2024;16897;Debit Card
15450;11062;26/11/2025;26938;Bank Transfer
15451;1283;30/12/2025;10549;Credit Card
15452;3986;14/08/2026;10022;Online
15453;5965;06/10/2024;5453;Credit Card
15454;1304;18/12/2025;26016;Bank Transfer
15455;12618;24/03/2025;10028;Credit Card
15456;4522;16/07/2025;2937;Cash
15457;2462;25/11/2023;1108;Cash
15458;11378;11/07/2024;21822;Bank Transfer
15459;15817;06/12/2023;20543;Cash
15460;2658;02/10/2025;11960;Bank Transfer
15461;14822;14/03/2025;5668;Debit Card
15462;14831;09/06/2024;21514;Credit Card
15463;16539;11/08/2025;16696;Cash
15464;9790;12/03/2024;24227;Bank Transfer
15465;11541;07/12/2024;15309;Cash
15466;17693;21/10/2025;1282;Bank Transfer
15467;9219;19/06/2024;5291;Online
15468;12761;22/07/2026;13205;Debit Card
15469;6938;11/12/2024;2266;Bank Transfer
15470;8576;05/03/2025;15726;Credit Card
15471;13134;17/06/2025;14051;Debit Card
15472;16055;11/12/2025;15746;Bank Transfer
15473;6;28/06/2024;26443;Online
15474;11932;22/06/2025;29981;Credit Card
15475;10408;08/02/2026;16520;Credit Card
15476;19002;15/06/2024;25394;Online
15477;13747;24/06/2025;15531;Credit Card
15478;10279;10/08/2025;25541;Credit Card
15479;14368;03/06/2026;21729;Online
15480;7178;21/10/2023;29678;Credit Card
15481;10836;06/01/2024;8069;Credit Card
15482;10781;17/02/2024;11723;Bank Transfer
15483;2352;17/07/2025;559;Debit Card
15484;12229;20/03/2024;7086;Bank Transfer
15485;10105;28/06/2025;28022;Cash
15486;16252;11/08/2024;24935;Debit Card
15487;11188;16/07/2026;13086;Online
15488;16597;17/08/2024;23815;Bank Transfer
15489;11580;17/12/2025;738;Credit Card
15490;13996;22/01/2024;25720;Bank Transfer
15491;16334;18/03/2025;11838;Online
15492;6079;01/02/2026;10449;Cash
15493;228;28/03/2026;26537;Credit Card
15494;1877;28/09/2025;25188;Bank Transfer
15495;15299;03/06/2024;29232;Debit Card
15496;8986;03/10/2024;26623;Debit Card
15497;12605;23/03/2024;14645;Cash
15498;7838;09/03/2026;9199;Online
15499;14287;11/12/2024;18206;Debit Card
15500;11888;11/04/2024;5395;Credit Card
15501;7844;08/09/2024;22684;Bank Transfer
15502;10466;28/09/2025;2298;Online
15503;19394;01/01/2026;2842;Cash
15504;17343;10/05/2026;27383;Debit Card
15505;18339;07/11/2024;13465;Credit Card
15506;17465;10/05/2024;20941;Debit Card
15507;18158;14/11/2024;2102;Bank Transfer
15508;2429;08/01/2026;8521;Online
15509;17197;18/01/2026;18525;Online
15510;17594;02/01/2026;20765;Credit Card
15511;13649;29/09/2024;21240;Bank Transfer
15512;10334;18/06/2024;16798;Debit Card
15513;11870;10/09/2024;27867;Bank Transfer
15514;4264;15/10/2023;16025;Credit Card
15515;12347;21/07/2025;2953;Cash
15516;11392;10/10/2023;29406;Cash
15517;16787;20/09/2024;23504;Debit Card
15518;11892;08/02/2025;20143;Debit Card
15519;13556;12/10/2025;15522;Credit Card
15520;12912;05/03/2025;1516;Cash
15521;12467;20/05/2025;19372;Bank Transfer
15522;4910;28/03/2026;8326;Credit Card
15523;7334;07/02/2024;10586;Bank Transfer
15524;10449;09/05/2025;27342;Debit Card
15525;3319;10/06/2025;11430;Credit Card
15526;9961;08/07/2025;15436;Credit Card
15527;14869;17/08/2024;18621;Debit Card
15528;12532;03/11/2023;19153;Online
15529;816;30/05/2026;12460;Debit Card
15530;13085;08/07/2026;26352;Bank Transfer
15531;1328;20/10/2023;4233;Online
15532;18493;26/09/2024;9910;Bank Transfer
15533;5788;23/03/2025;1684;Debit Card
15534;4229;01/09/2024;4109;Debit Card
15535;19979;13/06/2026;28619;Online
15536;4857;08/09/2026;20048;Cash
15537;999;22/06/2025;17160;Online
15538;14038;25/01/2026;12183;Debit Card
15539;11731;20/02/2026;6491;Credit Card
15540;14258;20/03/2024;17597;Online
15541;10834;10/07/2026;18877;Bank Transfer
15542;4348;19/11/2023;5140;Credit Card
15543;15965;15/07/2024;26816;Credit Card
15544;3024;21/09/2025;4567;Online
15545;4317;17/03/2025;29160;Online
15546;8704;17/08/2026;8764;Online
15547;7574;30/06/2026;4045;Debit Card
15548;12416;29/06/2025;3481;Credit Card
15549;17713;11/12/2024;9299;Debit Card
15550;14424;17/01/2024;10329;Debit Card
15551;4847;19/02/2026;27501;Online
15552;15175;03/01/2024;10364;Online
15553;12492;03/02/2026;22711;Online
15554;1982;20/09/2023;4132;Debit Card
15555;18897;20/01/2025;15064;Bank Transfer
15556;18157;16/03/2025;20553;Bank Transfer
15557;2083;09/01/2024;12940;Debit Card
15558;8418;29/06/2025;20670;Debit Card
15559;11565;22/06/2024;26535;Cash
15560;8135;19/05/2024;15229;Debit Card
15561;907;28/09/2024;7569;Debit Card
15562;10246;18/12/2023;20676;Debit Card
15563;1599;28/03/2025;14536;Credit Card
15564;17118;07/10/2023;12443;Credit Card
15565;4061;05/11/2024;12326;Bank Transfer
15566;5169;12/10/2025;6535;Cash
15567;3888;23/11/2025;23792;Cash
15568;9159;18/08/2026;15116;Bank Transfer
15569;11444;19/04/2024;20279;Bank Transfer
15570;1526;08/03/2026;21140;Online
15571;4909;29/02/2024;20742;Debit Card
15572;12172;20/02/2026;8850;Bank Transfer
15573;8158;18/03/2025;14755;Online
15574;18484;04/08/2025;19805;Cash
15575;2450;11/08/2026;21750;Debit Card
15576;3091;16/03/2025;7046;Cash
15577;3227;04/05/2025;21565;Bank Transfer
15578;13801;12/04/2024;12861;Debit Card
15579;17068;10/01/2024;6239;Credit Card
15580;2727;26/01/2025;7171;Cash
15581;17682;24/09/2025;29842;Online
15582;5076;31/08/2024;10363;Cash
15583;2374;23/03/2025;15861;Credit Card
15584;1765;23/09/2024;13689;Credit Card
15585;10628;22/12/2024;15883;Credit Card
15586;7629;18/06/2024;15085;Debit Card
15587;7745;09/03/2025;29566;Bank Transfer
15588;11463;27/03/2025;18461;Credit Card
15589;15393;14/02/2024;737;Cash
15590;15053;25/02/2025;12506;Bank Transfer
15591;6751;25/12/2024;25563;Debit Card
15592;13634;16/07/2026;21346;Credit Card
15593;1319;25/08/2024;16112;Debit Card
15594;5898;04/08/2025;8926;Debit Card
15595;2193;29/12/2025;12257;Debit Card
15596;5255;29/01/2026;20782;Cash
15597;2705;21/01/2024;27196;Cash
15598;4397;24/02/2024;29331;Bank Transfer
15599;8657;12/12/2023;19989;Credit Card
15600;18200;07/11/2023;2376;Cash
15601;7747;10/12/2023;26739;Online
15602;17354;19/03/2024;27982;Bank Transfer
15603;10359;16/04/2026;9355;Bank Transfer
15604;12444;13/09/2025;1932;Cash
15605;12309;23/12/2024;686;Cash
15606;1090;27/08/2025;24266;Online
15607;18832;11/07/2024;8271;Online
15608;4950;20/02/2024;19051;Debit Card
15609;17986;12/11/2023;26444;Debit Card
15610;15229;02/09/2026;3134;Bank Transfer
15611;2267;18/07/2026;26613;Credit Card
15612;18712;17/02/2025;1710;Credit Card
15613;18952;07/08/2026;2545;Bank Transfer
15614;10312;05/03/2025;21980;Cash
15615;12716;12/05/2024;19639;Cash
15616;3649;30/08/2025;1531;Cash
15617;13996;07/01/2024;21578;Cash
15618;17142;04/01/2025;17296;Bank Transfer
15619;16088;09/12/2023;5593;Credit Card
15620;2155;11/12/2024;4339;Credit Card
15621;2646;18/10/2023;7502;Credit Card
15622;12692;28/11/2024;18315;Online
15623;159;20/10/2024;10439;Online
15624;17648;10/10/2024;20816;Online
15625;17081;20/11/2024;10500;Debit Card
15626;7385;15/06/2026;19025;Debit Card
15627;2778;09/02/2026;18630;Debit Card
15628;4049;20/09/2025;14703;Credit Card
15629;1034;15/01/2024;14739;Bank Transfer
15630;13732;25/09/2023;15588;Debit Card
15631;12867;01/06/2026;29695;Debit Card
15632;14072;18/02/2026;24033;Debit Card
15633;1547;24/01/2025;16007;Debit Card
15634;17935;31/07/2024;18539;Debit Card
15635;17430;05/09/2025;20244;Debit Card
15636;15824;21/02/2024;3103;Credit Card
15637;16490;24/12/2025;21919;Online
15638;6413;30/03/2024;13043;Debit Card
15639;7056;26/10/2024;22274;Debit Card
15640;13275;03/11/2023;21395;Credit Card
15641;8561;24/12/2025;26090;Bank Transfer
15642;16524;23/12/2025;19151;Online
15643;1298;18/03/2025;27392;Cash
15644;15530;15/05/2025;9903;Credit Card
15645;881;05/09/2026;21348;Bank Transfer
15646;7903;07/06/2025;9936;Bank Transfer
15647;1459;11/03/2026;11417;Debit Card
15648;16942;06/04/2025;1837;Cash
15649;1061;11/10/2024;22317;Debit Card
15650;15648;15/11/2023;23465;Online
15651;14588;22/11/2025;15890;Credit Card
15652;5334;13/10/2024;29715;Bank Transfer
15653;9546;02/03/2025;1302;Cash
15654;18904;22/06/2025;13968;Debit Card
15655;10035;29/05/2026;14459;Bank Transfer
15656;2250;18/09/2024;27119;Debit Card
15657;14098;10/02/2026;23422;Online
15658;6152;17/02/2025;9839;Cash
15659;18894;04/04/2025;23952;Debit Card
15660;5670;18/10/2024;4504;Debit Card
15661;4996;12/08/2026;5488;Debit Card
15662;11769;25/02/2024;4107;Online
15663;5483;13/08/2025;22168;Online
15664;12776;04/04/2024;18609;Cash
15665;18066;02/10/2023;20286;Online
15666;5455;14/02/2024;4043;Online
15667;19334;28/01/2026;13790;Cash
15668;11799;03/11/2023;19758;Debit Card
15669;1422;05/04/2024;5190;Bank Transfer
15670;13;30/05/2026;17828;Bank Transfer
15671;13275;01/10/2023;10078;Credit Card
15672;14399;24/03/2024;14327;Bank Transfer
15673;2975;02/03/2026;22184;Bank Transfer
15674;16414;28/08/2024;10788;Online
15675;1740;17/09/2023;13227;Cash
15676;5213;21/04/2024;10392;Credit Card
15677;2797;08/05/2024;2685;Bank Transfer
15678;19476;05/01/2024;21177;Debit Card
15679;12745;09/01/2026;23269;Online
15680;17737;07/02/2025;24118;Credit Card
15681;19958;27/04/2024;15609;Bank Transfer
15682;11964;02/04/2025;13216;Online
15683;8607;22/07/2025;8762;Debit Card
15684;7066;01/10/2024;19195;Bank Transfer
15685;7736;06/04/2025;14497;Debit Card
15686;14297;26/04/2025;27704;Debit Card
15687;10020;27/10/2024;27861;Online
15688;4944;18/05/2024;20072;Online
15689;5485;29/05/2025;27486;Cash
15690;15578;20/01/2025;15489;Credit Card
15691;14821;29/08/2026;28760;Online
15692;10830;21/02/2024;10619;Credit Card
15693;8431;21/12/2024;7441;Online
15694;15670;08/06/2024;22313;Cash
15695;10554;17/05/2025;24240;Debit Card
15696;1872;11/11/2025;14190;Debit Card
15697;758;21/08/2025;18368;Cash
15698;17403;06/12/2025;4260;Debit Card
15699;12205;28/08/2026;2843;Bank Transfer
15700;5657;20/06/2026;7040;Bank Transfer
15701;732;20/03/2024;20865;Debit Card
15702;1059;24/01/2025;21200;Credit Card
15703;16503;17/07/2025;28068;Online
15704;16643;08/02/2026;17103;Online
15705;8280;09/11/2025;5570;Cash
15706;12388;01/02/2026;27560;Online
15707;11345;16/08/2026;2628;Online
15708;9423;08/05/2026;12920;Debit Card
15709;17715;02/09/2026;19217;Online
15710;9100;11/10/2024;5510;Debit Card
15711;11371;13/02/2025;23095;Credit Card
15712;15795;28/07/2024;11938;Bank Transfer
15713;770;08/07/2025;4854;Bank Transfer
15714;2742;20/07/2025;16383;Cash
15715;161;09/02/2024;16907;Bank Transfer
15716;5343;25/02/2026;18005;Debit Card
15717;19083;20/07/2025;7094;Bank Transfer
15718;7052;02/05/2025;14927;Credit Card
15719;4470;15/12/2023;23619;Bank Transfer
15720;8540;29/10/2023;645;Bank Transfer
15721;11155;09/07/2024;19280;Debit Card
15722;15599;15/05/2026;15464;Cash
15723;14742;03/08/2026;1714;Cash
15724;15763;20/07/2025;22211;Cash
15725;216;21/11/2025;13738;Debit Card
15726;15806;12/01/2025;26287;Debit Card
15727;15881;25/07/2026;16093;Debit Card
15728;6926;28/08/2024;1476;Debit Card
15729;385;31/12/2025;25138;Online
15730;19524;15/05/2024;19102;Online
15731;2727;23/02/2024;10001;Online
15732;16948;18/01/2024;16510;Debit Card
15733;6509;04/07/2026;2204;Bank Transfer
15734;14564;08/05/2024;9542;Cash
15735;18609;26/01/2025;5622;Credit Card
15736;15087;15/08/2024;28328;Cash
15737;2713;08/03/2024;9731;Debit Card
15738;12866;28/06/2026;3143;Credit Card
15739;8057;20/12/2024;11006;Online
15740;3351;30/10/2024;20261;Debit Card
15741;15350;23/01/2024;19890;Online
15742;13249;12/12/2023;7954;Credit Card
15743;14571;11/10/2025;1629;Cash
15744;9472;19/12/2024;10562;Cash
15745;14107;03/11/2023;23595;Online
15746;1601;10/03/2024;2860;Credit Card
15747;5869;08/07/2026;26583;Cash
15748;8650;24/05/2026;4774;Online
15749;13882;05/12/2024;685;Debit Card
15750;13737;29/06/2026;21084;Online
15751;201;14/03/2024;11964;Debit Card
15752;10622;16/08/2025;14421;Debit Card
15753;19970;22/03/2024;20341;Debit Card
15754;7651;14/03/2026;18830;Cash
15755;5765;18/11/2023;21824;Debit Card
15756;11856;31/10/2025;19302;Debit Card
15757;10409;17/05/2026;27225;Debit Card
15758;1624;03/10/2025;10596;Debit Card
15759;2696;10/10/2023;29380;Debit Card
15760;13189;07/05/2026;28348;Cash
15761;948;08/06/2025;15444;Online
15762;17743;28/07/2026;5450;Bank Transfer
15763;16353;27/07/2025;19328;Online
15764;2953;30/01/2025;2396;Bank Transfer
15765;11142;21/05/2026;28458;Bank Transfer
15766;10311;05/01/2025;2674;Cash
15767;239;22/11/2024;10681;Bank Transfer
15768;15899;23/07/2024;28006;Bank Transfer
15769;13523;12/11/2024;12793;Debit Card
15770;2694;27/11/2025;10208;Bank Transfer
15771;8895;28/09/2023;24650;Online
15772;5758;29/05/2024;1494;Online
15773;13334;26/11/2024;4756;Bank Transfer
15774;8292;26/05/2026;623;Debit Card
15775;17103;21/08/2024;29586;Cash
15776;14053;08/02/2024;9378;Debit Card
15777;1694;02/08/2025;14479;Bank Transfer
15778;14564;28/04/2025;6034;Cash
15779;1672;13/07/2024;27503;Credit Card
15780;10466;26/09/2025;9030;Bank Transfer
15781;2372;06/11/2025;1014;Debit Card
15782;5277;24/11/2025;15781;Bank Transfer
15783;11037;10/05/2025;1029;Online
15784;12787;12/02/2026;3135;Online
15785;7998;16/10/2023;14838;Debit Card
15786;12701;05/05/2026;20781;Debit Card
15787;11788;25/12/2025;894;Cash
15788;10279;10/08/2024;3368;Online
15789;5549;26/11/2023;28280;Debit Card
15790;9027;23/01/2025;7808;Cash
15791;10287;29/07/2025;20255;Debit Card
15792;17344;22/05/2024;1087;Credit Card
15793;7327;31/08/2025;24230;Credit Card
15794;777;29/10/2025;1058;Bank Transfer
15795;1635;12/08/2025;11582;Online
15796;1707;25/08/2026;9863;Online
15797;3145;14/10/2023;12002;Cash
15798;797;22/05/2026;8754;Bank Transfer
15799;18199;05/01/2025;4212;Debit Card
15800;18414;25/02/2026;2822;Bank Transfer
15801;11267;08/07/2025;25794;Cash
15802;12900;21/10/2024;28479;Online
15803;4815;01/07/2025;5983;Online
15804;19242;17/08/2024;25805;Online
15805;17230;15/04/2025;13325;Cash
15806;8689;23/01/2026;22733;Cash
15807;11839;06/01/2025;4574;Bank Transfer
15808;10580;18/02/2025;25061;Online
15809;13077;25/10/2023;15876;Cash
15810;15121;09/08/2026;22216;Cash
15811;9056;14/10/2025;3107;Online
15812;15099;25/04/2026;21309;Debit Card
15813;15416;02/02/2024;762;Online
15814;2424;17/05/2024;29601;Online
15815;17355;09/06/2025;21942;Bank Transfer
15816;10334;20/05/2025;7286;Bank Transfer
15817;16678;24/11/2023;12152;Debit Card
15818;7812;04/03/2025;27349;Debit Card
15819;19092;27/11/2024;13353;Cash
15820;625;18/12/2024;23218;Debit Card
15821;16670;23/08/2025;16098;Online
15822;18988;30/10/2024;26683;Debit Card
15823;3343;31/03/2026;27511;Online
15824;9320;08/11/2025;9583;Bank Transfer
15825;10507;20/02/2026;10241;Credit Card
15826;2115;15/05/2026;7173;Online
15827;11476;28/10/2025;6652;Credit Card
15828;6047;29/08/2024;11031;Debit Card
15829;3980;25/06/2026;5988;Bank Transfer
15830;12209;10/05/2024;20449;Cash
15831;9746;31/07/2026;8159;Debit Card
15832;16659;08/06/2025;4695;Debit Card
15833;19564;01/11/2024;1319;Credit Card
15834;13871;22/03/2026;2715;Cash
15835;3912;04/07/2026;3718;Credit Card
15836;4626;10/03/2024;23761;Cash
15837;19720;12/06/2024;21331;Bank Transfer
15838;15848;09/11/2023;9507;Debit Card
15839;2384;17/10/2023;22588;Cash
15840;15152;11/10/2023;12698;Debit Card
15841;8286;07/04/2024;20069;Online
15842;3918;25/01/2024;16074;Debit Card
15843;13608;06/04/2026;22642;Credit Card
15844;4673;11/08/2025;9853;Credit Card
15845;7098;22/12/2024;20409;Cash
15846;6743;08/02/2024;20777;Debit Card
15847;3778;13/12/2024;1030;Online
15848;9845;20/02/2024;25394;Bank Transfer
15849;6701;06/07/2026;2553;Online
15850;5;24/09/2025;23590;Debit Card
15851;11524;10/10/2024;12028;Debit Card
15852;9538;25/05/2024;20526;Cash
15853;1755;02/09/2026;11944;Bank Transfer
15854;18825;10/04/2026;28868;Debit Card
15855;16399;29/07/2026;22199;Cash
15856;16704;04/09/2024;17737;Cash
15857;11300;19/04/2024;24165;Credit Card
15858;2812;01/08/2026;19653;Debit Card
15859;17493;26/07/2024;24264;Debit Card
15860;1311;22/11/2023;3609;Debit Card
15861;5670;16/04/2024;15519;Bank Transfer
15862;13960;16/05/2024;18429;Credit Card
15863;8786;22/01/2026;20062;Credit Card
15864;8236;02/03/2026;847;Debit Card
15865;4757;29/07/2025;22902;Credit Card
15866;1154;14/11/2025;27270;Credit Card
15867;17183;08/07/2025;2778;Online
15868;12272;27/04/2025;11146;Online
15869;6930;13/04/2025;2692;Credit Card
15870;1959;09/12/2025;20271;Credit Card
15871;4367;07/12/2025;25337;Cash
15872;3768;23/10/2023;10816;Debit Card
15873;9027;09/02/2024;8926;Cash
15874;285;22/12/2025;3275;Bank Transfer
15875;19778;31/01/2025;27061;Credit Card
15876;17303;19/04/2025;18152;Bank Transfer
15877;14489;06/06/2026;7889;Credit Card
15878;18180;20/11/2024;14012;Bank Transfer
15879;3135;19/09/2024;6380;Online
15880;8649;11/03/2026;21205;Debit Card
15881;19132;26/05/2026;22700;Debit Card
15882;13113;06/10/2024;18472;Cash
15883;11169;14/01/2025;20887;Bank Transfer
15884;5118;06/12/2023;18651;Cash
15885;15957;06/12/2023;6863;Bank Transfer
15886;14591;28/10/2023;22347;Bank Transfer
15887;6912;29/06/2025;18601;Bank Transfer
15888;17731;16/03/2025;22202;Online
15889;7562;24/07/2025;23568;Online
15890;4853;03/05/2025;27643;Cash
15891;15670;20/08/2026;16592;Debit Card
15892;2141;23/07/2025;29515;Debit Card
15893;12975;13/10/2024;9333;Online
15894;8509;02/08/2024;19400;Debit Card
15895;6857;10/11/2025;12169;Credit Card
15896;12493;18/11/2025;15937;Debit Card
15897;1552;19/12/2023;19146;Cash
15898;17942;17/03/2024;7576;Credit Card
15899;13741;24/03/2025;23133;Credit Card
15900;5203;15/07/2024;26864;Cash
15901;6118;26/02/2026;997;Debit Card
15902;5453;19/06/2025;19704;Bank Transfer
15903;13583;25/09/2023;29525;Bank Transfer
15904;11441;20/01/2025;22057;Credit Card
15905;12387;16/12/2024;15240;Credit Card
15906;19624;09/01/2026;11754;Debit Card
15907;496;05/08/2024;5314;Bank Transfer
15908;19122;02/10/2023;8824;Debit Card
15909;1468;16/06/2024;26755;Bank Transfer
15910;5740;12/05/2025;23538;Debit Card
15911;8794;07/10/2025;2772;Bank Transfer
15912;12169;16/09/2025;9528;Credit Card
15913;14815;27/07/2025;4143;Online
15914;14206;11/09/2025;6807;Bank Transfer
15915;5258;28/02/2025;16854;Cash
15916;10811;11/04/2025;27354;Bank Transfer
15917;11068;07/12/2025;24159;Cash
15918;11503;14/10/2024;6749;Credit Card
15919;14269;01/09/2026;12779;Debit Card
15920;3520;25/04/2025;7198;Cash
15921;17125;11/02/2026;13749;Bank Transfer
15922;11578;09/12/2023;13447;Bank Transfer
15923;16872;03/12/2023;19423;Credit Card
15924;18313;01/07/2025;23833;Credit Card
15925;9008;11/05/2026;26274;Online
15926;9542;28/06/2026;27240;Credit Card
15927;4657;11/01/2026;29973;Cash
15928;2052;14/10/2023;25819;Cash
15929;12375;06/09/2025;1596;Credit Card
15930;873;01/12/2023;6651;Online
15931;2713;02/02/2026;21525;Credit Card
15932;12379;19/07/2024;17830;Cash
15933;9300;22/04/2024;12728;Credit Card
15934;4300;22/11/2025;29628;Online
15935;16925;27/09/2025;5359;Bank Transfer
15936;6182;15/10/2025;13914;Bank Transfer
15937;13104;28/09/2025;15404;Online
15938;2682;27/02/2026;18549;Online
15939;6809;21/08/2025;8420;Bank Transfer
15940;3780;27/09/2024;12308;Cash
15941;12072;26/03/2025;12124;Credit Card
15942;5684;01/03/2024;28782;Online
15943;15140;05/10/2024;15695;Bank Transfer
15944;7113;15/11/2023;27591;Bank Transfer
15945;15170;27/09/2025;19535;Debit Card
15946;18951;19/08/2024;22612;Bank Transfer
15947;12633;29/04/2026;17763;Cash
15948;2935;16/02/2024;23206;Bank Transfer
15949;13073;19/02/2026;11952;Cash
15950;5368;11/04/2025;15768;Online
15951;6938;21/11/2024;16944;Bank Transfer
15952;2676;24/01/2026;2786;Credit Card
15953;4640;14/02/2026;19324;Online
15954;2283;06/09/2025;20856;Credit Card
15955;16093;24/11/2024;27993;Cash
15956;17787;12/06/2025;8795;Cash
15957;13841;01/10/2023;13268;Online
15958;16265;04/05/2026;3583;Bank Transfer
15959;745;23/12/2025;19125;Debit Card
15960;18725;01/05/2026;17026;Credit Card
15961;9634;11/11/2023;5408;Debit Card
15962;8979;04/07/2025;24183;Cash
15963;19682;06/02/2026;24290;Debit Card
15964;16930;04/12/2024;11508;Cash
15965;14755;25/07/2024;16174;Online
15966;9163;03/03/2024;7568;Cash
15967;3090;17/01/2024;6350;Bank Transfer
15968;4269;21/08/2025;1109;Credit Card
15969;12783;18/11/2023;23197;Debit Card
15970;13930;07/01/2026;15372;Debit Card
15971;5297;29/07/2026;13497;Bank Transfer
15972;16204;14/03/2024;15660;Bank Transfer
15973;9782;19/05/2024;26103;Cash
15974;11364;06/01/2026;17605;Cash
15975;19188;10/11/2024;18381;Cash
15976;981;06/01/2024;3418;Online
15977;12609;04/08/2026;26060;Online
15978;17400;22/10/2024;14865;Cash
15979;6384;15/06/2026;18456;Bank Transfer
15980;1880;02/01/2026;19814;Debit Card
15981;14512;25/12/2025;2709;Debit Card
15982;3364;17/03/2026;23287;Online
15983;12533;24/07/2024;20549;Bank Transfer
15984;12715;21/06/2024;10897;Online
15985;3913;29/08/2024;21509;Bank Transfer
15986;8439;24/06/2024;9061;Bank Transfer
15987;10111;05/12/2023;19596;Credit Card
15988;5095;22/08/2024;3000;Bank Transfer
15989;8816;11/03/2026;24796;Cash
15990;19947;17/06/2026;14235;Bank Transfer
15991;16113;03/08/2026;8187;Bank Transfer
15992;14412;02/12/2025;4188;Credit Card
15993;17598;12/11/2024;3034;Credit Card
15994;9670;30/05/2026;539;Debit Card
15995;4529;05/05/2024;10964;Credit Card
15996;19759;20/09/2024;23925;Debit Card
15997;18475;23/04/2025;19682;Bank Transfer
15998;15052;21/12/2023;17500;Credit Card
15999;5061;18/04/2024;25949;Bank Transfer
16000;4640;24/10/2024;23429;Online
16001;6232;06/11/2023;4026;Cash
16002;2642;23/01/2026;10852;Credit Card
16003;2519;16/02/2024;4149;Bank Transfer
16004;15541;28/01/2024;16345;Debit Card
16005;16597;28/04/2024;6624;Credit Card
16006;7454;30/11/2024;13431;Debit Card
16007;19904;07/05/2025;550;Cash
16008;7122;24/01/2026;7309;Credit Card
16009;16505;20/12/2023;16705;Credit Card
16010;19825;22/09/2025;26491;Credit Card
16011;4640;15/02/2024;20901;Online
16012;2178;18/05/2026;3857;Online
16013;17445;11/06/2026;14529;Cash
16014;8763;22/10/2024;29145;Bank Transfer
16015;16250;12/09/2025;14987;Bank Transfer
16016;6795;26/03/2025;6801;Online
16017;13540;07/04/2025;21047;Cash
16018;9697;21/08/2025;12979;Cash
16019;1310;05/01/2024;21850;Online
16020;11162;22/07/2026;20842;Debit Card
16021;9415;19/05/2026;15412;Credit Card
16022;1313;29/03/2024;23779;Debit Card
16023;12444;03/06/2026;24494;Bank Transfer
16024;1387;30/03/2026;20671;Cash
16025;4651;27/06/2025;24631;Bank Transfer
16026;11360;18/02/2026;13551;Credit Card
16027;19622;10/05/2025;26015;Cash
16028;12928;17/09/2025;23084;Online
16029;19816;24/06/2025;22727;Cash
16030;14906;13/04/2025;16228;Debit Card
16031;9918;12/04/2024;23630;Credit Card
16032;2671;04/12/2024;29062;Bank Transfer
16033;11558;01/03/2024;20852;Cash
16034;2871;09/03/2024;10724;Debit Card
16035;9431;05/09/2026;13682;Credit Card
16036;11635;16/05/2025;13612;Debit Card
16037;11291;28/04/2024;19916;Bank Transfer
16038;3862;07/06/2025;11857;Bank Transfer
16039;9519;15/03/2026;19536;Bank Transfer
16040;761;16/09/2025;5329;Credit Card
16041;173;10/08/2024;15405;Debit Card
16042;12004;03/08/2024;15145;Debit Card
16043;12370;09/08/2024;11674;Bank Transfer
16044;16483;07/11/2023;20892;Debit Card
16045;10582;19/04/2026;27220;Credit Card
16046;16062;24/04/2026;29431;Online
16047;1659;28/10/2024;25357;Online
16048;17300;18/11/2024;4360;Debit Card
16049;15379;30/12/2025;2492;Cash
16050;11648;18/07/2026;7166;Bank Transfer
16051;14810;26/03/2025;22657;Debit Card
16052;15185;08/03/2024;13104;Debit Card
16053;15993;18/10/2025;15359;Credit Card
16054;19652;31/03/2025;8967;Bank Transfer
16055;2070;11/12/2024;26591;Cash
16056;5112;14/04/2026;5913;Cash
16057;11378;16/05/2024;14245;Credit Card
16058;19210;19/10/2025;6742;Cash
16059;6480;25/02/2025;29110;Online
16060;5836;23/05/2024;21847;Cash
16061;13166;22/10/2025;17977;Bank Transfer
16062;608;20/05/2026;8019;Bank Transfer
16063;13953;03/05/2024;17655;Bank Transfer
16064;619;22/07/2026;25658;Debit Card
16065;15094;02/04/2026;2336;Bank Transfer
16066;5293;12/12/2024;29319;Cash
16067;919;01/03/2026;19432;Debit Card
16068;5373;24/10/2024;28022;Bank Transfer
16069;5712;26/04/2026;17318;Online
16070;6324;04/04/2024;18643;Debit Card
16071;13723;09/03/2024;14091;Bank Transfer
16072;12648;19/03/2024;24362;Credit Card
16073;11779;06/12/2023;3690;Bank Transfer
16074;11384;11/01/2025;15597;Debit Card
16075;4456;21/06/2024;22130;Debit Card
16076;2769;06/02/2026;25394;Bank Transfer
16077;9127;06/04/2025;13302;Online
16078;2912;04/09/2026;27434;Online
16079;9701;14/11/2024;25065;Debit Card
16080;13795;16/08/2025;20717;Debit Card
16081;15828;18/06/2024;10647;Credit Card
16082;11423;18/06/2026;3184;Debit Card
16083;9525;09/03/2025;14971;Bank Transfer
16084;3908;01/10/2024;19381;Cash
16085;10303;09/07/2025;24670;Debit Card
16086;7553;16/12/2023;28638;Credit Card
16087;19573;17/11/2025;5152;Online
16088;7429;06/07/2025;18200;Credit Card
16089;16632;03/03/2024;6417;Cash
16090;18081;06/06/2026;2166;Cash
16091;49;28/10/2023;28609;Bank Transfer
16092;4932;09/05/2024;2734;Credit Card
16093;15367;25/06/2026;14452;Bank Transfer
16094;6761;10/06/2024;28168;Debit Card
16095;11186;04/06/2025;26581;Debit Card
16096;17369;19/07/2026;18317;Bank Transfer
16097;18869;12/07/2024;24484;Online
16098;13701;03/02/2024;7530;Bank Transfer
16099;5687;19/02/2025;28761;Online
16100;7820;26/10/2023;10568;Online
16101;5824;24/12/2024;3590;Bank Transfer
16102;17678;26/04/2024;15155;Credit Card
16103;9275;20/08/2025;24193;Bank Transfer
16104;18518;02/01/2024;29031;Cash
16105;6955;20/10/2024;10532;Online
16106;19253;17/03/2024;1853;Debit Card
16107;19597;10/05/2026;23777;Credit Card
16108;1332;13/05/2024;14555;Bank Transfer
16109;13270;02/07/2024;19340;Cash
16110;10081;01/11/2025;8931;Cash
16111;10555;20/06/2025;26943;Bank Transfer
16112;10827;29/11/2023;4510;Credit Card
16113;19849;21/12/2025;12270;Bank Transfer
16114;10459;13/04/2025;24864;Online
16115;16194;14/06/2025;22418;Credit Card
16116;4843;26/07/2024;13298;Bank Transfer
16117;11519;06/04/2024;5661;Credit Card
16118;14141;18/10/2025;27532;Cash
16119;7866;12/06/2024;23974;Credit Card
16120;11766;24/04/2025;5984;Bank Transfer
16121;6740;27/05/2024;18709;Cash
16122;19797;18/05/2025;5436;Cash
16123;10879;26/09/2024;1904;Cash
16124;4813;21/02/2024;16508;Credit Card
16125;15711;30/04/2024;27906;Debit Card
16126;656;08/01/2024;27604;Online
16127;11898;16/12/2025;26160;Online
16128;13523;07/05/2024;23173;Debit Card
16129;19732;20/11/2023;25410;Online
16130;15697;05/08/2025;12974;Bank Transfer
16131;14322;20/01/2024;5667;Debit Card
16132;16250;20/05/2024;20780;Cash
16133;11107;11/11/2025;18337;Debit Card
16134;7929;11/10/2025;3958;Credit Card
16135;16182;23/10/2024;28718;Bank Transfer
16136;7657;25/02/2025;28232;Online
16137;3034;23/01/2025;21906;Online
16138;15567;03/09/2025;4964;Online
16139;3358;28/06/2025;17094;Bank Transfer
16140;18941;31/10/2023;12915;Credit Card
16141;14805;07/03/2024;26731;Bank Transfer
16142;18863;15/09/2023;10319;Cash
16143;16507;04/10/2025;23614;Cash
16144;2993;05/03/2026;13244;Bank Transfer
16145;19566;16/11/2025;15104;Online
16146;7002;28/10/2024;17675;Debit Card
16147;15616;04/01/2024;21738;Bank Transfer
16148;15051;26/09/2023;25197;Bank Transfer
16149;7543;02/02/2025;4911;Credit Card
16150;2813;09/05/2025;28526;Bank Transfer
16151;15004;21/11/2025;9076;Debit Card
16152;5034;04/06/2024;19373;Cash
16153;1587;13/02/2024;10126;Debit Card
16154;7453;16/01/2026;19900;Bank Transfer
16155;5316;14/05/2024;19209;Cash
16156;12278;25/08/2024;8112;Cash
16157;4776;26/12/2024;3499;Bank Transfer
16158;16868;19/02/2025;13507;Bank Transfer
16159;18150;11/04/2026;2943;Cash
16160;13036;03/07/2024;1557;Bank Transfer
16161;2464;02/02/2025;10462;Bank Transfer
16162;2069;05/11/2023;7169;Online
16163;16568;27/12/2024;11280;Online
16164;273;09/06/2026;7180;Cash
16165;6249;20/11/2025;25029;Cash
16166;1923;22/04/2025;22994;Online
16167;17034;06/10/2024;12356;Bank Transfer
16168;8568;27/08/2024;16140;Cash
16169;8928;13/12/2023;7172;Bank Transfer
16170;18350;09/07/2025;10454;Bank Transfer
16171;7152;10/10/2024;21929;Bank Transfer
16172;694;02/11/2024;6854;Bank Transfer
16173;4694;18/05/2026;28695;Bank Transfer
16174;15286;31/10/2024;23361;Online
16175;6575;10/11/2023;18295;Online
16176;16378;02/02/2024;15040;Cash
16177;18243;16/02/2025;26974;Bank Transfer
16178;4524;08/01/2026;23150;Cash
16179;5790;26/05/2026;4891;Credit Card
16180;19187;27/12/2025;5065;Online
16181;13436;06/01/2024;4769;Debit Card
16182;1757;16/05/2024;21508;Credit Card
16183;3805;11/01/2024;22820;Bank Transfer
16184;1654;26/10/2023;15546;Online
16185;2822;20/08/2026;3890;Cash
16186;9277;08/07/2024;10789;Debit Card
16187;18280;01/07/2024;10731;Online
16188;3009;14/01/2025;25614;Cash
16189;17926;22/05/2026;22829;Cash
16190;9052;10/08/2024;22995;Credit Card
16191;5131;01/12/2023;7952;Online
16192;7274;09/08/2024;27761;Bank Transfer
16193;6585;19/07/2024;6088;Bank Transfer
16194;1023;27/07/2026;9596;Credit Card
16195;10292;16/01/2026;7604;Bank Transfer
16196;18834;18/08/2026;16244;Credit Card
16197;5488;26/12/2023;14663;Cash
16198;4078;10/01/2024;4643;Online
16199;11676;21/07/2026;22717;Credit Card
16200;1064;12/09/2026;7452;Bank Transfer
16201;13787;31/10/2024;18968;Debit Card
16202;10376;08/06/2025;20554;Online
16203;3429;25/06/2026;25616;Debit Card
16204;10120;01/12/2023;3297;Online
16205;10315;11/07/2026;16519;Debit Card
16206;15085;29/03/2024;7779;Debit Card
16207;12076;17/12/2023;20327;Bank Transfer
16208;84;27/07/2025;25430;Debit Card
16209;18933;17/06/2024;29342;Bank Transfer
16210;19759;14/07/2026;26171;Cash
16211;17827;31/01/2026;23112;Debit Card
16212;19643;26/02/2024;14994;Debit Card
16213;16582;18/06/2024;850;Bank Transfer
16214;6652;21/10/2023;24236;Online
16215;7738;07/08/2026;8452;Online
16216;1833;29/01/2024;21691;Debit Card
16217;9700;14/08/2025;24068;Cash
16218;10935;18/04/2025;3627;Cash
16219;13462;13/07/2026;6163;Bank Transfer
16220;14840;26/08/2024;5840;Debit Card
16221;9134;03/04/2026;20356;Credit Card
16222;11073;19/01/2024;13396;Cash
16223;18392;10/04/2024;17820;Cash
16224;4498;20/06/2024;16951;Cash
16225;18022;19/04/2026;14655;Debit Card
16226;19591;06/02/2024;11471;Online
16227;19284;28/09/2023;22967;Debit Card
16228;9086;14/11/2024;5656;Credit Card
16229;17414;30/09/2025;22125;Cash
16230;19487;17/07/2026;13721;Online
16231;6935;17/10/2025;27873;Cash
16232;5835;01/02/2025;26922;Debit Card
16233;16101;24/04/2026;20758;Online
16234;11194;13/07/2026;7662;Debit Card
16235;3601;17/05/2026;882;Debit Card
16236;6278;01/01/2025;15080;Bank Transfer
16237;10847;27/05/2025;25326;Bank Transfer
16238;5546;09/09/2026;8452;Bank Transfer
16239;1436;29/06/2025;18420;Credit Card
16240;8817;08/08/2026;17335;Cash
16241;6695;18/01/2024;18774;Credit Card
16242;4763;04/05/2025;5571;Cash
16243;11501;06/10/2024;20316;Bank Transfer
16244;10487;11/09/2024;22517;Debit Card
16245;1615;29/08/2024;9222;Online
16246;7415;01/02/2024;2974;Debit Card
16247;11366;30/06/2025;15986;Debit Card
16248;11004;09/06/2026;21698;Online
16249;3421;01/08/2025;10802;Debit Card
16250;9429;11/10/2023;21651;Online
16251;13032;06/02/2024;6161;Bank Transfer
16252;1525;25/02/2025;1798;Cash
16253;9225;10/05/2025;18677;Credit Card
16254;18606;10/06/2025;16443;Credit Card
16255;18689;29/08/2024;13408;Cash
16256;14598;18/12/2024;14928;Bank Transfer
16257;13506;20/02/2025;13569;Credit Card
16258;5336;14/09/2025;27136;Debit Card
16259;5377;17/07/2025;4204;Credit Card
16260;7286;26/01/2026;22862;Debit Card
16261;9748;28/12/2025;25744;Bank Transfer
16262;16045;13/06/2025;23569;Online
16263;19229;02/04/2024;1958;Cash
16264;3901;12/10/2023;26714;Debit Card
16265;15875;16/04/2024;12804;Debit Card
16266;17642;10/10/2025;21880;Bank Transfer
16267;16968;16/05/2025;5692;Cash
16268;5;12/09/2026;8242;Cash
16269;11687;07/04/2025;28351;Online
16270;15154;15/06/2026;25474;Bank Transfer
16271;16725;28/05/2025;23620;Online
16272;284;13/04/2026;16912;Bank Transfer
16273;9265;30/10/2024;6351;Debit Card
16274;2585;15/08/2026;27919;Online
16275;1369;02/11/2023;23842;Credit Card
16276;8172;09/11/2024;15760;Credit Card
16277;18911;14/04/2026;12410;Bank Transfer
16278;16941;02/05/2024;11632;Cash
16279;1468;25/06/2025;17611;Debit Card
16280;10176;26/07/2026;9277;Credit Card
16281;15762;19/05/2025;22065;Debit Card
16282;4400;29/09/2024;25108;Online
16283;12882;20/02/2025;4700;Debit Card
16284;3225;08/11/2023;6321;Debit Card
16285;3875;28/09/2024;24538;Cash
16286;18545;24/08/2024;16649;Cash
16287;5371;26/08/2026;23932;Credit Card
16288;10922;12/11/2024;17537;Cash
16289;3192;25/08/2025;28165;Debit Card
16290;5241;10/02/2026;15068;Credit Card
16291;4951;08/01/2024;5424;Online
16292;9561;27/08/2026;9101;Debit Card
16293;3875;06/09/2024;8183;Credit Card
16294;3820;20/10/2025;22682;Cash
16295;2858;30/12/2023;27752;Bank Transfer
16296;8738;05/07/2025;29037;Credit Card
16297;408;24/05/2026;21837;Credit Card
16298;12036;07/09/2025;2163;Bank Transfer
16299;15337;04/01/2026;17102;Bank Transfer
16300;8639;29/09/2024;5354;Online
16301;4929;20/04/2024;28824;Credit Card
16302;14442;18/08/2025;9798;Credit Card
16303;6682;16/11/2024;1262;Cash
16304;13176;16/10/2024;12203;Credit Card
16305;10650;08/12/2023;24438;Bank Transfer
16306;5590;01/12/2023;22124;Cash
16307;10602;15/11/2023;10126;Debit Card
16308;8729;11/08/2025;25107;Credit Card
16309;26;27/05/2026;11437;Online
16310;14898;08/08/2026;2922;Online
16311;10367;12/09/2024;15853;Bank Transfer
16312;13043;29/05/2024;19131;Online
16313;17650;08/04/2026;8635;Credit Card
16314;13336;26/03/2025;26817;Online
16315;3605;21/12/2023;8504;Cash
16316;8306;14/07/2025;2555;Cash
16317;3607;14/04/2024;21166;Cash
16318;10930;14/11/2023;23270;Bank Transfer
16319;15413;21/03/2026;22806;Cash
16320;9683;19/07/2024;23808;Credit Card
16321;9257;27/10/2023;18628;Cash
16322;11828;30/03/2024;8566;Credit Card
16323;7469;22/11/2023;15446;Credit Card
16324;3640;10/08/2025;14435;Cash
16325;8545;04/10/2024;18833;Debit Card
16326;17912;08/09/2025;6835;Debit Card
16327;12370;23/06/2024;10520;Debit Card
16328;7144;20/05/2025;12199;Cash
16329;19124;28/08/2024;29498;Online
16330;1233;22/05/2025;13268;Debit Card
16331;12528;11/09/2024;29037;Cash
16332;14236;15/11/2024;17687;Debit Card
16333;2586;05/07/2025;27097;Online
16334;7904;28/06/2024;17262;Credit Card
16335;6682;24/01/2024;24877;Cash
16336;11239;09/01/2026;11932;Bank Transfer
16337;14996;05/09/2025;6138;Credit Card
16338;8342;09/01/2026;6897;Cash
16339;19797;18/12/2024;18571;Bank Transfer
16340;320;22/05/2026;24404;Online
16341;11768;29/10/2024;29948;Online
16342;16919;07/01/2024;25657;Bank Transfer
16343;18153;07/07/2025;1056;Cash
16344;11297;09/03/2024;8801;Credit Card
16345;2346;04/01/2025;1553;Bank Transfer
16346;9727;23/02/2024;10050;Debit Card
16347;8667;05/09/2026;6963;Debit Card
16348;6110;26/08/2026;21740;Cash
16349;15950;12/10/2023;4220;Credit Card
16350;949;28/11/2025;23603;Online
16351;14976;24/07/2026;4153;Online
16352;19907;08/11/2025;2931;Credit Card
16353;12692;19/04/2024;4612;Cash
16354;14408;19/10/2023;4926;Online
16355;13933;05/08/2025;20390;Cash
16356;10732;23/01/2024;20456;Cash
16357;4076;30/01/2024;3215;Cash
16358;8870;14/11/2025;15725;Cash
16359;9344;28/01/2024;28469;Cash
16360;15325;11/10/2024;22725;Bank Transfer
16361;1677;29/06/2024;5653;Bank Transfer
16362;5033;07/09/2026;11519;Debit Card
16363;16893;14/06/2026;11582;Online
16364;10094;07/04/2024;3510;Bank Transfer
16365;3862;04/03/2025;21451;Cash
16366;14052;03/09/2024;1626;Online
16367;4900;23/01/2026;882;Credit Card
16368;18293;07/11/2025;12808;Online
16369;3180;28/07/2024;29853;Credit Card
16370;1399;05/01/2025;22309;Cash
16371;9943;17/05/2024;9388;Online
16372;16286;09/08/2026;18990;Online
16373;861;04/11/2023;13337;Online
16374;2465;16/02/2026;2415;Bank Transfer
16375;19208;31/03/2024;16755;Bank Transfer
16376;13687;26/08/2024;28561;Online
16377;5337;17/08/2026;29586;Debit Card
16378;7810;05/12/2023;6680;Credit Card
16379;6888;05/12/2023;20733;Bank Transfer
16380;2745;23/03/2025;12751;Debit Card
16381;6519;04/05/2026;18766;Cash
16382;7678;18/07/2024;16249;Cash
16383;11870;10/12/2023;20437;Debit Card
16384;8756;18/03/2025;17014;Debit Card
16385;8315;24/12/2024;21167;Online
16386;16191;12/12/2023;2126;Debit Card
16387;1015;13/07/2024;678;Debit Card
16388;6972;30/07/2024;19899;Online
16389;17895;18/12/2025;29917;Cash
16390;18770;02/10/2024;20434;Online
16391;7322;24/02/2024;14862;Cash
16392;17621;05/02/2025;5916;Debit Card
16393;17446;05/05/2026;18522;Bank Transfer
16394;6316;10/11/2025;24734;Online
16395;2190;08/10/2024;28389;Cash
16396;10204;24/12/2024;27450;Cash
16397;18153;08/03/2026;20102;Credit Card
16398;13623;06/06/2024;6556;Credit Card
16399;11572;06/07/2024;14013;Online
16400;16624;25/01/2024;13957;Online
16401;15379;25/12/2023;9324;Online
16402;132;11/02/2026;21989;Online
16403;3496;26/04/2024;3153;Bank Transfer
16404;4863;10/12/2024;18484;Online
16405;6612;17/05/2025;11864;Credit Card
16406;3187;21/01/2025;23035;Debit Card
16407;6199;03/04/2025;5105;Online
16408;2052;28/08/2026;15324;Credit Card
16409;17612;01/03/2025;15460;Bank Transfer
16410;15076;29/05/2024;8928;Cash
16411;18358;24/08/2025;18742;Credit Card
16412;9224;25/03/2025;29296;Bank Transfer
16413;10503;04/12/2023;12078;Cash
16414;10509;23/11/2024;20574;Bank Transfer
16415;2372;31/05/2025;16210;Debit Card
16416;7940;30/12/2024;28671;Cash
16417;4497;26/08/2026;26214;Online
16418;16509;18/05/2024;1503;Bank Transfer
16419;934;24/05/2024;23361;Online
16420;14692;02/10/2024;26312;Cash
16421;1011;05/01/2025;10617;Debit Card
16422;5424;01/08/2026;23400;Bank Transfer
16423;15084;20/08/2024;18954;Online
16424;14615;28/08/2024;13368;Online
16425;4916;15/02/2026;15879;Cash
16426;17842;20/03/2024;19407;Cash
16427;6802;02/05/2026;8720;Cash
16428;13400;27/10/2023;1176;Bank Transfer
16429;6713;05/11/2024;11607;Cash
16430;9975;25/01/2025;10929;Bank Transfer
16431;2788;12/11/2023;25673;Cash
16432;7534;29/11/2025;5887;Cash
16433;16412;21/08/2025;8689;Debit Card
16434;11433;09/07/2025;28759;Bank Transfer
16435;1271;30/07/2025;10180;Online
16436;12526;18/02/2026;12060;Cash
16437;1714;20/08/2026;14851;Credit Card
16438;19231;10/04/2025;11463;Cash
16439;19485;19/08/2026;21684;Bank Transfer
16440;14147;21/01/2024;21663;Credit Card
16441;15788;09/10/2024;28881;Online
16442;904;09/12/2024;7290;Debit Card
16443;12069;08/12/2023;9554;Credit Card
16444;1738;29/06/2025;25666;Online
16445;1784;08/08/2026;21152;Cash
16446;2225;15/12/2023;24491;Online
16447;8644;06/01/2024;11633;Credit Card
16448;3397;08/01/2025;16384;Online
16449;16126;27/06/2024;10656;Bank Transfer
16450;5439;11/12/2023;6430;Credit Card
16451;14470;27/10/2025;15518;Bank Transfer
16452;16810;29/12/2023;27471;Online
16453;3133;06/11/2025;29081;Bank Transfer
16454;15505;11/01/2026;29448;Debit Card
16455;3599;31/12/2024;22623;Online
16456;10;18/02/2024;7193;Online
16457;15737;12/09/2025;9021;Bank Transfer
16458;16734;27/03/2024;4211;Debit Card
16459;18292;07/02/2024;21768;Bank Transfer
16460;13343;10/08/2026;3256;Cash
16461;19291;21/10/2025;15711;Online
16462;12355;13/08/2026;27870;Cash
16463;9276;18/08/2026;16835;Bank Transfer
16464;19309;13/12/2024;27895;Credit Card
16465;12936;11/01/2024;17173;Debit Card
16466;1566;17/02/2025;27705;Online
16467;10317;28/10/2024;11826;Bank Transfer
16468;18579;05/07/2025;29929;Credit Card
16469;3198;08/08/2026;22966;Cash
16470;19154;20/01/2025;26679;Online
16471;13311;27/01/2025;24989;Online
16472;14547;09/08/2025;17540;Cash
16473;9851;14/04/2024;4587;Online
16474;714;19/07/2024;17483;Cash
16475;18171;21/09/2025;23480;Online
16476;19570;08/05/2024;24904;Bank Transfer
16477;17841;30/04/2024;3677;Online
16478;9329;01/09/2025;16535;Credit Card
16479;949;24/11/2023;9655;Debit Card
16480;5148;30/01/2025;11529;Bank Transfer
16481;8941;31/12/2024;15372;Credit Card
16482;3698;07/03/2025;28482;Debit Card
16483;2885;27/07/2024;13024;Cash
16484;10037;04/05/2024;13232;Debit Card
16485;3734;12/07/2024;18374;Online
16486;9097;10/11/2024;7024;Cash
16487;17948;04/08/2024;12340;Bank Transfer
16488;1106;06/11/2024;12014;Cash
16489;9764;23/04/2025;4474;Credit Card
16490;17314;18/02/2026;16184;Credit Card
16491;17989;07/07/2025;20348;Credit Card
16492;11739;09/12/2023;9121;Bank Transfer
16493;1115;26/11/2025;28699;Cash
16494;1064;10/09/2026;16602;Online
16495;15081;23/03/2026;24988;Online
16496;19581;19/09/2024;25212;Online
16497;4544;23/02/2024;17817;Credit Card
16498;15666;07/03/2025;16727;Debit Card
16499;8502;15/12/2023;26085;Online
16500;4673;09/02/2024;24645;Cash
16501;9759;18/03/2025;21379;Online
16502;8858;22/12/2023;9777;Online
16503;13054;04/04/2024;9337;Bank Transfer
16504;4556;22/11/2023;24706;Debit Card
16505;7025;06/06/2024;3191;Cash
16506;9133;09/06/2025;4210;Bank Transfer
16507;17859;12/11/2024;19000;Credit Card
16508;17965;14/07/2026;710;Bank Transfer
16509;3215;05/01/2026;24206;Debit Card
16510;11309;06/11/2025;9257;Online
16511;1627;01/09/2025;2641;Online
16512;5201;14/09/2023;1531;Credit Card
16513;18582;24/06/2024;12080;Online
16514;14739;24/04/2026;24588;Debit Card
16515;10797;24/05/2026;15070;Cash
16516;14768;28/12/2025;13607;Online
16517;4714;29/05/2026;4924;Cash
16518;19651;05/09/2024;29865;Cash
16519;6884;01/07/2026;12808;Online
16520;4425;20/07/2025;17226;Online
16521;7066;12/03/2024;16816;Cash
16522;348;02/09/2026;7812;Bank Transfer
16523;657;28/08/2025;27698;Debit Card
16524;2392;17/04/2026;25737;Cash
16525;16647;07/03/2025;23008;Online
16526;19323;17/03/2026;13829;Online
16527;288;17/05/2025;15815;Credit Card
16528;10467;13/10/2025;5130;Credit Card
16529;16980;26/12/2024;20914;Cash
16530;3607;11/10/2024;16538;Credit Card
16531;18702;11/08/2026;5558;Cash
16532;14598;16/03/2024;9746;Bank Transfer
16533;4371;07/07/2026;20840;Bank Transfer
16534;1619;08/09/2025;20835;Cash
16535;5781;27/04/2025;29882;Online
16536;9189;05/07/2025;10440;Credit Card
16537;1770;11/10/2024;8208;Credit Card
16538;909;17/11/2024;28415;Cash
16539;6050;05/10/2024;10170;Bank Transfer
16540;17476;08/12/2024;4018;Cash
16541;12477;07/04/2025;5793;Bank Transfer
16542;7830;18/03/2026;10247;Online
16543;18041;05/09/2025;3678;Online
16544;4477;18/07/2026;21895;Bank Transfer
16545;10792;28/12/2025;15546;Online
16546;3056;25/11/2023;14280;Debit Card
16547;3781;21/03/2026;6995;Credit Card
16548;16011;31/12/2023;809;Credit Card
16549;19091;22/02/2024;26987;Debit Card
16550;16502;10/11/2024;7398;Online
16551;97;05/09/2026;27491;Cash
16552;10881;01/06/2024;23236;Cash
16553;370;29/08/2024;15284;Online
16554;7055;26/04/2025;26052;Credit Card
16555;13428;11/04/2025;11341;Cash
16556;10822;12/12/2024;1211;Credit Card
16557;11449;14/06/2025;10771;Online
16558;1187;18/03/2025;837;Cash
16559;3044;18/01/2026;26894;Debit Card
16560;13552;20/07/2026;4092;Debit Card
16561;7551;02/04/2024;7491;Credit Card
16562;14516;01/04/2024;15380;Credit Card
16563;4853;03/03/2026;29563;Cash
16564;8677;31/05/2025;7132;Debit Card
16565;6542;28/02/2026;26491;Credit Card
16566;5510;05/03/2025;27415;Online
16567;8368;04/04/2024;7086;Cash
16568;4413;15/11/2025;5364;Online
16569;503;17/04/2024;5715;Cash
16570;8583;18/08/2024;5727;Credit Card
16571;8836;14/12/2025;21517;Debit Card
16572;18153;19/10/2024;25968;Credit Card
16573;734;16/04/2025;2156;Bank Transfer
16574;8377;27/10/2024;13846;Debit Card
16575;19484;02/10/2025;10432;Online
16576;6727;14/01/2026;21883;Online
16577;18990;30/07/2024;26818;Cash
16578;8750;15/11/2025;2844;Bank Transfer
16579;16121;12/11/2023;22281;Bank Transfer
16580;10544;06/12/2024;28982;Credit Card
16581;492;23/11/2023;24051;Debit Card
16582;4574;27/09/2023;4088;Bank Transfer
16583;13163;28/06/2026;26740;Online
16584;9708;24/12/2023;1057;Debit Card
16585;18988;02/03/2025;5836;Bank Transfer
16586;18411;12/05/2025;10987;Debit Card
16587;12445;03/12/2024;27418;Online
16588;1632;24/10/2023;10494;Cash
16589;13174;13/05/2024;8429;Online
16590;14300;31/05/2026;15638;Cash
16591;3804;02/04/2025;27091;Online
16592;417;13/10/2025;2789;Debit Card
16593;7269;01/06/2026;8672;Online
16594;19037;13/09/2023;17828;Cash
16595;8563;22/10/2025;3228;Debit Card
16596;8506;11/02/2025;2462;Bank Transfer
16597;7390;10/05/2024;21418;Debit Card
16598;4648;01/08/2024;14091;Online
16599;3317;18/02/2025;13286;Debit Card
16600;14126;17/09/2024;18041;Bank Transfer
16601;14567;05/04/2026;15150;Bank Transfer
16602;17520;22/06/2026;16658;Debit Card
16603;12296;09/02/2026;14271;Credit Card
16604;4126;29/06/2026;5715;Online
16605;17388;19/07/2024;13839;Debit Card
16606;16243;03/09/2025;10667;Bank Transfer
16607;16;26/07/2026;21461;Debit Card
16608;9488;13/03/2026;29193;Debit Card
16609;3566;09/11/2024;21396;Credit Card
16610;8092;01/06/2026;20715;Cash
16611;9668;19/10/2023;24670;Credit Card
16612;13138;15/10/2023;9285;Debit Card
16613;10614;10/10/2023;22740;Cash
16614;2265;01/01/2025;22914;Bank Transfer
16615;4758;19/06/2026;3454;Online
16616;15097;20/08/2026;3067;Credit Card
16617;1447;12/01/2026;10450;Online
16618;4888;18/09/2023;4353;Cash
16619;12762;25/12/2025;11989;Debit Card
16620;6428;14/04/2025;14417;Bank Transfer
16621;12703;15/03/2025;28919;Debit Card
16622;558;13/05/2025;28923;Bank Transfer
16623;2810;25/01/2026;27074;Credit Card
16624;7817;04/06/2026;23938;Online
16625;8734;02/01/2026;17016;Cash
16626;15761;06/09/2024;7632;Debit Card
16627;2692;13/01/2024;6458;Online
16628;3697;03/02/2024;1943;Online
16629;17317;06/02/2025;14245;Credit Card
16630;11342;25/01/2025;19725;Bank Transfer
16631;6515;04/02/2024;8464;Debit Card
16632;3807;03/10/2023;14199;Credit Card
16633;9294;10/10/2023;22760;Online
16634;18896;27/11/2023;20001;Debit Card
16635;19200;01/06/2026;4421;Bank Transfer
16636;8362;03/07/2026;15152;Credit Card
16637;11303;13/09/2024;10798;Debit Card
16638;3427;29/11/2024;23398;Debit Card
16639;18954;09/10/2024;26029;Online
16640;682;27/01/2024;20698;Bank Transfer
16641;13564;30/05/2025;17061;Debit Card
16642;17986;12/09/2025;26309;Debit Card
16643;5928;07/03/2024;29933;Credit Card
16644;16893;09/03/2025;7841;Credit Card
16645;9368;24/08/2026;28442;Credit Card
16646;5560;28/03/2025;11194;Cash
16647;19558;30/07/2025;18525;Debit Card
16648;19702;17/11/2025;2948;Cash
16649;5522;30/09/2023;16751;Cash
16650;5321;31/03/2026;10509;Credit Card
16651;18446;14/09/2025;17241;Debit Card
16652;18921;06/03/2025;18839;Cash
16653;3537;27/08/2026;19684;Bank Transfer
16654;2420;31/05/2024;6908;Bank Transfer
16655;6028;29/09/2024;14472;Debit Card
16656;16794;31/05/2026;14126;Bank Transfer
16657;3210;19/09/2025;29358;Bank Transfer
16658;946;04/12/2025;9817;Credit Card
16659;7358;30/08/2026;898;Bank Transfer
16660;6798;07/11/2023;7283;Cash
16661;11738;17/05/2026;3697;Cash
16662;1957;05/01/2025;23499;Cash
16663;11384;05/08/2024;21925;Bank Transfer
16664;18550;25/12/2024;17645;Online
16665;11869;12/01/2026;24073;Credit Card
16666;11998;13/11/2023;29815;Cash
16667;12388;22/07/2024;20299;Debit Card
16668;11890;05/03/2024;21331;Debit Card
16669;9760;24/01/2026;28365;Debit Card
16670;7580;09/10/2023;24684;Cash
16671;28;24/10/2025;18031;Credit Card
16672;10505;03/03/2026;29629;Cash
16673;12770;15/02/2025;21645;Debit Card
16674;13703;07/12/2024;24332;Bank Transfer
16675;3509;10/02/2026;4952;Cash
16676;12463;16/02/2026;9514;Bank Transfer
16677;15578;28/01/2026;6377;Debit Card
16678;17469;13/12/2025;11842;Credit Card
16679;13041;17/11/2025;23944;Cash
16680;16298;06/07/2026;19599;Bank Transfer
16681;13200;01/08/2026;18377;Cash
16682;10533;09/01/2026;5155;Credit Card
16683;3530;18/07/2025;12783;Credit Card
16684;16746;20/05/2024;961;Debit Card
16685;10819;22/09/2025;7881;Debit Card
16686;6515;01/02/2026;22964;Credit Card
16687;1293;31/08/2024;21217;Online
16688;18720;29/08/2025;12245;Bank Transfer
16689;4492;10/11/2024;16971;Bank Transfer
16690;11595;12/08/2025;12760;Debit Card
16691;13578;26/03/2024;8256;Credit Card
16692;16647;31/10/2025;8377;Cash
16693;3620;08/08/2024;14440;Online
16694;671;03/02/2024;18622;Cash
16695;3116;17/09/2025;4388;Debit Card
16696;10233;11/12/2025;12782;Cash
16697;15927;26/08/2026;8786;Bank Transfer
16698;11995;20/08/2025;23712;Debit Card
16699;13574;01/06/2025;4726;Credit Card
16700;1613;20/11/2023;2043;Credit Card
16701;5588;15/09/2024;4529;Credit Card
16702;11907;28/09/2024;7043;Debit Card
16703;11604;18/01/2025;18438;Credit Card
16704;7561;12/03/2024;3994;Online
16705;6146;19/11/2025;14026;Cash
16706;14298;23/07/2024;15565;Online
16707;9270;15/06/2024;8682;Credit Card
16708;2755;16/05/2024;4516;Credit Card
16709;13802;18/03/2026;15101;Cash
16710;6819;09/02/2025;11285;Online
16711;6121;23/10/2025;17051;Bank Transfer
16712;178;03/02/2025;21525;Online
16713;9504;03/08/2026;29752;Debit Card
16714;2836;15/12/2024;27550;Online
16715;11305;24/01/2026;12301;Debit Card
16716;3078;02/11/2025;1486;Online
16717;12451;15/06/2024;3039;Online
16718;11947;03/01/2025;9071;Debit Card
16719;2433;14/07/2024;10073;Online
16720;13073;07/06/2025;27375;Online
16721;14257;14/11/2024;14635;Cash
16722;15895;10/07/2024;15435;Debit Card
16723;12660;11/04/2025;10089;Credit Card
16724;5976;15/03/2026;23181;Cash
16725;7879;17/09/2024;2417;Credit Card
16726;6550;06/10/2023;9901;Online
16727;11379;05/01/2024;10849;Debit Card
16728;18121;05/03/2025;26823;Online
16729;15360;21/07/2025;26353;Cash
16730;4612;08/09/2026;5135;Online
16731;10703;14/11/2024;3510;Bank Transfer
16732;9534;25/07/2025;29178;Online
16733;16283;12/01/2026;7360;Debit Card
16734;6602;12/12/2024;10608;Credit Card
16735;6108;22/11/2024;11165;Credit Card
16736;11059;17/02/2025;6864;Cash
16737;9281;25/03/2025;17127;Online
16738;11975;23/09/2025;1163;Bank Transfer
16739;19443;14/04/2026;12377;Bank Transfer
16740;7290;22/06/2025;17671;Cash
16741;10611;07/05/2024;13105;Cash
16742;864;25/04/2026;6180;Cash
16743;18057;10/04/2026;15310;Cash
16744;18345;01/07/2025;15123;Online
16745;49;09/02/2025;22508;Debit Card
16746;3981;06/09/2024;7091;Cash
16747;9169;04/11/2024;5861;Cash
16748;14443;25/11/2023;22900;Credit Card
16749;15679;27/06/2024;15866;Credit Card
16750;7894;09/06/2024;23352;Credit Card
16751;13563;02/12/2024;15159;Bank Transfer
16752;16889;29/05/2025;25040;Credit Card
16753;2473;15/12/2025;24124;Bank Transfer
16754;3106;16/05/2025;25038;Bank Transfer
16755;18793;03/02/2025;26611;Credit Card
16756;15511;29/06/2024;21644;Debit Card
16757;9821;20/11/2024;1154;Credit Card
16758;16310;28/11/2024;23007;Bank Transfer
16759;17058;26/04/2025;5807;Online
16760;8647;30/04/2024;789;Bank Transfer
16761;5581;20/05/2024;21733;Cash
16762;10205;18/03/2024;23372;Bank Transfer
16763;16204;03/09/2026;18011;Online
16764;10705;18/02/2025;15101;Online
16765;9952;01/07/2025;22946;Credit Card
16766;14693;13/07/2025;10143;Cash
16767;2625;24/12/2024;6326;Cash
16768;3671;30/09/2025;10395;Cash
16769;17984;14/01/2025;25805;Online
16770;6737;24/09/2023;4924;Cash
16771;5437;02/06/2024;24363;Credit Card
16772;16406;14/01/2025;12272;Credit Card
16773;9550;16/08/2026;1984;Bank Transfer
16774;4052;26/01/2024;7103;Online
16775;11540;21/08/2026;28047;Debit Card
16776;19897;05/05/2024;17764;Bank Transfer
16777;11142;13/05/2026;4265;Bank Transfer
16778;3873;07/01/2025;29823;Online
16779;14223;03/11/2025;10201;Online
16780;10844;23/08/2024;27945;Credit Card
16781;18908;15/12/2024;12585;Online
16782;9739;03/11/2024;7059;Credit Card
16783;8031;27/01/2025;17232;Bank Transfer
16784;4221;12/10/2024;2040;Bank Transfer
16785;7911;11/08/2026;9837;Debit Card
16786;14548;09/01/2025;12293;Online
16787;14201;09/05/2024;16426;Debit Card
16788;4538;19/11/2023;907;Online
16789;4188;12/07/2026;25990;Cash
16790;19730;11/08/2024;6321;Cash
16791;5978;03/08/2024;9394;Credit Card
16792;7024;02/03/2024;672;Online
16793;8375;30/03/2024;7010;Cash
16794;17239;28/02/2025;17271;Credit Card
16795;13196;22/02/2025;12118;Credit Card
16796;16598;19/09/2025;18295;Bank Transfer
16797;14564;10/04/2024;21014;Debit Card
16798;2212;04/01/2026;14055;Bank Transfer
16799;19366;14/05/2024;5643;Online
16800;9423;08/03/2026;26530;Cash
16801;19308;15/04/2024;8405;Bank Transfer
16802;5370;13/08/2026;26356;Credit Card
16803;16453;01/10/2024;12722;Online
16804;4268;12/10/2025;13217;Online
16805;1209;20/11/2023;22435;Cash
16806;17705;06/02/2025;18192;Debit Card
16807;6229;06/04/2025;11380;Debit Card
16808;14022;23/09/2024;5206;Debit Card
16809;15438;01/09/2024;4904;Bank Transfer
16810;8241;14/10/2023;8021;Debit Card
16811;15254;31/08/2025;2543;Online
16812;3501;06/04/2026;7529;Bank Transfer
16813;18710;22/04/2025;14444;Credit Card
16814;4055;03/10/2023;24287;Credit Card
16815;13246;24/05/2026;16849;Bank Transfer
16816;6270;15/07/2026;19164;Bank Transfer
16817;18219;16/06/2024;20857;Credit Card
16818;13212;15/09/2023;1471;Bank Transfer
16819;12143;30/01/2025;14221;Cash
16820;12848;19/01/2024;11669;Cash
16821;3937;09/10/2023;25924;Debit Card
16822;3005;06/11/2024;12095;Debit Card
16823;19205;20/09/2024;24963;Bank Transfer
16824;9666;10/09/2026;2460;Bank Transfer
16825;10947;10/05/2025;11639;Bank Transfer
16826;1812;06/09/2025;15718;Credit Card
16827;16437;10/11/2024;21552;Credit Card
16828;8205;19/07/2026;25161;Cash
16829;14042;11/03/2026;22727;Online
16830;18808;15/09/2025;16442;Credit Card
16831;11515;25/04/2025;4217;Online
16832;3082;23/03/2026;29185;Cash
16833;10927;13/01/2024;10355;Online
16834;3754;26/10/2023;22134;Credit Card
16835;7285;20/06/2026;13068;Online
16836;17564;10/11/2025;16004;Online
16837;13297;30/07/2026;7451;Bank Transfer
16838;9093;12/06/2025;26709;Debit Card
16839;17797;04/06/2024;10246;Bank Transfer
16840;15153;31/12/2024;10669;Online
16841;3091;21/10/2023;2007;Debit Card
16842;19966;21/09/2023;11893;Credit Card
16843;16520;24/01/2024;10589;Cash
16844;8104;03/07/2025;6565;Bank Transfer
16845;16180;05/03/2024;18184;Online
16846;1638;10/12/2023;25084;Credit Card
16847;8939;26/07/2024;23386;Online
16848;3092;05/01/2024;1364;Credit Card
16849;13417;08/10/2024;24581;Bank Transfer
16850;5192;31/01/2025;4858;Online
16851;5085;12/06/2024;10910;Credit Card
16852;16517;03/04/2026;27948;Debit Card
16853;6334;16/11/2023;19081;Cash
16854;158;09/04/2025;18952;Cash
16855;4291;24/05/2026;21153;Credit Card
16856;15719;01/09/2025;7354;Debit Card
16857;14049;12/05/2025;14569;Bank Transfer
16858;14964;01/05/2026;17905;Debit Card
16859;7961;18/11/2025;1381;Debit Card
16860;15090;01/08/2025;19742;Credit Card
16861;10358;15/10/2023;13070;Online
16862;15114;11/11/2024;7023;Debit Card
16863;3317;25/01/2024;9489;Credit Card
16864;10875;07/10/2023;18655;Bank Transfer
16865;5633;30/08/2024;17826;Bank Transfer
16866;12564;25/04/2024;13124;Cash
16867;11010;18/09/2024;1769;Debit Card
16868;12721;06/07/2024;12639;Debit Card
16869;11543;03/02/2024;10928;Bank Transfer
16870;19902;16/10/2023;18765;Debit Card
16871;6091;28/01/2026;7240;Debit Card
16872;19362;26/11/2024;19678;Cash
16873;335;27/09/2023;29201;Debit Card
16874;17961;08/04/2026;23473;Cash
16875;5033;16/12/2025;29399;Credit Card
16876;1661;05/01/2025;24926;Online
16877;4612;24/10/2023;8051;Cash
16878;18077;04/02/2026;27560;Bank Transfer
16879;5363;05/07/2025;7490;Debit Card
16880;19978;26/08/2024;29014;Credit Card
16881;728;11/07/2024;20933;Bank Transfer
16882;12250;27/02/2026;19402;Credit Card
16883;15666;30/01/2025;9059;Bank Transfer
16884;5758;21/04/2024;28402;Credit Card
16885;6582;31/07/2025;18264;Credit Card
16886;12760;07/04/2024;16915;Debit Card
16887;2617;16/06/2024;20719;Bank Transfer
16888;8635;01/03/2025;3958;Debit Card
16889;9179;12/08/2026;28537;Bank Transfer
16890;16956;09/06/2025;24834;Bank Transfer
16891;18524;02/07/2024;20221;Cash
16892;5883;16/08/2026;26485;Debit Card
16893;1440;20/11/2025;12487;Online
16894;14569;24/06/2025;13871;Debit Card
16895;1097;10/04/2025;29384;Cash
16896;13001;10/08/2025;13195;Credit Card
16897;8759;24/09/2024;819;Debit Card
16898;14160;21/10/2024;3449;Bank Transfer
16899;14039;10/09/2025;4047;Cash
16900;6559;12/02/2025;13421;Debit Card
16901;11978;24/05/2026;29305;Credit Card
16902;7814;15/07/2026;20795;Online
16903;2008;07/02/2026;22447;Debit Card
16904;4084;09/08/2026;17337;Debit Card
16905;4680;15/11/2023;8562;Credit Card
16906;15075;22/10/2025;25737;Bank Transfer
16907;19970;05/08/2025;24396;Cash
16908;19689;20/06/2025;24019;Credit Card
16909;16363;18/09/2024;5636;Bank Transfer
16910;8484;10/10/2025;22806;Cash
16911;5897;24/11/2023;19519;Cash
16912;18708;01/06/2026;20007;Bank Transfer
16913;17097;13/03/2025;28884;Cash
16914;5764;28/10/2025;3652;Debit Card
16915;446;14/02/2026;7592;Credit Card
16916;9698;29/10/2025;6471;Bank Transfer
16917;7294;23/02/2026;19940;Cash
16918;16572;27/04/2026;4331;Online
16919;13694;04/01/2026;19537;Online
16920;14151;07/04/2026;28063;Credit Card
16921;427;18/11/2025;24521;Cash
16922;18981;20/07/2026;3321;Cash
16923;9665;04/12/2025;16768;Bank Transfer
16924;11504;08/03/2025;6687;Cash
16925;8941;12/06/2024;24407;Cash
16926;9883;10/07/2025;2839;Bank Transfer
16927;17884;30/08/2026;26357;Cash
16928;19031;27/10/2024;7685;Credit Card
16929;3421;23/12/2023;11672;Online
16930;14379;01/01/2026;27446;Cash
16931;400;11/10/2023;11997;Online
16932;2837;24/05/2025;18021;Online
16933;7309;26/12/2024;25765;Debit Card
16934;13578;04/12/2024;3361;Credit Card
16935;12907;30/10/2023;14112;Cash
16936;17566;08/10/2023;20038;Bank Transfer
16937;10945;22/12/2024;4247;Debit Card
16938;8878;26/10/2024;12375;Bank Transfer
16939;7647;17/05/2025;712;Credit Card
16940;1573;01/01/2024;9107;Cash
16941;14608;17/01/2024;4955;Cash
16942;5236;08/11/2024;5992;Credit Card
16943;4728;06/02/2026;7613;Debit Card
16944;4650;17/11/2024;11772;Debit Card
16945;17006;01/01/2025;28600;Credit Card
16946;2083;02/11/2024;12001;Credit Card
16947;1549;06/01/2024;26371;Online
16948;444;04/11/2024;26696;Bank Transfer
16949;13525;27/01/2026;2669;Debit Card
16950;11434;13/04/2025;19221;Online
16951;19336;13/04/2025;16180;Debit Card
16952;3825;27/04/2026;12174;Credit Card
16953;11342;07/10/2023;16902;Debit Card
16954;3412;23/11/2025;27329;Online
16955;17685;24/08/2026;764;Debit Card
16956;14406;08/08/2025;12765;Online
16957;11868;28/03/2024;26694;Bank Transfer
16958;7538;27/07/2024;5375;Bank Transfer
16959;8108;30/05/2024;18396;Debit Card
16960;9066;15/03/2026;922;Debit Card
16961;9139;30/07/2026;29677;Bank Transfer
16962;16573;24/05/2026;14008;Bank Transfer
16963;11797;12/02/2025;13669;Bank Transfer
16964;5765;15/09/2024;18386;Cash
16965;8651;07/03/2026;9558;Credit Card
16966;2522;30/05/2024;21771;Cash
16967;18494;03/10/2023;2075;Bank Transfer
16968;5249;09/10/2024;15690;Bank Transfer
16969;8340;11/10/2025;24847;Online
16970;6715;09/05/2024;10146;Credit Card
16971;14780;10/06/2024;8092;Bank Transfer
16972;3767;23/09/2023;20498;Cash
16973;9437;29/04/2026;1132;Cash
16974;12670;04/04/2025;6163;Online
16975;6234;12/10/2025;2928;Cash
16976;12029;19/11/2025;18990;Online
16977;13030;05/06/2026;19488;Bank Transfer
16978;16398;28/03/2026;9956;Cash
16979;12974;19/02/2026;18285;Debit Card
16980;5135;25/09/2023;17797;Online
16981;18996;01/04/2024;11772;Bank Transfer
16982;19304;05/09/2026;14258;Online
16983;7443;06/09/2024;15970;Online
16984;8193;13/04/2024;9083;Debit Card
16985;4095;23/11/2025;28879;Credit Card
16986;3779;12/02/2024;7121;Credit Card
16987;7185;17/03/2025;18979;Online
16988;10185;28/04/2024;14226;Credit Card
16989;14348;18/02/2026;9287;Online
16990;11433;16/01/2024;13766;Debit Card
16991;14325;18/10/2023;10007;Debit Card
16992;3737;25/11/2023;19410;Debit Card
16993;10273;18/02/2024;1271;Credit Card
16994;15836;02/01/2025;3301;Debit Card
16995;14645;21/10/2024;22099;Debit Card
16996;11879;27/01/2024;12525;Cash
16997;13141;21/10/2023;11350;Online
16998;16713;22/07/2025;27705;Bank Transfer
16999;12015;08/11/2023;22704;Debit Card
17000;15959;01/08/2026;4437;Credit Card
17001;5726;19/12/2023;1343;Cash
17002;18855;27/06/2025;21222;Cash
17003;2669;09/01/2025;24466;Online
17004;18223;31/10/2023;19403;Credit Card
17005;105;22/03/2026;2256;Bank Transfer
17006;7765;16/09/2024;13982;Online
17007;3377;01/04/2024;13323;Credit Card
17008;4931;09/01/2024;22246;Online
17009;17821;19/03/2026;3480;Debit Card
17010;13417;16/01/2026;9332;Online
17011;8002;15/06/2024;8751;Cash
17012;9634;22/10/2024;1289;Debit Card
17013;8012;17/10/2025;27465;Bank Transfer
17014;6100;13/07/2024;22110;Cash
17015;18797;09/08/2025;8358;Cash
17016;14920;17/02/2025;4140;Credit Card
17017;5434;20/12/2023;5080;Online
17018;17298;19/12/2025;16871;Debit Card
17019;8920;31/10/2025;12962;Cash
17020;13987;01/01/2026;8471;Cash
17021;1890;10/03/2026;24867;Bank Transfer
17022;10593;27/02/2026;27396;Online
17023;6686;30/05/2025;17611;Credit Card
17024;14148;07/09/2024;3132;Debit Card
17025;6239;01/12/2024;10338;Online
17026;11285;13/01/2024;15992;Online
17027;4780;20/11/2024;28944;Debit Card
17028;4313;07/07/2026;6020;Online
17029;2962;25/02/2025;18519;Credit Card
17030;19435;24/12/2025;19573;Debit Card
17031;11017;18/09/2024;17093;Cash
17032;7821;24/06/2025;26429;Online
17033;16552;29/04/2025;21067;Bank Transfer
17034;11163;01/02/2025;975;Cash
17035;5914;16/02/2026;12385;Cash
17036;4600;03/04/2024;21833;Bank Transfer
17037;7745;25/11/2023;9193;Debit Card
17038;11057;13/10/2024;17219;Debit Card
17039;6730;21/01/2026;15733;Debit Card
17040;12177;04/05/2026;28631;Debit Card
17041;7079;09/01/2026;9004;Bank Transfer
17042;4288;07/07/2025;7622;Cash
17043;18690;18/01/2024;8059;Debit Card
17044;18344;10/08/2024;26097;Credit Card
17045;13093;15/02/2026;1239;Online
17046;15647;22/03/2025;8037;Bank Transfer
17047;17028;23/05/2026;22969;Bank Transfer
17048;15240;22/12/2023;1609;Online
17049;5413;25/05/2025;2071;Credit Card
17050;11256;31/01/2024;5461;Credit Card
17051;19743;10/11/2023;7731;Bank Transfer
17052;8473;24/08/2026;23432;Debit Card
17053;15739;23/08/2024;1127;Bank Transfer
17054;8878;29/12/2024;5732;Cash
17055;18098;05/06/2026;15959;Bank Transfer
17056;7229;25/12/2025;23789;Credit Card
17057;10823;02/10/2023;26818;Credit Card
17058;10119;13/04/2024;6468;Debit Card
17059;17326;23/07/2024;29335;Bank Transfer
17060;7497;18/03/2025;9422;Credit Card
17061;19651;27/02/2026;23038;Bank Transfer
17062;4919;23/10/2024;28180;Bank Transfer
17063;17505;16/11/2025;21317;Debit Card
17064;15844;06/08/2026;18412;Debit Card
17065;7721;30/09/2024;22596;Debit Card
17066;5815;08/09/2026;22095;Cash
17067;16931;03/02/2025;12716;Bank Transfer
17068;9784;14/07/2025;18107;Online
17069;1982;16/04/2024;18137;Credit Card
17070;9840;19/02/2026;7877;Online
17071;60;18/12/2023;25447;Debit Card
17072;8996;23/03/2025;24090;Credit Card
17073;9577;19/03/2025;13515;Credit Card
17074;15121;21/11/2025;29847;Credit Card
17075;19989;12/05/2025;3390;Cash
17076;10126;13/07/2024;17807;Cash
17077;319;05/01/2025;3792;Credit Card
17078;1555;14/09/2024;11292;Bank Transfer
17079;14632;31/03/2025;22965;Online
17080;15032;10/12/2023;23120;Online
17081;9080;24/03/2026;12774;Credit Card
17082;7012;27/03/2024;4250;Debit Card
17083;7226;17/08/2026;3545;Bank Transfer
17084;10180;31/07/2025;7865;Online
17085;6482;15/06/2026;12055;Debit Card
17086;4625;09/10/2024;939;Bank Transfer
17087;5088;12/11/2025;15647;Bank Transfer
17088;6165;02/01/2024;4557;Credit Card
17089;16419;23/12/2024;23656;Online
17090;19766;03/12/2024;28804;Bank Transfer
17091;3054;06/09/2024;15144;Bank Transfer
17092;14909;29/07/2026;19838;Bank Transfer
17093;6299;03/02/2026;27050;Credit Card
17094;12714;29/11/2025;22782;Credit Card
17095;4444;28/08/2026;20597;Online
17096;14289;05/04/2026;1216;Online
17097;15832;17/09/2024;24193;Cash
17098;1971;03/03/2025;29228;Cash
17099;18242;01/06/2026;14855;Online
17100;128;20/08/2025;12747;Bank Transfer
17101;10699;06/06/2025;25639;Credit Card
17102;1132;05/04/2024;5460;Debit Card
17103;17409;27/06/2026;13010;Debit Card
17104;1319;26/01/2026;4391;Cash
17105;19000;08/11/2023;22737;Bank Transfer
17106;13758;21/12/2025;22966;Cash
17107;14929;15/03/2026;20652;Credit Card
17108;5930;15/02/2025;26650;Cash
17109;11522;06/08/2026;1709;Online
17110;7365;12/08/2025;7309;Debit Card
17111;11755;30/09/2023;28027;Debit Card
17112;19403;15/07/2025;27977;Bank Transfer
17113;16582;10/03/2026;15467;Debit Card
17114;6764;06/09/2024;12109;Bank Transfer
17115;10990;09/07/2025;12925;Bank Transfer
17116;14240;23/10/2025;19144;Bank Transfer
17117;6551;21/08/2024;17791;Cash
17118;12826;06/07/2024;12514;Credit Card
17119;13249;01/09/2025;10959;Cash
17120;10566;19/11/2024;18543;Online
17121;17197;23/11/2023;22589;Bank Transfer
17122;11764;23/09/2025;16872;Debit Card
17123;8309;05/07/2025;19023;Credit Card
17124;13825;31/03/2024;17037;Online
17125;15319;26/07/2026;25430;Cash
17126;7633;02/10/2025;22523;Credit Card
17127;10432;02/06/2026;29067;Online
17128;3022;11/02/2025;13541;Debit Card
17129;10739;11/07/2024;21017;Bank Transfer
17130;16377;22/09/2023;25511;Debit Card
17131;3851;16/03/2025;16483;Bank Transfer
17132;16051;04/08/2026;1513;Bank Transfer
17133;5928;14/03/2025;22011;Debit Card
17134;7581;08/05/2025;17281;Credit Card
17135;4898;23/02/2025;7708;Online
17136;17208;02/02/2024;9562;Debit Card
17137;17483;14/01/2024;7086;Bank Transfer
17138;3193;18/08/2024;7758;Cash
17139;424;25/03/2025;17291;Online
17140;18512;05/08/2025;12200;Credit Card
17141;10702;28/06/2026;12721;Online
17142;13766;14/05/2026;10539;Online
17143;11504;13/01/2026;15447;Online
17144;4468;23/08/2026;4523;Bank Transfer
17145;4454;11/08/2026;22685;Debit Card
17146;10204;06/12/2025;20536;Credit Card
17147;15077;05/05/2024;18873;Online
17148;13328;03/03/2026;8259;Credit Card
17149;16633;13/05/2026;21973;Bank Transfer
17150;5172;29/04/2026;1467;Credit Card
17151;15589;17/07/2025;16692;Cash
17152;16405;11/11/2023;14251;Online
17153;11957;06/06/2024;15188;Bank Transfer
17154;13299;13/02/2024;18566;Bank Transfer
17155;200;22/07/2024;11905;Credit Card
17156;161;02/08/2024;24217;Cash
17157;8149;06/12/2025;3152;Cash
17158;11113;25/05/2026;28424;Cash
17159;15330;26/07/2026;29887;Credit Card
17160;17154;25/12/2024;22348;Credit Card
17161;10383;15/01/2026;26085;Credit Card
17162;5181;15/10/2025;3802;Cash
17163;8336;26/05/2026;19966;Cash
17164;19299;19/07/2025;4751;Cash
17165;11250;18/02/2025;9503;Bank Transfer
17166;14764;14/10/2025;25603;Cash
17167;18772;20/02/2025;20329;Bank Transfer
17168;3345;23/07/2024;6449;Cash
17169;9380;30/10/2024;25076;Online
17170;19920;25/03/2025;18030;Credit Card
17171;5092;08/06/2025;27640;Bank Transfer
17172;16495;28/07/2026;24295;Online
17173;9271;01/12/2023;3335;Bank Transfer
17174;1522;19/12/2025;25370;Online
17175;8508;20/12/2024;9130;Credit Card
17176;16577;17/10/2025;6549;Bank Transfer
17177;17971;01/05/2026;26158;Online
17178;297;28/01/2024;29234;Bank Transfer
17179;9583;03/05/2024;27558;Credit Card
17180;3929;25/10/2023;27785;Credit Card
17181;10588;04/07/2024;26079;Bank Transfer
17182;8006;01/01/2025;4226;Debit Card
17183;4165;13/06/2024;23257;Debit Card
17184;14723;05/02/2024;6910;Bank Transfer
17185;11555;15/04/2026;15811;Bank Transfer
17186;7989;12/01/2026;28088;Debit Card
17187;394;22/02/2025;11685;Bank Transfer
17188;2650;17/08/2026;6783;Online
17189;938;30/05/2025;22702;Bank Transfer
17190;3103;28/07/2024;28818;Credit Card
17191;1143;30/09/2024;11004;Debit Card
17192;8419;07/05/2024;5453;Cash
17193;17822;22/01/2025;14849;Bank Transfer
17194;8754;24/08/2024;27533;Online
17195;6975;14/07/2024;13798;Online
17196;15481;17/11/2025;1638;Debit Card
17197;13459;03/11/2025;7406;Cash
17198;10787;12/01/2024;962;Cash
17199;15801;12/07/2024;1221;Cash
17200;9185;11/08/2024;29740;Bank Transfer
17201;15257;19/12/2024;20810;Online
17202;2753;09/11/2025;4133;Bank Transfer
17203;1373;10/02/2024;26471;Bank Transfer
17204;14789;30/03/2024;29350;Debit Card
17205;14876;22/07/2025;22530;Bank Transfer
17206;8932;18/02/2025;1050;Cash
17207;17349;28/04/2024;8759;Debit Card
17208;17747;06/06/2024;20216;Cash
17209;1875;17/03/2026;10795;Online
17210;12986;07/12/2023;7553;Cash
17211;836;05/03/2025;12354;Credit Card
17212;15669;15/12/2024;24738;Debit Card
17213;18005;31/12/2025;28422;Debit Card
17214;17431;02/11/2024;11264;Online
17215;13019;04/04/2024;26812;Cash
17216;1489;06/02/2024;5624;Cash
17217;9336;25/07/2025;20151;Bank Transfer
17218;15358;05/12/2023;24691;Debit Card
17219;16053;30/07/2024;1954;Debit Card
17220;14503;21/03/2025;28500;Bank Transfer
17221;12019;06/10/2024;10118;Credit Card
17222;5331;19/01/2025;6157;Credit Card
17223;5947;06/09/2024;1330;Credit Card
17224;16185;11/10/2024;24819;Online
17225;18661;30/06/2024;22899;Online
17226;592;10/09/2025;15320;Bank Transfer
17227;1781;09/02/2024;19389;Credit Card
17228;18609;19/09/2024;20283;Online
17229;19338;30/12/2025;26749;Bank Transfer
17230;16804;19/04/2024;17611;Online
17231;14945;03/06/2025;22185;Credit Card
17232;6988;26/02/2026;27620;Bank Transfer
17233;14082;15/11/2024;23282;Cash
17234;17689;01/08/2026;25297;Credit Card
17235;1529;17/04/2026;26851;Online
17236;14550;22/02/2025;27598;Debit Card
17237;10398;19/06/2026;21013;Online
17238;13842;17/08/2025;5603;Online
17239;18796;17/05/2025;15528;Bank Transfer
17240;8379;10/07/2024;18798;Credit Card
17241;11860;02/05/2024;23006;Bank Transfer
17242;6626;10/05/2026;11207;Credit Card
17243;12026;30/10/2025;7332;Bank Transfer
17244;9452;22/04/2025;28460;Bank Transfer
17245;7283;18/03/2024;1855;Bank Transfer
17246;3844;21/01/2024;16329;Debit Card
17247;2639;08/10/2023;8841;Online
17248;7151;30/07/2025;7375;Debit Card
17249;16529;17/01/2024;22268;Credit Card
17250;16923;06/10/2024;22061;Debit Card
17251;249;28/12/2024;2253;Debit Card
17252;10087;07/05/2026;7321;Cash
17253;14638;19/05/2024;20910;Online
17254;14613;25/05/2025;21682;Bank Transfer
17255;5291;24/01/2025;10266;Cash
17256;4046;04/05/2026;24513;Debit Card
17257;3135;10/09/2024;14776;Online
17258;18521;21/05/2025;13752;Online
17259;13357;15/09/2023;10805;Online
17260;8953;13/05/2026;22939;Debit Card
17261;6698;23/05/2026;23125;Debit Card
17262;7845;27/03/2025;19505;Cash
17263;6854;18/05/2025;731;Credit Card
17264;16944;26/04/2024;12655;Debit Card
17265;14682;11/12/2025;3677;Debit Card
17266;14841;17/07/2025;17191;Bank Transfer
17267;15614;01/02/2024;20141;Bank Transfer
17268;19012;14/06/2026;3355;Bank Transfer
17269;5303;30/09/2024;29213;Online
17270;17217;24/10/2024;26325;Bank Transfer
17271;3604;23/10/2025;28198;Debit Card
17272;4444;21/08/2026;2207;Online
17273;2658;22/12/2023;19699;Cash
17274;19534;11/04/2026;1020;Credit Card
17275;5894;16/08/2026;27964;Bank Transfer
17276;19004;23/06/2026;17416;Debit Card
17277;2530;06/05/2025;1735;Bank Transfer
17278;14507;03/06/2025;16910;Debit Card
17279;3877;16/01/2025;23235;Bank Transfer
17280;521;08/06/2025;29966;Cash
17281;846;21/03/2025;17300;Bank Transfer
17282;12222;22/03/2026;25062;Bank Transfer
17283;9167;06/01/2025;26328;Online
17284;11134;07/05/2025;22849;Online
17285;17691;15/06/2025;11284;Credit Card
17286;14257;19/11/2024;22884;Credit Card
17287;13915;16/01/2025;10307;Debit Card
17288;8938;05/09/2026;13956;Credit Card
17289;17166;09/09/2026;26995;Bank Transfer
17290;6681;13/09/2024;5571;Credit Card
17291;1259;27/06/2025;11091;Bank Transfer
17292;19544;31/08/2024;25164;Online
17293;10752;25/09/2025;23940;Online
17294;6838;04/02/2026;10405;Credit Card
17295;2033;12/03/2026;16236;Cash
17296;11425;21/04/2025;4765;Credit Card
17297;15418;18/06/2025;20064;Debit Card
17298;14581;07/07/2025;17427;Online
17299;18475;19/04/2025;9619;Bank Transfer
17300;19170;11/10/2025;20019;Cash
17301;19975;24/05/2024;28064;Bank Transfer
17302;12280;02/03/2025;9829;Debit Card
17303;7588;24/07/2024;22172;Bank Transfer
17304;13871;24/10/2023;5192;Cash
17305;4583;14/11/2025;5135;Bank Transfer
17306;2388;09/08/2026;21332;Cash
17307;17375;27/03/2026;6647;Online
17308;7452;27/11/2024;13383;Debit Card
17309;13418;22/04/2024;1220;Credit Card
17310;11952;17/02/2024;1608;Debit Card
17311;4318;15/07/2024;3944;Credit Card
17312;18800;08/09/2024;12891;Debit Card
17313;5893;28/03/2024;7116;Bank Transfer
17314;490;12/07/2024;18625;Debit Card
17315;5649;05/08/2024;22726;Credit Card
17316;4765;05/12/2025;8615;Credit Card
17317;10843;19/12/2025;23042;Online
17318;1496;20/02/2026;27559;Debit Card
17319;8733;27/10/2023;23442;Debit Card
17320;667;23/01/2025;15758;Cash
17321;6914;01/10/2023;9617;Debit Card
17322;14300;23/04/2025;14263;Debit Card
17323;12547;14/02/2026;3143;Cash
17324;10237;13/01/2026;29725;Credit Card
17325;10145;06/02/2024;18167;Bank Transfer
17326;9725;30/01/2024;26167;Debit Card
17327;5484;25/12/2023;15793;Online
17328;4226;02/12/2025;28948;Cash
17329;13370;30/04/2024;29687;Bank Transfer
17330;13451;31/03/2026;16296;Bank Transfer
17331;2428;27/05/2025;27509;Bank Transfer
17332;9071;05/03/2026;2875;Online
17333;7634;23/02/2025;29169;Credit Card
17334;18380;29/12/2023;1299;Online
17335;19225;18/03/2025;8462;Debit Card
17336;9898;07/11/2024;17195;Debit Card
17337;7839;17/01/2025;7183;Cash
17338;14583;05/05/2024;29955;Bank Transfer
17339;17482;04/11/2025;23334;Credit Card
17340;4919;20/06/2025;24775;Cash
17341;15273;25/09/2025;9659;Credit Card
17342;8255;09/12/2025;2772;Bank Transfer
17343;14094;19/04/2024;13280;Debit Card
17344;7148;30/10/2025;10815;Online
17345;2954;29/10/2024;11974;Debit Card
17346;15686;04/11/2025;26118;Debit Card
17347;6117;08/11/2024;6661;Credit Card
17348;5547;28/02/2026;24473;Credit Card
17349;11230;29/09/2024;25086;Bank Transfer
17350;2912;03/02/2024;16696;Credit Card
17351;5056;31/05/2024;1698;Debit Card
17352;12842;28/03/2024;21681;Online
17353;7169;29/10/2025;29322;Credit Card
17354;7321;22/03/2025;16046;Debit Card
17355;12149;19/08/2026;15746;Credit Card
17356;1478;19/08/2025;22174;Credit Card
17357;10057;10/04/2024;29639;Credit Card
17358;1836;31/05/2024;21137;Bank Transfer
17359;19871;20/01/2025;6226;Cash
17360;13942;14/04/2025;21036;Credit Card
17361;186;01/07/2025;19531;Credit Card
17362;11374;11/10/2024;7556;Credit Card
17363;6680;31/05/2026;17557;Debit Card
17364;12491;08/03/2024;28462;Debit Card
17365;9454;30/10/2025;11560;Online
17366;14624;13/07/2024;18507;Cash
17367;16236;17/09/2023;19561;Bank Transfer
17368;2752;17/02/2025;11038;Bank Transfer
17369;8226;14/10/2025;2588;Online
17370;3743;13/08/2025;14829;Debit Card
17371;4132;30/01/2024;20966;Bank Transfer
17372;19326;11/04/2025;10371;Bank Transfer
17373;10815;02/11/2024;10686;Debit Card
17374;18335;12/05/2026;11658;Bank Transfer
17375;6639;27/08/2026;4785;Bank Transfer
17376;7194;11/11/2025;24350;Cash
17377;17337;18/07/2025;28941;Credit Card
17378;8617;14/10/2023;29889;Bank Transfer
17379;14034;24/05/2025;5047;Credit Card
17380;19741;24/09/2025;27485;Bank Transfer
17381;3966;12/02/2025;13598;Bank Transfer
17382;22;29/01/2025;16492;Debit Card
17383;16341;15/03/2024;23098;Cash
17384;13251;30/07/2025;7094;Debit Card
17385;17907;31/08/2025;13769;Bank Transfer
17386;6255;28/02/2026;25003;Cash
17387;4715;02/02/2026;20095;Debit Card
17388;13915;17/04/2026;7695;Cash
17389;1350;29/10/2023;11645;Cash
17390;19045;02/07/2026;29387;Debit Card
17391;135;27/11/2023;18248;Online
17392;12270;15/04/2026;28255;Debit Card
17393;11123;21/07/2026;24112;Credit Card
17394;14012;06/09/2024;9747;Credit Card
17395;9541;31/07/2025;7318;Online
17396;19354;21/03/2024;5317;Online
17397;1720;08/08/2026;8063;Bank Transfer
17398;13679;30/10/2024;14853;Debit Card
17399;2504;20/05/2026;7376;Credit Card
17400;15912;06/01/2024;5725;Debit Card
17401;5557;11/09/2026;20626;Online
17402;19105;17/08/2026;1877;Cash
17403;8153;21/11/2024;9900;Online
17404;17253;12/06/2025;19532;Bank Transfer
17405;4913;10/05/2024;13822;Cash
17406;18622;10/07/2024;25440;Bank Transfer
17407;17163;19/02/2026;18467;Cash
17408;18172;23/10/2024;17764;Online
17409;13123;27/06/2024;24707;Bank Transfer
17410;15481;19/04/2024;7335;Bank Transfer
17411;7551;26/02/2024;8362;Bank Transfer
17412;1647;15/07/2024;22932;Bank Transfer
17413;16639;29/06/2024;24643;Bank Transfer
17414;154;11/10/2025;4781;Credit Card
17415;15371;27/04/2025;21304;Cash
17416;6451;21/05/2026;16532;Online
17417;11208;25/03/2024;9208;Credit Card
17418;2522;27/02/2026;13395;Bank Transfer
17419;18162;25/01/2026;12994;Bank Transfer
17420;5494;03/06/2025;15674;Credit Card
17421;16120;08/08/2026;27444;Bank Transfer
17422;13111;23/02/2024;28145;Online
17423;4838;23/05/2025;15510;Bank Transfer
17424;19963;17/01/2025;28349;Online
17425;12012;06/02/2024;16768;Online
17426;3801;31/03/2025;17322;Credit Card
17427;2012;21/02/2024;14500;Bank Transfer
17428;11670;03/07/2024;2601;Credit Card
17429;528;15/03/2026;19815;Credit Card
17430;6623;08/12/2024;24825;Online
17431;1415;29/06/2025;14680;Credit Card
17432;275;29/05/2026;22552;Credit Card
17433;14007;17/01/2026;23900;Credit Card
17434;16192;06/08/2026;11732;Debit Card
17435;5676;08/06/2024;8737;Debit Card
17436;11910;29/11/2025;26361;Online
17437;7217;17/04/2026;21929;Credit Card
17438;5672;24/09/2024;14855;Credit Card
17439;12285;15/09/2024;666;Bank Transfer
17440;13035;20/08/2024;6316;Debit Card
17441;18795;07/01/2025;6153;Cash
17442;19400;19/10/2025;1619;Cash
17443;7118;12/08/2025;22099;Credit Card
17444;8598;28/11/2024;12508;Debit Card
17445;18832;30/01/2025;8296;Bank Transfer
17446;13319;25/08/2024;28342;Cash
17447;15192;01/06/2026;718;Credit Card
17448;10207;12/11/2024;14833;Cash
17449;9139;19/10/2023;15732;Credit Card
17450;8605;05/07/2025;18950;Cash
17451;19726;23/05/2024;7948;Online
17452;13608;14/12/2025;10808;Cash
17453;16825;27/05/2024;28016;Credit Card
17454;599;15/08/2025;12600;Cash
17455;10951;24/12/2023;3951;Bank Transfer
17456;11713;08/03/2026;7013;Debit Card
17457;13787;10/10/2023;8128;Cash
17458;12237;19/09/2023;9730;Cash
17459;5340;21/12/2023;7513;Credit Card
17460;7129;31/10/2025;18735;Cash
17461;8181;21/08/2025;10449;Debit Card
17462;17823;24/12/2025;25146;Credit Card
17463;2760;10/07/2025;22606;Online
17464;4280;18/07/2024;14404;Online
17465;18352;06/12/2025;6207;Credit Card
17466;698;03/05/2025;21542;Online
17467;14075;07/05/2024;25849;Debit Card
17468;440;24/07/2024;25029;Cash
17469;6971;11/02/2025;28378;Credit Card
17470;11419;24/08/2024;15938;Credit Card
17471;16099;01/12/2024;8413;Credit Card
17472;3465;05/12/2024;4440;Bank Transfer
17473;7841;04/08/2025;15910;Credit Card
17474;13082;12/08/2025;17182;Bank Transfer
17475;9850;09/07/2024;28449;Online
17476;3940;28/09/2024;29783;Bank Transfer
17477;4640;02/06/2025;15824;Credit Card
17478;14124;12/10/2023;23650;Online
17479;6033;15/02/2025;21061;Online
17480;6570;28/10/2024;16698;Online
17481;6014;06/05/2026;12463;Bank Transfer
17482;9509;20/09/2024;1868;Cash
17483;729;29/12/2023;5533;Cash
17484;13705;28/11/2023;16153;Cash
17485;3143;28/12/2023;932;Debit Card
17486;1896;15/12/2023;3510;Bank Transfer
17487;1700;16/11/2025;24551;Debit Card
17488;7872;16/01/2026;9260;Debit Card
17489;2094;03/10/2023;20997;Bank Transfer
17490;16038;09/10/2025;8443;Bank Transfer
17491;9541;21/10/2023;18381;Credit Card
17492;17100;01/08/2024;17232;Credit Card
17493;4787;26/01/2025;3701;Credit Card
17494;2813;06/11/2024;6884;Bank Transfer
17495;667;22/10/2024;24380;Debit Card
17496;5632;23/11/2023;542;Debit Card
17497;15688;17/11/2023;21769;Online
17498;3558;01/07/2025;10962;Credit Card
17499;10042;10/01/2025;28905;Online
17500;3489;07/10/2023;12981;Credit Card
17501;8685;24/01/2025;10821;Cash
17502;14376;20/08/2025;20567;Online
17503;15392;17/12/2023;26967;Bank Transfer
17504;16294;05/03/2024;1261;Credit Card
17505;3138;16/08/2025;2224;Online
17506;18634;02/11/2024;8218;Cash
17507;4856;10/03/2025;17555;Debit Card
17508;5749;29/01/2025;25970;Online
17509;10635;15/03/2026;13426;Debit Card
17510;16122;31/07/2025;16168;Online
17511;6557;15/03/2024;5039;Cash
17512;4193;11/08/2025;2301;Credit Card
17513;9385;19/11/2024;13102;Bank Transfer
17514;7458;16/10/2025;6503;Cash
17515;3350;21/11/2023;556;Bank Transfer
17516;4406;02/10/2025;27369;Cash
17517;273;13/04/2026;2579;Credit Card
17518;1883;24/07/2026;26631;Credit Card
17519;9530;30/05/2024;17988;Bank Transfer
17520;11524;23/09/2025;22379;Bank Transfer
17521;11893;05/01/2026;8087;Bank Transfer
17522;12737;16/03/2026;8691;Online
17523;1923;16/01/2024;9144;Credit Card
17524;8171;01/10/2024;22904;Bank Transfer
17525;6022;09/06/2026;10585;Credit Card
17526;8977;09/05/2024;16518;Bank Transfer
17527;19748;21/05/2026;19992;Cash
17528;4244;31/08/2024;1367;Cash
17529;12074;07/09/2026;26111;Credit Card
17530;9538;30/11/2023;13594;Bank Transfer
17531;13633;29/10/2024;25903;Online
17532;5276;09/11/2023;13727;Online
17533;11346;06/09/2026;14202;Credit Card
17534;3258;23/11/2023;13455;Credit Card
17535;8772;20/01/2025;11497;Online
17536;19445;12/10/2024;17781;Debit Card
17537;3935;11/01/2025;14844;Credit Card
17538;10308;23/07/2024;6567;Credit Card
17539;7242;23/11/2023;29427;Credit Card
17540;19781;04/12/2023;23362;Online
17541;10862;24/02/2026;4287;Bank Transfer
17542;17620;30/03/2025;19047;Online
17543;2461;04/12/2025;4154;Bank Transfer
17544;17647;02/07/2025;12549;Cash
17545;9798;02/10/2024;28249;Credit Card
17546;14689;24/01/2025;1229;Online
17547;17804;13/07/2024;9313;Credit Card
17548;7766;06/12/2025;2700;Cash
17549;6360;15/11/2025;2073;Online
17550;11556;18/07/2026;11336;Online
17551;13614;26/01/2025;25868;Cash
17552;10480;23/07/2026;11160;Online
17553;12647;02/09/2025;9034;Debit Card
17554;7844;18/06/2025;17368;Cash
17555;16013;21/04/2026;11657;Credit Card
17556;7032;17/09/2023;14929;Credit Card
17557;6794;03/07/2025;17845;Credit Card
17558;2105;26/07/2025;15424;Credit Card
17559;19284;31/03/2024;3397;Bank Transfer
17560;13809;13/03/2026;21819;Credit Card
17561;148;21/01/2025;29441;Credit Card
17562;1203;12/04/2026;17177;Cash
17563;14492;23/07/2026;14057;Bank Transfer
17564;8398;27/11/2025;18323;Bank Transfer
17565;2030;23/07/2024;15738;Credit Card
17566;4704;23/05/2026;26228;Cash
17567;18149;06/08/2024;24911;Debit Card
17568;2147;27/10/2024;958;Credit Card
17569;13240;11/06/2025;2230;Cash
17570;4914;24/12/2023;2279;Debit Card
17571;16420;16/07/2026;20474;Cash
17572;18214;29/07/2024;4428;Cash
17573;12698;16/02/2025;12250;Cash
17574;17092;26/09/2024;12457;Debit Card
17575;19742;02/11/2024;9171;Bank Transfer
17576;10641;12/04/2025;14766;Credit Card
17577;1905;06/04/2026;15600;Credit Card
17578;17369;19/09/2025;19958;Credit Card
17579;6607;11/08/2026;18813;Debit Card
17580;4558;22/01/2024;7643;Cash
17581;6188;15/03/2024;15824;Online
17582;5476;07/03/2024;13299;Bank Transfer
17583;16928;15/01/2026;3104;Debit Card
17584;5080;08/10/2023;14473;Bank Transfer
17585;5254;14/02/2026;4951;Cash
17586;15428;25/11/2025;23730;Online
17587;3815;19/09/2024;24194;Bank Transfer
17588;2673;19/11/2025;12152;Bank Transfer
17589;5753;21/04/2025;16632;Cash
17590;18096;13/10/2023;21465;Online
17591;19594;25/01/2026;17936;Credit Card
17592;12804;24/05/2026;2993;Cash
17593;13224;16/11/2025;27820;Cash
17594;1753;01/06/2025;2952;Credit Card
17595;7202;12/03/2024;24104;Cash
17596;14123;08/11/2025;18146;Cash
17597;4086;21/01/2026;13892;Debit Card
17598;11360;22/02/2024;2683;Bank Transfer
17599;17106;13/10/2023;12847;Cash
17600;10156;05/10/2024;15986;Debit Card
17601;6957;05/01/2024;14872;Credit Card
17602;1499;20/10/2023;962;Online
17603;17540;03/06/2026;7518;Online
17604;6208;20/01/2024;3950;Bank Transfer
17605;12507;30/06/2025;20671;Cash
17606;8755;06/06/2026;6379;Bank Transfer
17607;614;01/08/2024;1885;Online
17608;11069;18/01/2025;20299;Online
17609;17573;05/04/2025;23953;Online
17610;19487;13/05/2026;7083;Debit Card
17611;6715;14/06/2025;8042;Credit Card
17612;6151;10/05/2025;26906;Cash
17613;6910;19/07/2026;28701;Debit Card
17614;6525;10/06/2024;19929;Credit Card
17615;10507;18/06/2026;12153;Bank Transfer
17616;5764;13/09/2025;26551;Credit Card
17617;19980;10/04/2024;13097;Online
17618;1053;17/09/2025;27994;Online
17619;6622;06/07/2024;18575;Online
17620;2187;28/10/2024;29906;Cash
17621;4391;26/05/2026;29149;Credit Card
17622;5708;03/12/2023;26443;Online
17623;17054;15/07/2025;17804;Credit Card
17624;17028;30/03/2026;9739;Bank Transfer
17625;12170;06/10/2024;8264;Cash
17626;13220;11/08/2025;13536;Credit Card
17627;5278;13/12/2025;17599;Online
17628;1467;03/01/2024;28600;Credit Card
17629;3200;04/05/2026;8887;Cash
17630;17896;14/04/2026;24654;Bank Transfer
17631;17260;28/12/2025;14877;Bank Transfer
17632;1633;20/07/2024;12620;Bank Transfer
17633;13091;16/06/2026;11317;Bank Transfer
17634;3565;01/02/2024;15483;Bank Transfer
17635;19950;14/09/2023;23099;Online
17636;15084;11/10/2023;24203;Debit Card
17637;9333;12/05/2024;5477;Online
17638;13330;27/08/2026;24145;Online
17639;10316;03/03/2024;20737;Cash
17640;19535;07/05/2025;21621;Bank Transfer
17641;12136;02/11/2024;8574;Debit Card
17642;16212;24/11/2025;9937;Cash
17643;17194;11/01/2024;2755;Bank Transfer
17644;1426;10/06/2026;8871;Bank Transfer
17645;15247;29/11/2024;18871;Debit Card
17646;3347;17/09/2023;26497;Bank Transfer
17647;4716;04/11/2024;5822;Bank Transfer
17648;11930;04/02/2024;27980;Cash
17649;12221;27/06/2024;25046;Bank Transfer
17650;5443;13/07/2024;24577;Debit Card
17651;17790;04/01/2024;17537;Debit Card
17652;12557;18/03/2025;3140;Bank Transfer
17653;12083;30/07/2024;13348;Debit Card
17654;16318;28/01/2025;24002;Online
17655;7319;02/02/2025;511;Debit Card
17656;18463;05/11/2023;6405;Credit Card
17657;8406;29/10/2024;29535;Credit Card
17658;1894;10/05/2024;1140;Bank Transfer
17659;8164;14/02/2025;21037;Credit Card
17660;11510;15/10/2024;22993;Bank Transfer
17661;2362;20/10/2024;1727;Debit Card
17662;16745;22/01/2024;4708;Cash
17663;13042;04/06/2024;23918;Debit Card
17664;15152;30/09/2025;7781;Debit Card
17665;6696;24/11/2024;15018;Bank Transfer
17666;6573;04/05/2026;13254;Online
17667;15170;11/08/2026;5324;Credit Card
17668;1566;27/02/2026;25336;Online
17669;16276;06/07/2026;23202;Bank Transfer
17670;7461;18/09/2024;8111;Cash
17671;3763;07/08/2024;4710;Debit Card
17672;9895;27/07/2025;11567;Debit Card
17673;7105;19/04/2024;27348;Cash
17674;4438;01/09/2026;25114;Bank Transfer
17675;19187;24/09/2024;23767;Debit Card
17676;2091;03/04/2024;1061;Debit Card
17677;18927;05/02/2025;9254;Credit Card
17678;13296;08/08/2025;5164;Online
17679;5776;06/10/2025;28825;Credit Card
17680;6170;19/09/2024;4078;Bank Transfer
17681;16095;05/05/2024;8730;Credit Card
17682;1746;22/12/2025;29502;Cash
17683;17528;07/11/2023;8964;Online
17684;17102;16/03/2024;18382;Bank Transfer
17685;6026;28/06/2025;11559;Bank Transfer
17686;19605;29/10/2025;9537;Debit Card
17687;1001;08/04/2025;6722;Bank Transfer
17688;16844;17/12/2025;3468;Debit Card
17689;16655;19/07/2026;931;Online
17690;3717;02/02/2024;3381;Bank Transfer
17691;7654;31/05/2025;10359;Cash
17692;7389;02/06/2024;9091;Cash
17693;17070;29/12/2025;4119;Cash
17694;2022;10/04/2025;14004;Credit Card
17695;16602;27/12/2023;7853;Bank Transfer
17696;8247;24/04/2024;5418;Credit Card
17697;12992;03/03/2026;9447;Credit Card
17698;14754;24/06/2025;7842;Cash
17699;13205;20/01/2026;25032;Bank Transfer
17700;6897;10/04/2024;8286;Debit Card
17701;17470;25/02/2024;25837;Bank Transfer
17702;4426;28/01/2026;10945;Cash
17703;17580;19/07/2026;1186;Bank Transfer
17704;1182;04/03/2025;22483;Bank Transfer
17705;9476;27/10/2024;27846;Online
17706;716;30/01/2024;25911;Bank Transfer
17707;3994;11/07/2026;26763;Online
17708;9976;23/09/2024;11422;Bank Transfer
17709;19052;02/08/2024;12635;Credit Card
17710;11158;18/03/2024;19655;Cash
17711;6241;04/06/2026;29463;Debit Card
17712;2642;15/07/2025;16372;Credit Card
17713;15283;30/06/2024;19867;Credit Card
17714;1059;28/01/2026;15033;Bank Transfer
17715;9642;29/07/2026;10275;Debit Card
17716;13167;01/04/2025;3328;Online
17717;11372;13/07/2026;14325;Online
17718;8610;18/12/2024;9178;Online
17719;14981;16/09/2025;29818;Debit Card
17720;9037;20/05/2025;25397;Debit Card
17721;14919;17/01/2024;27689;Debit Card
17722;13042;23/02/2025;6753;Debit Card
17723;18631;06/11/2023;11431;Debit Card
17724;8569;01/03/2026;24230;Cash
17725;837;06/08/2024;11540;Cash
17726;11843;16/10/2025;24039;Credit Card
17727;3779;26/10/2025;25762;Cash
17728;7993;28/01/2025;10179;Bank Transfer
17729;5037;19/06/2026;10749;Credit Card
17730;18926;24/08/2025;29879;Cash
17731;65;16/09/2023;2886;Bank Transfer
17732;14828;01/09/2026;19006;Bank Transfer
17733;12133;30/11/2023;27942;Credit Card
17734;16273;20/05/2025;21329;Credit Card
17735;18226;29/05/2026;805;Cash
17736;17866;07/09/2026;23235;Bank Transfer
17737;3628;16/10/2024;28935;Credit Card
17738;17652;02/06/2025;29809;Online
17739;19369;25/09/2024;17808;Online
17740;2516;25/10/2023;18658;Online
17741;1807;05/11/2025;22852;Online
17742;16624;08/01/2024;15345;Credit Card
17743;16759;12/08/2026;16768;Bank Transfer
17744;53;23/10/2024;18170;Bank Transfer
17745;16405;16/11/2025;1745;Debit Card
17746;813;16/10/2025;23361;Cash
17747;6849;25/10/2023;25438;Credit Card
17748;7850;05/01/2024;24519;Online
17749;8989;09/09/2025;26370;Debit Card
17750;1361;17/03/2025;8191;Debit Card
17751;481;20/05/2025;6753;Credit Card
17752;2307;25/09/2025;2862;Debit Card
17753;14133;11/04/2026;1484;Credit Card
17754;3693;27/01/2024;8530;Debit Card
17755;19741;25/03/2024;9762;Debit Card
17756;13069;01/08/2024;27095;Debit Card
17757;10972;07/10/2025;14467;Online
17758;4191;08/12/2024;18766;Credit Card
17759;9747;07/07/2026;14232;Credit Card
17760;17429;19/03/2024;3924;Credit Card
17761;12402;06/05/2026;19047;Cash
17762;17438;12/03/2026;28095;Bank Transfer
17763;3150;18/08/2024;1654;Credit Card
17764;15848;15/02/2026;14160;Credit Card
17765;11499;22/09/2025;15405;Credit Card
17766;13366;20/11/2025;16872;Credit Card
17767;7866;11/09/2025;27272;Credit Card
17768;3281;01/04/2024;26298;Online
17769;14839;06/05/2026;16391;Online
17770;5626;03/08/2025;1514;Credit Card
17771;1982;14/12/2023;13294;Debit Card
17772;6476;27/12/2024;6233;Credit Card
17773;948;23/10/2024;28125;Debit Card
17774;14920;05/12/2024;11610;Credit Card
17775;1316;04/03/2025;27114;Credit Card
17776;17144;14/05/2025;18744;Credit Card
17777;2059;05/08/2024;14343;Cash
17778;17973;21/04/2024;1088;Credit Card
17779;12776;05/02/2024;22168;Credit Card
17780;12929;06/10/2023;27615;Online
17781;8714;15/11/2023;774;Credit Card
17782;10890;09/06/2025;3691;Cash
17783;17061;23/10/2023;6249;Cash
17784;7727;03/01/2025;13821;Online
17785;9529;21/10/2023;28537;Cash
17786;18593;26/09/2024;5568;Credit Card
17787;14031;17/01/2025;27302;Online
17788;9691;29/09/2023;20886;Cash
17789;5426;23/09/2024;28419;Cash
17790;1399;20/04/2024;602;Debit Card
17791;11667;25/04/2024;24277;Online
17792;7353;24/07/2026;3863;Cash
17793;2537;25/01/2026;27777;Credit Card
17794;16684;02/11/2025;22348;Debit Card
17795;16099;25/07/2026;14784;Cash
17796;13357;24/10/2024;23378;Credit Card
17797;15098;17/08/2024;1149;Credit Card
17798;12066;18/08/2026;18290;Credit Card
17799;19513;25/10/2023;14966;Online
17800;6838;10/07/2025;14091;Cash
17801;5618;03/08/2024;12650;Debit Card
17802;18282;30/08/2025;20780;Credit Card
17803;6693;07/05/2026;16188;Debit Card
17804;4496;27/05/2024;4938;Cash
17805;6940;30/05/2025;14173;Credit Card
17806;3604;12/12/2024;9003;Cash
17807;5010;30/10/2025;558;Cash
17808;6846;09/08/2024;23397;Bank Transfer
17809;4914;13/04/2025;23477;Cash
17810;15819;01/07/2026;3319;Cash
17811;17091;25/05/2026;21668;Debit Card
17812;9014;08/11/2024;13900;Bank Transfer
17813;12806;29/03/2026;15210;Credit Card
17814;5768;25/12/2024;21072;Debit Card
17815;7071;19/06/2025;5147;Cash
17816;14787;19/12/2023;18939;Credit Card
17817;10346;19/06/2026;3552;Debit Card
17818;13246;21/04/2026;6449;Credit Card
17819;13348;18/01/2024;20127;Debit Card
17820;435;21/07/2025;1820;Credit Card
17821;9265;08/11/2023;20548;Bank Transfer
17822;5093;16/08/2024;13826;Online
17823;5273;14/07/2025;19123;Credit Card
17824;8174;17/09/2025;8286;Cash
17825;3356;12/06/2024;16382;Credit Card
17826;5318;12/09/2024;14518;Debit Card
17827;18075;13/02/2026;22072;Online
17828;10953;24/02/2025;4677;Credit Card
17829;8143;29/09/2025;746;Bank Transfer
17830;19306;14/03/2024;4045;Cash
17831;4180;26/09/2023;21849;Debit Card
17832;9708;24/12/2025;7150;Online
17833;15657;17/04/2024;28115;Cash
17834;18304;12/07/2025;22743;Debit Card
17835;17444;20/11/2023;16837;Credit Card
17836;7733;19/03/2025;16196;Online
17837;11941;12/09/2024;24767;Cash
17838;12378;22/03/2026;21702;Bank Transfer
17839;16063;10/08/2024;1016;Bank Transfer
17840;5817;07/08/2025;23221;Credit Card
17841;14548;01/02/2025;26765;Cash
17842;16238;02/07/2025;20205;Cash
17843;13757;09/10/2023;12966;Cash
17844;15322;29/12/2025;17797;Debit Card
17845;12706;19/11/2023;22334;Credit Card
17846;3015;21/12/2025;10255;Bank Transfer
17847;19735;10/03/2024;6121;Cash
17848;7058;09/01/2025;9658;Debit Card
17849;12792;22/02/2024;1733;Bank Transfer
17850;9176;18/07/2026;21781;Online
17851;679;31/01/2025;11014;Cash
17852;12236;18/06/2025;5187;Debit Card
17853;4011;07/04/2024;18881;Cash
17854;6528;19/12/2023;14743;Debit Card
17855;5506;14/10/2025;11520;Online
17856;16578;09/09/2025;27706;Online
17857;17073;13/09/2024;13402;Credit Card
17858;17154;27/08/2026;15709;Online
17859;10354;28/08/2026;5292;Online
17860;8494;11/11/2023;14499;Online
17861;5475;30/10/2023;14325;Cash
17862;17694;17/03/2026;16213;Online
17863;3862;16/05/2026;9131;Credit Card
17864;17381;02/09/2024;16480;Debit Card
17865;13570;16/08/2024;17132;Cash
17866;2614;12/08/2026;6009;Bank Transfer
17867;12048;28/09/2024;13943;Bank Transfer
17868;10036;07/02/2026;20614;Debit Card
17869;1409;25/03/2024;2303;Bank Transfer
17870;18310;30/09/2023;22128;Cash
17871;13315;13/08/2026;13273;Cash
17872;13831;23/11/2025;23256;Online
17873;9663;31/10/2023;11171;Bank Transfer
17874;4932;03/10/2023;6750;Bank Transfer
17875;18931;10/04/2024;1051;Bank Transfer
17876;6447;12/07/2026;22739;Cash
17877;3094;23/10/2024;2937;Online
17878;18167;21/12/2025;26173;Online
17879;13991;05/04/2025;16565;Credit Card
17880;1406;05/08/2026;11830;Credit Card
17881;13596;09/02/2026;29415;Cash
17882;9182;16/09/2023;25293;Credit Card
17883;3165;12/09/2024;6101;Bank Transfer
17884;2838;06/10/2024;3293;Online
17885;15608;21/02/2026;664;Online
17886;18136;04/02/2024;29013;Credit Card
17887;6956;18/02/2026;29955;Debit Card
17888;19259;12/11/2024;8024;Debit Card
17889;2079;24/10/2025;17628;Debit Card
17890;11353;31/07/2025;16821;Bank Transfer
17891;15904;04/06/2026;7486;Cash
17892;6704;27/08/2026;19354;Cash
17893;5469;21/08/2026;25008;Debit Card
17894;14741;26/02/2024;19390;Credit Card
17895;3370;28/04/2024;6367;Cash
17896;1123;28/12/2025;28172;Online
17897;19593;07/01/2026;12721;Online
17898;12441;05/07/2025;12555;Bank Transfer
17899;15783;26/08/2025;17899;Bank Transfer
17900;11435;12/09/2026;11576;Credit Card
17901;11463;09/02/2025;1693;Cash
17902;17046;04/10/2024;25410;Debit Card
17903;16640;14/04/2026;14784;Credit Card
17904;18989;11/08/2024;26514;Online
17905;7331;17/12/2025;14115;Online
17906;19835;27/05/2024;15506;Online
17907;14062;04/06/2026;27154;Bank Transfer
17908;4989;07/10/2025;6829;Cash
17909;8832;13/01/2026;1763;Cash
17910;31;15/01/2025;28196;Bank Transfer
17911;12498;12/07/2025;12848;Cash
17912;4788;12/07/2026;25882;Bank Transfer
17913;9900;13/07/2026;12877;Credit Card
17914;14336;17/05/2026;9020;Bank Transfer
17915;5081;10/12/2024;6533;Bank Transfer
17916;12884;12/02/2024;4094;Debit Card
17917;13480;03/11/2024;27351;Credit Card
17918;10048;05/03/2024;4749;Credit Card
17919;13081;29/10/2025;1792;Online
17920;19872;11/12/2023;3917;Online
17921;19114;17/10/2024;21246;Debit Card
17922;17026;08/09/2025;17341;Cash
17923;7580;04/10/2023;19237;Online
17924;2716;06/09/2026;21596;Online
17925;10273;03/09/2025;20881;Online
17926;14462;04/04/2025;20683;Online
17927;15379;09/05/2024;22374;Bank Transfer
17928;15123;26/02/2026;20857;Online
17929;18489;30/12/2024;18338;Debit Card
17930;15847;21/09/2024;8437;Debit Card
17931;17097;08/05/2025;27809;Bank Transfer
17932;5116;11/04/2024;18652;Bank Transfer
17933;14933;01/02/2024;24327;Bank Transfer
17934;1595;11/03/2024;24938;Debit Card
17935;12657;16/06/2024;17998;Credit Card
17936;10101;29/07/2026;18758;Bank Transfer
17937;16759;14/07/2024;22695;Cash
17938;3621;09/07/2026;24490;Online
17939;3590;14/03/2026;6984;Credit Card
17940;11565;17/10/2023;8352;Bank Transfer
17941;11277;17/11/2023;10171;Bank Transfer
17942;7859;28/08/2025;15344;Debit Card
17943;3991;27/08/2025;19353;Online
17944;16809;07/12/2024;18848;Bank Transfer
17945;763;05/11/2023;28679;Credit Card
17946;13048;22/09/2025;19858;Credit Card
17947;5641;04/09/2025;19160;Credit Card
17948;10736;04/11/2025;25379;Credit Card
17949;12364;10/11/2023;21158;Debit Card
17950;16222;24/01/2025;29717;Credit Card
17951;9707;10/04/2026;27488;Bank Transfer
17952;901;09/08/2026;16407;Cash
17953;19694;14/02/2026;22831;Credit Card
17954;14651;29/07/2025;23235;Credit Card
17955;14660;18/10/2024;14746;Online
17956;18975;10/12/2024;1747;Cash
17957;2556;28/09/2024;2608;Online
17958;4154;09/12/2023;5737;Credit Card
17959;12307;10/07/2026;15691;Credit Card
17960;19604;16/04/2024;4056;Online
17961;11192;05/12/2025;8976;Online
17962;18656;28/08/2025;22784;Credit Card
17963;11024;07/09/2026;14355;Cash
17964;14969;15/09/2025;25499;Debit Card
17965;17961;21/11/2024;19427;Cash
17966;16189;17/02/2026;28373;Credit Card
17967;12855;23/05/2024;3502;Online
17968;8634;03/09/2025;15858;Debit Card
17969;18595;31/03/2024;689;Cash
17970;2822;08/03/2026;25069;Online
17971;11730;05/03/2024;3878;Cash
17972;3119;20/02/2026;10398;Online
17973;2151;27/07/2026;17144;Credit Card
17974;658;10/09/2026;27686;Cash
17975;11915;30/01/2024;8458;Bank Transfer
17976;4713;19/04/2024;16623;Bank Transfer
17977;6551;17/08/2024;4479;Debit Card
17978;1849;17/10/2023;11458;Cash
17979;6166;08/08/2025;9774;Debit Card
17980;6626;18/11/2024;24510;Online
17981;14529;07/10/2023;25537;Credit Card
17982;14168;28/08/2024;2967;Bank Transfer
17983;941;24/10/2023;3618;Credit Card
17984;3208;05/08/2024;25146;Online
17985;617;08/07/2024;8680;Online
17986;10428;15/05/2024;29329;Online
17987;16934;16/05/2024;16692;Online
17988;17736;26/06/2025;20135;Online
17989;5406;26/12/2025;6998;Online
17990;17247;10/03/2024;23380;Debit Card
17991;10668;30/07/2024;11006;Cash
17992;3108;08/01/2026;27382;Cash
17993;4575;10/04/2026;9409;Cash
17994;12964;10/03/2026;2228;Bank Transfer
17995;12438;11/08/2024;1512;Bank Transfer
17996;16218;27/02/2025;23013;Cash
17997;15169;22/04/2024;18465;Cash
17998;9231;05/01/2025;24909;Online
17999;7502;03/03/2026;7663;Debit Card
18000;3959;01/12/2023;14702;Credit Card
18001;9744;01/06/2026;17725;Debit Card
18002;11516;10/06/2024;6469;Bank Transfer
18003;11042;11/01/2025;11238;Bank Transfer
18004;1052;24/04/2025;27034;Debit Card
18005;15027;03/10/2024;14395;Debit Card
18006;14795;28/09/2025;1249;Debit Card
18007;12968;18/12/2023;19523;Online
18008;2346;05/08/2025;16522;Bank Transfer
18009;2459;15/11/2024;20743;Bank Transfer
18010;19272;15/08/2026;1884;Credit Card
18011;1636;12/06/2026;24806;Debit Card
18012;19576;22/12/2023;4127;Bank Transfer
18013;16224;07/04/2025;13749;Bank Transfer
18014;15054;23/08/2025;28515;Bank Transfer
18015;13585;08/03/2026;8943;Credit Card
18016;3746;21/10/2024;26364;Online
18017;17156;30/01/2025;19461;Bank Transfer
18018;8054;26/04/2024;22812;Debit Card
18019;5653;07/09/2026;29576;Credit Card
18020;11634;08/02/2025;3094;Debit Card
18021;12622;07/11/2025;13244;Cash
18022;19945;29/02/2024;1525;Debit Card
18023;11376;27/09/2024;14758;Credit Card
18024;14927;31/03/2024;18017;Cash
18025;5668;05/04/2025;4156;Credit Card
18026;4168;10/07/2026;16934;Cash
18027;16330;05/10/2023;14606;Bank Transfer
18028;11106;16/10/2025;3159;Credit Card
18029;15901;25/03/2025;12206;Cash
18030;936;06/09/2026;11419;Online
18031;2099;15/07/2025;1439;Bank Transfer
18032;17437;01/02/2024;7270;Credit Card
18033;17572;05/04/2024;26509;Cash
18034;18834;22/04/2025;7736;Online
18035;3531;10/04/2025;13787;Online
18036;9180;17/09/2025;24812;Debit Card
18037;1486;27/05/2025;23362;Credit Card
18038;5966;10/08/2025;11554;Credit Card
18039;2894;09/09/2024;28028;Debit Card
18040;16799;10/11/2024;28809;Online
18041;8294;24/09/2025;20560;Bank Transfer
18042;2204;05/04/2026;17874;Debit Card
18043;8964;20/01/2026;25297;Cash
18044;4327;21/01/2026;12590;Cash
18045;3924;04/08/2024;23255;Cash
18046;13254;05/07/2024;29930;Credit Card
18047;15706;29/06/2026;4290;Cash
18048;11776;24/03/2026;5916;Debit Card
18049;19289;22/06/2024;6542;Bank Transfer
18050;13145;30/10/2025;5885;Cash
18051;14048;03/09/2024;3425;Bank Transfer
18052;10066;10/02/2026;29177;Debit Card
18053;2102;14/09/2023;1671;Debit Card
18054;10653;02/11/2025;25149;Cash
18055;13025;08/09/2025;3143;Credit Card
18056;10632;13/04/2026;13684;Debit Card
18057;15303;21/06/2026;4056;Debit Card
18058;17550;25/03/2024;11300;Online
18059;14343;20/09/2023;18937;Bank Transfer
18060;12822;22/07/2025;13342;Online
18061;17020;11/08/2026;18053;Bank Transfer
18062;1098;18/05/2024;17062;Cash
18063;10897;16/01/2025;12307;Credit Card
18064;16944;10/10/2023;17716;Debit Card
18065;6048;20/06/2026;22189;Bank Transfer
18066;17673;04/04/2024;16330;Credit Card
18067;10137;22/01/2026;16578;Debit Card
18068;13052;16/03/2026;9622;Cash
18069;4551;09/06/2024;26041;Online
18070;1534;04/12/2025;6439;Cash
18071;14834;03/04/2025;7436;Debit Card
18072;2228;12/08/2025;29050;Credit Card
18073;11229;26/07/2026;29662;Cash
18074;1093;30/10/2023;6656;Online
18075;7717;07/05/2026;15680;Debit Card
18076;2368;19/01/2026;19278;Debit Card
18077;17574;28/06/2025;903;Cash
18078;10805;30/11/2023;23257;Online
18079;19787;09/11/2024;14303;Cash
18080;5890;18/11/2024;9148;Bank Transfer
18081;15276;10/10/2025;14595;Bank Transfer
18082;7861;30/01/2025;10673;Bank Transfer
18083;18133;19/03/2024;7977;Cash
18084;8667;20/01/2024;11750;Cash
18085;4859;12/06/2024;1697;Bank Transfer
18086;6339;16/05/2026;29781;Cash
18087;16154;11/03/2026;21511;Bank Transfer
18088;3467;08/12/2023;24077;Debit Card
18089;18113;02/11/2024;16586;Online
18090;17250;20/10/2025;24164;Online
18091;13388;07/10/2024;9095;Bank Transfer
18092;14535;13/03/2026;3992;Online
18093;9072;01/08/2026;14933;Online
18094;9553;24/09/2025;20761;Debit Card
18095;390;19/01/2025;16945;Cash
18096;5452;19/08/2025;22377;Debit Card
18097;12920;14/07/2026;14416;Debit Card
18098;2438;26/12/2023;25376;Cash
18099;11816;14/09/2024;22004;Credit Card
18100;9115;07/08/2024;13077;Online
18101;16126;27/12/2024;4887;Credit Card
18102;17132;02/01/2024;23665;Cash
18103;1117;20/12/2025;2032;Cash
18104;10064;26/08/2025;10517;Debit Card
18105;13180;14/06/2024;16992;Bank Transfer
18106;11507;28/05/2024;8533;Bank Transfer
18107;51;21/06/2024;8300;Bank Transfer
18108;6333;21/03/2026;8569;Online
18109;6266;24/02/2026;11568;Credit Card
18110;1025;02/07/2025;22951;Online
18111;179;10/02/2026;21376;Cash
18112;5467;01/02/2024;23779;Cash
18113;13920;21/06/2025;7019;Cash
18114;10461;13/07/2025;7301;Online
18115;9249;26/01/2026;13944;Credit Card
18116;15041;13/07/2026;3029;Bank Transfer
18117;4192;25/02/2026;11934;Bank Transfer
18118;3560;27/05/2026;12548;Debit Card
18119;4947;24/02/2026;3632;Credit Card
18120;15296;31/03/2026;1680;Online
18121;7843;07/06/2024;6363;Credit Card
18122;3862;20/08/2024;1592;Credit Card
18123;15919;30/05/2026;20972;Online
18124;17276;17/07/2026;19617;Debit Card
18125;4678;22/10/2023;13605;Cash
18126;1229;07/02/2026;29531;Online
18127;17184;07/06/2024;29628;Credit Card
18128;4353;18/05/2024;3352;Credit Card
18129;278;07/10/2023;29899;Bank Transfer
18130;7965;25/06/2025;15967;Credit Card
18131;9920;03/07/2024;23449;Credit Card
18132;15401;14/11/2023;14853;Cash
18133;16767;26/03/2024;24471;Online
18134;6024;03/06/2025;6006;Bank Transfer
18135;18118;20/10/2024;14163;Bank Transfer
18136;6969;21/03/2025;2916;Bank Transfer
18137;16676;30/10/2024;5661;Bank Transfer
18138;3640;15/01/2026;11093;Credit Card
18139;1119;20/02/2026;10262;Debit Card
18140;3015;07/10/2024;27403;Bank Transfer
18141;16700;26/07/2025;23833;Cash
18142;10969;27/10/2025;22052;Credit Card
18143;9941;04/02/2026;8194;Credit Card
18144;10413;19/04/2024;19006;Online
18145;8012;07/12/2023;19647;Debit Card
18146;14676;18/06/2025;20880;Cash
18147;2649;08/05/2026;16959;Online
18148;4605;05/11/2025;7494;Debit Card
18149;18407;29/12/2024;6282;Credit Card
18150;3423;26/04/2025;18312;Cash
18151;5995;06/07/2026;11276;Debit Card
18152;19518;04/01/2025;7313;Debit Card
18153;12414;23/06/2024;22648;Online
18154;15114;05/12/2025;15482;Bank Transfer
18155;5219;03/04/2025;5401;Bank Transfer
18156;7584;26/11/2024;3881;Online
18157;14891;07/01/2025;21720;Credit Card
18158;12359;27/10/2024;6483;Bank Transfer
18159;19927;25/02/2025;6390;Bank Transfer
18160;9862;23/12/2024;9629;Debit Card
18161;10700;07/04/2024;16291;Credit Card
18162;6244;19/10/2023;22662;Cash
18163;14119;13/07/2024;28625;Online
18164;12256;04/07/2026;18004;Debit Card
18165;3873;03/11/2024;16146;Cash
18166;12901;03/07/2024;4639;Bank Transfer
18167;5497;27/09/2024;12153;Debit Card
18168;1002;21/07/2025;13146;Credit Card
18169;6847;12/11/2023;28877;Online
18170;5202;26/01/2025;6381;Bank Transfer
18171;19170;08/07/2024;13561;Cash
18172;13749;28/06/2024;4922;Cash
18173;11056;19/11/2024;7103;Credit Card
18174;7893;21/11/2024;8048;Online
18175;1106;20/12/2024;10528;Cash
18176;3310;15/01/2025;6311;Cash
18177;13243;29/08/2026;27682;Credit Card
18178;8212;15/07/2025;29547;Debit Card
18179;19639;28/02/2026;25956;Debit Card
18180;2309;26/10/2025;7094;Credit Card
18181;13908;08/09/2024;2570;Credit Card
18182;10962;12/04/2025;5023;Credit Card
18183;3360;08/08/2025;27626;Online
18184;10819;17/04/2025;19915;Online
18185;1372;06/08/2026;17120;Debit Card
18186;14967;04/05/2026;1131;Credit Card
18187;8776;14/12/2023;25789;Online
18188;10620;01/10/2024;8383;Bank Transfer
18189;18655;05/11/2023;4345;Debit Card
18190;14488;11/03/2024;12018;Credit Card
18191;9427;19/08/2026;9946;Online
18192;18672;23/03/2024;10158;Bank Transfer
18193;6121;13/02/2025;23106;Online
18194;9306;10/10/2023;7527;Credit Card
18195;1197;27/11/2025;22696;Bank Transfer
18196;12430;19/04/2026;13113;Debit Card
18197;6702;21/05/2026;28120;Credit Card
18198;8721;14/08/2025;6680;Cash
18199;11514;12/08/2024;22556;Online
18200;1963;19/10/2025;28382;Debit Card
18201;3691;02/12/2025;2227;Credit Card
18202;3569;20/11/2023;3346;Credit Card
18203;451;23/07/2025;14573;Online
18204;18237;13/09/2024;17181;Bank Transfer
18205;8205;09/07/2025;22474;Bank Transfer
18206;19983;31/05/2024;29675;Bank Transfer
18207;19746;23/03/2026;19494;Bank Transfer
18208;4827;29/06/2026;14598;Online
18209;17737;12/02/2026;4061;Cash
18210;14126;05/11/2024;14625;Online
18211;11914;05/06/2024;3976;Bank Transfer
18212;18417;01/07/2025;22084;Cash
18213;1963;21/07/2026;7608;Credit Card
18214;10823;13/04/2025;8710;Bank Transfer
18215;2488;20/10/2023;27802;Credit Card
18216;8798;20/04/2024;23215;Online
18217;610;12/09/2024;7099;Bank Transfer
18218;10986;10/07/2025;29924;Credit Card
18219;4791;05/05/2025;26812;Credit Card
18220;1343;30/11/2023;17715;Bank Transfer
18221;6960;29/07/2024;10412;Online
18222;5334;16/12/2023;25502;Credit Card
18223;11378;12/07/2024;18169;Online
18224;3840;01/10/2023;12562;Debit Card
18225;6164;07/10/2023;18309;Debit Card
18226;3776;16/11/2024;5035;Credit Card
18227;5039;05/07/2024;11981;Credit Card
18228;10;18/12/2024;7921;Debit Card
18229;12486;13/12/2024;27734;Credit Card
18230;10009;24/07/2025;1062;Debit Card
18231;3943;22/09/2023;20609;Bank Transfer
18232;8402;12/09/2024;8522;Online
18233;41;11/08/2026;21699;Debit Card
18234;5704;02/05/2024;4627;Debit Card
18235;17474;26/12/2023;24610;Online
18236;19073;13/01/2025;12706;Bank Transfer
18237;14906;26/07/2026;29229;Cash
18238;12880;20/07/2025;6163;Debit Card
18239;14477;15/10/2023;22871;Bank Transfer
18240;6500;04/08/2024;5519;Online
18241;11414;09/02/2026;13161;Online
18242;11560;11/11/2025;14664;Debit Card
18243;16189;05/01/2024;10043;Online
18244;2261;15/08/2026;25797;Bank Transfer
18245;6180;25/03/2025;22453;Debit Card
18246;3616;10/02/2024;8921;Bank Transfer
18247;16135;08/07/2025;1141;Online
18248;9110;30/01/2026;5532;Cash
18249;1926;16/04/2025;29995;Debit Card
18250;3102;04/03/2026;18023;Credit Card
18251;13248;13/11/2024;2092;Bank Transfer
18252;546;04/10/2023;25573;Debit Card
18253;10147;27/08/2025;6219;Debit Card
18254;651;27/09/2024;28229;Online
18255;843;31/08/2026;8021;Debit Card
18256;16602;18/04/2026;4173;Debit Card
18257;5344;09/01/2026;3810;Bank Transfer
18258;4197;10/06/2026;18619;Cash
18259;18412;04/01/2025;2567;Online
18260;14499;30/03/2025;14244;Cash
18261;18003;29/10/2025;21133;Bank Transfer
18262;8495;11/07/2026;13111;Bank Transfer
18263;5232;19/08/2026;3606;Debit Card
18264;13057;18/03/2025;24097;Cash
18265;11074;15/11/2024;6782;Bank Transfer
18266;7241;17/02/2025;1294;Bank Transfer
18267;1936;09/03/2024;22446;Debit Card
18268;4870;10/11/2023;17598;Bank Transfer
18269;1354;20/08/2025;9771;Cash
18270;8980;15/11/2024;7945;Cash
18271;3363;21/10/2024;27715;Cash
18272;12890;05/08/2024;2753;Debit Card
18273;11948;13/01/2024;3550;Cash
18274;11882;17/05/2026;1023;Bank Transfer
18275;2012;11/10/2025;24464;Online
18276;8001;20/10/2025;1290;Credit Card
18277;123;12/08/2025;15868;Debit Card
18278;16821;18/12/2025;9127;Bank Transfer
18279;3265;02/02/2026;29127;Debit Card
18280;13902;29/03/2024;16238;Debit Card
18281;12271;07/06/2024;11395;Bank Transfer
18282;10966;17/02/2026;4786;Cash
18283;13617;06/10/2024;7761;Debit Card
18284;3718;29/01/2025;26479;Cash
18285;12974;21/11/2023;22507;Bank Transfer
18286;16828;03/03/2025;2110;Cash
18287;18572;03/12/2025;14414;Credit Card
18288;12892;23/06/2025;19834;Online
18289;2228;20/11/2025;16192;Online
18290;1544;01/04/2026;9352;Cash
18291;3699;26/12/2025;6173;Debit Card
18292;11892;05/07/2026;23980;Credit Card
18293;8570;09/10/2024;4268;Cash
18294;14233;06/05/2026;24383;Debit Card
18295;9677;24/03/2025;3836;Cash
18296;1144;03/11/2023;3252;Bank Transfer
18297;9355;20/06/2024;21795;Bank Transfer
18298;15860;01/10/2024;16391;Cash
18299;6110;16/08/2026;3863;Cash
18300;9229;03/08/2024;26701;Cash
18301;18693;28/07/2025;10290;Debit Card
18302;6024;24/02/2026;26216;Credit Card
18303;7130;03/10/2023;11169;Debit Card
18304;7070;08/04/2025;5794;Bank Transfer
18305;1474;28/07/2026;23354;Debit Card
18306;6860;05/05/2026;8973;Debit Card
18307;10744;19/05/2024;6825;Cash
18308;10212;31/08/2024;6644;Bank Transfer
18309;15225;31/05/2025;24917;Cash
18310;1326;10/07/2025;12201;Credit Card
18311;6407;18/09/2025;27520;Bank Transfer
18312;4255;03/06/2026;27475;Bank Transfer
18313;14441;11/07/2024;11891;Bank Transfer
18314;1041;11/11/2025;26699;Debit Card
18315;19190;23/07/2024;4968;Credit Card
18316;8912;06/08/2024;20513;Cash
18317;19309;10/06/2025;18699;Online
18318;1037;29/11/2025;29841;Online
18319;14077;13/08/2026;1454;Debit Card
18320;16743;18/05/2025;17984;Debit Card
18321;2995;24/08/2024;26495;Bank Transfer
18322;12659;04/02/2026;12204;Bank Transfer
18323;5647;15/11/2024;18861;Debit Card
18324;6834;03/09/2024;3545;Bank Transfer
18325;12702;19/11/2025;28065;Cash
18326;5047;22/09/2023;29047;Credit Card
18327;19586;14/07/2025;20244;Online
18328;11829;07/11/2025;4427;Debit Card
18329;10348;04/08/2026;2482;Credit Card
18330;13270;07/11/2024;21080;Online
18331;13324;21/07/2024;16086;Online
18332;9691;30/01/2025;2184;Credit Card
18333;5090;30/10/2024;19188;Cash
18334;6833;27/05/2026;22125;Debit Card
18335;2380;11/01/2025;523;Cash
18336;17485;31/03/2024;25992;Cash
18337;10522;20/07/2026;26236;Debit Card
18338;9190;11/02/2024;23680;Cash
18339;10473;03/01/2025;28587;Credit Card
18340;3830;29/06/2026;15009;Online
18341;2211;23/06/2025;28793;Online
18342;4410;04/08/2026;2660;Online
18343;10698;04/04/2026;18135;Cash
18344;11103;06/09/2025;20909;Cash
18345;17511;30/08/2026;517;Cash
18346;15293;30/10/2024;1759;Online
18347;4710;14/04/2025;8794;Debit Card
18348;3715;20/07/2024;2479;Cash
18349;2923;17/02/2026;2293;Credit Card
18350;8368;16/04/2024;8701;Online
18351;19274;03/06/2024;11580;Online
18352;16231;14/02/2024;29889;Bank Transfer
18353;9032;16/12/2023;619;Bank Transfer
18354;7856;21/08/2025;9327;Cash
18355;14092;17/11/2024;12763;Online
18356;14373;12/11/2024;24685;Online
18357;19971;23/09/2023;13824;Bank Transfer
18358;12685;26/12/2025;15044;Bank Transfer
18359;12316;05/11/2023;9711;Online
18360;5386;22/10/2025;12592;Debit Card
18361;3508;27/06/2024;24791;Credit Card
18362;17290;14/10/2023;22934;Bank Transfer
18363;10286;10/11/2024;25892;Online
18364;2135;05/03/2026;21737;Bank Transfer
18365;4335;12/05/2026;20268;Credit Card
18366;13196;08/06/2024;12694;Debit Card
18367;5876;12/07/2025;25679;Bank Transfer
18368;1845;24/05/2024;3244;Bank Transfer
18369;4246;22/08/2026;3092;Cash
18370;8281;10/02/2025;24920;Debit Card
18371;19937;09/01/2025;5832;Cash
18372;935;13/02/2024;14066;Debit Card
18373;19296;01/08/2026;25934;Cash
18374;12576;04/07/2024;23907;Cash
18375;19829;17/10/2024;5155;Online
18376;6818;30/01/2024;27616;Credit Card
18377;6231;07/02/2026;26059;Bank Transfer
18378;11953;07/01/2025;19232;Debit Card
18379;19284;03/06/2026;9112;Online
18380;6410;16/08/2024;22261;Debit Card
18381;10748;01/09/2025;19884;Credit Card
18382;343;30/03/2025;9081;Credit Card
18383;4406;29/08/2026;29901;Online
18384;10303;03/05/2026;23532;Bank Transfer
18385;19432;15/11/2024;28715;Credit Card
18386;5358;10/07/2026;24251;Credit Card
18387;16267;19/01/2024;1860;Bank Transfer
18388;10533;23/04/2024;521;Online
18389;15817;16/03/2025;5519;Credit Card
18390;16963;10/09/2026;18753;Cash
18391;2318;23/07/2024;20131;Bank Transfer
18392;10269;23/12/2024;1496;Debit Card
18393;354;03/08/2026;2266;Online
18394;11603;24/04/2025;1027;Credit Card
18395;3096;14/09/2024;20562;Bank Transfer
18396;13317;18/10/2024;9989;Debit Card
18397;10383;27/04/2026;10457;Online
18398;6052;06/10/2024;21637;Bank Transfer
18399;19631;29/11/2024;28493;Credit Card
18400;1090;28/04/2025;10092;Bank Transfer
18401;5751;08/01/2024;3521;Debit Card
18402;1156;19/01/2025;23196;Online
18403;15266;30/09/2023;13515;Online
18404;18401;15/06/2025;25968;Debit Card
18405;8394;12/01/2025;18045;Online
18406;14834;10/04/2025;28118;Debit Card
18407;13555;13/02/2025;28902;Cash
18408;6694;14/08/2026;14383;Cash
18409;15493;27/06/2026;15855;Cash
18410;9689;28/08/2024;23924;Debit Card
18411;18356;29/05/2026;2926;Credit Card
18412;13409;10/03/2025;25889;Bank Transfer
18413;3920;17/03/2026;4755;Credit Card
18414;11917;07/12/2023;4133;Debit Card
18415;14530;12/10/2023;17306;Bank Transfer
18416;9418;10/11/2024;3555;Credit Card
18417;700;13/10/2025;16649;Credit Card
18418;18484;27/01/2025;3029;Debit Card
18419;16792;21/01/2026;15733;Bank Transfer
18420;19512;10/03/2025;16327;Cash
18421;18548;13/11/2023;29199;Debit Card
18422;1597;21/03/2025;22600;Bank Transfer
18423;67;12/06/2026;19936;Credit Card
18424;15512;10/02/2024;27825;Cash
18425;18636;10/02/2025;6578;Bank Transfer
18426;19460;25/11/2025;12650;Online
18427;18694;14/07/2025;17546;Online
18428;13392;13/05/2025;3290;Online
18429;17753;12/09/2025;12570;Online
18430;14180;19/04/2026;10339;Credit Card
18431;480;28/05/2025;15363;Bank Transfer
18432;1334;16/11/2023;549;Bank Transfer
18433;1280;08/07/2026;15693;Online
18434;10074;31/05/2026;1718;Cash
18435;4861;04/01/2024;19726;Cash
18436;7603;23/03/2025;17024;Online
18437;8242;29/04/2026;14163;Cash
18438;14258;04/04/2024;14731;Online
18439;7141;10/10/2025;26023;Bank Transfer
18440;15993;16/09/2025;25634;Credit Card
18441;12074;24/03/2024;15984;Debit Card
18442;3877;24/09/2023;20148;Credit Card
18443;7626;02/04/2024;5818;Cash
18444;8632;04/05/2024;17572;Credit Card
18445;145;31/07/2024;17686;Credit Card
18446;623;30/10/2024;15873;Credit Card
18447;2620;21/03/2026;21158;Online
18448;15515;24/04/2024;4082;Bank Transfer
18449;15234;18/12/2023;29367;Credit Card
18450;18451;03/06/2026;20816;Credit Card
18451;6400;20/07/2024;12317;Online
18452;5813;10/06/2025;15729;Online
18453;4164;21/01/2024;6952;Debit Card
18454;13296;11/10/2023;23205;Bank Transfer
18455;13113;15/02/2025;29893;Cash
18456;19257;16/06/2024;12200;Debit Card
18457;6614;15/07/2024;14057;Bank Transfer
18458;3181;11/11/2025;1057;Bank Transfer
18459;4014;25/01/2026;27680;Debit Card
18460;11700;25/12/2023;14411;Cash
18461;9902;14/04/2026;18163;Debit Card
18462;2381;11/11/2024;4899;Credit Card
18463;10223;22/02/2025;26815;Bank Transfer
18464;6473;17/06/2024;2678;Online
18465;3443;11/10/2024;16516;Credit Card
18466;2408;04/12/2024;12539;Debit Card
18467;7742;15/05/2026;24826;Online
18468;19747;02/05/2024;18541;Credit Card
18469;18077;02/12/2025;20008;Credit Card
18470;15900;20/01/2025;16087;Credit Card
18471;19781;12/09/2025;5538;Bank Transfer
18472;10167;09/09/2024;2026;Credit Card
18473;12846;18/02/2026;12937;Credit Card
18474;18627;01/10/2025;2597;Cash
18475;16017;21/06/2025;29668;Debit Card
18476;18203;11/04/2025;23101;Debit Card
18477;14097;15/04/2026;7318;Credit Card
18478;4599;09/10/2024;15726;Debit Card
18479;4722;14/12/2023;11727;Bank Transfer
18480;14737;27/09/2025;701;Online
18481;11860;03/01/2025;27478;Credit Card
18482;9905;10/11/2024;23566;Bank Transfer
18483;14724;15/01/2025;6136;Cash
18484;13443;20/07/2025;29996;Credit Card
18485;11332;06/02/2025;25137;Cash
18486;16262;07/04/2025;29172;Cash
18487;10186;04/01/2025;8476;Bank Transfer
18488;5500;26/08/2026;7637;Credit Card
18489;13779;04/11/2023;20825;Online
18490;7256;24/10/2024;12613;Cash
18491;5786;02/08/2026;13052;Cash
18492;204;10/05/2026;3143;Credit Card
18493;9151;18/03/2026;20326;Credit Card
18494;4788;18/03/2025;17035;Credit Card
18495;8085;21/11/2024;6453;Credit Card
18496;18478;29/11/2025;26699;Credit Card
18497;4244;18/11/2023;26024;Credit Card
18498;9624;11/02/2025;15856;Credit Card
18499;4193;23/07/2024;25129;Credit Card
18500;5902;22/02/2024;20252;Credit Card
18501;3353;28/12/2025;14471;Online
18502;3492;17/07/2025;28335;Online
18503;9691;27/08/2026;22987;Bank Transfer
18504;1745;05/06/2024;18548;Bank Transfer
18505;19067;25/09/2024;19241;Cash
18506;16376;17/08/2026;13494;Credit Card
18507;12955;15/08/2025;19592;Debit Card
18508;8180;05/01/2024;15902;Online
18509;11136;02/02/2024;11322;Cash
18510;17668;08/05/2024;8130;Online
18511;11436;24/06/2025;11953;Cash
18512;5161;27/02/2025;18599;Cash
18513;13310;04/08/2024;14800;Debit Card
18514;3006;25/11/2024;24198;Bank Transfer
18515;5389;06/02/2024;25959;Bank Transfer
18516;7124;14/09/2025;5304;Credit Card
18517;7638;08/01/2025;4146;Credit Card
18518;14077;30/01/2026;18865;Credit Card
18519;12770;09/05/2024;23146;Bank Transfer
18520;16177;29/12/2023;7467;Cash
18521;8483;05/05/2026;5186;Online
18522;12476;18/03/2026;19930;Credit Card
18523;19329;30/01/2026;8408;Cash
18524;14023;21/11/2024;919;Cash
18525;5874;31/07/2026;25058;Bank Transfer
18526;7415;22/07/2024;10555;Online
18527;2721;16/06/2025;12272;Online
18528;11938;13/09/2024;17674;Online
18529;3769;19/02/2025;20353;Online
18530;19030;11/05/2024;27794;Credit Card
18531;3217;14/10/2024;23856;Debit Card
18532;4647;26/08/2026;12411;Credit Card
18533;72;20/01/2026;16423;Bank Transfer
18534;1439;12/05/2025;12832;Cash
18535;587;14/11/2023;6617;Online
18536;6443;17/01/2024;20885;Credit Card
18537;19733;15/11/2024;11894;Cash
18538;3381;23/07/2024;20592;Credit Card
18539;2932;24/01/2025;29226;Bank Transfer
18540;11097;13/06/2025;2919;Credit Card
18541;17596;28/02/2026;17679;Cash
18542;14834;10/07/2025;22039;Cash
18543;968;11/07/2026;11379;Online
18544;5653;12/11/2024;25210;Debit Card
18545;12189;24/05/2026;14106;Credit Card
18546;18689;10/12/2023;6855;Bank Transfer
18547;7043;30/06/2025;28925;Bank Transfer
18548;14532;07/06/2025;27495;Bank Transfer
18549;8789;17/06/2024;1702;Cash
18550;11098;02/12/2025;18479;Credit Card
18551;11822;22/01/2025;6920;Bank Transfer
18552;19408;26/09/2023;18681;Online
18553;3655;10/05/2026;3607;Cash
18554;1110;08/04/2026;24676;Cash
18555;11047;29/01/2024;14372;Online
18556;901;21/10/2025;16446;Debit Card
18557;1075;04/01/2024;10344;Credit Card
18558;7162;16/12/2025;5933;Debit Card
18559;10119;13/06/2024;9818;Credit Card
18560;12129;25/09/2024;11230;Cash
18561;4258;11/08/2026;24242;Debit Card
18562;11347;24/05/2026;15136;Online
18563;12156;18/06/2026;18567;Online
18564;16814;10/11/2024;2556;Debit Card
18565;18534;14/11/2024;17507;Online
18566;10285;31/12/2025;26005;Online
18567;14450;18/08/2025;16995;Credit Card
18568;14216;15/09/2023;10846;Debit Card
18569;10940;25/03/2025;21725;Bank Transfer
18570;6870;15/06/2025;25381;Bank Transfer
18571;19348;19/07/2026;27819;Bank Transfer
18572;11134;28/11/2025;20021;Credit Card
18573;16105;06/07/2024;8154;Bank Transfer
18574;15654;19/04/2024;29534;Bank Transfer
18575;5601;01/08/2024;15930;Bank Transfer
18576;17442;14/11/2023;11506;Online
18577;2204;13/01/2026;8158;Bank Transfer
18578;18292;19/05/2024;12184;Cash
18579;14850;13/05/2026;9243;Credit Card
18580;15610;27/10/2024;2431;Credit Card
18581;4771;19/08/2026;1333;Debit Card
18582;8429;04/09/2024;21888;Debit Card
18583;19831;17/10/2023;1048;Cash
18584;18134;07/05/2025;20582;Online
18585;4879;19/06/2024;9097;Debit Card
18586;2352;20/09/2024;13915;Debit Card
18587;5234;13/04/2025;13393;Bank Transfer
18588;10118;20/11/2024;19007;Debit Card
18589;3493;14/03/2024;17702;Cash
18590;6797;08/11/2023;10200;Debit Card
18591;4668;07/10/2025;28924;Bank Transfer
18592;442;06/11/2023;26705;Bank Transfer
18593;15692;30/06/2025;24953;Credit Card
18594;5632;13/02/2025;17591;Credit Card
18595;4274;11/03/2024;8481;Bank Transfer
18596;6005;30/01/2025;23352;Debit Card
18597;12198;27/06/2025;8414;Debit Card
18598;12368;20/08/2025;22681;Debit Card
18599;11929;12/12/2025;27604;Cash
18600;1815;23/04/2026;8990;Cash
18601;18969;18/08/2024;16092;Debit Card
18602;13558;09/08/2025;17494;Debit Card
18603;6539;16/11/2025;5984;Bank Transfer
18604;3848;06/07/2024;19928;Cash
18605;1646;08/01/2025;10386;Credit Card
18606;5646;12/05/2025;15644;Online
18607;6879;10/01/2025;22206;Online
18608;10326;25/09/2024;6623;Online
18609;8196;03/11/2023;27743;Debit Card
18610;13268;18/01/2025;11246;Online
18611;1068;21/08/2024;1228;Cash
18612;3833;14/04/2025;25977;Online
18613;5396;13/11/2024;19875;Bank Transfer
18614;9337;16/03/2025;17199;Cash
18615;16416;17/09/2023;6878;Online
18616;6005;15/01/2024;5220;Online
18617;11537;21/12/2025;2048;Cash
18618;17587;26/04/2026;5465;Debit Card
18619;8762;07/04/2024;9483;Online
18620;11640;26/04/2024;25557;Credit Card
18621;11721;26/01/2026;6995;Debit Card
18622;13770;29/09/2023;6690;Debit Card
18623;5649;12/04/2025;8835;Bank Transfer
18624;14461;30/05/2025;20509;Online
18625;12749;05/11/2024;11969;Debit Card
18626;2082;07/07/2026;21384;Credit Card
18627;15389;06/02/2026;11082;Bank Transfer
18628;1845;05/06/2026;5571;Online
18629;3709;13/08/2026;5581;Cash
18630;16294;15/10/2025;2071;Cash
18631;12411;04/02/2024;2952;Debit Card
18632;17611;06/05/2026;25002;Credit Card
18633;3653;07/06/2026;20566;Bank Transfer
18634;8551;07/08/2025;735;Cash
18635;13505;13/10/2025;27440;Credit Card
18636;15425;24/10/2024;29435;Online
18637;392;31/01/2026;9493;Bank Transfer
18638;9634;22/02/2025;18472;Bank Transfer
18639;2845;04/04/2024;27931;Debit Card
18640;8951;10/07/2025;15657;Bank Transfer
18641;727;02/12/2025;14192;Bank Transfer
18642;14492;20/11/2025;18580;Debit Card
18643;6804;26/02/2024;19019;Cash
18644;17653;27/02/2024;1900;Bank Transfer
18645;6519;25/03/2024;1995;Cash
18646;10721;16/12/2023;3508;Online
18647;3085;04/07/2026;16981;Credit Card
18648;15018;13/06/2026;3691;Online
18649;19630;22/08/2025;7966;Bank Transfer
18650;5522;22/08/2025;15649;Online
18651;13812;03/01/2026;19683;Credit Card
18652;11808;10/06/2025;14161;Credit Card
18653;1873;22/07/2025;2470;Online
18654;2240;22/01/2024;1810;Online
18655;10643;25/10/2024;3342;Bank Transfer
18656;12594;27/06/2026;7751;Credit Card
18657;14515;26/12/2024;25640;Credit Card
18658;5660;17/12/2023;15594;Debit Card
18659;8315;20/03/2025;17706;Online
18660;3789;26/04/2024;19034;Bank Transfer
18661;18586;22/02/2025;22863;Bank Transfer
18662;9672;01/05/2026;27343;Credit Card
18663;5359;13/05/2024;23907;Cash
18664;14610;15/06/2024;1590;Bank Transfer
18665;4486;15/03/2026;17590;Cash
18666;18750;10/12/2025;2153;Cash
18667;5753;21/10/2025;3144;Credit Card
18668;15421;25/02/2024;17050;Bank Transfer
18669;3055;02/08/2026;11458;Credit Card
18670;12088;31/10/2025;26021;Credit Card
18671;51;21/04/2025;20467;Bank Transfer
18672;16182;12/12/2023;8978;Bank Transfer
18673;13253;27/11/2025;2685;Debit Card
18674;10060;26/01/2026;28626;Cash
18675;16581;21/11/2025;7942;Bank Transfer
18676;3794;15/06/2025;29729;Online
18677;3581;11/05/2025;1008;Online
18678;3570;12/10/2023;26053;Online
18679;3776;07/10/2023;29048;Cash
18680;2414;25/01/2026;21637;Debit Card
18681;15343;24/04/2026;4346;Online
18682;13436;25/03/2025;15338;Credit Card
18683;16011;03/11/2025;23749;Bank Transfer
18684;361;26/12/2025;1512;Bank Transfer
18685;6431;09/10/2024;9597;Debit Card
18686;8616;14/01/2026;26499;Debit Card
18687;9210;03/12/2023;25141;Credit Card
18688;5393;08/01/2024;18891;Bank Transfer
18689;18465;20/03/2024;3680;Debit Card
18690;3597;27/03/2026;27202;Debit Card
18691;19640;31/10/2023;10973;Cash
18692;6930;16/05/2024;13503;Bank Transfer
18693;6130;10/10/2025;29209;Online
18694;5665;14/07/2024;2357;Debit Card
18695;13792;02/02/2024;635;Credit Card
18696;1765;28/01/2026;11578;Debit Card
18697;3425;03/01/2026;23775;Cash
18698;2262;20/03/2024;24487;Online
18699;4005;14/02/2024;2902;Credit Card
18700;16797;19/05/2024;13307;Cash
18701;2576;25/11/2024;2653;Debit Card
18702;19432;05/09/2026;12048;Cash
18703;14067;21/05/2024;16278;Credit Card
18704;1822;07/06/2024;7955;Credit Card
18705;5817;14/12/2023;9201;Cash
18706;16702;02/12/2024;3973;Cash
18707;5827;09/12/2024;16270;Bank Transfer
18708;12843;17/07/2026;27622;Debit Card
18709;19895;19/06/2025;6722;Cash
18710;7537;27/04/2024;1753;Online
18711;2890;25/04/2025;26154;Debit Card
18712;6079;12/06/2025;11964;Bank Transfer
18713;15717;07/05/2026;15382;Credit Card
18714;10498;11/07/2026;16357;Debit Card
18715;9265;26/08/2025;12375;Online
18716;6035;06/10/2024;6831;Cash
18717;6502;26/09/2023;28584;Debit Card
18718;330;24/12/2024;27734;Credit Card
18719;3096;11/05/2024;5606;Online
18720;18486;27/05/2026;23442;Debit Card
18721;12973;08/06/2026;16870;Online
18722;14338;23/08/2026;19126;Credit Card
18723;6997;03/02/2025;29241;Credit Card
18724;659;22/01/2024;13396;Online
18725;14117;30/04/2024;18073;Debit Card
18726;4705;23/02/2024;15464;Credit Card
18727;14819;27/11/2025;11083;Debit Card
18728;17367;23/05/2024;25604;Bank Transfer
18729;2213;02/06/2025;22188;Bank Transfer
18730;5181;02/11/2023;4713;Cash
18731;5696;23/09/2023;23036;Credit Card
18732;2173;10/05/2024;21015;Cash
18733;17252;22/10/2023;20362;Credit Card
18734;2278;19/06/2026;3627;Cash
18735;6297;12/09/2026;2442;Cash
18736;6622;31/05/2025;28295;Bank Transfer
18737;16263;31/01/2024;24315;Credit Card
18738;13905;04/09/2024;4824;Debit Card
18739;7518;11/05/2025;549;Bank Transfer
18740;3588;03/12/2025;6823;Credit Card
18741;82;18/08/2025;21064;Online
18742;705;22/02/2024;23236;Cash
18743;4717;15/10/2024;20058;Cash
18744;9546;01/08/2024;8743;Online
18745;6021;22/05/2025;15672;Online
18746;8492;31/10/2024;25883;Debit Card
18747;1033;18/04/2026;4063;Cash
18748;2597;28/04/2026;8758;Bank Transfer
18749;14712;04/10/2023;24281;Online
18750;7771;15/03/2025;18310;Online
18751;10609;03/04/2025;20333;Cash
18752;6594;22/06/2025;14339;Cash
18753;12390;07/05/2026;14804;Bank Transfer
18754;3753;22/08/2025;27590;Credit Card
18755;18132;20/03/2026;27774;Credit Card
18756;3642;18/02/2025;13984;Credit Card
18757;2914;18/11/2025;8782;Credit Card
18758;7244;21/05/2025;20657;Debit Card
18759;19457;09/09/2025;17390;Online
18760;13266;24/12/2025;25122;Online
18761;544;08/01/2025;1076;Online
18762;10034;19/10/2024;15004;Online
18763;17172;03/03/2025;24199;Cash
18764;7374;25/06/2026;2994;Online
18765;4305;02/05/2025;4695;Credit Card
18766;9035;18/07/2026;18476;Credit Card
18767;19889;07/11/2025;12841;Credit Card
18768;17525;19/11/2024;23585;Bank Transfer
18769;4135;09/08/2025;3401;Cash
18770;6930;31/01/2024;23770;Online
18771;698;16/11/2024;9354;Debit Card
18772;5194;17/12/2024;12127;Cash
18773;14063;03/08/2024;28448;Online
18774;3609;24/07/2025;12808;Cash
18775;3541;31/07/2025;18078;Online
18776;17890;26/09/2025;26116;Credit Card
18777;17018;12/11/2024;23059;Debit Card
18778;7224;10/08/2024;14298;Cash
18779;18704;07/03/2026;25320;Cash
18780;8916;28/12/2025;23021;Cash
18781;6612;10/02/2026;3223;Debit Card
18782;3001;25/11/2025;9131;Bank Transfer
18783;3545;08/06/2025;3336;Cash
18784;6734;17/08/2024;4620;Online
18785;6036;23/07/2026;15221;Online
18786;17650;12/12/2023;20899;Cash
18787;6817;30/05/2026;22425;Online
18788;15427;03/06/2026;7796;Credit Card
18789;4365;10/08/2025;11016;Online
18790;10745;08/09/2026;20123;Online
18791;11675;17/10/2024;29939;Bank Transfer
18792;15937;29/06/2024;9975;Credit Card
18793;10765;21/07/2025;17283;Online
18794;4690;19/05/2024;10049;Cash
18795;14413;29/08/2026;19224;Cash
18796;7722;27/06/2024;8271;Bank Transfer
18797;10204;11/06/2024;18742;Bank Transfer
18798;8309;14/11/2023;16148;Credit Card
18799;9066;16/01/2024;17583;Debit Card
18800;8834;08/02/2025;23376;Credit Card
18801;15827;06/03/2025;5308;Cash
18802;17285;10/07/2026;10880;Bank Transfer
18803;2105;20/09/2024;9916;Credit Card
18804;702;21/06/2025;15335;Cash
18805;7520;17/03/2024;11286;Credit Card
18806;7223;15/09/2024;13518;Online
18807;583;23/01/2025;17027;Cash
18808;949;08/09/2026;24162;Cash
18809;9196;22/09/2024;1477;Bank Transfer
18810;17031;27/09/2024;12878;Bank Transfer
18811;18807;23/10/2023;20588;Bank Transfer
18812;2810;14/12/2023;11467;Cash
18813;12948;30/05/2025;14028;Online
18814;18650;12/01/2026;25662;Credit Card
18815;5588;31/12/2025;2278;Online
18816;7005;15/07/2026;4567;Credit Card
18817;2853;28/08/2025;23462;Cash
18818;5085;20/11/2025;13463;Credit Card
18819;6505;31/07/2024;26361;Bank Transfer
18820;1619;31/03/2026;11323;Credit Card
18821;8941;12/09/2024;23564;Cash
18822;7914;05/08/2026;26726;Debit Card
18823;16745;07/05/2026;2874;Debit Card
18824;9717;11/01/2026;29670;Online
18825;1498;13/03/2024;26351;Bank Transfer
18826;11285;15/01/2025;13934;Cash
18827;12628;09/01/2025;4346;Credit Card
18828;12231;18/10/2024;9929;Debit Card
18829;8941;13/08/2025;11175;Online
18830;2616;05/09/2025;18624;Debit Card
18831;4953;03/06/2026;27014;Credit Card
18832;3436;23/08/2024;9098;Online
18833;17018;26/12/2023;14271;Bank Transfer
18834;15001;30/09/2024;4071;Cash
18835;17855;17/10/2023;9118;Online
18836;10043;29/07/2024;11093;Credit Card
18837;15043;23/11/2025;25676;Debit Card
18838;5733;19/11/2024;16484;Bank Transfer
18839;2780;14/07/2024;24013;Credit Card
18840;7380;08/10/2023;10845;Credit Card
18841;2680;04/01/2026;18316;Online
18842;1599;17/07/2024;29087;Debit Card
18843;10016;12/08/2026;1060;Cash
18844;13849;21/07/2026;3330;Credit Card
18845;11021;03/06/2025;21130;Debit Card
18846;5424;02/08/2025;3652;Bank Transfer
18847;4315;01/01/2025;9935;Cash
18848;19911;16/01/2025;6388;Cash
18849;732;22/01/2024;4879;Credit Card
18850;1873;29/12/2024;25354;Bank Transfer
18851;18398;23/08/2024;15388;Debit Card
18852;4364;28/03/2024;28792;Bank Transfer
18853;772;17/02/2025;25347;Cash
18854;17719;11/06/2026;24660;Cash
18855;12951;15/12/2023;16922;Debit Card
18856;7077;12/11/2023;6324;Credit Card
18857;11400;01/03/2025;26413;Bank Transfer
18858;6787;28/08/2026;23791;Bank Transfer
18859;9704;26/04/2024;25220;Cash
18860;14155;25/11/2025;3911;Credit Card
18861;4298;02/06/2026;27231;Bank Transfer
18862;17913;15/07/2026;2878;Cash
18863;962;11/04/2025;18630;Debit Card
18864;17380;19/01/2025;12261;Credit Card
18865;11160;20/03/2025;1160;Online
18866;3213;02/06/2026;12799;Credit Card
18867;13364;13/08/2024;2611;Debit Card
18868;18659;01/10/2025;4311;Bank Transfer
18869;9601;26/09/2025;12710;Credit Card
18870;6824;01/12/2024;17618;Bank Transfer
18871;17382;12/05/2025;19740;Cash
18872;4240;09/01/2024;15929;Bank Transfer
18873;7759;27/11/2024;8350;Online
18874;6344;11/04/2026;22671;Credit Card
18875;17300;25/03/2024;24298;Cash
18876;15268;24/11/2023;22551;Cash
18877;17349;30/12/2023;23226;Cash
18878;6558;02/08/2025;26970;Debit Card
18879;1512;23/01/2026;24216;Bank Transfer
18880;7244;15/02/2025;12132;Online
18881;14648;09/10/2025;28095;Debit Card
18882;9076;27/09/2024;7229;Debit Card
18883;8995;12/05/2026;17035;Cash
18884;1046;04/11/2024;25368;Bank Transfer
18885;8104;02/06/2026;15973;Online
18886;6903;29/06/2026;4461;Cash
18887;19024;20/06/2024;22503;Credit Card
18888;9568;05/10/2023;18165;Online
18889;16437;09/12/2023;7771;Cash
18890;3782;11/12/2025;18252;Debit Card
18891;1920;25/07/2026;26409;Credit Card
18892;9740;01/07/2025;28893;Credit Card
18893;3507;05/10/2023;17822;Cash
18894;7952;02/12/2025;21576;Bank Transfer
18895;690;07/06/2024;5706;Cash
18896;2624;01/12/2025;25403;Credit Card
18897;6238;25/08/2026;19310;Online
18898;16968;27/08/2025;15191;Credit Card
18899;4294;12/04/2024;24320;Debit Card
18900;16413;18/10/2025;27762;Debit Card
18901;11580;15/01/2026;13155;Online
18902;3862;01/01/2026;15074;Credit Card
18903;19445;04/02/2024;29436;Credit Card
18904;15865;05/09/2025;9523;Credit Card
18905;8272;02/02/2026;7864;Bank Transfer
18906;2257;17/08/2026;4258;Debit Card
18907;102;27/02/2024;23405;Bank Transfer
18908;5208;17/02/2026;21813;Cash
18909;572;27/03/2024;1623;Cash
18910;12300;15/02/2026;5452;Cash
18911;63;11/01/2026;24460;Cash
18912;2664;23/04/2025;13124;Debit Card
18913;17235;27/12/2025;13738;Credit Card
18914;18121;15/08/2026;4380;Cash
18915;6358;12/08/2024;14931;Bank Transfer
18916;19493;03/10/2023;14410;Online
18917;2639;13/08/2024;28712;Cash
18918;15411;21/04/2026;25848;Cash
18919;16479;19/07/2024;10372;Debit Card
18920;2489;07/07/2024;6631;Online
18921;14492;13/02/2025;26814;Cash
18922;16090;18/11/2025;6865;Credit Card
18923;6950;19/01/2024;21125;Online
18924;2820;18/10/2023;14224;Online
18925;15665;24/04/2025;16577;Cash
18926;9538;25/01/2026;11674;Online
18927;7719;04/10/2023;24724;Cash
18928;10827;02/07/2025;5669;Credit Card
18929;6874;04/08/2026;21873;Cash
18930;2117;24/02/2024;20540;Credit Card
18931;13985;31/10/2025;12870;Credit Card
18932;15038;14/05/2026;16987;Online
18933;10174;13/06/2026;25553;Online
18934;15529;31/08/2026;14340;Debit Card
18935;3381;22/08/2025;5251;Online
18936;1641;04/07/2024;19101;Cash
18937;5937;16/02/2026;6605;Credit Card
18938;375;27/04/2026;28352;Cash
18939;9308;08/05/2025;9078;Cash
18940;19879;23/12/2023;2291;Credit Card
18941;11673;31/07/2024;18298;Online
18942;10587;03/05/2026;11483;Bank Transfer
18943;1384;23/01/2026;15921;Debit Card
18944;1317;28/05/2025;5062;Credit Card
18945;17005;18/05/2026;26883;Bank Transfer
18946;19435;22/01/2024;8561;Cash
18947;11493;03/02/2024;12437;Bank Transfer
18948;725;27/09/2023;19367;Cash
18949;10301;26/01/2025;912;Credit Card
18950;12655;11/03/2026;3756;Credit Card
18951;15949;24/06/2024;23375;Bank Transfer
18952;6157;15/10/2023;19059;Debit Card
18953;9557;09/03/2025;4484;Cash
18954;12942;07/07/2024;5160;Cash
18955;12205;11/04/2026;28377;Online
18956;5552;08/04/2026;11928;Credit Card
18957;1569;13/03/2024;22893;Bank Transfer
18958;12445;08/10/2024;15142;Cash
18959;11359;07/01/2024;21157;Cash
18960;4567;06/05/2025;14086;Bank Transfer
18961;12700;18/05/2024;2136;Debit Card
18962;7501;10/05/2024;4370;Debit Card
18963;1397;17/04/2026;4016;Bank Transfer
18964;7110;08/11/2025;10704;Bank Transfer
18965;18495;16/10/2024;13738;Online
18966;7845;01/02/2024;28090;Debit Card
18967;3173;14/10/2025;4309;Credit Card
18968;17405;11/05/2024;26167;Online
18969;15227;07/01/2026;19722;Debit Card
18970;8379;26/01/2024;7326;Debit Card
18971;12211;15/11/2025;16058;Cash
18972;5768;27/01/2024;26992;Bank Transfer
18973;10291;26/01/2025;22353;Bank Transfer
18974;16751;19/04/2025;4171;Online
18975;16473;07/07/2025;14480;Cash
18976;9897;11/04/2026;28269;Online
18977;1257;03/02/2024;22703;Online
18978;8784;21/02/2026;4189;Cash
18979;14795;22/08/2025;25926;Debit Card
18980;19515;23/11/2025;23833;Cash
18981;19177;09/03/2026;16811;Debit Card
18982;16100;18/04/2025;18872;Bank Transfer
18983;14671;18/08/2024;21523;Credit Card
18984;11767;16/10/2025;13829;Credit Card
18985;5286;27/09/2024;14783;Bank Transfer
18986;10881;15/02/2024;9168;Online
18987;12442;09/07/2026;23309;Debit Card
18988;13306;01/01/2025;10373;Cash
18989;10323;10/05/2026;12107;Cash
18990;10668;28/10/2025;16032;Online
18991;17343;08/08/2024;28667;Online
18992;2237;13/09/2024;22950;Cash
18993;1172;07/05/2025;18319;Online
18994;2503;14/05/2024;16923;Bank Transfer
18995;13968;18/12/2024;14026;Debit Card
18996;17000;19/03/2025;7760;Cash
18997;593;14/07/2024;10410;Bank Transfer
18998;14648;09/10/2023;14878;Bank Transfer
18999;2227;15/12/2023;7374;Online
19000;837;20/02/2025;19623;Bank Transfer
19001;6101;25/04/2024;523;Bank Transfer
19002;9326;25/11/2025;12062;Online
19003;18736;25/01/2024;6826;Cash
19004;9444;18/07/2025;13821;Bank Transfer
19005;19324;18/04/2026;14443;Bank Transfer
19006;9339;25/12/2024;19334;Cash
19007;4078;30/03/2026;22907;Bank Transfer
19008;11645;23/10/2024;29184;Debit Card
19009;3354;29/10/2024;6119;Credit Card
19010;9593;27/11/2025;13968;Credit Card
19011;1091;17/07/2025;3032;Credit Card
19012;12602;29/09/2025;10245;Debit Card
19013;15333;25/07/2025;14875;Online
19014;878;01/04/2024;26060;Cash
19015;10824;28/12/2024;21493;Online
19016;13635;20/12/2025;26504;Credit Card
19017;1611;10/09/2026;16342;Bank Transfer
19018;13118;18/11/2024;501;Online
19019;110;04/07/2026;2117;Cash
19020;17912;15/07/2025;26472;Online
19021;19998;12/03/2025;21578;Debit Card
19022;4283;06/07/2026;953;Cash
19023;9301;25/01/2024;18642;Debit Card
19024;7831;17/11/2025;14033;Cash
19025;870;18/04/2025;6255;Credit Card
19026;15264;17/06/2024;16550;Debit Card
19027;19931;09/09/2024;10224;Credit Card
19028;8099;02/12/2024;17036;Bank Transfer
19029;13642;05/12/2025;13347;Credit Card
19030;15882;01/04/2025;6898;Debit Card
19031;13189;20/04/2025;22874;Credit Card
19032;7018;28/12/2024;1855;Online
19033;3240;11/03/2024;18285;Debit Card
19034;2682;10/04/2025;11466;Bank Transfer
19035;7034;30/06/2024;2536;Cash
19036;13923;22/11/2025;29078;Cash
19037;7257;11/04/2025;20823;Credit Card
19038;13064;05/08/2024;14950;Bank Transfer
19039;6526;01/01/2024;647;Cash
19040;1961;07/01/2024;15531;Cash
19041;11159;17/05/2025;10664;Debit Card
19042;4332;28/05/2024;17566;Credit Card
19043;2021;16/08/2024;26264;Debit Card
19044;12320;05/01/2026;18369;Cash
19045;10296;22/08/2025;11130;Credit Card
19046;16743;26/04/2025;8929;Bank Transfer
19047;11979;29/12/2024;15627;Debit Card
19048;17826;20/06/2024;15919;Debit Card
19049;17356;12/04/2024;4872;Debit Card
19050;2163;01/07/2024;9868;Online
19051;7324;14/11/2024;10538;Bank Transfer
19052;1312;22/05/2025;16229;Credit Card
19053;2458;07/12/2024;5172;Online
19054;11602;30/03/2024;27147;Credit Card
19055;7790;08/02/2025;25198;Debit Card
19056;12662;05/08/2026;3407;Cash
19057;19815;04/11/2025;4215;Cash
19058;3732;29/01/2024;5258;Bank Transfer
19059;15699;13/11/2025;963;Online
19060;14536;08/10/2024;20696;Online
19061;19804;20/02/2025;7819;Bank Transfer
19062;4412;16/08/2025;17533;Credit Card
19063;8968;17/07/2026;4366;Debit Card
19064;2598;17/01/2026;25227;Online
19065;2799;29/09/2025;22582;Cash
19066;8483;13/09/2025;3684;Credit Card
19067;1192;24/08/2025;3884;Bank Transfer
19068;3529;21/01/2025;13409;Bank Transfer
19069;8298;06/05/2025;27008;Debit Card
19070;6669;15/10/2023;8829;Bank Transfer
19071;19159;10/09/2026;10394;Online
19072;15307;25/08/2025;14036;Debit Card
19073;11902;22/03/2024;9893;Bank Transfer
19074;11076;11/07/2026;22216;Debit Card
19075;11580;26/04/2025;22988;Credit Card
19076;9464;05/07/2026;11663;Cash
19077;16174;06/07/2025;26557;Credit Card
19078;3312;07/11/2025;23789;Cash
19079;2604;27/12/2023;4696;Debit Card
19080;17173;28/01/2024;15142;Online
19081;8652;17/08/2024;4526;Cash
19082;13253;30/01/2024;8213;Bank Transfer
19083;10765;10/12/2024;5035;Online
19084;14173;13/04/2026;4911;Cash
19085;12942;15/06/2025;1489;Cash
19086;592;18/05/2025;16085;Debit Card
19087;19979;11/10/2023;13695;Cash
19088;9363;25/01/2026;20628;Online
19089;15370;17/07/2026;3993;Debit Card
19090;1399;27/02/2026;5569;Cash
19091;7437;02/08/2026;5737;Online
19092;1211;26/12/2025;4697;Credit Card
19093;2632;17/12/2023;5164;Bank Transfer
19094;10174;09/12/2025;19691;Debit Card
19095;4981;01/08/2025;17895;Credit Card
19096;1398;06/09/2026;15682;Bank Transfer
19097;1359;22/11/2025;1949;Bank Transfer
19098;17312;18/03/2026;8704;Credit Card
19099;10551;13/08/2024;26736;Debit Card
19100;5608;11/04/2025;26786;Online
19101;14893;28/08/2026;13866;Online
19102;2557;11/05/2024;13689;Debit Card
19103;940;12/07/2024;720;Cash
19104;13766;23/07/2025;10458;Credit Card
19105;17950;01/03/2026;999;Bank Transfer
19106;12570;17/06/2026;28298;Debit Card
19107;7971;03/01/2024;20814;Credit Card
19108;3110;05/10/2023;1286;Bank Transfer
19109;19836;20/10/2023;9533;Online
19110;18869;11/07/2025;26669;Online
19111;7647;07/05/2026;10626;Cash
19112;319;01/04/2024;28954;Debit Card
19113;9680;06/10/2023;13028;Bank Transfer
19114;14700;05/10/2025;1937;Cash
19115;10025;10/12/2023;2019;Debit Card
19116;13628;26/08/2026;6771;Debit Card
19117;18859;16/06/2025;22026;Bank Transfer
19118;7252;10/09/2026;15287;Online
19119;15195;21/06/2026;17785;Bank Transfer
19120;17410;22/02/2025;27813;Cash
19121;9804;03/01/2025;817;Debit Card
19122;13839;21/06/2026;27092;Online
19123;18411;22/11/2024;7896;Debit Card
19124;13883;04/08/2025;14278;Online
19125;12987;13/02/2024;21742;Bank Transfer
19126;4766;06/02/2024;3724;Debit Card
19127;19023;23/08/2024;24443;Credit Card
19128;18378;30/04/2024;20929;Cash
19129;14866;18/03/2026;27076;Debit Card
19130;9394;12/01/2026;10754;Cash
19131;13312;22/07/2024;26551;Bank Transfer
19132;16051;21/10/2025;28611;Bank Transfer
19133;5937;13/05/2024;12100;Online
19134;9828;29/09/2025;10267;Bank Transfer
19135;6894;31/05/2026;20970;Cash
19136;10173;17/04/2026;19006;Bank Transfer
19137;2087;18/04/2025;14497;Bank Transfer
19138;502;03/03/2026;20221;Bank Transfer
19139;4855;22/04/2025;21997;Cash
19140;17916;09/02/2026;15344;Online
19141;13466;29/04/2024;17392;Cash
19142;5963;08/07/2026;23582;Cash
19143;8055;17/02/2025;22859;Bank Transfer
19144;6202;17/10/2025;1987;Debit Card
19145;17414;21/04/2025;19983;Cash
19146;6113;01/09/2025;6773;Cash
19147;17256;01/05/2025;26825;Credit Card
19148;11777;31/08/2026;16084;Bank Transfer
19149;2391;20/02/2025;9282;Credit Card
19150;11988;09/07/2025;29825;Online
19151;13705;20/11/2025;18142;Bank Transfer
19152;12992;28/09/2025;4616;Credit Card
19153;13199;19/01/2025;25102;Credit Card
19154;18873;31/10/2024;6513;Cash
19155;17583;27/03/2024;12445;Credit Card
19156;8572;11/01/2024;25222;Debit Card
19157;9673;07/07/2025;4003;Debit Card
19158;4755;07/08/2026;25066;Debit Card
19159;3986;24/03/2025;24433;Online
19160;15415;16/12/2023;22002;Credit Card
19161;1526;18/02/2024;533;Online
19162;10115;11/07/2026;8684;Online
19163;8086;04/11/2023;19385;Online
19164;6882;19/11/2023;30000;Bank Transfer
19165;14814;15/09/2024;18881;Online
19166;3088;19/09/2023;17699;Bank Transfer
19167;14256;14/05/2024;21459;Debit Card
19168;657;05/11/2024;21845;Cash
19169;4198;05/02/2026;4590;Online
19170;2507;18/11/2023;24704;Online
19171;842;30/07/2024;876;Cash
19172;4916;30/06/2026;6569;Online
19173;17482;26/10/2025;21102;Cash
19174;7728;21/10/2024;1604;Cash
19175;997;22/10/2025;4279;Credit Card
19176;18411;15/11/2023;13379;Bank Transfer
19177;9509;30/03/2026;22691;Cash
19178;540;26/12/2023;22988;Bank Transfer
19179;12334;08/12/2023;24074;Online
19180;544;16/03/2025;23132;Credit Card
19181;13004;02/12/2025;20947;Debit Card
19182;8782;04/09/2026;3068;Credit Card
19183;19797;16/06/2025;25363;Cash
19184;9856;03/12/2023;21721;Cash
19185;101;15/01/2024;9256;Credit Card
19186;9160;06/02/2024;15437;Cash
19187;16574;22/02/2026;8996;Credit Card
19188;5168;14/10/2025;17774;Credit Card
19189;4332;12/03/2026;10537;Debit Card
19190;1198;23/05/2025;25072;Credit Card
19191;5384;15/07/2025;29331;Bank Transfer
19192;3450;11/07/2025;7135;Bank Transfer
19193;17098;16/05/2026;23149;Credit Card
19194;13398;27/01/2026;16152;Credit Card
19195;9880;20/07/2024;8509;Online
19196;8922;19/03/2025;16208;Debit Card
19197;4198;07/06/2025;3429;Online
19198;16084;14/09/2024;2347;Debit Card
19199;6383;21/10/2024;24301;Online
19200;18129;06/08/2026;20133;Debit Card
19201;17377;01/07/2024;5626;Online
19202;15512;01/12/2025;9282;Online
19203;14094;05/04/2026;564;Debit Card
19204;19615;27/06/2025;17695;Online
19205;17503;01/02/2026;28705;Credit Card
19206;3140;21/01/2024;5991;Debit Card
19207;14977;10/08/2024;7123;Debit Card
19208;13642;26/04/2026;29846;Debit Card
19209;12434;06/02/2026;11230;Credit Card
19210;9536;13/10/2025;21640;Online
19211;12009;09/03/2025;10205;Online
19212;11967;04/08/2026;23333;Cash
19213;15566;26/05/2025;19076;Online
19214;3696;27/06/2025;18008;Cash
19215;19537;08/11/2025;2334;Debit Card
19216;19879;07/03/2025;18892;Bank Transfer
19217;14658;01/05/2026;1297;Bank Transfer
19218;8152;08/08/2024;4402;Bank Transfer
19219;5468;10/04/2026;26308;Bank Transfer
19220;4400;08/06/2025;3393;Credit Card
19221;18497;29/02/2024;16218;Online
19222;11592;07/08/2026;29554;Cash
19223;7894;01/05/2026;4324;Bank Transfer
19224;6652;28/09/2025;16759;Online
19225;4766;01/08/2025;27311;Debit Card
19226;12727;21/04/2025;20025;Online
19227;6586;16/01/2026;10364;Bank Transfer
19228;17371;03/07/2024;2119;Online
19229;4599;21/07/2026;28074;Online
19230;9346;08/03/2025;13219;Online
19231;3676;23/08/2025;21623;Online
19232;11817;13/10/2024;11109;Online
19233;16781;01/04/2025;7565;Bank Transfer
19234;19084;23/09/2024;28468;Bank Transfer
19235;9854;28/10/2023;8174;Online
19236;4438;16/07/2026;29267;Online
19237;6605;23/02/2026;13784;Online
19238;3425;25/11/2024;26427;Cash
19239;1919;28/09/2024;11860;Credit Card
19240;6087;26/01/2026;2713;Credit Card
19241;4118;10/06/2024;16093;Debit Card
19242;4136;04/10/2024;26328;Credit Card
19243;16937;08/05/2024;22998;Credit Card
19244;10241;09/12/2023;27974;Online
19245;7554;07/01/2024;7110;Cash
19246;5804;19/01/2025;16142;Credit Card
19247;14567;08/11/2025;11397;Debit Card
19248;14503;16/05/2025;5306;Credit Card
19249;15936;29/01/2024;23249;Credit Card
19250;9108;25/02/2024;15756;Cash
19251;5726;07/03/2026;10498;Debit Card
19252;13321;23/03/2026;9706;Online
19253;15886;03/01/2024;29663;Online
19254;10136;11/05/2026;29750;Cash
19255;5900;13/09/2025;1060;Bank Transfer
19256;5018;28/02/2025;12034;Credit Card
19257;15105;18/12/2023;7799;Debit Card
19258;18112;03/10/2024;7685;Cash
19259;3351;27/12/2025;21041;Bank Transfer
19260;7087;22/07/2025;22722;Cash
19261;11819;17/07/2026;15025;Credit Card
19262;17782;20/11/2023;4211;Credit Card
19263;14157;22/05/2025;3701;Credit Card
19264;7469;14/02/2024;24145;Bank Transfer
19265;16458;11/07/2024;11252;Credit Card
19266;17500;20/03/2026;6724;Credit Card
19267;2884;26/10/2025;12775;Debit Card
19268;11564;21/07/2025;21454;Debit Card
19269;3128;20/07/2024;21817;Online
19270;2097;17/07/2024;28825;Debit Card
19271;6829;21/09/2024;12852;Bank Transfer
19272;13786;28/11/2024;27374;Cash
19273;8952;04/06/2024;16275;Debit Card
19274;10044;16/01/2025;25596;Bank Transfer
19275;6055;28/07/2024;22222;Credit Card
19276;17293;08/10/2023;28169;Cash
19277;13025;04/02/2024;19017;Bank Transfer
19278;5412;05/01/2026;4671;Debit Card
19279;7733;25/03/2025;14173;Credit Card
19280;15117;06/02/2024;6630;Cash
19281;13256;14/04/2024;11026;Credit Card
19282;1570;11/10/2023;2486;Credit Card
19283;5376;23/11/2023;18743;Cash
19284;17300;03/02/2025;4824;Online
19285;136;10/05/2025;16420;Bank Transfer
19286;6133;09/12/2023;28605;Bank Transfer
19287;14525;14/10/2025;5413;Debit Card
19288;551;15/07/2026;28671;Credit Card
19289;15704;12/01/2024;916;Bank Transfer
19290;16306;14/07/2026;4009;Online
19291;9266;12/11/2025;13886;Bank Transfer
19292;2701;29/05/2025;28842;Cash
19293;19285;07/05/2026;6185;Debit Card
19294;19416;24/08/2024;22911;Credit Card
19295;11051;12/01/2026;17362;Debit Card
19296;1924;02/09/2026;25775;Bank Transfer
19297;13859;21/11/2024;20932;Bank Transfer
19298;11078;15/09/2023;2730;Cash
19299;14747;21/04/2024;20374;Debit Card
19300;3893;19/06/2025;25462;Cash
19301;17074;13/03/2026;8517;Debit Card
19302;6554;01/05/2025;7720;Credit Card
19303;5524;01/11/2024;14822;Debit Card
19304;5729;14/12/2024;26395;Debit Card
19305;19074;02/09/2026;23738;Bank Transfer
19306;299;19/06/2024;14177;Debit Card
19307;8044;04/10/2025;28734;Bank Transfer
19308;4834;09/09/2025;24371;Bank Transfer
19309;9168;23/12/2024;17443;Credit Card
19310;14225;01/12/2024;18196;Cash
19311;2461;26/04/2026;3824;Online
19312;16933;26/04/2025;19516;Bank Transfer
19313;10363;23/03/2025;25596;Bank Transfer
19314;19014;17/10/2024;7438;Credit Card
19315;23;11/10/2023;27987;Bank Transfer
19316;6520;24/06/2025;28600;Debit Card
19317;4028;04/08/2026;4545;Debit Card
19318;18537;11/08/2026;833;Online
19319;5306;23/01/2025;26049;Bank Transfer
19320;11282;23/01/2026;11126;Credit Card
19321;1633;23/01/2026;11108;Cash
19322;16197;12/10/2024;24350;Cash
19323;5472;11/10/2023;29657;Debit Card
19324;8831;17/08/2025;17623;Online
19325;15295;12/09/2024;14732;Online
19326;16619;25/07/2026;7822;Bank Transfer
19327;5176;07/10/2025;6761;Online
19328;16372;12/11/2024;20152;Online
19329;13038;25/10/2025;3796;Credit Card
19330;18787;12/05/2026;22778;Debit Card
19331;17190;31/07/2026;10606;Online
19332;8496;18/08/2025;28664;Credit Card
19333;5311;08/05/2026;21666;Cash
19334;5933;25/06/2026;12997;Cash
19335;5998;01/04/2024;13870;Debit Card
19336;7281;25/10/2025;15596;Bank Transfer
19337;13574;16/06/2025;8233;Credit Card
19338;920;06/06/2025;7015;Bank Transfer
19339;1831;19/02/2024;26214;Debit Card
19340;19856;17/07/2024;16214;Online
19341;18832;14/03/2026;3026;Credit Card
19342;1411;24/09/2023;3995;Online
19343;3563;04/08/2026;15318;Online
19344;13650;20/11/2025;5664;Cash
19345;18189;19/11/2025;10560;Online
19346;16318;19/12/2025;3573;Bank Transfer
19347;19331;16/08/2025;24542;Online
19348;1662;04/01/2024;2943;Debit Card
19349;9237;23/01/2026;23269;Online
19350;16253;12/02/2024;15718;Online
19351;16629;14/12/2023;3135;Bank Transfer
19352;7915;07/04/2026;28805;Bank Transfer
19353;12411;30/10/2025;17364;Online
19354;8234;09/09/2026;12526;Cash
19355;7847;29/09/2024;4137;Online
19356;1448;16/03/2024;22076;Cash
19357;9845;04/01/2024;16314;Debit Card
19358;7754;17/03/2024;5870;Bank Transfer
19359;3649;20/05/2026;21041;Cash
19360;9831;25/03/2024;20775;Credit Card
19361;15121;21/05/2026;4399;Online
19362;2365;17/05/2024;4913;Credit Card
19363;7139;21/11/2024;1113;Bank Transfer
19364;17048;29/04/2024;11487;Cash
19365;6514;11/08/2024;1935;Debit Card
19366;17597;10/09/2025;23034;Online
19367;3354;21/03/2024;29107;Bank Transfer
19368;1687;15/02/2024;25005;Online
19369;8490;23/10/2024;29092;Cash
19370;16200;21/01/2025;25183;Cash
19371;8294;19/02/2026;25054;Bank Transfer
19372;12904;06/04/2026;5621;Debit Card
19373;7585;06/07/2026;19124;Credit Card
19374;9791;31/08/2025;15699;Credit Card
19375;17436;04/05/2024;23445;Debit Card
19376;14786;16/01/2024;12536;Cash
19377;3247;22/02/2026;533;Debit Card
19378;8281;12/07/2026;8466;Bank Transfer
19379;1165;19/05/2024;24719;Credit Card
19380;18258;02/12/2024;3713;Online
19381;14452;27/09/2024;13305;Bank Transfer
19382;2258;22/09/2025;24048;Debit Card
19383;3959;27/10/2023;21004;Bank Transfer
19384;11717;08/09/2025;5475;Cash
19385;5349;20/08/2024;18255;Bank Transfer
19386;16041;04/01/2024;4825;Debit Card
19387;19422;29/10/2025;15055;Debit Card
19388;5155;04/01/2026;3578;Bank Transfer
19389;12674;09/06/2026;18713;Online
19390;17077;11/02/2024;21074;Cash
19391;1843;06/06/2026;9804;Debit Card
19392;3431;12/09/2025;4115;Credit Card
19393;2415;23/09/2023;5958;Cash
19394;16347;02/09/2025;23256;Debit Card
19395;12192;19/09/2023;27721;Online
19396;17209;01/10/2023;17873;Online
19397;16213;17/05/2025;9492;Debit Card
19398;9028;07/03/2024;8237;Credit Card
19399;8336;03/06/2025;4538;Online
19400;11671;19/02/2024;28847;Bank Transfer
19401;8669;31/10/2023;14302;Online
19402;12069;06/02/2026;26147;Debit Card
19403;7803;19/11/2025;9185;Online
19404;2506;23/05/2026;26211;Online
19405;2461;17/06/2025;7137;Credit Card
19406;17280;20/11/2024;18136;Bank Transfer
19407;13880;15/09/2023;14561;Credit Card
19408;1977;31/10/2023;28938;Online
19409;11089;09/04/2026;1781;Bank Transfer
19410;160;05/10/2025;4083;Cash
19411;5503;12/02/2024;14145;Online
19412;3594;10/08/2026;27986;Bank Transfer
19413;2131;12/08/2024;7142;Credit Card
19414;15240;30/11/2024;14091;Cash
19415;1268;18/07/2025;27779;Bank Transfer
19416;16990;02/09/2025;19392;Bank Transfer
19417;19885;19/12/2025;2242;Bank Transfer
19418;10762;21/12/2023;9906;Cash
19419;9398;30/12/2025;4254;Bank Transfer
19420;15017;17/02/2025;10791;Online
19421;12738;20/02/2026;5464;Debit Card
19422;10848;20/04/2026;7340;Debit Card
19423;8966;25/08/2026;6851;Online
19424;16993;13/09/2023;8345;Credit Card
19425;7019;20/06/2025;19824;Debit Card
19426;19020;03/02/2024;11334;Bank Transfer
19427;1110;03/03/2024;11812;Debit Card
19428;6407;25/03/2024;20198;Cash
19429;11096;10/04/2026;27966;Cash
19430;12825;12/10/2024;23988;Bank Transfer
19431;4506;16/05/2025;16426;Bank Transfer
19432;5580;15/02/2025;27926;Cash
19433;16321;25/09/2025;16711;Cash
19434;1458;02/05/2024;28226;Cash
19435;12714;29/07/2026;23943;Cash
19436;7109;09/11/2024;11248;Credit Card
19437;4066;29/04/2026;20484;Online
19438;13061;08/10/2024;2144;Bank Transfer
19439;19542;29/06/2025;4045;Cash
19440;16193;12/03/2024;1989;Credit Card
19441;19702;17/05/2024;1263;Debit Card
19442;12908;23/04/2026;10808;Credit Card
19443;10839;13/11/2025;2623;Bank Transfer
19444;6010;24/07/2024;22047;Debit Card
19445;19890;17/10/2023;15493;Cash
19446;15859;14/03/2026;2290;Online
19447;14747;03/04/2026;8696;Online
19448;14989;24/04/2025;6111;Online
19449;8222;10/08/2026;28150;Debit Card
19450;9110;09/04/2024;19856;Online
19451;17874;08/11/2023;26178;Credit Card
19452;5272;08/10/2024;13032;Debit Card
19453;13722;03/03/2026;21006;Cash
19454;10683;04/11/2025;9638;Credit Card
19455;16416;15/10/2024;3292;Credit Card
19456;17901;18/02/2026;21379;Bank Transfer
19457;5952;19/06/2024;28328;Debit Card
19458;6507;23/12/2023;10134;Debit Card
19459;17914;01/09/2024;10572;Credit Card
19460;7606;14/03/2024;23615;Bank Transfer
19461;5085;24/04/2025;22721;Debit Card
19462;472;05/06/2025;1647;Cash
19463;3331;04/01/2026;9527;Credit Card
19464;14076;14/07/2025;29971;Online
19465;11312;03/05/2024;16525;Credit Card
19466;12865;03/01/2025;3942;Bank Transfer
19467;17802;01/09/2025;7853;Debit Card
19468;11753;15/08/2025;8998;Debit Card
19469;19276;10/09/2025;6678;Bank Transfer
19470;7093;24/04/2024;20750;Cash
19471;15826;16/05/2026;18326;Credit Card
19472;13605;29/06/2025;15163;Cash
19473;3296;26/04/2026;11287;Cash
19474;18376;28/09/2025;20809;Credit Card
19475;11822;12/01/2026;14573;Debit Card
19476;6741;15/12/2025;10796;Debit Card
19477;9044;01/12/2023;17611;Bank Transfer
19478;14741;09/09/2026;1963;Online
19479;5552;15/09/2023;10136;Debit Card
19480;18293;23/04/2024;22160;Online
19481;10874;28/12/2024;28675;Cash
19482;16641;01/06/2024;2078;Cash
19483;8231;24/12/2023;4737;Bank Transfer
19484;798;19/09/2025;23982;Online
19485;11832;26/08/2025;15095;Bank Transfer
19486;13262;24/10/2024;11929;Debit Card
19487;14116;15/08/2026;22961;Debit Card
19488;316;17/02/2026;22320;Cash
19489;1107;24/12/2023;4097;Bank Transfer
19490;1076;13/09/2023;22114;Credit Card
19491;9752;22/03/2024;28833;Cash
19492;5114;17/01/2024;24577;Debit Card
19493;10212;19/11/2025;6065;Bank Transfer
19494;6390;19/12/2025;17059;Bank Transfer
19495;17624;04/04/2026;14155;Bank Transfer
19496;1159;14/12/2025;8727;Cash
19497;7866;30/10/2024;22337;Credit Card
19498;13708;31/08/2024;21905;Debit Card
19499;18152;17/12/2023;23131;Credit Card
19500;16311;04/10/2024;12865;Bank Transfer
19501;10893;27/08/2025;2720;Online
19502;13780;04/07/2026;29181;Debit Card
19503;19688;22/04/2025;24743;Credit Card
19504;485;15/09/2024;22839;Online
19505;6708;12/11/2024;24200;Debit Card
19506;15345;17/08/2025;23619;Bank Transfer
19507;10700;30/06/2025;4252;Online
19508;8267;24/06/2025;28652;Bank Transfer
19509;5651;20/04/2025;7244;Online
19510;4760;25/04/2024;29877;Debit Card
19511;5577;22/10/2023;5899;Credit Card
19512;1515;28/11/2023;2917;Debit Card
19513;17558;15/04/2025;24453;Online
19514;12754;01/06/2026;20592;Credit Card
19515;16342;29/01/2024;1741;Cash
19516;116;27/07/2025;5889;Online
19517;483;22/01/2025;6446;Credit Card
19518;6153;01/04/2025;27735;Debit Card
19519;17307;08/03/2024;29083;Bank Transfer
19520;7016;31/08/2026;3654;Credit Card
19521;18804;21/07/2026;2380;Bank Transfer
19522;16074;30/06/2024;15085;Online
19523;3778;20/10/2025;1451;Bank Transfer
19524;7769;10/01/2025;17855;Credit Card
19525;18528;29/04/2026;22565;Bank Transfer
19526;10807;16/05/2025;3610;Debit Card
19527;2730;01/10/2025;22945;Bank Transfer
19528;3896;14/02/2025;22616;Online
19529;6220;19/12/2024;831;Credit Card
19530;5282;24/06/2024;18381;Cash
19531;13178;13/03/2026;27515;Debit Card
19532;26;06/07/2024;15393;Bank Transfer
19533;19929;17/10/2023;22824;Online
19534;4529;31/12/2025;15135;Online
19535;18836;03/11/2025;14366;Credit Card
19536;5798;30/06/2025;11194;Cash
19537;14432;20/03/2025;26280;Credit Card
19538;10952;15/11/2025;14288;Debit Card
19539;729;26/10/2023;26092;Debit Card
19540;17306;26/04/2026;6416;Debit Card
19541;10109;21/06/2024;23666;Credit Card
19542;14633;10/02/2026;5522;Cash
19543;6089;04/07/2024;6445;Debit Card
19544;14370;23/09/2024;6855;Debit Card
19545;10341;03/05/2026;16132;Debit Card
19546;10051;27/07/2024;22858;Debit Card
19547;13409;28/01/2024;26570;Online
19548;16870;11/05/2026;29056;Online
19549;9565;07/12/2025;8784;Bank Transfer
19550;15713;19/01/2025;19733;Credit Card
19551;9203;02/01/2025;9155;Online
19552;7389;04/07/2025;9333;Debit Card
19553;3845;04/11/2024;22706;Cash
19554;284;07/11/2023;19176;Credit Card
19555;16335;13/05/2026;15984;Debit Card
19556;8;30/05/2026;7499;Debit Card
19557;14279;07/02/2024;16459;Online
19558;11863;05/08/2025;12071;Cash
19559;1496;19/03/2025;7097;Credit Card
19560;4456;28/12/2024;2305;Debit Card
19561;19215;01/05/2025;5333;Cash
19562;11232;13/04/2026;8308;Bank Transfer
19563;4935;26/01/2026;27162;Credit Card
19564;130;12/08/2025;29675;Debit Card
19565;234;05/07/2024;29683;Bank Transfer
19566;18691;12/05/2026;9755;Debit Card
19567;15823;04/10/2024;9868;Online
19568;3427;22/11/2023;7238;Debit Card
19569;5511;09/03/2026;2955;Debit Card
19570;3000;28/01/2026;26891;Bank Transfer
19571;3119;11/01/2026;3318;Bank Transfer
19572;11918;13/11/2023;6075;Debit Card
19573;16541;20/07/2024;21160;Online
19574;5066;12/06/2024;12518;Credit Card
19575;17531;05/11/2025;3365;Online
19576;7194;12/09/2025;8167;Debit Card
19577;16944;12/09/2026;27856;Credit Card
19578;6061;16/11/2024;26046;Cash
19579;2077;30/07/2024;768;Credit Card
19580;6872;30/10/2023;24968;Cash
19581;5341;22/01/2025;15088;Debit Card
19582;19890;21/06/2026;23243;Bank Transfer
19583;18787;09/09/2025;3187;Online
19584;14647;27/09/2023;10060;Cash
19585;2203;12/06/2025;26184;Online
19586;16192;04/02/2025;16768;Online
19587;14513;21/09/2023;4382;Credit Card
19588;16657;04/04/2024;18045;Credit Card
19589;44;15/02/2024;20647;Debit Card
19590;6739;13/04/2024;1133;Online
19591;12977;04/05/2026;27259;Debit Card
19592;9917;04/05/2024;25636;Bank Transfer
19593;2010;09/12/2024;16746;Cash
19594;18898;14/08/2026;15604;Debit Card
19595;2066;14/05/2025;29887;Cash
19596;7077;27/08/2024;26547;Debit Card
19597;14737;21/12/2024;8783;Bank Transfer
19598;13487;11/02/2025;27721;Bank Transfer
19599;12868;28/03/2026;28184;Cash
19600;727;06/10/2024;14498;Cash
19601;2683;14/06/2024;22691;Debit Card
19602;15685;30/06/2025;1372;Debit Card
19603;16770;26/10/2025;28080;Credit Card
19604;13894;11/10/2024;14551;Bank Transfer
19605;489;03/10/2025;18331;Credit Card
19606;2324;27/04/2026;6963;Online
19607;2310;14/10/2025;29274;Credit Card
19608;449;08/09/2024;17278;Cash
19609;388;19/06/2024;24342;Debit Card
19610;11017;28/10/2024;2005;Debit Card
19611;8085;05/05/2025;20283;Online
19612;7730;31/10/2025;4108;Bank Transfer
19613;19354;16/05/2026;10291;Cash
19614;1638;29/08/2026;24065;Credit Card
19615;16708;20/10/2024;8728;Online
19616;3243;23/03/2024;5290;Credit Card
19617;5776;23/09/2023;17908;Credit Card
19618;2411;22/08/2026;5722;Bank Transfer
19619;9190;04/08/2024;8095;Bank Transfer
19620;15323;20/10/2024;11918;Debit Card
19621;14592;30/06/2026;1212;Debit Card
19622;1589;26/10/2023;27522;Credit Card
19623;3410;15/09/2023;27278;Debit Card
19624;4312;22/02/2025;18940;Online
19625;16724;23/09/2025;24974;Credit Card
19626;13088;04/12/2023;28660;Debit Card
19627;3980;04/01/2024;27969;Bank Transfer
19628;13896;15/07/2026;11432;Credit Card
19629;14502;22/12/2025;3035;Cash
19630;933;18/11/2024;25953;Online
19631;6946;10/12/2023;11055;Bank Transfer
19632;8940;26/11/2024;12244;Bank Transfer
19633;12907;26/01/2024;25717;Bank Transfer
19634;16730;13/11/2024;7642;Cash
19635;2189;27/12/2023;12921;Cash
19636;263;26/08/2025;9706;Online
19637;2936;19/12/2023;3973;Cash
19638;5697;16/11/2023;6381;Online
19639;2532;22/06/2024;3673;Cash
19640;2897;13/09/2023;3986;Credit Card
19641;15741;08/12/2024;4146;Credit Card
19642;9713;14/06/2026;27410;Bank Transfer
19643;176;29/10/2024;26624;Credit Card
19644;11109;07/03/2025;28225;Debit Card
19645;4030;19/04/2024;29504;Cash
19646;12899;12/06/2025;2770;Credit Card
19647;1508;10/09/2026;11052;Cash
19648;7091;15/04/2025;2752;Bank Transfer
19649;406;07/04/2024;12223;Bank Transfer
19650;4014;22/03/2026;10992;Bank Transfer
19651;1818;15/08/2026;10275;Online
19652;393;04/12/2025;19705;Credit Card
19653;11273;04/12/2025;5998;Debit Card
19654;14866;13/02/2024;11693;Debit Card
19655;3019;26/01/2024;10086;Cash
19656;16319;24/06/2024;26534;Cash
19657;1200;13/10/2025;11079;Debit Card
19658;17420;16/02/2026;10429;Online
19659;2051;15/05/2026;24570;Debit Card
19660;19634;19/03/2024;9996;Cash
19661;4014;09/04/2026;19647;Cash
19662;7643;26/02/2024;13142;Debit Card
19663;9971;16/09/2023;12389;Credit Card
19664;3898;11/08/2024;10893;Cash
19665;18312;26/06/2024;16132;Bank Transfer
19666;17246;07/09/2024;28172;Debit Card
19667;17551;21/12/2025;1926;Credit Card
19668;4274;01/09/2026;13253;Debit Card
19669;8137;11/01/2024;15936;Online
19670;16904;15/07/2025;16165;Bank Transfer
19671;6144;16/02/2026;5922;Credit Card
19672;16531;19/06/2025;20563;Bank Transfer
19673;5942;08/02/2024;9020;Bank Transfer
19674;6829;07/11/2023;2277;Online
19675;3164;30/06/2026;14458;Online
19676;11087;28/01/2024;6716;Credit Card
19677;11674;14/12/2023;22088;Cash
19678;16086;21/04/2026;18010;Bank Transfer
19679;18711;14/02/2024;16874;Debit Card
19680;11213;13/12/2024;23704;Bank Transfer
19681;762;22/11/2025;24282;Credit Card
19682;10802;25/02/2025;14511;Debit Card
19683;11424;26/07/2025;17988;Bank Transfer
19684;8080;17/01/2024;4085;Online
19685;2805;23/04/2025;14778;Credit Card
19686;19571;06/03/2026;11762;Online
19687;2456;19/09/2024;18512;Bank Transfer
19688;8501;02/06/2025;12578;Credit Card
19689;5619;17/01/2025;26138;Credit Card
19690;10733;09/09/2025;21700;Online
19691;2261;15/04/2024;1012;Online
19692;17517;30/01/2025;29839;Credit Card
19693;18752;19/05/2024;13456;Credit Card
19694;19767;19/10/2025;2677;Bank Transfer
19695;8085;05/06/2026;7189;Bank Transfer
19696;17547;06/12/2024;14530;Credit Card
19697;14232;16/06/2026;17596;Online
19698;9557;04/04/2024;13907;Bank Transfer
19699;9382;30/12/2025;11829;Online
19700;17717;26/03/2025;9953;Cash
19701;7504;20/07/2026;24436;Credit Card
19702;19511;18/08/2026;5881;Cash
19703;9488;04/06/2024;18164;Credit Card
19704;7853;23/08/2024;15942;Debit Card
19705;17841;10/07/2026;4793;Credit Card
19706;13520;22/11/2025;5120;Credit Card
19707;8997;13/02/2024;5345;Bank Transfer
19708;3480;17/03/2024;9219;Credit Card
19709;14314;03/06/2026;23874;Debit Card
19710;16451;07/11/2025;15336;Credit Card
19711;19051;31/08/2025;1262;Online
19712;17818;06/09/2024;24795;Cash
19713;12286;20/11/2025;29165;Debit Card
19714;8600;02/09/2026;10575;Bank Transfer
19715;1935;09/06/2025;15222;Debit Card
19716;18948;24/11/2024;15084;Debit Card
19717;14245;19/10/2025;5144;Credit Card
19718;5398;30/07/2025;10531;Bank Transfer
19719;19624;10/01/2025;20304;Credit Card
19720;10023;30/07/2026;1425;Bank Transfer
19721;2953;10/05/2026;10581;Debit Card
19722;8009;01/05/2024;8130;Online
19723;18879;07/08/2026;18535;Cash
19724;2046;16/06/2024;15646;Cash
19725;10466;08/08/2026;26319;Online
19726;13017;25/05/2025;15572;Bank Transfer
19727;7602;25/10/2024;4236;Bank Transfer
19728;19667;26/02/2025;1399;Debit Card
19729;18231;20/10/2023;12133;Debit Card
19730;3476;16/07/2024;25021;Credit Card
19731;13106;07/10/2025;16516;Credit Card
19732;9201;29/12/2024;1732;Debit Card
19733;12547;16/02/2024;4166;Credit Card
19734;2487;26/08/2025;1095;Credit Card
19735;325;25/11/2023;29186;Credit Card
19736;10675;22/09/2024;2950;Online
19737;7667;28/06/2026;26088;Credit Card
19738;6556;25/11/2023;9254;Credit Card
19739;16651;31/07/2025;27106;Cash
19740;10671;24/05/2025;19351;Cash
19741;19679;05/05/2024;29843;Bank Transfer
19742;3963;12/07/2025;20465;Online
19743;14128;07/08/2025;25310;Credit Card
19744;9309;04/07/2026;24328;Cash
19745;13982;09/01/2026;4499;Bank Transfer
19746;18619;12/01/2026;3894;Cash
19747;16066;06/03/2025;6061;Online
19748;19526;13/12/2023;28833;Online
19749;926;05/07/2026;28285;Debit Card
19750;3482;29/09/2025;2698;Bank Transfer
19751;2694;15/05/2026;19106;Online
19752;7680;28/01/2026;25800;Bank Transfer
19753;8086;27/11/2025;29789;Cash
19754;9496;30/06/2024;12712;Credit Card
19755;2312;21/12/2025;13006;Credit Card
19756;10439;05/12/2025;23843;Debit Card
19757;7246;07/04/2025;17402;Credit Card
19758;16023;15/04/2024;1328;Cash
19759;15871;12/04/2025;24352;Credit Card
19760;9270;10/05/2025;3200;Online
19761;16840;06/06/2026;19683;Debit Card
19762;6960;08/04/2024;25203;Online
19763;9756;03/10/2023;21356;Online
19764;12589;27/12/2025;28022;Online
19765;12819;29/09/2023;17457;Bank Transfer
19766;5487;07/08/2025;7329;Cash
19767;18199;22/07/2024;10295;Credit Card
19768;14618;28/07/2024;19281;Cash
19769;6837;05/05/2024;930;Debit Card
19770;17156;20/05/2024;24863;Credit Card
19771;17234;27/03/2026;28499;Bank Transfer
19772;10855;13/07/2025;18267;Debit Card
19773;14257;04/01/2024;4096;Credit Card
19774;12654;22/03/2026;15630;Bank Transfer
19775;13538;06/09/2025;23992;Credit Card
19776;360;01/07/2025;20651;Bank Transfer
19777;14652;29/11/2023;15955;Online
19778;10531;07/02/2026;19883;Bank Transfer
19779;10013;01/04/2024;24389;Bank Transfer
19780;14100;13/01/2025;3917;Bank Transfer
19781;17021;07/11/2023;16275;Credit Card
19782;16532;21/09/2024;6508;Cash
19783;3729;19/03/2024;11299;Online
19784;17540;31/12/2023;24441;Credit Card
19785;9160;15/08/2025;9632;Bank Transfer
19786;1603;15/05/2026;8930;Cash
19787;10840;18/12/2025;3289;Credit Card
19788;9698;24/03/2026;29150;Debit Card
19789;1212;13/10/2024;3473;Debit Card
19790;2137;25/05/2024;18353;Debit Card
19791;1353;25/11/2025;11973;Debit Card
19792;18283;10/06/2024;14395;Debit Card
19793;15929;28/07/2025;20599;Debit Card
19794;11898;30/06/2024;17585;Debit Card
19795;10383;02/12/2024;11865;Bank Transfer
19796;9063;06/05/2024;11411;Cash
19797;2411;11/04/2026;3996;Cash
19798;16283;06/03/2025;14010;Bank Transfer
19799;12566;18/12/2023;22126;Credit Card
19800;165;08/08/2025;17955;Cash
19801;18502;26/01/2025;2216;Credit Card
19802;13599;14/07/2026;11910;Online
19803;15198;08/11/2023;19918;Cash
19804;10363;21/05/2024;11384;Online
19805;15053;22/06/2026;14913;Credit Card
19806;16963;09/10/2023;22190;Cash
19807;19020;26/04/2024;7271;Credit Card
19808;4352;20/09/2025;12702;Cash
19809;6831;01/05/2026;26198;Cash
19810;3154;28/06/2024;9612;Credit Card
19811;812;18/09/2024;15854;Debit Card
19812;9816;12/09/2024;17831;Cash
19813;8088;30/09/2023;28538;Debit Card
19814;19805;30/08/2026;9771;Bank Transfer
19815;6979;03/05/2026;8239;Credit Card
19816;17214;25/10/2024;17947;Debit Card
19817;7396;05/03/2025;4218;Debit Card
19818;15484;09/07/2024;16644;Credit Card
19819;17118;02/02/2026;24643;Cash
19820;17465;01/09/2026;6828;Bank Transfer
19821;7659;14/02/2026;24830;Credit Card
19822;18473;01/02/2024;23312;Online
19823;485;16/09/2023;3749;Cash
19824;5477;07/07/2024;16183;Bank Transfer
19825;17503;05/10/2025;767;Credit Card
19826;303;06/10/2025;10358;Online
19827;7372;04/02/2025;16324;Cash
19828;18092;27/01/2025;22945;Credit Card
19829;17009;10/07/2024;19067;Online
19830;15330;06/04/2026;18201;Cash
19831;15541;27/01/2024;1568;Debit Card
19832;7760;09/05/2025;24382;Cash
19833;7011;15/10/2025;1517;Credit Card
19834;13376;13/06/2024;8794;Online
19835;12177;16/12/2025;4460;Credit Card
19836;943;24/10/2025;14682;Credit Card
19837;10173;17/03/2026;22337;Bank Transfer
19838;11051;26/08/2026;17480;Bank Transfer
19839;15155;02/10/2023;26740;Bank Transfer
19840;11454;15/04/2025;20529;Credit Card
19841;17428;16/07/2026;3284;Debit Card
19842;4174;28/12/2023;6879;Cash
19843;7725;16/01/2026;22240;Debit Card
19844;15137;28/05/2025;26632;Bank Transfer
19845;14595;09/09/2025;27352;Debit Card
19846;1412;18/01/2025;9937;Debit Card
19847;13513;16/09/2023;21753;Online
19848;15008;13/11/2023;831;Debit Card
19849;13978;13/05/2024;22995;Online
19850;9337;30/05/2024;24517;Cash
19851;14011;30/04/2026;14659;Cash
19852;13765;17/01/2025;9867;Online
19853;13289;05/05/2024;22484;Debit Card
19854;19896;29/01/2024;5252;Bank Transfer
19855;16410;02/05/2024;15607;Debit Card
19856;19514;25/12/2023;14450;Debit Card
19857;13973;02/11/2025;20106;Cash
19858;6042;07/05/2024;18449;Online
19859;10754;22/06/2026;12046;Debit Card
19860;2650;26/08/2026;17708;Debit Card
19861;12851;08/09/2025;11460;Online
19862;13934;23/04/2024;14926;Cash
19863;12076;13/06/2024;11388;Credit Card
19864;14080;22/06/2025;11849;Credit Card
19865;7055;30/01/2024;8657;Credit Card
19866;9243;09/09/2026;26377;Bank Transfer
19867;6402;05/10/2025;17193;Debit Card
19868;13047;01/05/2025;1397;Bank Transfer
19869;19572;28/05/2026;11069;Credit Card
19870;14080;30/08/2026;10342;Cash
19871;1874;01/02/2026;28450;Debit Card
19872;6227;19/01/2026;1719;Bank Transfer
19873;15514;25/06/2024;17250;Debit Card
19874;4782;10/03/2026;3452;Cash
19875;8379;16/03/2024;4541;Credit Card
19876;12403;12/04/2026;19654;Credit Card
19877;6250;12/03/2024;6255;Bank Transfer
19878;19282;14/11/2024;17784;Debit Card
19879;11722;14/07/2024;3690;Debit Card
19880;10571;18/05/2025;9776;Credit Card
19881;19993;17/12/2023;9218;Online
19882;8547;26/02/2026;18898;Bank Transfer
19883;37;03/12/2023;14614;Cash
19884;2945;04/11/2024;13391;Credit Card
19885;13366;16/07/2024;5781;Bank Transfer
19886;10022;17/03/2024;12698;Credit Card
19887;4614;14/02/2025;20880;Bank Transfer
19888;1172;23/08/2024;26260;Online
19889;8833;11/10/2025;13379;Debit Card
19890;4018;03/06/2024;19411;Bank Transfer
19891;7450;24/06/2025;4458;Debit Card
19892;17499;05/12/2023;26423;Bank Transfer
19893;2154;08/10/2024;19162;Cash
19894;11420;28/06/2024;21022;Cash
19895;11062;03/05/2026;19598;Bank Transfer
19896;17450;13/01/2025;23250;Online
19897;16062;18/09/2025;4367;Credit Card
19898;9422;01/07/2026;26924;Bank Transfer
19899;3664;08/04/2026;23394;Cash
19900;16396;26/03/2026;15979;Debit Card
19901;14600;05/03/2026;25710;Online
19902;13775;31/05/2025;14915;Debit Card
19903;18239;05/01/2026;11794;Debit Card
19904;15538;13/01/2024;19821;Online
19905;16157;15/03/2024;18672;Bank Transfer
19906;16742;05/04/2026;14042;Online
19907;9968;24/12/2024;26117;Credit Card
19908;6204;18/07/2025;16351;Bank Transfer
19909;6945;05/11/2025;14917;Cash
19910;12495;01/04/2026;1741;Online
19911;2111;28/10/2025;15850;Cash
19912;8490;02/03/2026;4299;Cash
19913;15778;04/02/2025;9303;Cash
19914;18150;23/06/2025;20884;Debit Card
19915;18627;18/05/2026;6114;Debit Card
19916;8640;24/11/2024;4093;Credit Card
19917;6483;20/11/2023;25514;Credit Card
19918;14986;27/06/2024;12266;Bank Transfer
19919;19442;18/01/2026;4716;Debit Card
19920;1186;28/06/2024;22281;Debit Card
19921;10744;16/12/2025;16194;Cash
19922;15692;21/04/2025;15111;Cash
19923;19522;09/11/2024;21201;Cash
19924;7033;20/06/2024;23701;Debit Card
19925;4888;03/03/2026;24906;Debit Card
19926;6685;16/10/2023;29762;Bank Transfer
19927;1285;05/03/2026;1991;Debit Card
19928;16073;19/05/2026;20913;Debit Card
19929;5544;24/04/2025;25810;Debit Card
19930;16560;22/11/2023;20531;Cash
19931;18968;16/11/2023;17291;Cash
19932;12924;24/04/2026;20927;Credit Card
19933;5059;16/02/2024;25446;Credit Card
19934;5847;03/11/2025;4663;Credit Card
19935;3634;27/04/2026;9010;Debit Card
19936;1092;28/03/2026;1328;Bank Transfer
19937;9512;02/11/2025;8223;Online
19938;14844;26/09/2024;27262;Online
19939;4815;09/01/2026;19506;Online
19940;10167;04/09/2024;18111;Cash
19941;5856;21/11/2025;2047;Debit Card
19942;1626;31/01/2024;8734;Cash
19943;1900;30/04/2025;19931;Bank Transfer
19944;19414;09/05/2026;21970;Online
19945;6187;16/01/2024;25546;Credit Card
19946;16204;03/04/2026;21993;Cash
19947;9671;26/06/2026;3543;Debit Card
19948;7965;02/02/2025;12904;Credit Card
19949;3061;05/02/2024;13178;Debit Card
19950;6496;02/06/2025;14362;Debit Card
19951;672;19/08/2025;13881;Bank Transfer
19952;19924;17/07/2026;19883;Bank Transfer
19953;13990;20/07/2024;3608;Debit Card
19954;4257;02/03/2026;19162;Debit Card
19955;16163;04/07/2026;12869;Online
19956;5810;16/08/2025;18240;Cash
19957;713;08/04/2025;16455;Bank Transfer
19958;17196;18/10/2023;19166;Online
19959;5192;23/12/2025;9829;Credit Card
19960;432;22/10/2023;881;Credit Card
19961;5753;19/04/2026;7273;Debit Card
19962;3119;16/03/2024;5170;Credit Card
19963;12165;28/12/2024;27171;Online
19964;3152;01/10/2023;5900;Bank Transfer
19965;14009;14/09/2025;10607;Cash
19966;6363;31/10/2024;23698;Bank Transfer
19967;9518;18/02/2024;26504;Online
19968;1145;08/03/2026;21058;Debit Card
19969;10636;29/10/2023;3726;Online
19970;19473;16/03/2026;4472;Bank Transfer
19971;1974;20/02/2026;12303;Debit Card
19972;16567;11/09/2025;1789;Bank Transfer
19973;4858;24/07/2024;5986;Cash
19974;3619;01/01/2025;22366;Credit Card
19975;17924;24/09/2023;5718;Debit Card
19976;3323;17/10/2024;22518;Cash
19977;19300;07/12/2025;6987;Cash
19978;13001;23/02/2025;21733;Credit Card
19979;980;05/06/2026;9312;Debit Card
19980;16541;28/05/2024;21140;Credit Card
19981;13187;07/05/2026;12301;Credit Card
19982;660;28/01/2026;3283;Cash
19983;17429;04/12/2023;7150;Credit Card
19984;5230;15/03/2025;17914;Cash
19985;8974;18/10/2023;8873;Bank Transfer
19986;6460;05/03/2026;21066;Cash
19987;14848;08/07/2025;29978;Debit Card
19988;14871;13/09/2024;6021;Cash
19989;10710;23/09/2025;595;Cash
19990;6501;21/09/2024;18491;Bank Transfer
19991;10917;21/02/2025;16651;Bank Transfer
19992;3046;18/04/2025;1555;Debit Card
19993;1098;04/04/2025;4401;Debit Card
19994;16736;14/08/2026;13567;Cash
19995;3141;13/07/2026;2860;Online
19996;7513;23/12/2024;11384;Cash
19997;11419;11/02/2026;885;Cash
19998;5932;20/09/2025;28049;Credit Card
19999;17671;09/01/2024;10561;Credit Card
20000;788;30/06/2024;14421;Online
20001;2575;21/02/2026;7914;Cash
20002;10214;28/08/2024;15409;Online
20003;12860;08/05/2024;13464;Credit Card
20004;12344;23/03/2025;13138;Cash
20005;9532;17/06/2026;19606;Online
20006;2458;24/01/2026;13850;Online
20007;11993;20/11/2024;8355;Online
20008;13418;03/03/2025;27619;Bank Transfer
20009;9279;01/05/2025;19084;Bank Transfer
20010;15830;09/07/2025;10524;Cash
20011;5639;08/07/2024;1205;Credit Card
20012;14004;24/10/2025;3379;Bank Transfer
20013;18433;21/01/2024;20760;Cash
20014;704;20/01/2026;7260;Debit Card
20015;15397;01/09/2025;16691;Online
20016;15;14/01/2024;18723;Debit Card
20017;8976;02/07/2024;22446;Online
20018;542;02/06/2026;27793;Debit Card
20019;11963;08/12/2025;27857;Credit Card
20020;14654;29/05/2025;29958;Credit Card
20021;5738;13/03/2026;2160;Cash
20022;18911;21/07/2025;29027;Credit Card
20023;17738;20/07/2026;23323;Online
20024;8770;20/05/2024;22022;Credit Card
20025;14287;25/03/2024;10364;Online
20026;18751;22/01/2024;2191;Cash
20027;1900;26/03/2025;27910;Cash
20028;7685;09/03/2025;18370;Debit Card
20029;18567;25/12/2024;23923;Bank Transfer
20030;7715;04/07/2025;7208;Bank Transfer
20031;12181;16/08/2024;22556;Credit Card
20032;16186;09/06/2026;16123;Bank Transfer
20033;16024;25/11/2023;4055;Cash
20034;4267;13/07/2025;11938;Cash
20035;15489;08/07/2026;12537;Credit Card
20036;10419;06/06/2026;26641;Debit Card
20037;2340;05/05/2026;14747;Debit Card
20038;5389;26/11/2024;9070;Debit Card
20039;6304;23/03/2024;8753;Cash
20040;14437;17/03/2024;7319;Debit Card
20041;1529;12/02/2024;6862;Credit Card
20042;8967;02/09/2026;12527;Bank Transfer
20043;5471;25/06/2026;6687;Cash
20044;14135;02/01/2026;26258;Online
20045;17431;17/11/2023;15447;Debit Card
20046;4871;10/01/2025;3968;Debit Card
20047;9502;18/03/2025;23821;Debit Card
20048;7338;12/03/2026;9635;Bank Transfer
20049;6885;09/08/2025;14695;Cash
20050;13576;26/12/2023;28766;Credit Card
20051;3134;12/12/2025;29428;Bank Transfer
20052;2465;27/04/2025;2127;Online
20053;1085;26/09/2023;21181;Debit Card
20054;14390;08/11/2024;20804;Online
20055;233;03/03/2024;26120;Cash
20056;7212;16/05/2026;19546;Online
20057;10435;13/02/2024;8417;Debit Card
20058;7426;26/07/2026;24060;Online
20059;4763;30/05/2026;2613;Credit Card
20060;7717;10/04/2024;692;Credit Card
20061;17659;28/10/2024;11318;Cash
20062;16742;08/11/2023;13298;Online
20063;1248;12/06/2025;7719;Credit Card
20064;12762;19/08/2024;12733;Cash
20065;585;23/05/2024;22713;Online
20066;15496;11/07/2024;12497;Debit Card
20067;14566;02/06/2026;19409;Credit Card
20068;338;01/02/2026;21163;Bank Transfer
20069;15900;25/09/2023;19150;Online
20070;17427;31/07/2026;22422;Cash
20071;6182;11/03/2026;17589;Online
20072;18085;17/02/2024;5898;Online
20073;15221;14/10/2023;18558;Online
20074;14663;22/09/2025;10798;Bank Transfer
20075;18539;06/06/2026;15026;Cash
20076;6228;22/09/2023;14843;Debit Card
20077;4357;19/07/2025;16270;Online
20078;17957;09/10/2023;7541;Online
20079;17943;12/03/2025;20866;Cash
20080;19767;27/09/2025;27238;Debit Card
20081;14238;07/10/2025;18267;Online
20082;5334;06/12/2024;11194;Cash
20083;12202;22/07/2025;653;Bank Transfer
20084;18838;06/08/2025;27323;Cash
20085;2049;11/02/2025;11850;Bank Transfer
20086;7641;04/05/2025;15198;Online
20087;18117;26/01/2025;8095;Cash
20088;9206;07/01/2025;10624;Bank Transfer
20089;2366;13/09/2024;6826;Bank Transfer
20090;1676;09/10/2024;9902;Debit Card
20091;6528;14/10/2024;25191;Cash
20092;16549;22/11/2025;26416;Online
20093;809;16/05/2024;7975;Debit Card
20094;9708;07/05/2025;7841;Cash
20095;7521;29/10/2025;14944;Online
20096;16599;27/11/2023;15466;Credit Card
20097;4834;09/11/2024;7289;Bank Transfer
20098;2857;30/01/2026;1818;Cash
20099;6010;15/04/2024;24615;Debit Card
20100;18369;15/11/2024;26118;Bank Transfer
20101;14365;25/07/2025;4634;Debit Card
20102;16026;20/10/2025;8677;Cash
20103;16425;24/04/2025;23311;Credit Card
20104;16450;19/05/2025;27601;Online
20105;15457;02/09/2026;620;Online
20106;17316;22/07/2026;28523;Credit Card
20107;1162;15/01/2026;13406;Credit Card
20108;7408;12/04/2026;20650;Debit Card
20109;5122;29/01/2024;5315;Online
20110;12288;21/09/2023;19867;Online
20111;218;23/03/2026;6159;Cash
20112;1819;01/01/2024;3885;Debit Card
20113;6048;25/04/2024;10636;Debit Card
20114;12443;06/04/2026;12920;Online
20115;10317;09/10/2024;29745;Debit Card
20116;6282;01/08/2024;7665;Debit Card
20117;15192;29/01/2025;18110;Bank Transfer
20118;2283;14/06/2024;1263;Debit Card
20119;1649;22/08/2026;22776;Debit Card
20120;2216;24/12/2024;1279;Debit Card
20121;1808;20/09/2024;5564;Online
20122;14611;28/09/2023;14637;Credit Card
20123;7035;24/10/2023;28981;Bank Transfer
20124;12371;20/01/2025;17480;Bank Transfer
20125;4965;18/07/2026;27397;Online
20126;16164;14/11/2025;25721;Online
20127;4;25/09/2025;27817;Online
20128;18674;18/05/2024;22479;Online
20129;4215;08/12/2023;17456;Debit Card
20130;19532;14/12/2025;15293;Debit Card
20131;19543;02/10/2024;6503;Bank Transfer
20132;16334;02/12/2023;18460;Debit Card
20133;12993;16/01/2024;7458;Cash
20134;9942;11/05/2025;16219;Cash
20135;3527;28/02/2026;20153;Cash
20136;6074;04/12/2024;11664;Bank Transfer
20137;6521;02/07/2026;12964;Debit Card
20138;13548;10/07/2026;27623;Bank Transfer
20139;8819;11/04/2026;6206;Debit Card
20140;19338;29/05/2025;25450;Online
20141;15702;30/12/2025;22756;Cash
20142;16620;17/12/2023;1650;Cash
20143;5372;21/02/2026;12656;Credit Card
20144;4989;10/11/2025;19131;Credit Card
20145;17975;25/05/2026;8491;Online
20146;14583;24/04/2026;15362;Cash
20147;13140;11/10/2024;19885;Debit Card
20148;7530;07/12/2025;11156;Online
20149;5615;04/05/2024;20322;Credit Card
20150;16293;11/04/2024;4460;Online
20151;4613;19/07/2025;5693;Online
20152;3669;20/06/2026;1200;Debit Card
20153;10995;06/07/2026;2877;Cash
20154;18855;02/02/2026;20310;Debit Card
20155;14219;03/10/2023;7066;Credit Card
20156;5763;24/05/2024;9688;Online
20157;3620;06/04/2026;21511;Debit Card
20158;17896;14/11/2024;2762;Online
20159;9888;27/10/2023;29853;Credit Card
20160;11821;01/05/2026;18197;Cash
20161;919;17/08/2025;22003;Cash
20162;408;18/09/2024;26120;Bank Transfer
20163;6223;29/08/2024;7955;Online
20164;502;19/10/2023;7852;Bank Transfer
20165;2274;12/06/2025;8658;Debit Card
20166;4428;26/03/2024;8584;Online
20167;3316;19/10/2023;10246;Credit Card
20168;1068;25/10/2025;3832;Debit Card
20169;2686;07/03/2026;5316;Debit Card
20170;4501;30/06/2025;27206;Credit Card
20171;9593;02/08/2024;9861;Online
20172;5392;31/08/2024;10830;Bank Transfer
20173;2053;08/05/2026;20123;Credit Card
20174;3375;07/07/2025;3669;Online
20175;1579;29/09/2025;4175;Cash
20176;19879;10/10/2024;16933;Debit Card
20177;5809;07/04/2024;9037;Online
20178;12813;12/03/2024;20820;Cash
20179;15997;21/10/2024;26912;Bank Transfer
20180;5050;28/03/2024;8917;Credit Card
20181;6674;22/02/2026;703;Online
20182;18546;28/01/2024;22864;Online
20183;14116;04/11/2025;14520;Bank Transfer
20184;11453;06/06/2026;18719;Debit Card
20185;3948;22/04/2025;23095;Cash
20186;11355;03/09/2024;705;Debit Card
20187;6606;25/07/2025;20818;Bank Transfer
20188;12708;08/10/2024;14634;Cash
20189;16067;04/01/2026;19799;Bank Transfer
20190;8858;31/10/2025;23223;Bank Transfer
20191;17596;15/02/2024;11710;Online
20192;6535;20/09/2025;25417;Debit Card
20193;13187;11/04/2024;1233;Online
20194;9297;19/01/2026;12262;Online
20195;10217;28/06/2025;6216;Online
20196;12667;19/03/2024;26102;Debit Card
20197;12539;17/05/2024;11416;Cash
20198;15882;01/07/2024;27875;Debit Card
20199;7643;26/07/2026;12301;Cash
20200;2464;04/11/2024;9676;Credit Card
20201;10793;27/10/2024;23080;Debit Card
20202;11783;03/07/2026;6389;Online
20203;7107;27/08/2025;23081;Debit Card
20204;14024;14/03/2024;22043;Bank Transfer
20205;9839;10/10/2025;21525;Credit Card
20206;2671;27/12/2023;1459;Debit Card
20207;8508;10/11/2023;21955;Credit Card
20208;19196;14/08/2026;638;Debit Card
20209;10509;11/05/2025;2631;Debit Card
20210;13798;26/05/2024;1445;Cash
20211;14230;20/03/2024;21467;Cash
20212;17545;27/10/2025;3130;Debit Card
20213;16119;03/09/2026;11434;Online
20214;4523;23/08/2024;23398;Credit Card
20215;10433;18/08/2025;24700;Online
20216;1713;04/03/2024;4178;Online
20217;4988;03/01/2025;19454;Online
20218;3650;30/07/2026;17249;Cash
20219;12692;07/07/2024;11393;Debit Card
20220;14143;11/11/2023;25812;Online
20221;124;25/06/2024;14281;Debit Card
20222;10881;12/09/2024;2727;Debit Card
20223;2012;12/03/2025;8808;Credit Card
20224;19121;29/11/2023;23545;Bank Transfer
20225;8922;03/03/2026;25809;Bank Transfer
20226;5003;16/01/2025;24678;Bank Transfer
20227;2915;17/11/2025;15909;Credit Card
20228;1579;17/04/2026;10345;Cash
20229;15254;24/10/2025;3194;Credit Card
20230;12253;08/07/2026;7110;Bank Transfer
20231;2604;06/04/2026;2589;Credit Card
20232;14732;05/03/2026;18611;Credit Card
20233;8099;31/08/2024;5895;Bank Transfer
20234;649;20/07/2024;5414;Cash
20235;16744;19/03/2025;9189;Cash
20236;7129;12/05/2026;29519;Bank Transfer
20237;11347;18/05/2026;25300;Bank Transfer
20238;18563;14/05/2024;21384;Debit Card
20239;12413;08/07/2025;1952;Debit Card
20240;17329;09/02/2024;5087;Credit Card
20241;17603;03/04/2025;1459;Cash
20242;2795;02/09/2025;11718;Credit Card
20243;6161;05/07/2025;14529;Cash
20244;16336;05/10/2024;20158;Credit Card
20245;8991;11/08/2024;15915;Credit Card
20246;15241;05/08/2024;5108;Bank Transfer
20247;17996;24/01/2025;29494;Bank Transfer
20248;13259;13/04/2026;29117;Bank Transfer
20249;17085;06/07/2025;18064;Cash
20250;4673;09/03/2025;13650;Credit Card
20251;2007;23/05/2024;15532;Debit Card
20252;15058;04/10/2024;10303;Credit Card
20253;11012;06/05/2024;5016;Debit Card
20254;7579;31/05/2026;6917;Cash
20255;15943;05/09/2025;3419;Online
20256;11597;01/04/2024;10200;Debit Card
20257;5836;02/04/2025;24652;Cash
20258;13982;20/04/2025;23257;Bank Transfer
20259;1684;12/06/2025;13404;Credit Card
20260;7250;06/06/2025;15711;Bank Transfer
20261;1525;17/11/2025;16956;Credit Card
20262;13696;04/10/2023;6246;Online
20263;5166;12/08/2026;7557;Online
20264;812;11/04/2024;15386;Bank Transfer
20265;13778;11/03/2024;28720;Bank Transfer
20266;2444;10/04/2026;27692;Debit Card
20267;5849;15/02/2025;29560;Cash
20268;17439;19/01/2025;16973;Bank Transfer
20269;6887;31/07/2026;21240;Debit Card
20270;6921;25/06/2026;5613;Bank Transfer
20271;15413;16/12/2023;22069;Online
20272;9497;02/12/2025;11707;Credit Card
20273;15909;01/10/2024;15098;Debit Card
20274;18743;13/08/2024;26794;Bank Transfer
20275;2833;21/09/2023;13342;Cash
20276;7734;16/08/2024;2584;Cash
20277;6226;13/02/2025;22790;Cash
20278;12906;04/11/2023;11717;Bank Transfer
20279;16116;20/11/2024;25660;Debit Card
20280;16914;20/01/2025;24187;Online
20281;6911;21/04/2026;7654;Debit Card
20282;11193;20/04/2024;3747;Credit Card
20283;17527;26/05/2026;25889;Bank Transfer
20284;12588;11/08/2024;2251;Online
20285;3040;28/04/2025;14343;Bank Transfer
20286;2207;11/11/2025;17047;Debit Card
20287;10104;09/02/2025;18154;Debit Card
20288;11994;23/02/2026;17220;Credit Card
20289;17803;09/03/2026;541;Credit Card
20290;12157;26/02/2024;21560;Cash
20291;12005;15/11/2024;19259;Debit Card
20292;19695;16/01/2024;19450;Debit Card
20293;2470;02/08/2025;15400;Bank Transfer
20294;1710;18/02/2024;5019;Bank Transfer
20295;12694;08/05/2026;4224;Online
20296;3349;24/08/2026;21623;Online
20297;11211;03/06/2026;20477;Debit Card
20298;6687;08/11/2024;15588;Cash
20299;11696;01/10/2023;29695;Credit Card
20300;19080;16/04/2026;1733;Bank Transfer
20301;11672;04/10/2024;1416;Online
20302;12111;09/05/2026;20130;Credit Card
20303;8617;18/05/2024;8328;Online
20304;576;20/03/2026;23509;Online
20305;6235;12/05/2025;23461;Cash
20306;8941;07/07/2026;24609;Cash
20307;1846;03/07/2025;11447;Cash
20308;4081;08/11/2023;29074;Debit Card
20309;4221;04/10/2024;29910;Bank Transfer
20310;9235;21/09/2024;27243;Bank Transfer
20311;80;31/03/2024;27126;Credit Card
20312;18508;08/02/2024;7300;Bank Transfer
20313;2152;24/03/2025;1867;Cash
20314;12820;10/11/2025;24118;Bank Transfer
20315;17897;23/10/2024;24220;Bank Transfer
20316;11611;14/09/2025;22979;Debit Card
20317;17146;29/10/2024;11423;Online
20318;10547;26/05/2025;17804;Credit Card
20319;5998;30/09/2024;16116;Cash
20320;11402;04/11/2024;11735;Online
20321;13931;14/02/2026;24284;Debit Card
20322;9350;07/11/2025;26564;Bank Transfer
20323;16585;06/06/2025;20805;Cash
20324;10638;05/05/2026;1761;Bank Transfer
20325;18687;09/11/2025;23123;Credit Card
20326;8773;27/09/2023;25042;Debit Card
20327;4412;25/12/2025;8691;Debit Card
20328;11147;02/11/2023;11454;Cash
20329;8859;05/08/2025;28293;Bank Transfer
20330;19431;28/10/2023;7530;Debit Card
20331;11475;25/05/2024;15441;Online
20332;3547;26/08/2025;23983;Debit Card
20333;2232;16/09/2025;8171;Bank Transfer
20334;6272;07/10/2024;25748;Bank Transfer
20335;12578;30/07/2026;28792;Bank Transfer
20336;741;11/02/2024;10676;Debit Card
20337;18381;20/10/2025;12147;Debit Card
20338;16691;02/01/2024;862;Credit Card
20339;12296;19/08/2024;12863;Credit Card
20340;9521;22/11/2025;12684;Bank Transfer
20341;5734;05/02/2026;22386;Credit Card
20342;745;10/05/2026;11939;Online
20343;9596;10/02/2024;8079;Credit Card
20344;3105;29/06/2024;20699;Cash
20345;12261;22/11/2024;6272;Debit Card
20346;5854;13/08/2025;19890;Cash
20347;3754;04/09/2026;11527;Online
20348;18097;03/03/2026;3708;Cash
20349;10304;13/02/2026;20006;Credit Card
20350;17050;23/03/2025;9460;Debit Card
20351;4008;12/02/2024;17974;Debit Card
20352;6144;27/03/2026;20089;Cash
20353;3645;30/08/2026;501;Credit Card
20354;6648;31/10/2024;17417;Credit Card
20355;12498;14/11/2024;3554;Cash
20356;19918;08/11/2025;2282;Bank Transfer
20357;18069;23/08/2025;21906;Debit Card
20358;12106;27/07/2024;18862;Online
20359;3698;21/09/2023;19084;Online
20360;16735;13/06/2026;21430;Bank Transfer
20361;6105;23/04/2024;24476;Credit Card
20362;19278;29/12/2024;7446;Bank Transfer
20363;2820;07/07/2024;9623;Cash
20364;1848;05/06/2024;19832;Online
20365;11300;31/10/2025;29570;Bank Transfer
20366;3871;08/03/2026;29928;Bank Transfer
20367;13243;16/01/2024;4268;Online
20368;12721;28/06/2025;5738;Online
20369;17047;29/11/2025;22942;Online
20370;11414;02/02/2025;25857;Bank Transfer
20371;4630;09/09/2026;6003;Online
20372;2313;20/06/2025;1198;Cash
20373;18805;21/03/2026;7615;Credit Card
20374;4821;07/09/2026;2378;Credit Card
20375;12948;01/03/2024;29596;Bank Transfer
20376;8459;30/10/2024;11850;Online
20377;4940;17/09/2023;9513;Online
20378;5466;18/02/2026;27363;Debit Card
20379;17971;17/12/2023;24483;Credit Card
20380;7794;13/06/2024;19158;Online
20381;4677;28/11/2025;2457;Credit Card
20382;4042;30/03/2024;20704;Cash
20383;1647;26/09/2023;20404;Online
20384;14987;26/07/2025;21793;Credit Card
20385;2994;01/06/2026;7358;Online
20386;4972;19/06/2025;1762;Credit Card
20387;8497;05/11/2025;2559;Cash
20388;19636;15/11/2024;4320;Bank Transfer
20389;12870;24/11/2025;15380;Bank Transfer
20390;10998;01/04/2026;13547;Bank Transfer
20391;8227;03/06/2025;19646;Bank Transfer
20392;10205;16/06/2025;11832;Online
20393;15464;04/01/2025;15560;Credit Card
20394;9994;11/04/2024;28299;Online
20395;2190;04/01/2025;17509;Debit Card
20396;18311;06/04/2025;8098;Debit Card
20397;8959;21/07/2026;1883;Cash
20398;17598;15/12/2024;5419;Cash
20399;12162;05/04/2025;12406;Credit Card
20400;11002;19/12/2025;24755;Cash
20401;6002;23/03/2024;19337;Bank Transfer
20402;18208;13/09/2025;24616;Cash
20403;8509;23/07/2025;14061;Debit Card
20404;6106;29/05/2026;23499;Credit Card
20405;1141;16/03/2025;798;Cash
20406;8356;18/05/2024;2413;Bank Transfer
20407;3215;10/07/2024;5172;Credit Card
20408;5589;23/10/2025;24447;Bank Transfer
20409;12043;05/11/2024;8699;Credit Card
20410;6829;29/06/2025;9455;Cash
20411;17698;18/05/2024;22611;Bank Transfer
20412;2189;17/06/2025;22547;Online
20413;954;22/07/2025;7829;Bank Transfer
20414;10891;03/09/2026;6929;Debit Card
20415;2570;23/04/2026;502;Debit Card
20416;13454;15/06/2026;20201;Bank Transfer
20417;16857;28/02/2024;26199;Online
20418;7295;15/07/2025;1919;Debit Card
20419;4008;09/07/2024;2855;Online
20420;7421;03/05/2024;26264;Credit Card
20421;12133;23/04/2024;28787;Credit Card
20422;5323;27/07/2024;25240;Cash
20423;12759;21/06/2024;28525;Credit Card
20424;2612;24/12/2025;8803;Bank Transfer
20425;765;16/08/2025;11925;Cash
20426;10495;03/06/2025;1389;Bank Transfer
20427;2447;25/02/2024;10581;Credit Card
20428;14677;09/05/2025;20943;Bank Transfer
20429;3191;14/10/2025;27807;Cash
20430;18886;03/04/2024;13482;Bank Transfer
20431;6001;16/02/2024;8728;Bank Transfer
20432;7304;16/05/2025;16592;Bank Transfer
20433;1746;01/12/2025;18420;Online
20434;13625;19/09/2025;26021;Debit Card
20435;7634;02/01/2025;20030;Cash
20436;15342;24/04/2026;10723;Online
20437;7772;03/02/2026;19792;Cash
20438;11000;14/03/2024;3767;Cash
20439;12929;03/06/2026;20363;Credit Card
20440;18447;07/04/2024;27517;Cash
20441;6464;20/08/2026;14868;Online
20442;11105;08/08/2025;16850;Online
20443;13994;15/04/2024;15629;Credit Card
20444;691;16/03/2025;6778;Credit Card
20445;4622;18/01/2026;28810;Credit Card
20446;14661;23/11/2023;13830;Cash
20447;13474;07/08/2026;10170;Cash
20448;14722;29/03/2025;21538;Bank Transfer
20449;15089;30/04/2024;14823;Bank Transfer
20450;14622;14/05/2026;7572;Cash
20451;6348;20/03/2026;11297;Bank Transfer
20452;15819;24/09/2024;16275;Online
20453;3874;14/07/2025;24789;Bank Transfer
20454;14263;11/06/2026;15912;Credit Card
20455;1146;27/12/2025;4855;Cash
20456;1132;30/06/2024;17726;Online
20457;13602;25/02/2025;21079;Online
20458;18827;27/04/2026;12325;Online
20459;14197;22/12/2023;20750;Debit Card
20460;13930;13/06/2024;3573;Online
20461;3598;22/08/2025;19690;Cash
20462;11816;13/11/2024;17782;Bank Transfer
20463;12576;02/01/2024;22414;Online
20464;4468;04/02/2024;18878;Cash
20465;4454;22/04/2025;6680;Credit Card
20466;16893;08/04/2024;6541;Bank Transfer
20467;11330;26/11/2024;19011;Bank Transfer
20468;14038;12/02/2026;26844;Debit Card
20469;6780;15/10/2024;8478;Cash
20470;7582;21/02/2026;3400;Bank Transfer
20471;9732;11/03/2026;13142;Debit Card
20472;18907;13/06/2026;11203;Bank Transfer
20473;15521;15/05/2026;23491;Debit Card
20474;18718;16/01/2024;14786;Online
20475;12017;12/05/2025;5531;Bank Transfer
20476;13100;31/12/2024;24984;Bank Transfer
20477;18535;09/11/2024;15138;Debit Card
20478;4935;03/03/2026;14735;Credit Card
20479;13778;12/07/2025;1885;Cash
20480;14572;30/06/2025;18027;Credit Card
20481;14463;25/11/2023;26341;Bank Transfer
20482;242;24/04/2024;13809;Credit Card
20483;2883;14/04/2025;3472;Online
20484;16082;17/03/2026;9173;Credit Card
20485;10515;06/01/2026;25302;Cash
20486;19790;28/10/2023;2977;Bank Transfer
20487;10023;20/01/2026;17319;Credit Card
20488;13904;17/06/2025;20940;Cash
20489;14446;03/01/2024;13077;Debit Card
20490;14762;28/10/2024;21223;Online
20491;10544;01/01/2025;28903;Online
20492;17984;12/08/2025;20485;Cash
20493;13627;02/05/2025;3950;Cash
20494;11665;11/08/2025;2100;Online
20495;14956;14/09/2025;26648;Online
20496;4737;16/06/2024;2656;Credit Card
20497;18011;05/04/2025;11966;Online
20498;684;02/09/2025;8745;Cash
20499;15198;05/05/2025;7490;Debit Card
20500;19106;09/06/2024;16741;Credit Card
20501;17124;26/02/2024;11441;Bank Transfer
20502;6311;28/01/2024;19706;Bank Transfer
20503;18977;30/06/2025;1745;Debit Card
20504;3378;06/08/2026;9223;Cash
20505;5437;19/07/2025;5027;Online
20506;11551;08/08/2024;6460;Credit Card
20507;10692;06/06/2024;17742;Bank Transfer
20508;15497;12/02/2026;10609;Cash
20509;11893;19/02/2025;4028;Cash
20510;4433;10/01/2024;14914;Online
20511;16733;11/05/2024;13060;Bank Transfer
20512;1062;24/12/2024;15180;Debit Card
20513;962;15/07/2025;913;Online
20514;13789;29/11/2023;12210;Online
20515;19325;04/10/2024;27685;Bank Transfer
20516;5842;25/06/2025;10632;Debit Card
20517;17230;15/11/2023;15840;Bank Transfer
20518;17259;24/11/2023;11486;Online
20519;7394;10/08/2024;13793;Cash
20520;17522;11/11/2023;29396;Credit Card
20521;9026;11/08/2025;26297;Credit Card
20522;9937;27/09/2023;10830;Bank Transfer
20523;16838;06/05/2026;24604;Bank Transfer
20524;18503;10/04/2024;12988;Bank Transfer
20525;18327;16/08/2024;6360;Bank Transfer
20526;297;25/04/2025;2727;Bank Transfer
20527;12957;12/05/2025;29850;Online
20528;427;31/10/2023;16537;Cash
20529;11939;05/08/2026;15195;Credit Card
20530;3338;08/07/2025;582;Cash
20531;581;06/03/2025;4586;Debit Card
20532;9219;16/11/2024;12787;Online
20533;17112;07/08/2025;1005;Credit Card
20534;13078;05/05/2026;20296;Cash
20535;15263;10/06/2026;28686;Debit Card
20536;15135;16/03/2024;3619;Credit Card
20537;6776;31/03/2025;16996;Debit Card
20538;9261;10/08/2025;24227;Debit Card
20539;15471;13/12/2024;26116;Credit Card
20540;1776;31/03/2026;18713;Credit Card
20541;5714;19/06/2024;23395;Cash
20542;5101;20/03/2026;14870;Credit Card
20543;17025;02/09/2026;1484;Cash
20544;5009;12/11/2023;15873;Online
20545;17172;10/06/2025;17874;Online
20546;15372;20/05/2025;18344;Cash
20547;12920;22/09/2023;7757;Debit Card
20548;967;04/06/2026;21426;Online
20549;6386;21/06/2024;24471;Credit Card
20550;6589;06/08/2026;4297;Cash
20551;11551;17/03/2025;4471;Credit Card
20552;12350;30/07/2025;27360;Bank Transfer
20553;12857;03/12/2023;11750;Online
20554;13004;26/08/2024;22424;Debit Card
20555;18465;13/06/2026;23532;Debit Card
20556;656;13/03/2024;3299;Online
20557;19026;06/06/2026;27286;Credit Card
20558;5259;03/02/2024;24862;Online
20559;8378;02/03/2024;25824;Cash
20560;1793;20/04/2026;29140;Online
20561;12756;18/09/2024;21844;Online
20562;14028;16/06/2025;28762;Credit Card
20563;17467;29/02/2024;6175;Online
20564;17028;05/10/2024;20490;Online
20565;3630;21/10/2023;27799;Debit Card
20566;14473;08/03/2025;21918;Debit Card
20567;18363;12/01/2025;5046;Online
20568;12603;05/08/2026;3059;Cash
20569;15073;19/08/2025;28199;Online
20570;2242;17/10/2023;7232;Bank Transfer
20571;425;15/02/2025;29065;Bank Transfer
20572;1244;19/06/2026;26133;Credit Card
20573;12746;29/09/2024;6978;Credit Card
20574;3767;02/03/2025;14116;Bank Transfer
20575;7898;26/12/2025;17032;Debit Card
20576;18139;12/12/2023;17601;Cash
20577;17991;08/05/2026;1652;Bank Transfer
20578;7219;12/06/2024;1359;Debit Card
20579;19473;02/12/2023;13732;Credit Card
20580;5732;02/11/2025;16753;Cash
20581;17732;07/07/2025;8895;Cash
20582;10230;18/10/2025;2118;Credit Card
20583;12184;04/08/2025;1321;Cash
20584;18467;21/10/2025;18782;Debit Card
20585;17725;10/07/2025;27253;Online
20586;12930;24/07/2025;5415;Debit Card
20587;17910;21/12/2025;23007;Cash
20588;14798;21/08/2026;17229;Online
20589;1961;09/10/2025;2160;Cash
20590;6350;01/03/2025;14950;Online
20591;17298;18/10/2024;1379;Bank Transfer
20592;16923;29/07/2025;12553;Bank Transfer
20593;11728;30/10/2024;18247;Debit Card
20594;16350;04/03/2025;16306;Credit Card
20595;17607;25/12/2024;13456;Bank Transfer
20596;15902;06/03/2024;2291;Cash
20597;6258;21/01/2026;6285;Cash
20598;2822;24/12/2023;4310;Credit Card
20599;7199;04/03/2025;23893;Credit Card
20600;5746;12/05/2025;26215;Online
20601;521;08/03/2026;15246;Debit Card
20602;11924;06/05/2024;3629;Bank Transfer
20603;19767;03/10/2024;29484;Cash
20604;13946;28/11/2024;17392;Bank Transfer
20605;14375;27/07/2024;24345;Bank Transfer
20606;621;18/08/2025;23214;Debit Card
20607;14562;26/08/2025;4313;Bank Transfer
20608;5063;02/04/2024;8064;Debit Card
20609;5455;19/02/2026;3985;Bank Transfer
20610;15238;04/03/2026;17570;Cash
20611;7492;23/02/2025;20526;Online
20612;17168;26/06/2025;3388;Debit Card
20613;17689;12/10/2023;21801;Credit Card
20614;18025;25/11/2023;2683;Credit Card
20615;13709;28/08/2025;7758;Debit Card
20616;9978;18/06/2026;29511;Debit Card
20617;3124;29/08/2024;24329;Cash
20618;6956;31/12/2024;7170;Bank Transfer
20619;19012;03/02/2026;21861;Debit Card
20620;19587;11/11/2025;5787;Debit Card
20621;11297;09/03/2024;1623;Credit Card
20622;13089;16/07/2025;28273;Online
20623;1632;18/07/2026;19234;Debit Card
20624;2702;03/11/2023;13650;Online
20625;9769;26/11/2025;2094;Online
20626;5003;24/03/2024;14567;Credit Card
20627;7604;26/06/2025;7864;Online
20628;10667;03/05/2026;19054;Credit Card
20629;1863;11/10/2023;15499;Online
20630;10814;06/10/2025;17034;Cash
20631;2686;16/09/2024;26019;Cash
20632;17095;02/05/2025;25702;Cash
20633;9472;02/06/2026;20004;Debit Card
20634;254;25/11/2023;29119;Cash
20635;7742;17/01/2025;22336;Online
20636;13567;24/05/2025;22986;Debit Card
20637;6099;04/10/2024;28883;Debit Card
20638;13771;10/01/2025;15643;Cash
20639;18501;05/04/2025;26311;Credit Card
20640;8056;26/10/2025;20267;Cash
20641;13956;12/02/2024;26327;Online
20642;588;13/12/2024;1409;Credit Card
20643;12289;23/09/2023;1324;Credit Card
20644;920;01/07/2024;17724;Bank Transfer
20645;941;26/09/2025;1880;Bank Transfer
20646;5919;29/11/2024;8700;Online
20647;7124;29/12/2023;25987;Credit Card
20648;15714;29/09/2023;13325;Bank Transfer
20649;17198;25/02/2026;21329;Bank Transfer
20650;19496;18/07/2024;11587;Online
20651;4516;16/01/2025;4952;Credit Card
20652;1844;30/12/2024;4892;Cash
20653;8069;05/04/2024;1475;Online
20654;13360;26/11/2024;23008;Bank Transfer
20655;19379;11/05/2025;17625;Credit Card
20656;11635;25/06/2024;9538;Bank Transfer
20657;16835;14/10/2024;3930;Cash
20658;14463;30/10/2025;12153;Online
20659;6597;10/06/2024;19291;Credit Card
20660;10879;27/08/2025;16229;Online
20661;12734;18/02/2025;22550;Online
20662;7167;22/07/2026;1348;Debit Card
20663;10892;01/06/2024;18669;Online
20664;5709;13/12/2025;25544;Online
20665;16948;20/09/2023;21497;Debit Card
20666;17783;26/07/2024;14830;Bank Transfer
20667;15261;22/11/2024;18215;Bank Transfer
20668;14458;10/12/2023;9544;Credit Card
20669;4266;31/05/2024;6969;Online
20670;13512;28/08/2025;24003;Bank Transfer
20671;3286;30/06/2026;25284;Cash
20672;5732;13/04/2024;2828;Credit Card
20673;6030;19/01/2026;19062;Debit Card
20674;4821;29/03/2025;27004;Credit Card
20675;11351;22/06/2025;12774;Online
20676;19249;29/05/2024;14441;Cash
20677;4794;29/10/2024;604;Credit Card
20678;1684;26/12/2024;22860;Bank Transfer
20679;15304;23/07/2026;19482;Cash
20680;560;28/01/2025;22158;Online
20681;7043;13/10/2025;26186;Credit Card
20682;13940;09/06/2026;5691;Cash
20683;11088;16/02/2026;9798;Online
20684;15963;27/06/2025;17262;Cash
20685;1733;30/12/2024;22249;Credit Card
20686;3542;24/09/2024;24725;Credit Card
20687;9358;12/03/2024;27460;Debit Card
20688;65;26/10/2023;23938;Online
20689;2588;27/06/2026;2807;Credit Card
20690;12193;16/12/2025;528;Bank Transfer
20691;3185;07/09/2024;18348;Debit Card
20692;14883;16/12/2024;19040;Credit Card
20693;16855;10/02/2026;11967;Cash
20694;14775;13/06/2026;26138;Cash
20695;6999;30/05/2026;25910;Cash
20696;13439;16/01/2024;1596;Debit Card
20697;4647;26/01/2025;2127;Bank Transfer
20698;12650;14/02/2024;2507;Credit Card
20699;6561;02/03/2025;12668;Debit Card
20700;4048;17/09/2024;950;Bank Transfer
20701;61;19/02/2025;23792;Credit Card
20702;2611;11/01/2024;26043;Debit Card
20703;3776;14/11/2023;11260;Bank Transfer
20704;10724;05/05/2025;7467;Debit Card
20705;6906;28/05/2025;716;Bank Transfer
20706;621;30/06/2024;7185;Bank Transfer
20707;14485;29/09/2024;22732;Bank Transfer
20708;635;11/08/2024;27042;Bank Transfer
20709;6891;13/01/2026;22808;Debit Card
20710;7055;24/06/2025;16861;Online
20711;4868;08/07/2026;9213;Debit Card
20712;6812;01/10/2024;7028;Cash
20713;19628;23/09/2025;23978;Credit Card
20714;460;29/09/2025;4573;Credit Card
20715;10247;22/07/2025;16743;Online
20716;17253;01/07/2025;14610;Bank Transfer
20717;11511;15/02/2025;13472;Credit Card
20718;17986;08/07/2026;23418;Debit Card
20719;14371;15/07/2025;17699;Cash
20720;14665;02/03/2025;11386;Bank Transfer
20721;4608;19/06/2025;26680;Cash
20722;633;12/10/2025;6365;Online
20723;3585;24/05/2024;8581;Debit Card
20724;19371;20/05/2025;21083;Debit Card
20725;1793;09/07/2026;17889;Debit Card
20726;10756;21/11/2025;5600;Debit Card
20727;12487;17/10/2023;8929;Online
20728;14882;16/02/2026;28657;Debit Card
20729;9936;03/01/2026;15727;Debit Card
20730;6742;12/04/2026;14595;Credit Card
20731;4572;06/09/2024;24306;Credit Card
20732;578;16/04/2025;27578;Debit Card
20733;10778;22/02/2026;3681;Credit Card
20734;14950;19/09/2023;823;Credit Card
20735;5532;02/06/2024;14680;Cash
20736;14141;22/05/2024;27521;Bank Transfer
20737;15660;12/06/2025;22474;Debit Card
20738;18448;15/12/2025;12610;Bank Transfer
20739;17169;15/01/2024;18278;Online
20740;2956;14/12/2025;17006;Credit Card
20741;7237;01/06/2026;25939;Debit Card
20742;12882;20/06/2026;8880;Bank Transfer
20743;17539;25/07/2026;2211;Bank Transfer
20744;10519;03/01/2026;12896;Online
20745;18647;27/08/2025;21363;Credit Card
20746;1692;03/10/2025;8543;Cash
20747;12386;17/07/2024;27967;Debit Card
20748;1545;03/03/2026;7428;Credit Card
20749;5827;20/06/2024;26727;Debit Card
20750;17525;03/09/2025;10744;Bank Transfer
20751;19682;15/02/2025;24259;Credit Card
20752;9907;18/05/2025;9790;Cash
20753;12205;25/03/2025;693;Online
20754;12357;08/10/2025;4317;Debit Card
20755;11064;07/01/2026;1464;Cash
20756;9116;05/10/2024;11566;Credit Card
20757;4476;01/11/2024;14170;Online
20758;13951;28/03/2025;13392;Online
20759;14398;31/05/2026;4201;Bank Transfer
20760;18617;20/10/2024;5622;Bank Transfer
20761;8599;10/03/2026;24308;Credit Card
20762;3759;22/11/2025;14843;Bank Transfer
20763;13531;24/11/2025;2951;Online
20764;15926;06/02/2025;5215;Online
20765;11624;22/07/2024;21521;Cash
20766;1846;21/07/2026;1036;Cash
20767;17015;15/05/2025;5807;Bank Transfer
20768;4239;08/08/2024;24647;Debit Card
20769;5313;07/04/2025;19438;Cash
20770;9844;24/06/2026;24128;Bank Transfer
20771;15295;22/09/2025;16459;Credit Card
20772;19614;21/11/2025;7687;Online
20773;12521;17/05/2024;11281;Credit Card
20774;17768;09/04/2025;19529;Cash
20775;3808;14/09/2023;13772;Debit Card
20776;1465;12/08/2024;13996;Cash
20777;5818;19/11/2025;17122;Debit Card
20778;6893;02/04/2026;25313;Credit Card
20779;6109;08/10/2023;1596;Cash
20780;17608;04/12/2024;16022;Bank Transfer
20781;4229;14/07/2026;10797;Cash
20782;2144;09/05/2024;21057;Bank Transfer
20783;17104;25/06/2024;1312;Cash
20784;19704;01/06/2025;10885;Online
20785;18138;23/07/2025;4820;Online
20786;252;26/12/2023;5252;Debit Card
20787;15614;27/06/2026;10780;Cash
20788;18287;29/08/2024;18167;Credit Card
20789;5193;15/02/2024;2171;Cash
20790;7096;27/06/2026;12845;Online
20791;7498;01/07/2025;13197;Online
20792;10431;30/11/2025;762;Credit Card
20793;17619;20/11/2023;15707;Cash
20794;1312;06/01/2026;23780;Bank Transfer
20795;7011;28/05/2024;29451;Bank Transfer
20796;11953;04/06/2026;10271;Credit Card
20797;12651;12/03/2025;26868;Credit Card
20798;2386;03/07/2025;28977;Bank Transfer
20799;11464;03/03/2025;27492;Credit Card
20800;16989;11/06/2025;22205;Cash
20801;10692;24/05/2026;7805;Bank Transfer
20802;4341;26/11/2023;26781;Debit Card
20803;17650;08/09/2026;24276;Credit Card
20804;18839;30/10/2025;5174;Credit Card
20805;6817;14/08/2026;4101;Cash
20806;9713;14/07/2024;4069;Credit Card
20807;16746;29/08/2026;15768;Bank Transfer
20808;8932;12/06/2024;14076;Bank Transfer
20809;10266;04/04/2025;29211;Online
20810;16722;07/06/2026;28903;Online
20811;19785;08/05/2026;27023;Bank Transfer
20812;7910;18/01/2025;10666;Debit Card
20813;12704;02/06/2024;9460;Cash
20814;18255;28/07/2026;26312;Credit Card
20815;17358;29/06/2026;10392;Cash
20816;15845;26/11/2023;17979;Cash
20817;14360;03/06/2026;26540;Bank Transfer
20818;2144;20/03/2025;11450;Cash
20819;15492;14/09/2025;19880;Cash
20820;5580;08/09/2026;20874;Debit Card
20821;4154;24/07/2024;2850;Cash
20822;2567;25/09/2023;3871;Cash
20823;17340;07/06/2024;16778;Credit Card
20824;1107;05/07/2024;25637;Bank Transfer
20825;4295;07/02/2026;516;Credit Card
20826;278;22/08/2024;1707;Credit Card
20827;14968;29/06/2024;667;Cash
20828;1051;06/06/2024;5709;Bank Transfer
20829;6790;01/05/2025;834;Debit Card
20830;5096;24/09/2025;22803;Credit Card
20831;12606;10/07/2026;17052;Credit Card
20832;14024;29/02/2024;28090;Credit Card
20833;16802;12/10/2023;9361;Credit Card
20834;16985;01/07/2025;19437;Credit Card
20835;7044;16/11/2023;11577;Bank Transfer
20836;4032;24/03/2026;28575;Cash
20837;10900;08/11/2023;9834;Debit Card
20838;17966;22/10/2023;27710;Credit Card
20839;11329;28/12/2024;17463;Cash
20840;4034;19/06/2026;11578;Cash
20841;5334;25/11/2023;18314;Credit Card
20842;7787;13/06/2026;17930;Online
20843;6424;04/12/2023;17421;Credit Card
20844;5493;07/09/2025;20187;Cash
20845;2087;07/04/2024;4632;Credit Card
20846;7063;11/12/2023;9733;Credit Card
20847;4020;26/11/2023;24021;Online
20848;10560;17/12/2023;18318;Bank Transfer
20849;3835;31/08/2024;3066;Credit Card
20850;9215;20/02/2025;13704;Bank Transfer
20851;8621;12/07/2024;2927;Credit Card
20852;19405;25/12/2025;12628;Bank Transfer
20853;7321;06/08/2024;27196;Bank Transfer
20854;19967;02/05/2024;1334;Cash
20855;6390;06/11/2024;21373;Online
20856;19209;06/01/2024;4154;Cash
20857;10143;17/03/2024;20358;Credit Card
20858;9123;03/02/2024;4686;Credit Card
20859;7169;14/08/2024;9429;Cash
20860;4196;14/11/2025;14488;Cash
20861;3425;02/08/2024;29951;Credit Card
20862;15417;16/03/2026;1028;Online
20863;854;22/09/2025;29453;Online
20864;3747;25/05/2025;20324;Bank Transfer
20865;15671;03/02/2025;28935;Credit Card
20866;10455;04/10/2025;8835;Cash
20867;7092;05/02/2026;8510;Debit Card
20868;4418;24/01/2024;646;Bank Transfer
20869;4760;04/06/2025;7879;Credit Card
20870;8125;29/12/2023;15900;Cash
20871;17945;08/03/2024;21096;Credit Card
20872;14872;27/04/2024;16269;Cash
20873;13458;10/05/2024;25265;Bank Transfer
20874;7505;31/05/2025;19802;Bank Transfer
20875;7833;05/09/2024;10704;Bank Transfer
20876;1081;30/06/2025;18138;Debit Card
20877;11430;25/02/2024;689;Debit Card
20878;12528;02/01/2025;25478;Online
20879;3161;14/01/2026;3516;Online
20880;14163;13/03/2024;24250;Bank Transfer
20881;7119;18/07/2026;23286;Online
20882;13973;16/06/2026;4795;Debit Card
20883;4502;31/03/2025;25740;Bank Transfer
20884;18823;18/05/2026;17231;Debit Card
20885;9139;19/02/2025;2990;Bank Transfer
20886;8415;27/01/2024;29574;Bank Transfer
20887;18355;21/02/2024;14604;Cash
20888;4406;01/04/2026;25510;Cash
20889;14045;02/05/2024;25541;Debit Card
20890;11755;01/02/2025;8393;Cash
20891;4420;11/06/2026;4996;Bank Transfer
20892;16165;06/07/2025;21797;Bank Transfer
20893;2724;24/09/2025;19860;Online
20894;517;26/06/2024;21580;Debit Card
20895;627;30/09/2023;22665;Cash
20896;10969;28/02/2025;20583;Bank Transfer
20897;248;15/10/2024;13475;Cash
20898;2477;01/06/2026;23418;Online
20899;16016;11/03/2024;21454;Credit Card
20900;18280;12/09/2024;22941;Credit Card
20901;4152;21/08/2026;24730;Cash
20902;604;07/11/2024;13458;Credit Card
20903;15773;20/09/2023;24563;Cash
20904;14659;19/02/2025;26534;Online
20905;4183;05/07/2024;9039;Cash
20906;10409;09/12/2023;26253;Bank Transfer
20907;9618;04/04/2026;24804;Cash
20908;749;05/09/2026;6573;Online
20909;7102;29/07/2025;12344;Cash
20910;14715;26/11/2024;15409;Credit Card
20911;16026;26/10/2023;26179;Online
20912;11658;20/06/2026;3322;Online
20913;14938;16/07/2024;23169;Bank Transfer
20914;14067;06/10/2024;12694;Online
20915;6436;22/09/2025;25788;Cash
20916;691;27/05/2026;7729;Credit Card
20917;7516;06/06/2025;9386;Debit Card
20918;8100;05/04/2025;19897;Credit Card
20919;6383;19/10/2023;23284;Bank Transfer
20920;1312;21/02/2024;18215;Debit Card
20921;3077;25/08/2026;7963;Credit Card
20922;4476;04/05/2024;10067;Bank Transfer
20923;14376;11/06/2026;12566;Credit Card
20924;11560;05/12/2025;9801;Online
20925;1457;17/10/2023;9698;Bank Transfer
20926;5070;07/12/2023;8650;Debit Card
20927;8712;18/04/2025;16197;Credit Card
20928;7311;21/02/2024;20025;Cash
20929;14444;17/10/2023;16014;Online
20930;4647;04/03/2026;29686;Cash
20931;14185;05/02/2026;9177;Debit Card
20932;2784;22/02/2025;1328;Online
20933;8350;05/09/2025;23404;Bank Transfer
20934;11663;09/09/2024;15615;Cash
20935;17614;24/09/2024;2732;Online
20936;1161;23/05/2026;15060;Online
20937;2361;28/12/2025;11240;Credit Card
20938;1487;13/03/2026;10324;Bank Transfer
20939;2976;21/09/2023;21486;Cash
20940;19908;06/01/2025;16556;Debit Card
20941;4997;28/06/2024;6576;Debit Card
20942;18360;25/05/2025;21354;Online
20943;1914;22/08/2026;20951;Cash
20944;1784;01/02/2024;10644;Credit Card
20945;2238;27/12/2025;17086;Cash
20946;10181;07/12/2023;17006;Cash
20947;12834;10/02/2024;6401;Cash
20948;17419;16/12/2023;3331;Debit Card
20949;16683;02/05/2025;10862;Online
20950;45;23/08/2024;29685;Online
20951;14947;25/10/2023;26290;Bank Transfer
20952;10586;08/09/2026;28405;Debit Card
20953;6369;20/12/2024;3474;Online
20954;17995;22/05/2025;13832;Bank Transfer
20955;2258;13/01/2025;8896;Online
20956;3132;03/01/2026;26065;Cash
20957;18377;26/05/2024;9696;Credit Card
20958;12827;10/02/2025;14596;Cash
20959;5477;15/03/2025;13352;Credit Card
20960;17816;21/08/2025;15502;Bank Transfer
20961;9570;19/06/2025;24924;Online
20962;1202;26/10/2025;2191;Bank Transfer
20963;11080;30/06/2026;14289;Credit Card
20964;9426;21/07/2025;7974;Cash
20965;14603;03/03/2025;2917;Cash
20966;10950;11/09/2025;27030;Cash
20967;5991;16/06/2026;9093;Credit Card
20968;8120;17/01/2026;7805;Credit Card
20969;3218;02/09/2026;11016;Credit Card
20970;13194;17/06/2025;19137;Online
20971;7459;06/03/2025;15429;Bank Transfer
20972;3487;02/05/2025;10085;Credit Card
20973;8627;26/11/2025;11252;Credit Card
20974;12888;16/05/2026;2587;Credit Card
20975;14671;12/01/2026;8640;Bank Transfer
20976;16931;19/06/2026;29594;Cash
20977;18144;20/05/2026;10011;Cash
20978;18164;12/02/2025;26537;Debit Card
20979;10862;08/09/2026;16123;Credit Card
20980;4472;31/08/2026;5987;Online
20981;13247;13/12/2023;12176;Bank Transfer
20982;5347;07/05/2025;3094;Online
20983;18255;20/04/2024;5384;Credit Card
20984;18093;05/06/2024;5967;Debit Card
20985;10385;08/05/2024;12135;Online
20986;14417;10/08/2025;2427;Debit Card
20987;3087;22/12/2023;7233;Bank Transfer
20988;6618;23/06/2024;22345;Online
20989;13523;01/09/2025;28262;Online
20990;13568;25/09/2023;22654;Bank Transfer
20991;2193;27/05/2026;10590;Cash
20992;13434;26/08/2026;29461;Cash
20993;17394;05/02/2024;20116;Bank Transfer
20994;12811;26/01/2024;12428;Debit Card
20995;11874;13/06/2024;10537;Credit Card
20996;3716;25/09/2024;13087;Bank Transfer
20997;12717;09/10/2023;4396;Cash
20998;3921;10/06/2024;29246;Cash
20999;1282;16/04/2026;6538;Debit Card
21000;12296;18/03/2025;9972;Online
21001;10018;23/07/2026;19476;Bank Transfer
21002;19244;11/01/2026;19721;Debit Card
21003;4656;20/04/2024;14786;Online
21004;6949;28/01/2025;6267;Online
21005;10750;26/10/2024;25066;Online
21006;3221;20/12/2025;9171;Bank Transfer
21007;6502;05/12/2025;11533;Online
21008;14092;31/03/2025;17130;Bank Transfer
21009;18715;21/02/2024;27612;Credit Card
21010;8696;27/01/2024;1578;Debit Card
21011;14477;13/11/2024;26125;Credit Card
21012;14044;14/11/2023;24301;Credit Card
21013;19070;18/12/2025;26016;Credit Card
21014;11302;16/04/2025;21606;Debit Card
21015;16211;03/10/2025;11789;Credit Card
21016;3425;06/06/2025;26451;Bank Transfer
21017;650;10/01/2025;1193;Cash
21018;9741;02/11/2025;18276;Bank Transfer
21019;12792;23/10/2025;15401;Debit Card
21020;16418;02/11/2024;29714;Online
21021;15068;14/05/2024;21344;Credit Card
21022;12639;29/08/2025;29637;Debit Card
21023;15706;18/12/2024;5860;Cash
21024;18798;08/11/2025;24888;Online
21025;15680;21/12/2024;25564;Debit Card
21026;3;04/05/2026;25058;Debit Card
21027;17390;15/04/2026;11415;Credit Card
21028;10965;21/03/2026;29838;Cash
21029;3368;15/06/2025;29889;Credit Card
21030;5575;29/11/2024;20133;Credit Card
21031;11825;19/02/2025;26747;Credit Card
21032;13753;16/04/2025;15243;Debit Card
21033;2512;16/06/2025;27011;Credit Card
21034;2168;11/10/2023;19318;Cash
21035;5827;30/11/2024;1050;Debit Card
21036;12169;01/08/2024;14400;Debit Card
21037;19202;24/02/2025;27088;Online
21038;3257;10/11/2024;17477;Debit Card
21039;12598;12/07/2025;26643;Credit Card
21040;13968;17/07/2024;13042;Online
21041;10477;22/11/2024;21781;Credit Card
21042;13879;14/02/2025;5757;Debit Card
21043;2851;20/04/2024;24417;Credit Card
21044;10509;30/03/2024;9327;Cash
21045;221;28/12/2023;27533;Bank Transfer
21046;15541;21/09/2024;18361;Online
21047;513;11/08/2026;21058;Credit Card
21048;15756;16/01/2025;12318;Bank Transfer
21049;15609;03/11/2023;16987;Online
21050;15487;02/11/2024;26280;Cash
21051;8178;16/02/2025;14838;Debit Card
21052;6820;24/09/2024;25668;Debit Card
21053;5527;15/12/2024;18995;Credit Card
21054;14804;28/09/2023;9568;Credit Card
21055;12238;02/09/2026;10614;Debit Card
21056;10887;26/01/2024;24704;Online
21057;19605;28/06/2026;16624;Online
21058;14196;21/02/2025;12758;Bank Transfer
21059;5526;27/12/2025;25658;Cash
21060;12208;11/04/2025;27574;Online
21061;15419;12/01/2025;13322;Bank Transfer
21062;763;03/11/2025;9833;Credit Card
21063;6606;02/02/2026;26113;Online
21064;11904;23/06/2026;10311;Cash
21065;7817;13/08/2024;13706;Online
21066;8003;09/10/2024;3310;Credit Card
21067;17007;16/02/2024;1089;Credit Card
21068;5845;06/03/2025;19943;Debit Card
21069;4194;25/03/2024;29780;Bank Transfer
21070;17357;18/07/2026;29513;Bank Transfer
21071;9812;25/01/2025;7031;Credit Card
21072;6436;12/06/2025;12795;Online
21073;15421;19/03/2025;2834;Credit Card
21074;5020;03/02/2024;6529;Cash
21075;13315;01/08/2025;8044;Bank Transfer
21076;2825;12/09/2026;2639;Online
21077;8588;15/09/2023;22095;Credit Card
21078;16810;22/02/2024;14938;Debit Card
21079;15453;26/02/2026;24288;Bank Transfer
21080;4006;09/03/2026;20393;Bank Transfer
21081;572;02/09/2024;7200;Online
21082;19273;10/01/2025;21304;Debit Card
21083;18083;13/06/2024;10303;Cash
21084;16173;03/01/2024;4728;Bank Transfer
21085;9249;20/12/2023;23085;Credit Card
21086;5205;26/04/2024;11123;Online
21087;10261;28/04/2025;18854;Online
21088;4939;29/05/2024;24405;Bank Transfer
21089;6553;12/04/2024;6887;Online
21090;2851;20/11/2025;11740;Bank Transfer
21091;15997;09/05/2025;8811;Online
21092;16502;25/10/2024;28326;Bank Transfer
21093;8573;21/12/2023;16045;Credit Card
21094;11734;24/02/2024;25118;Cash
21095;8892;04/10/2025;9644;Bank Transfer
21096;1729;05/05/2026;27876;Cash
21097;18860;20/08/2024;28385;Credit Card
21098;10423;07/09/2024;12746;Cash
21099;10534;27/05/2025;7785;Credit Card
21100;14513;16/03/2025;7601;Debit Card
21101;2404;05/11/2024;17139;Cash
21102;9853;31/12/2024;11076;Online
21103;4208;03/06/2025;20350;Online
21104;18210;03/06/2026;11455;Cash
21105;9580;08/07/2024;20827;Online
21106;17706;15/07/2025;17126;Debit Card
21107;10884;15/06/2025;27144;Debit Card
21108;10880;11/04/2024;12052;Credit Card
21109;204;18/03/2024;4370;Online
21110;5696;02/08/2025;10722;Online
21111;10265;24/11/2025;26165;Bank Transfer
21112;7814;16/04/2024;11925;Debit Card
21113;17231;27/04/2026;15770;Online
21114;742;24/09/2024;24070;Bank Transfer
21115;15785;07/06/2026;9725;Online
21116;15223;11/03/2025;11720;Credit Card
21117;4183;19/11/2025;6054;Credit Card
21118;7752;30/01/2025;11484;Debit Card
21119;6099;09/03/2026;22956;Cash
21120;361;23/02/2025;12208;Bank Transfer
21121;4567;07/12/2023;11409;Online
21122;15921;19/03/2024;19725;Online
21123;18582;16/07/2024;16593;Bank Transfer
21124;16239;16/02/2026;20448;Bank Transfer
21125;572;27/03/2026;2004;Credit Card
21126;563;19/09/2023;3611;Debit Card
21127;5924;22/06/2024;18119;Bank Transfer
21128;9422;09/12/2023;2161;Credit Card
21129;8143;07/06/2025;10141;Credit Card
21130;4040;10/06/2024;20742;Debit Card
21131;12674;13/01/2025;24033;Online
21132;7287;12/09/2025;23442;Debit Card
21133;2421;18/11/2023;3539;Bank Transfer
21134;19979;03/11/2024;23616;Bank Transfer
21135;14455;19/02/2025;8218;Debit Card
21136;10056;18/09/2023;23632;Bank Transfer
21137;18888;30/07/2026;6101;Debit Card
21138;2157;27/03/2026;18312;Credit Card
21139;11188;23/01/2025;16706;Credit Card
21140;8511;13/12/2023;15457;Debit Card
21141;17253;27/11/2025;5739;Debit Card
21142;7246;14/04/2026;24244;Online
21143;16838;13/04/2025;25497;Online
21144;2430;06/04/2025;19428;Bank Transfer
21145;18819;18/11/2023;22417;Online
21146;9400;12/08/2024;29473;Credit Card
21147;4366;26/10/2025;28098;Debit Card
21148;8064;01/08/2026;4528;Debit Card
21149;4696;16/05/2024;25901;Debit Card
21150;6279;09/01/2025;29231;Bank Transfer
21151;292;23/09/2024;28310;Bank Transfer
21152;13830;23/10/2023;6357;Bank Transfer
21153;2565;17/04/2024;21569;Online
21154;4173;03/03/2025;29697;Online
21155;7978;27/03/2026;27239;Online
21156;6052;10/06/2024;17509;Cash
21157;4896;28/03/2024;24169;Cash
21158;8256;10/06/2025;26004;Cash
21159;3956;23/10/2024;17065;Online
21160;12616;16/03/2026;19591;Cash
21161;16550;14/02/2026;873;Debit Card
21162;13082;06/01/2024;16405;Online
21163;14763;24/10/2025;7155;Credit Card
21164;13429;04/10/2023;20363;Cash
21165;15798;10/10/2025;12951;Credit Card
21166;12558;11/07/2026;19513;Cash
21167;18235;07/02/2026;8486;Debit Card
21168;2818;12/11/2023;11387;Cash
21169;3798;15/09/2023;6426;Bank Transfer
21170;3637;12/06/2024;976;Bank Transfer
21171;11464;30/11/2023;2754;Credit Card
21172;4562;15/07/2024;11440;Debit Card
21173;15570;28/09/2025;7406;Debit Card
21174;4016;27/03/2024;14295;Bank Transfer
21175;9810;19/07/2024;24809;Debit Card
21176;640;30/10/2024;10314;Bank Transfer
21177;15793;30/08/2026;13990;Cash
21178;18345;24/10/2023;3862;Online
21179;8066;06/05/2024;9930;Cash
21180;2849;22/04/2026;22541;Cash
21181;5827;04/06/2026;13529;Cash
21182;9962;30/09/2025;20304;Credit Card
21183;14494;29/12/2024;17627;Credit Card
21184;19287;16/06/2025;11081;Bank Transfer
21185;1877;12/01/2026;23612;Credit Card
21186;1698;20/06/2025;28564;Bank Transfer
21187;5120;03/04/2025;13453;Online
21188;19133;11/10/2025;24615;Bank Transfer
21189;15072;04/05/2026;14686;Cash
21190;15673;29/06/2025;21355;Bank Transfer
21191;4852;11/04/2024;28890;Cash
21192;1850;31/07/2026;17042;Debit Card
21193;12380;31/08/2025;26322;Cash
21194;13454;08/09/2025;23904;Debit Card
21195;12801;13/08/2026;8315;Debit Card
21196;15281;09/04/2026;25456;Cash
21197;486;19/12/2025;26647;Debit Card
21198;3531;22/09/2025;24961;Cash
21199;19184;14/08/2026;10561;Credit Card
21200;18317;13/04/2025;5436;Bank Transfer
21201;6574;22/12/2023;2979;Credit Card
21202;8774;10/12/2025;26199;Credit Card
21203;15886;08/06/2026;28220;Credit Card
21204;1239;28/09/2025;25049;Online
21205;5079;16/10/2025;16310;Debit Card
21206;13235;01/07/2024;3811;Debit Card
21207;6235;04/12/2023;26610;Online
21208;10701;20/06/2026;15135;Debit Card
21209;11942;05/12/2023;27301;Credit Card
21210;7481;18/01/2025;6485;Online
21211;940;28/12/2024;5920;Credit Card
21212;3094;28/11/2023;5150;Cash
21213;15251;08/12/2024;14325;Bank Transfer
21214;15980;22/09/2025;24202;Debit Card
21215;1081;19/12/2024;29900;Online
21216;7276;02/04/2026;6498;Online
21217;18782;27/07/2026;25592;Credit Card
21218;1433;13/05/2024;1680;Debit Card
21219;6453;28/06/2026;21739;Online
21220;16084;06/02/2025;13357;Bank Transfer
21221;2206;30/04/2025;770;Credit Card
21222;3426;20/07/2024;11287;Bank Transfer
21223;3308;05/09/2024;27221;Bank Transfer
21224;8905;21/04/2024;7548;Credit Card
21225;14621;25/04/2026;19619;Debit Card
21226;1773;08/09/2024;8893;Bank Transfer
21227;8165;15/05/2026;27184;Cash
21228;15327;26/03/2026;28405;Cash
21229;16916;25/02/2025;2354;Credit Card
21230;8601;27/04/2026;10473;Credit Card
21231;8023;11/12/2024;1764;Debit Card
21232;3698;15/08/2025;19499;Cash
21233;5287;19/03/2026;10645;Online
21234;392;17/02/2025;19191;Credit Card
21235;5132;03/05/2024;990;Online
21236;19560;15/04/2024;28651;Credit Card
21237;3049;24/02/2024;812;Debit Card
21238;18724;16/08/2026;23604;Online
21239;8947;19/04/2025;5297;Debit Card
21240;13602;04/07/2026;21315;Bank Transfer
21241;17529;10/11/2024;4696;Online
21242;15176;10/12/2025;18854;Credit Card
21243;11650;07/08/2025;17482;Cash
21244;859;04/01/2025;29349;Credit Card
21245;1545;19/10/2025;25640;Debit Card
21246;5229;13/08/2025;12910;Debit Card
21247;8558;15/12/2024;10965;Cash
21248;19601;15/05/2025;21038;Bank Transfer
21249;5888;05/07/2024;19279;Credit Card
21250;14182;02/05/2025;10993;Cash
21251;14099;07/03/2026;11043;Credit Card
21252;2839;06/02/2026;29534;Online
21253;6417;03/03/2024;10485;Online
21254;9042;26/03/2026;27508;Bank Transfer
21255;3807;28/12/2023;29559;Credit Card
21256;6442;18/08/2024;15379;Bank Transfer
21257;1849;07/04/2025;14836;Bank Transfer
21258;19066;24/06/2024;3545;Bank Transfer
21259;4647;02/09/2024;24182;Cash
21260;9221;11/02/2026;28374;Credit Card
21261;17476;14/12/2023;21775;Credit Card
21262;13047;08/04/2025;15007;Credit Card
21263;3929;08/10/2024;29070;Credit Card
21264;17026;16/09/2024;22203;Online
21265;13718;30/08/2024;28159;Cash
21266;17437;17/05/2026;14832;Debit Card
21267;6629;11/06/2026;16414;Debit Card
21268;1321;09/01/2025;18674;Online
21269;13398;03/10/2025;16085;Credit Card
21270;8733;07/01/2024;18438;Online
21271;6593;18/11/2025;4478;Bank Transfer
21272;13827;16/10/2023;7207;Debit Card
21273;9579;02/07/2026;23882;Bank Transfer
21274;6038;26/01/2026;11696;Credit Card
21275;8878;11/08/2026;15740;Debit Card
21276;14908;24/04/2025;16436;Cash
21277;19820;27/12/2025;23938;Cash
21278;15828;31/10/2025;15440;Bank Transfer
21279;4888;14/09/2023;5567;Cash
21280;13420;31/08/2024;6245;Debit Card
21281;14960;14/12/2025;19340;Bank Transfer
21282;7229;16/04/2024;6013;Bank Transfer
21283;12305;17/04/2026;26092;Credit Card
21284;11390;27/11/2023;15621;Cash
21285;9952;30/11/2024;11149;Online
21286;3815;14/12/2024;9177;Cash
21287;7439;08/07/2025;14355;Online
21288;6158;10/06/2024;13667;Credit Card
21289;18192;06/11/2023;16746;Debit Card
21290;10231;19/09/2025;6689;Online
21291;6810;27/01/2026;7872;Debit Card
21292;3821;23/10/2025;8983;Cash
21293;16153;24/01/2025;21832;Cash
21294;10051;14/08/2026;18321;Bank Transfer
21295;18516;03/08/2025;25661;Online
21296;3595;13/09/2025;21716;Online
21297;673;10/01/2024;27519;Bank Transfer
21298;3107;14/08/2026;7927;Cash
21299;2513;24/05/2026;1292;Bank Transfer
21300;5040;01/10/2023;7891;Credit Card
21301;17701;08/02/2025;4056;Online
21302;846;02/11/2025;15021;Cash
21303;6843;05/11/2025;29868;Credit Card
21304;14732;10/02/2025;12014;Debit Card
21305;19256;27/05/2025;4718;Debit Card
21306;2398;02/01/2025;28086;Online
21307;3522;04/01/2025;23417;Credit Card
21308;1050;08/01/2024;6009;Debit Card
21309;1843;11/02/2024;17268;Credit Card
21310;348;28/07/2025;15379;Cash
21311;15733;19/08/2026;29720;Cash
21312;15734;17/06/2024;19599;Credit Card
21313;799;24/04/2026;12751;Bank Transfer
21314;18819;30/09/2023;28118;Online
21315;4659;25/12/2025;25537;Credit Card
21316;3202;15/02/2026;27611;Credit Card
21317;2419;19/09/2025;28606;Cash
21318;3112;02/10/2025;12198;Debit Card
21319;13793;26/06/2026;3420;Credit Card
21320;7379;24/02/2025;25959;Online
21321;15334;09/08/2026;6831;Bank Transfer
21322;1142;14/04/2025;12292;Cash
21323;4586;10/06/2024;16102;Credit Card
21324;16877;06/04/2025;25817;Debit Card
21325;2799;16/01/2024;8568;Online
21326;8641;07/11/2023;1050;Cash
21327;14785;04/04/2025;15569;Online
21328;18039;19/03/2024;5820;Debit Card
21329;6140;19/12/2023;8213;Cash
21330;7284;22/05/2024;23054;Online
21331;9518;14/05/2026;23514;Debit Card
21332;15257;26/07/2025;3316;Debit Card
21333;8680;02/08/2024;2059;Credit Card
21334;14752;16/09/2025;12495;Cash
21335;12009;16/06/2026;21473;Online
21336;15249;08/06/2025;9353;Credit Card
21337;16802;25/02/2024;5572;Debit Card
21338;7376;27/07/2026;8082;Bank Transfer
21339;19461;20/03/2025;11535;Credit Card
21340;7033;25/04/2026;22982;Cash
21341;13203;06/10/2025;28184;Online
21342;2157;10/08/2026;27815;Online
21343;15234;29/02/2024;17126;Credit Card
21344;4797;18/03/2025;2234;Cash
21345;10894;21/01/2026;16932;Debit Card
21346;2719;27/09/2023;1399;Debit Card
21347;11319;27/08/2025;22818;Cash
21348;6254;29/11/2024;20266;Cash
21349;15010;10/12/2024;1163;Credit Card
21350;5739;05/10/2024;12673;Bank Transfer
21351;991;10/09/2026;6223;Online
21352;7991;31/05/2024;21160;Bank Transfer
21353;6674;30/07/2024;25614;Debit Card
21354;9;12/03/2024;9637;Credit Card
21355;1608;19/10/2024;21465;Credit Card
21356;1981;11/08/2024;19479;Credit Card
21357;10198;03/10/2024;5431;Debit Card
21358;14256;23/03/2025;8251;Debit Card
21359;13617;28/03/2025;13746;Credit Card
21360;10453;18/12/2024;3696;Cash
21361;13853;18/03/2025;27258;Bank Transfer
21362;6888;01/05/2025;23774;Bank Transfer
21363;12151;09/06/2026;29662;Bank Transfer
21364;5238;08/10/2023;25423;Cash
21365;16203;06/08/2026;29325;Cash
21366;19022;26/11/2024;18140;Debit Card
21367;17152;13/05/2024;2713;Credit Card
21368;15587;02/05/2024;14726;Online
21369;2011;12/08/2025;4350;Cash
21370;19167;20/03/2024;15838;Credit Card
21371;7036;08/04/2024;23194;Cash
21372;15782;09/03/2026;1210;Credit Card
21373;16809;15/07/2026;13667;Cash
21374;7254;28/06/2026;23955;Cash
21375;7228;26/08/2024;17618;Bank Transfer
21376;11522;15/08/2024;8497;Cash
21377;9319;18/06/2024;1645;Online
21378;4542;28/07/2026;10729;Debit Card
21379;5568;24/04/2026;6739;Credit Card
21380;3614;20/03/2024;24936;Bank Transfer
21381;6060;15/01/2024;23668;Cash
21382;18009;21/02/2024;9988;Debit Card
21383;16158;18/12/2024;21194;Bank Transfer
21384;15587;28/05/2024;18466;Credit Card
21385;7393;14/05/2024;2053;Debit Card
21386;19518;25/05/2024;24479;Debit Card
21387;5490;03/08/2025;23548;Cash
21388;4146;18/03/2024;9547;Credit Card
21389;4085;17/11/2024;4273;Online
21390;3140;17/11/2025;13519;Credit Card
21391;13182;29/08/2026;14968;Debit Card
21392;18148;18/06/2025;25123;Credit Card
21393;1539;05/01/2025;11921;Cash
21394;5621;29/01/2026;22427;Online
21395;8855;20/06/2026;21407;Bank Transfer
21396;478;21/06/2026;24140;Cash
21397;5141;21/01/2026;6099;Cash
21398;3460;26/05/2025;9753;Credit Card
21399;2253;19/10/2023;27383;Online
21400;10725;30/01/2025;27968;Credit Card
21401;4800;30/01/2026;27069;Debit Card
21402;11560;23/12/2023;16929;Cash
21403;9039;31/07/2024;11347;Bank Transfer
21404;11353;01/10/2023;26797;Debit Card
21405;19365;30/01/2024;29964;Cash
21406;16752;14/02/2024;12382;Online
21407;14706;30/04/2025;24324;Online
21408;8715;30/08/2024;3866;Online
21409;15796;05/03/2026;5160;Debit Card
21410;12563;23/11/2025;25378;Cash
21411;8445;01/05/2025;10208;Online
21412;16806;24/01/2025;15777;Online
21413;14712;18/01/2024;16286;Cash
21414;1648;15/03/2025;6779;Cash
21415;1790;21/11/2024;5117;Debit Card
21416;7940;22/08/2025;9147;Credit Card
21417;19532;16/02/2025;6353;Cash
21418;16172;19/01/2026;6354;Cash
21419;7756;01/12/2024;3588;Cash
21420;9859;09/04/2026;29953;Debit Card
21421;17886;15/12/2023;26495;Cash
21422;15120;08/03/2024;28450;Cash
21423;12122;25/02/2024;10408;Bank Transfer
21424;14637;09/11/2023;2447;Debit Card
21425;1379;18/06/2024;6498;Bank Transfer
21426;1397;11/12/2025;2129;Cash
21427;8732;03/07/2024;3535;Bank Transfer
21428;13439;22/05/2024;27086;Credit Card
21429;8357;28/07/2026;7843;Debit Card
21430;7326;07/04/2026;7891;Cash
21431;15584;11/02/2025;4771;Debit Card
21432;14624;25/12/2025;27113;Bank Transfer
21433;8577;15/01/2026;18850;Cash
21434;16971;18/05/2024;28691;Credit Card
21435;16151;12/04/2025;17029;Cash
21436;14541;11/10/2023;14476;Online
21437;12213;25/12/2024;16892;Credit Card
21438;14440;06/02/2026;2743;Bank Transfer
21439;17160;17/07/2025;24218;Debit Card
21440;15925;31/05/2025;3925;Cash
21441;9885;14/03/2025;27012;Debit Card
21442;14543;20/02/2026;18747;Online
21443;14620;12/10/2025;13307;Cash
21444;3419;31/03/2025;6806;Cash
21445;2265;03/09/2026;1995;Cash
21446;14406;05/10/2023;25601;Cash
21447;13347;26/09/2024;19213;Cash
21448;16779;11/10/2025;13766;Debit Card
21449;19440;26/02/2026;27220;Online
21450;12616;24/11/2023;20562;Cash
21451;9936;15/09/2025;29943;Bank Transfer
21452;19124;16/05/2024;23359;Bank Transfer
21453;4775;07/01/2026;29352;Debit Card
21454;4251;19/01/2024;18230;Debit Card
21455;10874;20/11/2024;1742;Debit Card
21456;3897;31/07/2025;4604;Online
21457;11924;27/09/2023;6406;Bank Transfer
21458;15035;19/05/2025;14529;Bank Transfer
21459;18342;07/12/2025;20810;Credit Card
21460;15276;20/08/2024;13027;Bank Transfer
21461;10495;31/10/2025;27977;Online
21462;15005;08/03/2025;8528;Debit Card
21463;5916;03/08/2025;29349;Credit Card
21464;2721;07/11/2025;7199;Debit Card
21465;4410;05/04/2024;21760;Bank Transfer
21466;10207;02/07/2025;1218;Credit Card
21467;18952;18/08/2026;25257;Debit Card
21468;3665;28/12/2025;2564;Bank Transfer
21469;6584;18/08/2025;8089;Cash
21470;13009;15/06/2024;30000;Debit Card
21471;13095;06/06/2025;11074;Bank Transfer
21472;17828;20/02/2024;29403;Online
21473;18196;10/05/2025;2175;Credit Card
21474;7887;27/12/2023;1300;Cash
21475;14966;18/09/2025;21298;Credit Card
21476;5824;27/08/2026;13683;Debit Card
21477;18341;01/07/2024;21142;Credit Card
21478;5414;24/04/2025;18057;Credit Card
21479;1729;14/09/2025;5602;Bank Transfer
21480;17906;19/06/2026;23223;Debit Card
21481;4093;30/07/2025;15478;Cash
21482;17124;06/02/2025;28231;Online
21483;4243;10/06/2024;29013;Cash
21484;16981;15/02/2025;15040;Online
21485;5277;02/11/2025;23788;Debit Card
21486;5670;19/02/2024;2878;Online
21487;13675;04/09/2026;15728;Bank Transfer
21488;13149;23/01/2025;4075;Online
21489;11628;15/03/2024;798;Credit Card
21490;9740;02/09/2024;20430;Credit Card
21491;10348;14/07/2026;18104;Online
21492;16982;19/10/2024;2628;Debit Card
21493;15638;23/07/2025;21909;Cash
21494;11448;29/01/2026;4729;Credit Card
21495;5814;04/04/2026;26812;Online
21496;15079;25/11/2024;5967;Online
21497;13332;30/04/2026;12679;Credit Card
21498;16530;14/05/2026;12083;Bank Transfer
21499;373;10/08/2026;11393;Credit Card
21500;12763;22/03/2026;28204;Credit Card
21501;15352;14/04/2026;1774;Bank Transfer
21502;13255;19/05/2026;12012;Debit Card
21503;19592;28/11/2023;5018;Bank Transfer
21504;12516;31/03/2026;6963;Cash
21505;12524;06/12/2024;15748;Debit Card
21506;5772;18/12/2023;14766;Cash
21507;14528;19/09/2024;27283;Online
21508;9567;07/07/2025;25506;Debit Card
21509;11863;11/03/2025;16825;Bank Transfer
21510;16655;27/01/2025;26976;Bank Transfer
21511;15076;05/08/2025;9147;Debit Card
21512;2594;17/05/2025;6853;Online
21513;7612;04/09/2025;12116;Cash
21514;18832;29/08/2026;12499;Bank Transfer
21515;16456;09/01/2025;20389;Bank Transfer
21516;2469;31/12/2024;29366;Debit Card
21517;16801;05/05/2024;21006;Online
21518;751;11/11/2024;17732;Online
21519;15305;12/03/2025;23481;Online
21520;11954;23/04/2025;13807;Online
21521;3165;10/05/2024;1207;Online
21522;10378;08/12/2024;12496;Cash
21523;9071;04/01/2024;15162;Debit Card
21524;10480;22/08/2026;20968;Online
21525;2984;07/11/2023;21305;Bank Transfer
21526;8658;01/03/2025;24392;Online
21527;7308;22/10/2023;4202;Online
21528;817;29/03/2026;2454;Bank Transfer
21529;16670;05/03/2024;19103;Credit Card
21530;12729;30/04/2025;10066;Cash
21531;13125;17/08/2026;26048;Online
21532;2456;14/11/2025;21999;Online
21533;7662;11/07/2025;21326;Bank Transfer
21534;15400;24/09/2023;13191;Bank Transfer
21535;8654;24/06/2025;22329;Credit Card
21536;15360;07/10/2024;2107;Debit Card
21537;17371;13/11/2025;2187;Bank Transfer
21538;14001;04/10/2024;27674;Cash
21539;12729;04/10/2025;6238;Credit Card
21540;1700;07/10/2024;26673;Credit Card
21541;13800;17/11/2024;781;Debit Card
21542;7008;16/05/2025;5747;Bank Transfer
21543;8231;27/02/2026;13362;Bank Transfer
21544;13898;11/04/2025;28057;Debit Card
21545;15481;29/04/2026;9063;Bank Transfer
21546;4246;16/09/2024;5298;Cash
21547;10123;09/12/2024;5711;Cash
21548;12779;06/03/2026;22052;Bank Transfer
21549;9580;17/07/2024;7744;Debit Card
21550;12773;22/06/2025;5351;Online
21551;5692;03/04/2024;5005;Online
21552;7049;09/03/2024;24787;Debit Card
21553;6536;18/06/2026;3070;Bank Transfer
21554;18740;18/08/2024;2482;Debit Card
21555;17786;27/11/2024;581;Credit Card
21556;14654;01/09/2024;18093;Cash
21557;16494;09/01/2024;7049;Cash
21558;10796;29/07/2026;9985;Debit Card
21559;4138;18/04/2025;13129;Cash
21560;10050;28/11/2023;3025;Online
21561;820;26/11/2023;15582;Online
21562;722;30/10/2023;14353;Credit Card
21563;11917;14/02/2025;10033;Credit Card
21564;12898;26/06/2024;26282;Online
21565;7743;07/12/2024;6550;Debit Card
21566;1661;10/06/2026;25174;Credit Card
21567;5854;04/01/2025;21257;Credit Card
21568;8275;09/11/2023;21201;Bank Transfer
21569;19287;26/06/2025;5885;Credit Card
21570;17774;14/12/2025;24819;Debit Card
21571;9559;26/07/2026;7842;Online
21572;6728;16/10/2023;23164;Online
21573;9196;30/05/2024;21062;Bank Transfer
21574;2602;11/07/2025;15991;Online
21575;18356;24/01/2025;6720;Online
21576;697;09/12/2023;14697;Online
21577;10406;09/04/2025;18200;Online
21578;17899;31/05/2025;8690;Cash
21579;9046;11/11/2023;14284;Cash
21580;17636;27/07/2024;9764;Cash
21581;15432;17/08/2024;6723;Debit Card
21582;11610;10/08/2024;24436;Debit Card
21583;2463;19/05/2024;21284;Cash
21584;759;15/06/2025;11853;Bank Transfer
21585;19589;26/01/2026;17743;Cash
21586;15429;17/08/2025;8663;Cash
21587;1841;13/07/2024;3418;Bank Transfer
21588;4121;21/08/2024;15348;Bank Transfer
21589;14270;05/09/2024;27819;Online
21590;7934;08/05/2025;13566;Debit Card
21591;13271;28/11/2025;11792;Bank Transfer
21592;1108;15/03/2025;24573;Debit Card
21593;19264;21/02/2026;8961;Cash
21594;15057;04/04/2026;27911;Credit Card
21595;12100;10/07/2025;16562;Credit Card
21596;1967;24/05/2024;15947;Debit Card
21597;8657;08/09/2024;15695;Bank Transfer
21598;2230;22/07/2024;18761;Online
21599;6141;03/01/2024;20945;Cash
21600;6708;17/05/2026;1187;Online
21601;5661;02/04/2024;24534;Online
21602;12551;22/09/2024;21794;Cash
21603;8751;09/06/2024;21841;Online
21604;10173;12/03/2025;9487;Online
21605;5105;10/12/2025;25194;Online
21606;14506;19/12/2023;17912;Debit Card
21607;13665;24/09/2024;6834;Debit Card
21608;16643;16/04/2026;25965;Bank Transfer
21609;6921;13/05/2024;16900;Online
21610;15119;13/04/2024;4944;Debit Card
21611;3473;23/11/2025;21056;Bank Transfer
21612;13934;12/09/2025;9337;Cash
21613;16284;04/12/2025;8605;Online
21614;4662;31/03/2024;19803;Bank Transfer
21615;2624;07/07/2024;1342;Bank Transfer
21616;8073;27/09/2024;7244;Bank Transfer
21617;10085;16/12/2024;1014;Online
21618;7335;01/09/2024;7122;Cash
21619;9513;15/07/2024;17394;Debit Card
21620;19452;22/08/2025;28327;Bank Transfer
21621;1454;10/02/2026;29979;Bank Transfer
21622;13655;28/07/2025;2003;Debit Card
21623;13426;30/09/2023;11981;Bank Transfer
21624;6053;16/11/2025;8554;Debit Card
21625;1983;26/07/2024;12905;Bank Transfer
21626;12869;09/09/2025;26944;Debit Card
21627;15897;21/09/2024;21335;Bank Transfer
21628;9567;01/12/2025;27242;Cash
21629;9964;07/10/2025;20905;Debit Card
21630;18319;22/03/2025;10310;Bank Transfer
21631;13388;16/04/2026;9566;Credit Card
21632;6673;11/10/2024;19481;Debit Card
21633;10220;26/07/2024;24287;Online
21634;8013;12/04/2025;15180;Bank Transfer
21635;4782;11/05/2024;10095;Debit Card
21636;9889;10/12/2023;3540;Debit Card
21637;10499;16/01/2026;6383;Cash
21638;16027;17/08/2025;26710;Debit Card
21639;5835;14/06/2026;4575;Credit Card
21640;8540;22/01/2026;21631;Cash
21641;7569;02/04/2025;14931;Cash
21642;12716;09/07/2025;25605;Bank Transfer
21643;3441;24/07/2025;21419;Bank Transfer
21644;19946;09/05/2025;19307;Cash
21645;1016;13/09/2024;25476;Debit Card
21646;11875;16/06/2025;12477;Debit Card
21647;10342;26/12/2023;9351;Credit Card
21648;1022;15/02/2024;23531;Debit Card
21649;14313;26/07/2026;5121;Credit Card
21650;9293;18/01/2026;5444;Online
21651;14893;17/07/2024;16832;Online
21652;18680;25/08/2025;29359;Online
21653;17319;08/01/2025;8265;Credit Card
21654;19551;10/09/2024;24122;Cash
21655;12019;29/05/2025;12941;Credit Card
21656;4182;08/05/2025;16297;Debit Card
21657;18328;28/09/2023;11746;Debit Card
21658;11449;11/02/2024;1959;Bank Transfer
21659;19025;20/01/2024;22806;Bank Transfer
21660;16473;13/12/2025;10776;Credit Card
21661;17863;10/02/2024;26150;Online
21662;7597;08/12/2025;12673;Cash
21663;14300;10/08/2024;24875;Bank Transfer
21664;9512;23/05/2025;27408;Online
21665;8125;22/02/2026;21543;Bank Transfer
21666;19866;04/12/2025;22303;Credit Card
21667;19886;21/08/2024;5050;Cash
21668;1252;11/11/2023;11337;Bank Transfer
21669;15749;19/02/2026;27063;Bank Transfer
21670;15081;03/01/2026;2624;Bank Transfer
21671;2356;14/07/2026;13925;Debit Card
21672;3503;09/07/2024;27584;Bank Transfer
21673;5028;25/03/2026;14554;Bank Transfer
21674;2946;19/03/2024;5321;Debit Card
21675;5872;29/01/2025;1039;Credit Card
21676;16150;09/01/2025;24720;Debit Card
21677;13038;04/05/2026;8992;Credit Card
21678;14025;30/01/2025;23832;Bank Transfer
21679;2037;25/10/2025;20329;Credit Card
21680;4864;02/04/2026;7514;Bank Transfer
21681;17388;24/03/2026;2420;Bank Transfer
21682;10941;18/08/2026;9041;Debit Card
21683;18051;03/11/2024;22179;Bank Transfer
21684;19559;21/08/2024;6703;Bank Transfer
21685;4085;22/06/2024;11481;Bank Transfer
21686;1450;05/05/2024;23426;Credit Card
21687;5620;19/10/2025;6315;Cash
21688;7154;22/05/2026;5034;Debit Card
21689;9263;08/12/2024;19802;Online
21690;12997;10/10/2024;13466;Credit Card
21691;1489;21/09/2025;27853;Cash
21692;12225;22/10/2023;16945;Debit Card
21693;4750;14/05/2025;18409;Cash
21694;7798;12/04/2025;11318;Cash
21695;19274;14/11/2025;19665;Online
21696;14567;22/04/2024;6430;Bank Transfer
21697;14308;26/04/2025;14210;Debit Card
21698;15814;22/12/2024;4620;Credit Card
21699;3301;13/03/2024;18711;Cash
21700;1933;25/11/2023;23755;Debit Card
21701;3652;08/10/2023;3843;Debit Card
21702;8155;30/09/2023;29583;Debit Card
21703;11998;12/09/2025;24109;Credit Card
21704;8342;14/11/2023;2695;Cash
21705;3046;30/03/2024;24472;Cash
21706;16178;21/10/2024;27039;Credit Card
21707;18333;24/11/2025;29688;Debit Card
21708;9450;24/05/2025;11504;Online
21709;2743;23/09/2023;29064;Bank Transfer
21710;5364;02/06/2026;23119;Credit Card
21711;11347;02/02/2026;12969;Credit Card
21712;15004;20/06/2026;953;Debit Card
21713;9517;04/08/2025;4341;Debit Card
21714;985;20/12/2025;25113;Online
21715;16035;28/07/2025;25587;Debit Card
21716;5506;01/02/2026;21637;Online
21717;7985;25/08/2026;1484;Online
21718;18911;16/02/2024;5966;Online
21719;10929;30/11/2024;3596;Online
21720;19509;30/10/2024;10901;Credit Card
21721;12799;11/05/2026;2795;Credit Card
21722;12203;11/10/2024;20895;Bank Transfer
21723;17000;14/08/2026;18138;Credit Card
21724;19050;25/08/2024;10352;Debit Card
21725;13629;18/05/2026;20322;Debit Card
21726;17477;18/02/2025;16200;Credit Card
21727;4683;06/07/2026;19665;Bank Transfer
21728;17559;27/04/2025;10677;Credit Card
21729;4447;13/12/2023;12296;Debit Card
21730;9746;15/03/2026;12035;Online
21731;2396;29/06/2026;22403;Online
21732;237;13/12/2023;4222;Credit Card
21733;9628;13/04/2026;28286;Cash
21734;5690;11/01/2025;8040;Cash
21735;14897;24/02/2024;23936;Online
21736;15618;17/07/2026;1493;Credit Card
21737;10115;24/05/2025;4743;Online
21738;6945;03/02/2025;9929;Bank Transfer
21739;9601;01/08/2025;18253;Online
21740;12903;03/06/2024;26741;Credit Card
21741;5158;25/01/2024;2294;Bank Transfer
21742;7741;01/04/2024;25974;Bank Transfer
21743;14866;06/09/2025;5450;Cash
21744;3387;03/11/2023;24312;Bank Transfer
21745;17794;03/05/2025;20956;Credit Card
21746;15551;11/06/2025;25711;Cash
21747;7145;29/12/2024;704;Credit Card
21748;14003;03/04/2025;14522;Bank Transfer
21749;5827;23/02/2025;17625;Debit Card
21750;13135;25/12/2025;8960;Bank Transfer
21751;4410;02/09/2024;22961;Bank Transfer
21752;207;01/01/2026;25867;Cash
21753;10807;07/01/2024;23295;Credit Card
21754;17865;16/09/2024;15297;Debit Card
21755;1664;23/01/2025;17912;Credit Card
21756;2403;11/06/2025;23763;Credit Card
21757;3734;16/10/2024;20439;Cash
21758;7899;27/10/2023;17123;Cash
21759;8777;13/06/2024;12050;Credit Card
21760;16673;04/11/2023;10794;Cash
21761;3069;16/12/2023;2211;Credit Card
21762;9965;16/07/2024;24444;Bank Transfer
21763;15470;21/12/2023;14226;Bank Transfer
21764;14953;06/12/2024;14014;Cash
21765;12919;05/04/2026;11260;Online
21766;9519;04/01/2026;15485;Debit Card
21767;2710;06/02/2026;8996;Online
21768;22;28/01/2026;10948;Debit Card
21769;4183;10/09/2024;22037;Online
21770;9330;19/05/2026;764;Cash
21771;7219;15/08/2026;21449;Cash
21772;5095;12/05/2024;19574;Bank Transfer
21773;14946;12/10/2025;16918;Bank Transfer
21774;19294;24/01/2026;16646;Online
21775;17041;21/04/2024;14736;Cash
21776;19162;22/02/2024;16190;Online
21777;555;20/10/2024;13591;Cash
21778;2492;15/08/2026;15168;Bank Transfer
21779;13168;04/06/2025;21174;Online
21780;9191;13/05/2024;1644;Online
21781;10755;11/06/2025;17916;Bank Transfer
21782;9571;08/05/2025;19149;Credit Card
21783;5997;12/07/2025;18965;Credit Card
21784;12948;09/09/2026;12206;Debit Card
21785;18467;05/01/2025;1906;Debit Card
21786;12168;26/02/2024;9523;Bank Transfer
21787;17416;23/02/2026;15592;Bank Transfer
21788;5829;19/08/2026;19883;Online
21789;3460;29/01/2026;5629;Credit Card
21790;12138;16/02/2026;22750;Debit Card
21791;15594;04/08/2026;10358;Bank Transfer
21792;19856;11/11/2024;24705;Cash
21793;11200;30/05/2026;16284;Bank Transfer
21794;19532;15/12/2024;26165;Bank Transfer
21795;18691;18/04/2026;10766;Credit Card
21796;10342;07/08/2026;2395;Credit Card
21797;9884;05/12/2025;3208;Debit Card
21798;18147;15/08/2025;20168;Credit Card
21799;19537;19/04/2026;24975;Cash
21800;15455;16/06/2025;13211;Bank Transfer
21801;13168;23/02/2026;9066;Online
21802;5523;03/04/2026;17575;Cash
21803;12502;29/08/2024;16370;Online
21804;11768;04/12/2025;23063;Cash
21805;10867;23/08/2026;17450;Online
21806;7530;01/02/2024;11910;Cash
21807;12047;09/08/2025;4317;Credit Card
21808;8579;13/04/2025;18051;Cash
21809;3213;14/12/2024;14852;Cash
21810;6714;30/05/2026;7189;Bank Transfer
21811;2609;14/12/2025;21714;Cash
21812;669;15/03/2024;16883;Cash
21813;833;01/06/2025;3715;Credit Card
21814;9273;21/07/2024;11228;Debit Card
21815;14224;25/08/2024;15006;Credit Card
21816;2548;18/09/2023;13204;Debit Card
21817;7893;15/06/2025;2421;Credit Card
21818;10821;21/06/2026;16053;Credit Card
21819;2935;01/10/2024;1843;Cash
21820;8488;03/04/2026;3023;Debit Card
21821;3522;29/11/2023;3452;Bank Transfer
21822;16454;04/07/2024;24729;Bank Transfer
21823;8009;17/07/2025;29268;Bank Transfer
21824;3341;23/06/2024;5265;Cash
21825;3087;06/10/2024;7199;Bank Transfer
21826;18344;14/11/2024;21350;Credit Card
21827;12943;20/05/2024;19334;Online
21828;3660;12/05/2025;19250;Credit Card
21829;6424;24/09/2023;4328;Online
21830;2368;02/11/2023;12943;Bank Transfer
21831;11441;30/07/2026;16099;Online
21832;15575;28/04/2024;18169;Bank Transfer
21833;15253;17/01/2025;1013;Cash
21834;15507;29/06/2025;25044;Cash
21835;11983;05/01/2024;7367;Cash
21836;12858;28/07/2024;23777;Online
21837;16805;23/08/2025;12153;Online
21838;9850;19/08/2026;11628;Debit Card
21839;11109;23/08/2024;22826;Credit Card
21840;9348;19/01/2024;4560;Online
21841;2621;08/08/2026;15833;Debit Card
21842;18300;01/01/2025;2736;Online
21843;14580;11/12/2023;10746;Online
21844;5198;10/04/2025;23787;Debit Card
21845;15252;07/11/2023;2887;Bank Transfer
21846;7122;28/04/2024;2236;Debit Card
21847;17080;24/12/2024;8735;Debit Card
21848;2936;14/06/2026;8687;Cash
21849;3158;04/09/2026;16743;Credit Card
21850;14771;01/09/2024;6050;Debit Card
21851;12816;04/08/2025;15919;Online
21852;19037;31/07/2026;6474;Debit Card
21853;18815;07/06/2025;767;Debit Card
21854;19847;02/09/2026;9317;Credit Card
21855;7921;29/09/2024;20079;Credit Card
21856;4317;09/11/2024;17099;Credit Card
21857;6975;10/12/2025;6918;Cash
21858;14511;14/11/2025;26599;Cash
21859;12752;24/04/2026;20281;Debit Card
21860;16887;26/04/2024;3675;Debit Card
21861;684;29/03/2024;26087;Cash
21862;13966;27/02/2025;26881;Online
21863;13148;24/04/2026;21259;Cash
21864;15615;23/11/2024;26776;Credit Card
21865;6480;15/04/2026;3789;Online
21866;19810;15/08/2025;21754;Credit Card
21867;562;05/09/2024;15563;Cash
21868;15343;22/06/2025;22920;Online
21869;3216;23/04/2026;4572;Bank Transfer
21870;1798;23/01/2025;4640;Online
21871;12648;02/03/2025;17121;Credit Card
21872;16809;11/12/2023;4126;Bank Transfer
21873;13919;06/12/2025;5293;Credit Card
21874;2084;24/08/2026;7046;Bank Transfer
21875;16769;19/05/2025;26642;Debit Card
21876;18504;16/05/2025;25275;Debit Card
21877;2284;12/03/2025;26611;Online
21878;161;12/02/2024;17246;Credit Card
21879;4042;24/08/2025;1426;Online
21880;3709;08/10/2024;29552;Debit Card
21881;8397;21/06/2026;14109;Cash
21882;13835;20/08/2024;12385;Debit Card
21883;16439;06/05/2024;20424;Cash
21884;6045;15/09/2025;25951;Cash
21885;10511;09/03/2025;12161;Bank Transfer
21886;3987;27/05/2026;1126;Credit Card
21887;7460;23/09/2023;23571;Bank Transfer
21888;18851;02/12/2023;5504;Credit Card
21889;15137;31/08/2024;13180;Debit Card
21890;13722;09/07/2026;29146;Bank Transfer
21891;8882;08/10/2024;21033;Bank Transfer
21892;6879;19/05/2025;4935;Cash
21893;4371;29/12/2025;19334;Bank Transfer
21894;19463;05/10/2024;10904;Debit Card
21895;12688;15/10/2023;29642;Credit Card
21896;11032;18/01/2025;20901;Cash
21897;14404;14/02/2025;25282;Cash
21898;723;02/05/2025;16434;Credit Card
21899;19496;08/05/2026;12153;Online
21900;7411;10/04/2025;8166;Credit Card
21901;11195;21/07/2026;5541;Cash
21902;8619;27/07/2026;15338;Credit Card
21903;4267;11/06/2025;11063;Online
21904;10567;09/01/2026;29654;Bank Transfer
21905;7286;08/06/2024;23941;Credit Card
21906;9025;21/09/2025;4881;Debit Card
21907;1023;17/09/2024;21265;Debit Card
21908;1694;30/05/2026;29843;Cash
21909;1894;27/10/2024;25824;Cash
21910;15158;18/12/2024;6680;Debit Card
21911;17082;09/12/2023;25583;Debit Card
21912;2213;19/02/2025;2164;Online
21913;17008;23/06/2025;16907;Online
21914;18697;04/07/2026;28882;Debit Card
21915;4854;08/08/2025;23058;Bank Transfer
21916;5279;06/07/2024;2494;Debit Card
21917;1311;02/09/2025;10141;Cash
21918;13949;17/08/2025;10440;Cash
21919;11157;20/05/2026;14167;Cash
21920;16316;04/05/2024;6839;Debit Card
21921;4658;29/10/2023;14694;Credit Card
21922;12795;11/05/2026;3528;Credit Card
21923;2553;19/10/2023;1531;Bank Transfer
21924;13667;26/11/2024;8537;Cash
21925;17666;04/12/2025;6675;Credit Card
21926;16563;28/07/2026;29070;Cash
21927;13715;31/08/2025;5192;Cash
21928;14707;27/08/2025;22463;Debit Card
21929;5260;01/10/2024;28503;Cash
21930;16391;06/04/2025;3623;Bank Transfer
21931;11533;30/07/2025;19378;Online
21932;16141;21/03/2025;29166;Cash
21933;645;09/02/2025;26726;Credit Card
21934;4091;25/03/2026;27642;Debit Card
21935;17126;02/02/2025;18338;Debit Card
21936;5965;06/03/2024;5914;Credit Card
21937;1779;12/09/2026;16222;Bank Transfer
21938;9543;08/09/2025;7604;Online
21939;17059;08/01/2026;14042;Credit Card
21940;5325;18/10/2024;25727;Cash
21941;743;03/10/2023;6379;Online
21942;8826;22/10/2024;28651;Bank Transfer
21943;14478;26/03/2024;16661;Online
21944;18178;05/06/2024;21676;Credit Card
21945;17122;27/10/2025;5562;Cash
21946;1204;20/04/2024;12353;Credit Card
21947;3430;09/03/2024;13135;Credit Card
21948;4477;18/02/2025;14302;Debit Card
21949;12049;18/02/2024;28838;Cash
21950;14122;03/07/2025;19994;Cash
21951;870;31/05/2025;23024;Bank Transfer
21952;11084;03/12/2024;3070;Debit Card
21953;1885;18/03/2026;27411;Bank Transfer
21954;5076;14/10/2025;20423;Online
21955;14451;19/01/2026;8735;Cash
21956;3616;20/08/2024;19754;Bank Transfer
21957;7941;29/04/2026;19247;Online
21958;2006;02/07/2025;3178;Debit Card
21959;16416;03/11/2025;21604;Cash
21960;3174;24/05/2026;4096;Bank Transfer
21961;12529;20/08/2024;2794;Debit Card
21962;2492;14/01/2026;13836;Cash
21963;19528;15/09/2025;15284;Bank Transfer
21964;17795;23/12/2024;7895;Bank Transfer
21965;14935;21/12/2024;8539;Debit Card
21966;15074;12/08/2024;19275;Credit Card
21967;457;09/11/2024;29870;Online
21968;18068;19/02/2025;16910;Credit Card
21969;8578;20/01/2024;9062;Bank Transfer
21970;11577;08/01/2025;29941;Debit Card
21971;12240;11/11/2023;7457;Bank Transfer
21972;11367;02/05/2024;11646;Online
21973;8474;22/07/2026;2617;Bank Transfer
21974;19684;13/06/2026;23960;Bank Transfer
21975;3007;24/06/2025;5054;Debit Card
21976;19518;07/03/2025;18633;Cash
21977;7632;22/08/2024;15091;Credit Card
21978;19242;08/03/2024;29429;Bank Transfer
21979;13683;30/03/2025;1293;Bank Transfer
21980;2404;11/10/2023;29527;Cash
21981;3367;25/02/2026;10098;Online
21982;3064;23/07/2024;21644;Credit Card
21983;11220;16/07/2024;22694;Online
21984;11533;14/06/2024;17588;Cash
21985;10946;23/08/2026;5842;Credit Card
21986;7751;24/10/2025;5272;Cash
21987;5737;10/08/2024;25167;Cash
21988;8723;23/09/2024;21475;Online
21989;4946;31/08/2026;24332;Online
21990;14585;02/09/2025;25799;Credit Card
21991;16307;18/09/2023;23128;Debit Card
21992;19968;25/06/2024;24589;Debit Card
21993;14477;14/04/2026;24023;Online
21994;5907;27/01/2024;24798;Online
21995;13403;19/07/2026;13731;Bank Transfer
21996;19227;03/06/2026;5356;Debit Card
21997;15030;15/09/2024;13658;Cash
21998;10409;24/02/2024;5152;Bank Transfer
21999;12335;02/04/2024;7683;Debit Card
22000;1834;26/03/2026;10809;Cash
22001;2084;21/12/2025;22848;Online
22002;2303;09/01/2024;28553;Online
22003;7034;23/08/2026;2104;Cash
22004;9326;30/03/2026;11078;Bank Transfer
22005;2253;27/06/2024;25391;Debit Card
22006;6326;28/10/2024;22214;Debit Card
22007;15052;24/10/2024;17146;Debit Card
22008;15313;15/01/2025;23763;Cash
22009;14419;17/04/2026;16343;Debit Card
22010;18769;03/11/2023;17378;Cash
22011;18726;09/08/2024;3425;Online
22012;53;12/04/2025;27698;Online
22013;9396;01/05/2024;29746;Cash
22014;8519;24/09/2024;792;Bank Transfer
22015;15592;15/07/2026;4949;Bank Transfer
22016;16154;20/03/2025;12749;Online
22017;2659;14/11/2024;6051;Debit Card
22018;7176;14/03/2024;17630;Debit Card
22019;18822;21/07/2024;27038;Debit Card
22020;15580;29/08/2026;17139;Debit Card
22021;313;03/09/2025;14195;Debit Card
22022;2669;16/03/2025;21450;Credit Card
22023;6091;31/10/2025;27643;Debit Card
22024;2563;09/05/2025;29638;Bank Transfer
22025;16677;05/10/2024;16726;Online
22026;7771;28/01/2024;10202;Cash
22027;1945;28/10/2024;12986;Debit Card
22028;18902;19/10/2025;9814;Bank Transfer
22029;3931;19/05/2024;16674;Cash
22030;2038;14/08/2026;9721;Online
22031;10901;26/04/2026;25925;Bank Transfer
22032;11933;09/08/2025;19136;Cash
22033;2769;20/04/2024;27017;Debit Card
22034;4834;29/07/2026;1495;Bank Transfer
22035;3892;08/05/2024;27503;Cash
22036;15021;20/12/2025;28445;Cash
22037;14377;21/06/2026;3951;Debit Card
22038;7364;13/08/2024;2492;Credit Card
22039;8408;26/08/2024;17478;Debit Card
22040;14491;21/05/2024;27548;Bank Transfer
22041;19499;04/06/2024;7417;Bank Transfer
22042;2137;04/06/2024;12997;Online
22043;12470;02/01/2025;21887;Online
22044;14417;12/08/2025;15920;Cash
22045;6919;28/10/2024;25509;Credit Card
22046;4501;12/09/2024;1218;Bank Transfer
22047;10247;01/07/2025;23305;Online
22048;5646;13/07/2026;10164;Debit Card
22049;17343;24/02/2024;6207;Online
22050;13598;12/02/2025;18890;Online
22051;12283;18/07/2025;29841;Debit Card
22052;13916;21/11/2024;16360;Bank Transfer
22053;7074;24/11/2024;14667;Online
22054;4364;05/08/2024;14285;Cash
22055;15298;03/09/2026;14879;Online
22056;9037;29/07/2025;27785;Bank Transfer
22057;15654;15/10/2025;22238;Credit Card
22058;1848;09/11/2023;5427;Credit Card
22059;17813;20/01/2025;15143;Cash
22060;13912;08/12/2023;27831;Cash
22061;6364;22/07/2024;23186;Cash
22062;1396;19/03/2026;13308;Bank Transfer
22063;701;02/06/2026;20578;Online
22064;14180;06/12/2024;16372;Credit Card
22065;7094;18/04/2026;5826;Cash
22066;17598;01/09/2025;10709;Online
22067;16046;04/02/2025;4584;Credit Card
22068;16184;06/11/2024;26834;Credit Card
22069;12471;30/12/2023;18680;Credit Card
22070;8089;31/10/2025;6249;Debit Card
22071;4946;13/12/2024;20900;Online
22072;16549;25/08/2025;8765;Online
22073;18339;22/12/2023;24110;Debit Card
22074;7080;29/01/2025;29381;Bank Transfer
22075;19235;01/01/2026;26423;Debit Card
22076;4295;27/04/2024;25048;Debit Card
22077;16650;27/07/2024;8192;Credit Card
22078;18550;22/09/2023;9968;Cash
22079;11012;12/06/2026;28897;Bank Transfer
22080;18720;20/11/2023;29167;Debit Card
22081;426;29/01/2026;7735;Bank Transfer
22082;4533;14/09/2025;18537;Debit Card
22083;11579;07/03/2024;3949;Cash
22084;16057;18/08/2024;23908;Bank Transfer
22085;12995;30/03/2025;14033;Credit Card
22086;107;22/09/2025;27969;Bank Transfer
22087;6046;24/11/2025;13871;Bank Transfer
22088;1696;21/01/2026;18426;Credit Card
22089;19745;21/02/2024;11640;Credit Card
22090;2204;08/07/2026;24496;Online
22091;4026;03/03/2026;22894;Online
22092;3941;21/03/2025;8202;Debit Card
22093;3064;11/06/2026;3153;Bank Transfer
22094;2590;19/11/2025;23468;Debit Card
22095;10285;07/10/2025;10898;Online
22096;19258;09/12/2025;22800;Online
22097;14560;15/05/2026;2585;Online
22098;18779;16/01/2025;18619;Cash
22099;7631;28/12/2024;24798;Debit Card
22100;6248;11/06/2026;10555;Credit Card
22101;6413;24/02/2024;16949;Debit Card
22102;7612;16/11/2023;7630;Online
22103;5423;02/11/2025;6006;Bank Transfer
22104;15735;22/03/2025;2394;Debit Card
22105;13363;26/04/2026;2125;Debit Card
22106;16083;10/02/2026;23765;Debit Card
22107;9721;04/04/2024;15765;Debit Card
22108;10386;03/02/2025;19644;Debit Card
22109;1100;31/01/2025;8000;Cash
22110;6288;24/03/2025;23385;Online
22111;4639;18/04/2025;23348;Online
22112;10155;15/05/2024;9070;Credit Card
22113;16925;18/12/2025;23006;Bank Transfer
22114;15527;06/05/2024;1612;Debit Card
22115;15733;03/09/2024;1218;Cash
22116;6268;21/05/2024;23439;Credit Card
22117;9393;07/12/2025;573;Credit Card
22118;2563;30/09/2023;13828;Cash
22119;5615;04/09/2024;26495;Bank Transfer
22120;8609;01/09/2024;10115;Online
22121;10333;23/12/2023;13778;Debit Card
22122;15621;15/10/2023;27276;Bank Transfer
22123;18309;25/03/2025;19127;Credit Card
22124;3095;22/07/2026;23411;Online
22125;12059;09/04/2024;27856;Online
22126;11046;09/09/2024;28295;Bank Transfer
22127;6311;06/07/2026;28088;Bank Transfer
22128;12347;06/04/2025;29711;Online
22129;14609;21/01/2026;16335;Bank Transfer
22130;11607;15/09/2024;24473;Credit Card
22131;2146;27/11/2023;12220;Debit Card
22132;8995;01/07/2026;2444;Online
22133;12279;27/08/2024;8109;Debit Card
22134;18227;23/06/2026;6428;Credit Card
22135;10308;15/03/2024;19922;Cash
22136;6336;22/06/2026;12041;Cash
22137;442;12/08/2024;13655;Debit Card
22138;13720;31/03/2026;12792;Debit Card
22139;12367;19/05/2026;10545;Bank Transfer
22140;13439;10/10/2023;19890;Debit Card
22141;17880;10/02/2025;10085;Cash
22142;8716;06/05/2024;4376;Bank Transfer
22143;19744;26/07/2026;21047;Bank Transfer
22144;16243;30/12/2025;24425;Cash
22145;9821;15/07/2024;29983;Credit Card
22146;11024;07/04/2026;24923;Cash
22147;13874;20/02/2025;2174;Bank Transfer
22148;2863;29/10/2023;2872;Debit Card
22149;16752;26/10/2023;4626;Online
22150;10590;01/12/2025;17157;Cash
22151;8845;14/07/2025;28539;Online
22152;6425;07/12/2024;14809;Debit Card
22153;13220;06/02/2024;16701;Online
22154;10692;05/11/2025;18562;Cash
22155;18911;16/04/2025;16055;Bank Transfer
22156;7193;28/01/2024;22314;Debit Card
22157;1298;15/12/2023;21367;Credit Card
22158;9802;21/01/2025;21269;Online
22159;13673;05/01/2024;6762;Bank Transfer
22160;3205;30/01/2024;9898;Debit Card
22161;10632;21/05/2024;6317;Cash
22162;17642;19/10/2023;21730;Debit Card
22163;6950;12/09/2026;7623;Credit Card
22164;16157;04/08/2024;12220;Credit Card
22165;9580;20/07/2025;26737;Bank Transfer
22166;6905;30/03/2026;3892;Debit Card
22167;10029;16/06/2024;22028;Bank Transfer
22168;15094;30/11/2024;2945;Bank Transfer
22169;6836;15/07/2024;13015;Online
22170;19063;08/02/2025;6175;Bank Transfer
22171;18676;15/05/2025;22998;Online
22172;18890;22/11/2023;11708;Online
22173;12223;12/05/2024;2127;Credit Card
22174;7444;27/07/2025;19445;Online
22175;12134;12/06/2025;10583;Bank Transfer
22176;12496;10/09/2024;7980;Bank Transfer
22177;6136;26/06/2025;9428;Bank Transfer
22178;7435;07/01/2024;10066;Credit Card
22179;1201;24/03/2024;1309;Debit Card
22180;16133;15/06/2025;7430;Debit Card
22181;2650;02/10/2023;26440;Credit Card
22182;11854;01/10/2023;9635;Cash
22183;1245;27/09/2024;21265;Credit Card
22184;6527;03/04/2025;10647;Bank Transfer
22185;9007;04/03/2024;29927;Bank Transfer
22186;13639;18/08/2026;1944;Cash
22187;8032;10/04/2025;14161;Debit Card
22188;19880;28/08/2024;24856;Bank Transfer
22189;2525;03/01/2025;15079;Online
22190;12361;08/02/2025;21951;Cash
22191;13152;11/09/2026;17077;Cash
22192;9626;23/09/2024;5350;Online
22193;13006;28/11/2023;14568;Bank Transfer
22194;12303;29/01/2025;1598;Online
22195;10921;18/10/2025;11458;Bank Transfer
22196;13824;09/11/2023;20683;Bank Transfer
22197;3488;28/11/2023;6899;Bank Transfer
22198;2953;13/01/2026;24040;Online
22199;13269;26/05/2025;6580;Debit Card
22200;17314;26/12/2025;23479;Cash
22201;37;04/10/2023;9756;Debit Card
22202;17220;23/06/2025;28608;Debit Card
22203;14330;18/06/2025;27739;Credit Card
22204;9167;23/08/2025;23173;Credit Card
22205;578;07/06/2026;787;Cash
22206;19547;01/06/2025;15161;Debit Card
22207;3604;13/11/2025;18606;Bank Transfer
22208;10552;28/10/2023;27048;Cash
22209;2803;28/04/2025;12039;Bank Transfer
22210;17422;25/02/2024;27024;Credit Card
22211;1479;07/02/2025;14171;Debit Card
22212;17975;07/06/2025;16279;Debit Card
22213;7350;17/07/2025;2616;Debit Card
22214;15626;06/06/2025;6385;Debit Card
22215;15891;30/12/2025;11887;Debit Card
22216;8264;10/07/2025;5186;Online
22217;6976;19/04/2026;11110;Bank Transfer
22218;17136;08/07/2026;25210;Bank Transfer
22219;10393;18/03/2024;26662;Debit Card
22220;3050;08/05/2024;1915;Credit Card
22221;11981;18/12/2023;12103;Cash
22222;4855;31/08/2026;19925;Online
22223;8706;05/04/2025;19913;Debit Card
22224;4422;18/08/2024;3949;Online
22225;13419;18/11/2024;10259;Bank Transfer
22226;11728;10/05/2024;24022;Online
22227;5445;28/01/2025;22380;Debit Card
22228;16532;15/07/2026;6142;Bank Transfer
22229;19137;05/07/2024;12568;Cash
22230;12926;28/08/2026;8245;Bank Transfer
22231;1183;30/07/2024;10517;Credit Card
22232;6928;01/08/2024;19138;Online
22233;3704;21/11/2025;27183;Credit Card
22234;5999;31/12/2023;29513;Credit Card
22235;9329;13/09/2025;14940;Bank Transfer
22236;876;30/07/2026;26526;Bank Transfer
22237;14043;22/11/2024;25255;Credit Card
22238;7855;30/06/2026;28074;Bank Transfer
22239;4279;21/07/2026;20668;Credit Card
22240;7063;02/09/2024;11010;Cash
22241;7930;22/11/2023;25317;Credit Card
22242;2196;06/06/2026;8994;Credit Card
22243;8835;06/01/2025;3686;Online
22244;5455;08/04/2024;9930;Bank Transfer
22245;18645;05/01/2024;29027;Online
22246;1310;14/05/2025;13522;Debit Card
22247;2273;10/05/2026;25805;Cash
22248;7767;06/08/2025;28716;Cash
22249;9976;22/10/2025;2342;Online
22250;2763;23/02/2025;21674;Online
22251;8212;13/04/2026;29056;Bank Transfer
22252;8166;25/10/2024;3567;Credit Card
22253;17851;16/02/2024;2011;Credit Card
22254;5489;28/04/2024;10708;Cash
22255;13769;23/04/2026;13590;Cash
22256;6124;01/04/2026;22746;Online
22257;8971;05/05/2024;20055;Online
22258;17039;31/01/2024;25980;Bank Transfer
22259;11918;21/06/2025;20729;Credit Card
22260;14254;27/05/2025;19597;Cash
22261;13391;02/03/2024;3268;Bank Transfer
22262;12658;28/11/2023;19532;Bank Transfer
22263;17707;22/10/2024;12418;Bank Transfer
22264;10422;01/03/2025;15174;Credit Card
22265;4175;19/10/2025;16230;Bank Transfer
22266;8357;07/05/2025;26781;Credit Card
22267;11245;04/12/2025;19150;Cash
22268;18129;19/05/2025;27037;Cash
22269;19576;10/05/2024;18322;Debit Card
22270;4830;29/07/2024;27664;Online
22271;709;05/04/2026;9846;Online
22272;14314;20/05/2026;7467;Online
22273;8332;20/08/2025;28949;Bank Transfer
22274;14435;27/11/2025;14750;Cash
22275;16897;25/12/2023;6976;Credit Card
22276;1387;03/09/2026;2295;Cash
22277;11186;01/09/2026;19443;Online
22278;12069;06/04/2025;12293;Cash
22279;3422;13/03/2024;25288;Bank Transfer
22280;7804;18/04/2025;11834;Bank Transfer
22281;14229;11/08/2024;25686;Debit Card
22282;11410;15/08/2026;21255;Credit Card
22283;19430;08/06/2026;25601;Credit Card
22284;18042;24/02/2024;26049;Online
22285;2530;24/01/2025;21968;Credit Card
22286;9731;12/04/2025;11206;Credit Card
22287;8068;27/03/2024;3662;Cash
22288;16477;24/09/2023;7635;Online
22289;9792;25/11/2023;1483;Cash
22290;12347;05/08/2026;15493;Cash
22291;15118;10/10/2023;3402;Debit Card
22292;10783;21/07/2026;27085;Credit Card
22293;16784;28/08/2026;28232;Bank Transfer
22294;10886;24/07/2024;15377;Credit Card
22295;2026;22/12/2023;23114;Bank Transfer
22296;9715;04/04/2024;4479;Debit Card
22297;17795;09/11/2024;4272;Bank Transfer
22298;2479;05/03/2025;769;Cash
22299;14297;02/06/2024;7383;Debit Card
22300;4813;15/04/2026;10608;Debit Card
22301;3629;11/01/2026;25310;Debit Card
22302;19095;18/12/2024;29827;Credit Card
22303;556;07/11/2024;12210;Bank Transfer
22304;11782;09/09/2024;11351;Debit Card
22305;7991;18/05/2026;3531;Debit Card
22306;3866;24/08/2025;7695;Online
22307;8849;16/06/2025;29580;Credit Card
22308;4578;30/08/2024;16261;Online
22309;199;19/12/2025;23524;Cash
22310;16598;22/02/2026;7172;Online
22311;724;11/04/2025;3136;Credit Card
22312;3568;11/12/2023;13662;Bank Transfer
22313;8200;26/01/2026;3428;Online
22314;2888;16/03/2024;18317;Debit Card
22315;17847;07/03/2026;9066;Debit Card
22316;14331;02/04/2025;10358;Bank Transfer
22317;11237;01/12/2024;22374;Cash
22318;8574;26/12/2023;14626;Online
22319;1226;09/01/2025;6704;Online
22320;16486;18/02/2024;20725;Bank Transfer
22321;14250;12/06/2024;8647;Credit Card
22322;7804;17/05/2026;18684;Cash
22323;14288;07/03/2025;13419;Online
22324;19187;29/08/2026;17372;Credit Card
22325;3121;11/08/2024;18881;Debit Card
22326;9287;08/11/2024;27824;Cash
22327;17869;01/07/2025;11586;Bank Transfer
22328;16485;19/10/2024;3999;Debit Card
22329;4486;17/08/2026;3996;Debit Card
22330;13752;05/01/2025;4902;Online
22331;18004;03/09/2024;23866;Cash
22332;3816;30/06/2025;5040;Bank Transfer
22333;9965;10/06/2025;7937;Cash
22334;19086;09/12/2024;21731;Bank Transfer
22335;14543;06/01/2025;17430;Debit Card
22336;12539;05/10/2025;2995;Bank Transfer
22337;16733;16/05/2024;12580;Bank Transfer
22338;6946;15/10/2024;17375;Credit Card
22339;6883;14/06/2024;17540;Cash
22340;19187;24/06/2024;7272;Credit Card
22341;576;28/10/2025;19524;Debit Card
22342;10799;21/04/2024;522;Debit Card
22343;3319;28/01/2024;10287;Debit Card
22344;6172;17/04/2024;27709;Cash
22345;1068;20/06/2025;2769;Debit Card
22346;8175;22/10/2025;25683;Bank Transfer
22347;18981;09/10/2023;3985;Bank Transfer
22348;9566;15/02/2026;6404;Credit Card
22349;5600;01/07/2024;10760;Bank Transfer
22350;8080;16/09/2024;24554;Cash
22351;67;06/10/2025;20775;Debit Card
22352;7404;08/08/2025;15742;Cash
22353;18553;22/11/2025;5097;Online
22354;6019;05/07/2026;24124;Online
22355;1101;22/04/2024;19910;Bank Transfer
22356;2080;29/09/2025;9268;Cash
22357;4346;26/07/2026;6814;Cash
22358;1649;05/04/2026;12446;Bank Transfer
22359;18320;17/01/2026;9998;Bank Transfer
22360;5275;30/03/2025;7968;Cash
22361;2283;06/07/2025;20227;Debit Card
22362;5094;20/02/2026;21361;Credit Card
22363;18397;09/09/2026;24255;Bank Transfer
22364;16426;18/01/2026;4985;Bank Transfer
22365;12523;27/02/2026;28463;Bank Transfer
22366;2762;09/07/2024;28256;Credit Card
22367;9192;03/08/2024;14817;Credit Card
22368;16623;15/10/2024;25564;Cash
22369;15523;16/05/2024;27361;Credit Card
22370;2343;23/10/2024;29278;Debit Card
22371;18665;10/10/2023;9065;Credit Card
22372;18149;05/02/2024;4109;Bank Transfer
22373;6931;08/10/2024;29946;Bank Transfer
22374;10453;06/01/2025;8013;Online
22375;4555;12/01/2026;11822;Credit Card
22376;14730;18/08/2026;4197;Credit Card
22377;8678;30/05/2024;24767;Online
22378;7530;22/04/2024;22826;Bank Transfer
22379;3201;06/05/2026;3889;Bank Transfer
22380;1631;31/01/2024;22668;Credit Card
22381;19559;11/12/2024;7298;Cash
22382;15188;21/07/2025;2513;Debit Card
22383;13033;27/06/2024;21504;Debit Card
22384;19035;24/04/2026;19471;Bank Transfer
22385;2154;30/05/2024;9560;Cash
22386;11132;08/03/2025;16565;Online
22387;12604;03/01/2025;610;Bank Transfer
22388;6181;13/05/2026;25656;Online
22389;15960;24/02/2026;27188;Credit Card
22390;410;12/03/2026;5149;Debit Card
22391;4412;24/12/2025;5394;Credit Card
22392;2344;09/08/2025;26053;Cash
22393;7163;05/08/2024;10745;Bank Transfer
22394;17241;10/04/2024;13260;Online
22395;10020;29/02/2024;4276;Cash
22396;19556;20/03/2025;4717;Debit Card
22397;15298;02/09/2025;21512;Credit Card
22398;5565;23/06/2024;25668;Debit Card
22399;17512;15/02/2025;22923;Debit Card
22400;3622;14/12/2025;803;Debit Card
22401;539;07/01/2026;26839;Online
22402;1196;08/04/2026;22968;Bank Transfer
22403;19820;30/05/2025;25230;Bank Transfer
22404;4008;02/04/2026;9557;Cash
22405;3023;06/06/2024;17445;Credit Card
22406;15132;02/03/2025;1497;Cash
22407;6828;01/01/2025;16227;Bank Transfer
22408;1889;24/12/2024;3403;Online
22409;5104;05/01/2026;12787;Bank Transfer
22410;8962;10/03/2025;25621;Online
22411;15634;05/02/2024;12624;Debit Card
22412;13733;24/03/2026;28654;Debit Card
22413;18795;05/10/2024;1276;Credit Card
22414;2155;13/06/2026;17195;Debit Card
22415;1866;05/05/2025;17694;Cash
22416;3171;28/05/2026;12271;Credit Card
22417;1269;17/10/2023;16905;Debit Card
22418;14347;29/04/2024;26442;Credit Card
22419;4406;14/12/2024;10544;Online
22420;179;19/08/2026;12942;Cash
22421;12181;03/03/2026;29190;Bank Transfer
22422;6054;22/11/2025;12090;Online
22423;18348;22/08/2026;14366;Debit Card
22424;4230;01/09/2026;28290;Online
22425;19123;19/05/2025;13469;Cash
22426;14850;22/09/2025;2665;Bank Transfer
22427;16000;22/01/2025;7188;Bank Transfer
22428;4365;26/04/2026;26419;Cash
22429;8395;25/02/2026;11944;Credit Card
22430;4578;03/04/2024;14895;Debit Card
22431;12394;25/09/2023;22489;Cash
22432;4867;02/04/2026;25104;Cash
22433;3636;23/06/2025;19316;Debit Card
22434;13077;02/02/2026;20604;Credit Card
22435;10554;15/07/2026;1100;Online
22436;12490;04/11/2023;29794;Online
22437;8900;24/08/2024;4934;Credit Card
22438;1174;13/08/2026;15655;Cash
22439;11667;30/09/2025;3748;Online
22440;13921;12/04/2024;7179;Credit Card
22441;15334;09/09/2026;14389;Bank Transfer
22442;5968;19/05/2026;17270;Credit Card
22443;16956;07/08/2024;25242;Cash
22444;1572;16/08/2024;15698;Debit Card
22445;10006;16/11/2023;13484;Debit Card
22446;9543;08/03/2026;22670;Cash
22447;19474;17/03/2024;8899;Cash
22448;12397;20/07/2024;25726;Cash
22449;16122;30/10/2025;2208;Online
22450;4729;02/01/2024;9421;Cash
22451;1248;06/02/2025;12140;Online
22452;3119;07/08/2025;14958;Online
22453;2418;12/11/2024;28287;Credit Card
22454;12458;04/08/2025;25294;Online
22455;12842;02/04/2024;20917;Bank Transfer
22456;7147;16/06/2025;11337;Debit Card
22457;3536;12/01/2025;2919;Bank Transfer
22458;3671;21/10/2023;7691;Online
22459;13966;15/06/2026;5722;Debit Card
22460;15879;26/04/2024;555;Cash
22461;324;14/05/2025;764;Bank Transfer
22462;2161;23/10/2023;5016;Online
22463;6680;18/03/2025;14404;Bank Transfer
22464;10168;09/09/2025;2986;Credit Card
22465;4824;17/05/2025;17080;Credit Card
22466;7720;01/10/2024;11162;Debit Card
22467;6318;22/07/2024;6651;Cash
22468;13900;05/03/2024;14817;Debit Card
22469;16639;24/10/2025;27050;Cash
22470;2074;22/04/2024;21578;Online
22471;10824;04/04/2024;2468;Credit Card
22472;13076;20/11/2023;23743;Debit Card
22473;12192;16/11/2025;22441;Debit Card
22474;14459;17/06/2025;6185;Cash
22475;4708;02/07/2026;1423;Debit Card
22476;5043;14/10/2024;7726;Credit Card
22477;14961;24/11/2024;6460;Debit Card
22478;10976;23/05/2024;19218;Online
22479;8725;18/05/2024;19099;Cash
22480;5861;22/11/2023;4191;Debit Card
22481;10566;27/02/2025;12120;Bank Transfer
22482;1313;26/03/2026;11838;Cash
22483;181;26/05/2024;17201;Debit Card
22484;15059;20/02/2024;29371;Online
22485;19230;09/07/2026;20166;Online
22486;6692;03/12/2023;1425;Bank Transfer
22487;7346;16/07/2025;20655;Online
22488;6742;20/04/2026;26915;Online
22489;13273;24/03/2024;28241;Cash
22490;4819;27/01/2026;26614;Online
22491;15628;13/10/2024;29185;Online
22492;7439;21/07/2025;4005;Credit Card
22493;11809;19/03/2025;5017;Debit Card
22494;19090;09/11/2025;24617;Online
22495;18318;19/12/2025;3041;Credit Card
22496;9513;07/06/2024;2620;Cash
22497;10031;30/05/2024;3008;Online
22498;1544;25/07/2024;19040;Debit Card
22499;7200;14/10/2023;14858;Credit Card
22500;18568;07/07/2025;10729;Debit Card
22501;5573;14/09/2025;740;Cash
22502;16746;01/06/2026;12773;Credit Card
22503;14611;27/02/2024;22375;Online
22504;12814;09/12/2024;3689;Online
22505;6162;04/06/2024;21445;Bank Transfer
22506;6049;19/01/2024;29818;Debit Card
22507;18327;29/05/2024;9883;Cash
22508;14861;02/01/2026;15995;Online
22509;16572;30/03/2026;29250;Credit Card
22510;17238;25/03/2025;21871;Debit Card
22511;10592;06/12/2023;14254;Cash
22512;2845;23/12/2025;8145;Credit Card
22513;19473;11/04/2024;17305;Cash
22514;13411;19/03/2024;4332;Online
22515;7888;01/09/2025;15943;Cash
22516;17083;12/12/2024;2910;Credit Card
22517;16453;12/02/2024;27912;Online
22518;7699;24/01/2026;28871;Credit Card
22519;1315;04/02/2024;16500;Online
22520;175;22/08/2024;20715;Cash
22521;2432;25/07/2026;1179;Debit Card
22522;18166;04/09/2025;26431;Bank Transfer
22523;7220;10/11/2025;27924;Cash
22524;14740;03/09/2025;10065;Online
22525;6025;01/12/2024;26745;Online
22526;9393;15/12/2025;10971;Debit Card
22527;14934;01/07/2024;14095;Online
22528;16564;11/04/2026;2215;Debit Card
22529;5008;25/12/2023;5427;Online
22530;9890;06/07/2026;14192;Debit Card
22531;88;02/05/2026;21552;Bank Transfer
22532;13036;17/11/2023;22617;Credit Card
22533;2028;06/02/2024;3976;Cash
22534;15615;08/02/2024;11717;Cash
22535;7513;06/12/2025;17146;Credit Card
22536;10444;28/10/2023;23114;Online
22537;3084;22/10/2024;10532;Debit Card
22538;9873;20/07/2024;25662;Debit Card
22539;17963;03/11/2025;16832;Credit Card
22540;16561;03/10/2023;20032;Debit Card
22541;10335;13/08/2025;21674;Online
22542;3677;12/04/2024;12606;Online
22543;9677;05/11/2024;27298;Bank Transfer
22544;17257;11/07/2026;7624;Debit Card
22545;17999;17/04/2026;26803;Debit Card
22546;7295;28/10/2025;20171;Bank Transfer
22547;14048;31/01/2026;27990;Credit Card
22548;17656;11/04/2025;15492;Debit Card
22549;13518;25/08/2025;3501;Bank Transfer
22550;4284;21/05/2025;25653;Online
22551;2832;22/01/2026;16255;Debit Card
22552;5005;22/11/2023;24070;Cash
22553;2217;06/12/2023;22405;Credit Card
22554;4630;11/02/2026;18144;Credit Card
22555;7943;27/06/2025;29194;Bank Transfer
22556;856;07/08/2026;22977;Credit Card
22557;8298;10/03/2026;4471;Credit Card
22558;16431;29/06/2025;10501;Online
22559;50;22/09/2024;28781;Bank Transfer
22560;12040;23/02/2026;21517;Online
22561;10018;31/08/2025;593;Bank Transfer
22562;15505;22/10/2024;13863;Debit Card
22563;13517;13/01/2025;19376;Bank Transfer
22564;1466;30/08/2025;9614;Online
22565;6174;08/10/2025;8836;Bank Transfer
22566;14811;17/09/2023;14266;Credit Card
22567;290;16/02/2025;27048;Credit Card
22568;16715;25/06/2025;15476;Credit Card
22569;5793;27/08/2024;5177;Online
22570;12117;31/12/2023;7005;Online
22571;881;09/10/2024;20481;Bank Transfer
22572;10076;22/05/2024;15721;Bank Transfer
22573;5637;03/11/2025;15682;Online
22574;3896;17/03/2025;19457;Debit Card
22575;7874;24/08/2025;22982;Bank Transfer
22576;4360;14/05/2026;28184;Credit Card
22577;2358;08/11/2025;8202;Bank Transfer
22578;17128;25/01/2024;24817;Cash
22579;13414;27/09/2025;24672;Online
22580;15429;25/11/2025;25124;Cash
22581;11972;26/06/2026;29564;Cash
22582;11236;11/03/2026;23336;Online
22583;10122;11/09/2025;14954;Credit Card
22584;17495;31/01/2024;29847;Credit Card
22585;14743;25/04/2025;10537;Online
22586;7566;15/09/2023;28554;Cash
22587;9492;27/01/2024;9852;Bank Transfer
22588;9677;17/07/2024;4593;Debit Card
22589;4203;20/01/2026;19112;Bank Transfer
22590;10132;05/10/2023;5281;Credit Card
22591;5826;14/12/2023;27188;Debit Card
22592;8949;20/05/2026;17734;Cash
22593;18675;10/09/2026;21059;Cash
22594;9853;04/09/2025;974;Bank Transfer
22595;11818;14/11/2023;21941;Cash
22596;15410;24/06/2026;17947;Bank Transfer
22597;6016;17/09/2023;18978;Credit Card
22598;19012;09/10/2023;17707;Cash
22599;3930;03/09/2026;15574;Credit Card
22600;12408;29/10/2025;3895;Bank Transfer
22601;340;23/03/2025;15705;Cash
22602;12011;26/06/2026;25498;Online
22603;7821;31/07/2026;6212;Cash
22604;14083;04/12/2025;4414;Credit Card
22605;12131;28/05/2026;7250;Online
22606;10224;09/03/2025;14450;Cash
22607;15722;22/12/2025;26473;Online
22608;9506;19/10/2023;24860;Bank Transfer
22609;14860;24/06/2024;19409;Debit Card
22610;3881;14/07/2024;27233;Credit Card
22611;11209;14/05/2026;16103;Debit Card
22612;7194;21/03/2025;14296;Online
22613;13633;22/02/2026;576;Cash
22614;10946;26/06/2024;5959;Online
22615;1023;17/04/2024;3890;Credit Card
22616;15654;21/11/2024;4616;Debit Card
22617;5535;24/03/2025;29973;Credit Card
22618;10473;19/09/2024;11979;Online
22619;680;23/06/2024;5985;Debit Card
22620;17683;13/12/2024;26438;Debit Card
22621;2653;08/01/2026;11638;Credit Card
22622;17297;18/04/2026;22827;Cash
22623;8712;27/06/2024;18884;Online
22624;2865;29/03/2025;27709;Bank Transfer
22625;6842;17/04/2024;1354;Online
22626;8632;15/11/2025;23268;Credit Card
22627;8376;26/09/2025;22864;Bank Transfer
22628;2585;15/12/2025;15529;Online
22629;14183;17/04/2025;897;Debit Card
22630;11827;01/10/2023;25471;Online
22631;3996;02/06/2025;24935;Online
22632;15276;01/04/2025;19828;Credit Card
22633;2637;26/03/2026;11058;Cash
22634;4500;21/02/2025;15064;Bank Transfer
22635;205;04/06/2025;5752;Online
22636;7380;16/11/2025;5085;Online
22637;7796;20/09/2023;13956;Credit Card
22638;7325;17/03/2025;14561;Debit Card
22639;15475;01/03/2025;22386;Cash
22640;14674;02/07/2024;29022;Credit Card
22641;3347;04/08/2026;17291;Debit Card
22642;18666;19/10/2025;13055;Cash
22643;15480;13/01/2026;12377;Credit Card
22644;16754;29/10/2025;12272;Debit Card
22645;18204;13/01/2026;16474;Online
22646;5480;05/03/2024;23197;Bank Transfer
22647;13135;07/11/2025;21549;Credit Card
22648;3587;18/02/2025;3165;Bank Transfer
22649;2264;18/05/2025;10205;Cash
22650;3221;06/01/2024;1296;Online
22651;15771;05/08/2026;23359;Bank Transfer
22652;8526;22/10/2024;1075;Credit Card
22653;10813;09/02/2026;10721;Credit Card
22654;14904;25/03/2025;892;Online
22655;597;22/02/2026;12810;Credit Card
22656;10497;15/02/2026;7923;Bank Transfer
22657;3855;24/09/2025;6130;Online
22658;8336;19/05/2025;8794;Cash
22659;19156;23/12/2023;8826;Cash
22660;7843;17/04/2024;882;Debit Card
22661;19616;13/08/2024;13521;Bank Transfer
22662;14464;20/07/2025;7413;Debit Card
22663;8732;05/02/2025;8880;Cash
22664;13524;22/12/2023;18284;Cash
22665;13382;07/03/2026;10547;Bank Transfer
22666;19391;22/08/2026;20929;Bank Transfer
22667;1535;04/06/2026;26363;Debit Card
22668;19128;09/08/2025;18365;Online
22669;8206;23/06/2024;18500;Credit Card
22670;491;27/02/2024;19167;Debit Card
22671;4141;27/04/2024;19920;Bank Transfer
22672;4692;22/01/2024;7123;Bank Transfer
22673;2637;14/11/2025;27484;Debit Card
22674;12204;07/08/2024;12761;Cash
22675;5561;29/10/2025;27712;Debit Card
22676;16867;06/11/2024;4757;Online
22677;15055;16/06/2024;15743;Debit Card
22678;19032;22/05/2026;1607;Bank Transfer
22679;8812;17/05/2024;22813;Credit Card
22680;5872;19/11/2023;15167;Cash
22681;910;28/08/2025;2205;Cash
22682;9098;16/02/2025;23077;Cash
22683;5083;23/08/2024;22403;Bank Transfer
22684;11669;13/02/2024;22640;Credit Card
22685;7194;02/04/2026;23716;Bank Transfer
22686;16793;08/12/2024;11010;Cash
22687;1395;23/08/2025;20810;Online
22688;12756;01/07/2026;12225;Debit Card
22689;2305;12/07/2025;23893;Debit Card
22690;12843;04/07/2026;20108;Credit Card
22691;13118;13/04/2026;28940;Cash
22692;7537;24/05/2024;26196;Credit Card
22693;6593;03/02/2025;17642;Cash
22694;12469;13/02/2026;4568;Bank Transfer
22695;5630;05/05/2026;5522;Bank Transfer
22696;16928;26/08/2024;23545;Debit Card
22697;9282;10/08/2025;25366;Online
22698;7088;24/10/2025;27257;Cash
22699;7718;26/11/2024;27181;Cash
22700;14189;02/02/2025;23113;Credit Card
22701;7073;09/02/2024;16436;Credit Card
22702;11105;26/08/2025;7673;Online
22703;1920;19/12/2023;24697;Debit Card
22704;9027;10/04/2024;28587;Cash
22705;17983;09/06/2024;12380;Online
22706;145;14/06/2026;23280;Credit Card
22707;14496;23/08/2025;9662;Cash
22708;19395;08/09/2026;14019;Online
22709;3792;23/07/2025;1915;Cash
22710;24;04/02/2024;20711;Online
22711;1309;05/06/2026;838;Cash
22712;858;13/04/2025;9736;Online
22713;11956;06/03/2025;26886;Cash
22714;14029;16/11/2023;22105;Online
22715;18575;04/03/2025;15430;Credit Card
22716;17512;27/02/2025;23800;Debit Card
22717;1521;05/07/2025;25126;Cash
22718;6252;12/11/2025;614;Bank Transfer
22719;12747;11/01/2024;19648;Online
22720;4799;05/03/2026;18819;Bank Transfer
22721;14887;27/06/2024;19670;Online
22722;18197;12/09/2026;15659;Credit Card
22723;12788;08/11/2023;13610;Bank Transfer
22724;9500;21/09/2025;8162;Online
22725;13393;04/03/2024;21763;Cash
22726;7657;12/08/2024;21221;Credit Card
22727;14228;21/11/2025;24797;Online
22728;6547;11/02/2026;7241;Credit Card
22729;7458;08/03/2025;16586;Bank Transfer
22730;10744;29/06/2025;14886;Debit Card
22731;7506;17/02/2025;3293;Bank Transfer
22732;2419;28/02/2024;8421;Debit Card
22733;1586;17/04/2024;23248;Online
22734;5172;05/03/2025;28417;Debit Card
22735;10563;14/04/2025;7565;Online
22736;16700;15/05/2026;12953;Cash
22737;13777;20/12/2025;1037;Bank Transfer
22738;5399;15/06/2026;25685;Debit Card
22739;3907;06/07/2024;9131;Cash
22740;17421;23/04/2026;935;Cash
22741;5168;12/04/2025;25122;Debit Card
22742;15042;05/10/2023;14242;Online
22743;8261;30/07/2026;14813;Credit Card
22744;16832;18/06/2024;1667;Bank Transfer
22745;11672;12/11/2023;4870;Cash
22746;8893;14/09/2024;28261;Debit Card
22747;2747;22/04/2026;15007;Credit Card
22748;13843;02/03/2024;9862;Online
22749;2092;07/02/2024;14172;Online
22750;12071;19/06/2026;867;Cash
22751;17944;28/02/2026;10422;Bank Transfer
22752;13915;25/10/2025;22284;Debit Card
22753;12862;19/07/2024;28401;Credit Card
22754;1905;30/08/2024;21382;Online
22755;18104;19/04/2026;27608;Credit Card
22756;19433;12/12/2023;18591;Debit Card
22757;18033;05/09/2025;12398;Online
22758;10096;24/10/2023;15004;Bank Transfer
22759;3393;17/06/2026;4173;Online
22760;7832;31/07/2026;11761;Bank Transfer
22761;631;17/05/2026;24828;Debit Card
22762;6964;15/09/2023;16302;Cash
22763;29;13/03/2024;28763;Credit Card
22764;7873;31/10/2024;14948;Cash
22765;3033;16/12/2025;9900;Credit Card
22766;16895;24/01/2026;6543;Bank Transfer
22767;14166;08/11/2025;26782;Debit Card
22768;18939;04/06/2026;17195;Credit Card
22769;5975;04/04/2024;23595;Online
22770;10817;05/02/2024;29609;Bank Transfer
22771;17958;22/08/2026;24073;Cash
22772;19681;02/04/2024;1967;Bank Transfer
22773;9738;11/07/2025;28396;Online
22774;1713;20/12/2023;6579;Debit Card
22775;14785;29/10/2025;24319;Online
22776;6876;29/08/2025;3775;Credit Card
22777;8727;17/05/2026;28076;Credit Card
22778;2950;30/11/2024;13550;Bank Transfer
22779;5455;08/07/2026;19479;Cash
22780;848;24/07/2025;25662;Bank Transfer
22781;18278;30/01/2024;1582;Cash
22782;12863;24/07/2025;20951;Online
22783;18736;13/06/2026;2915;Credit Card
22784;18658;15/01/2024;29902;Online
22785;16368;13/04/2025;12347;Credit Card
22786;16623;20/03/2026;28004;Credit Card
22787;4658;15/05/2025;18823;Bank Transfer
22788;4649;10/09/2024;9855;Bank Transfer
22789;6666;05/07/2025;13625;Bank Transfer
22790;5110;29/10/2024;29627;Credit Card
22791;4915;09/01/2024;9450;Credit Card
22792;9414;21/07/2026;24124;Credit Card
22793;949;22/06/2025;4324;Bank Transfer
22794;3485;28/11/2024;23259;Cash
22795;18374;10/12/2023;1096;Online
22796;7278;20/07/2025;9473;Cash
22797;19820;18/04/2025;3866;Online
22798;9721;20/02/2025;3231;Credit Card
22799;9038;27/12/2023;12919;Credit Card
22800;11635;29/09/2023;10570;Online
22801;19054;22/05/2025;13229;Online
22802;161;05/08/2026;6714;Debit Card
22803;1337;23/02/2026;10730;Credit Card
22804;11357;20/11/2025;6085;Credit Card
22805;10113;23/04/2024;28280;Cash
22806;17802;27/08/2026;26142;Online
22807;11122;15/10/2025;19071;Cash
22808;807;15/09/2024;24559;Debit Card
22809;15111;19/03/2026;15888;Online
22810;9266;24/11/2024;27079;Credit Card
22811;17115;11/11/2025;18662;Cash
22812;16354;13/07/2024;17204;Online
22813;15789;13/03/2024;24061;Debit Card
22814;7188;11/05/2024;2176;Bank Transfer
22815;4176;17/07/2026;11371;Bank Transfer
22816;480;19/11/2024;22627;Bank Transfer
22817;4491;25/06/2026;5803;Bank Transfer
22818;2710;13/07/2026;733;Credit Card
22819;7829;06/10/2025;17840;Debit Card
22820;9281;05/03/2026;11750;Bank Transfer
22821;19434;14/03/2025;14014;Debit Card
22822;19340;16/03/2025;3177;Credit Card
22823;15605;06/12/2024;2739;Bank Transfer
22824;4914;27/05/2025;24320;Online
22825;1294;08/08/2025;8685;Bank Transfer
22826;5017;10/06/2025;21414;Bank Transfer
22827;18866;13/07/2026;20460;Online
22828;13358;08/10/2023;17990;Cash
22829;16666;23/06/2024;25708;Debit Card
22830;14950;03/12/2025;23992;Credit Card
22831;16400;03/09/2025;7508;Cash
22832;7656;01/04/2025;13072;Credit Card
22833;19525;07/07/2025;23150;Bank Transfer
22834;9070;21/09/2024;4876;Cash
22835;2844;10/10/2024;20996;Online
22836;13613;18/05/2026;24717;Bank Transfer
22837;8313;14/04/2024;9070;Bank Transfer
22838;6486;19/11/2025;24997;Online
22839;7989;05/04/2025;18853;Debit Card
22840;1534;30/03/2026;11880;Debit Card
22841;15780;30/11/2025;22412;Bank Transfer
22842;6705;24/11/2024;2032;Debit Card
22843;18355;08/02/2026;1401;Online
22844;914;13/03/2025;10962;Bank Transfer
22845;19725;22/04/2025;14591;Cash
22846;18705;11/10/2023;7914;Debit Card
22847;18116;08/03/2025;3313;Debit Card
22848;11903;09/11/2025;23121;Cash
22849;3296;08/06/2025;14276;Cash
22850;13839;25/04/2025;17500;Cash
22851;11297;16/05/2026;9837;Bank Transfer
22852;10427;19/11/2024;4331;Bank Transfer
22853;6601;08/07/2024;514;Online
22854;12497;31/07/2025;2064;Debit Card
22855;10732;08/12/2025;11618;Cash
22856;6389;01/11/2025;18296;Cash
22857;5854;11/06/2025;6604;Cash
22858;624;27/06/2024;29171;Cash
22859;12624;04/06/2026;14458;Bank Transfer
22860;5039;20/05/2026;19123;Credit Card
22861;14026;22/11/2024;18174;Cash
22862;5789;27/10/2024;20725;Credit Card
22863;15501;22/05/2024;21911;Cash
22864;921;11/03/2026;14645;Cash
22865;8843;10/06/2025;24869;Credit Card
22866;18073;09/04/2024;14754;Bank Transfer
22867;484;10/01/2025;5889;Bank Transfer
22868;19058;08/08/2025;12812;Bank Transfer
22869;11728;07/10/2024;29058;Credit Card
22870;8543;18/07/2026;14170;Credit Card
22871;14514;23/01/2025;5185;Cash
22872;5965;05/07/2025;29389;Bank Transfer
22873;12580;22/03/2025;8911;Cash
22874;13303;24/07/2025;6915;Debit Card
22875;16399;12/06/2026;2090;Cash
22876;15445;19/11/2025;8531;Credit Card
22877;18566;30/08/2024;25876;Online
22878;17767;14/06/2026;21898;Online
22879;19487;13/04/2026;17430;Bank Transfer
22880;11069;25/04/2026;20963;Online
22881;19502;25/03/2026;1298;Bank Transfer
22882;3361;10/01/2026;11418;Debit Card
22883;18806;02/06/2024;24002;Debit Card
22884;11455;30/08/2025;11560;Cash
22885;9077;22/08/2025;16290;Credit Card
22886;13454;30/12/2025;16428;Bank Transfer
22887;14816;08/03/2025;24971;Credit Card
22888;440;12/11/2025;6204;Online
22889;14779;27/06/2024;18307;Online
22890;15476;05/10/2025;678;Cash
22891;15227;17/05/2025;5029;Credit Card
22892;8866;28/05/2025;26788;Online
22893;14056;06/04/2026;22071;Credit Card
22894;8214;30/04/2026;4331;Cash
22895;17264;13/06/2024;28543;Credit Card
22896;950;07/09/2024;21613;Credit Card
22897;11954;03/01/2026;21569;Online
22898;17769;03/06/2024;20245;Cash
22899;1155;21/06/2025;1911;Cash
22900;2626;13/06/2025;22443;Credit Card
22901;13813;17/09/2025;19832;Debit Card
22902;4530;06/08/2026;11886;Debit Card
22903;10796;05/11/2023;15052;Debit Card
22904;10327;08/11/2025;15240;Credit Card
22905;5464;22/11/2025;23420;Cash
22906;7681;04/06/2025;10680;Cash
22907;7885;18/05/2025;11806;Bank Transfer
22908;8187;09/03/2025;15596;Debit Card
22909;16992;19/03/2026;4525;Bank Transfer
22910;10258;15/12/2024;22848;Debit Card
22911;4330;05/12/2025;6503;Debit Card
22912;1766;17/10/2023;9772;Debit Card
22913;1479;21/09/2023;27246;Debit Card
22914;15000;09/03/2024;11154;Debit Card
22915;7817;21/08/2024;12233;Online
22916;19897;26/05/2025;4776;Credit Card
22917;15088;09/08/2025;11014;Cash
22918;4955;26/03/2026;16686;Credit Card
22919;15800;05/01/2026;13934;Debit Card
22920;12055;01/07/2026;4978;Bank Transfer
22921;18560;18/09/2024;17329;Bank Transfer
22922;19538;13/04/2025;5550;Bank Transfer
22923;6827;24/02/2025;7020;Debit Card
22924;19562;12/04/2025;23495;Online
22925;13703;28/06/2024;5442;Online
22926;4133;05/11/2023;19534;Online
22927;1481;27/04/2025;25866;Debit Card
22928;9358;23/11/2023;29145;Cash
22929;11780;01/08/2026;24107;Debit Card
22930;11889;17/10/2024;16897;Credit Card
22931;17905;09/10/2024;7802;Cash
22932;8733;30/05/2026;21822;Debit Card
22933;8918;11/03/2025;15844;Cash
22934;5773;15/07/2026;12141;Online
22935;10188;28/02/2025;27033;Credit Card
22936;17201;12/08/2024;24659;Online
22937;17657;07/05/2025;10029;Online
22938;17636;11/10/2024;21943;Online
22939;16756;16/11/2024;9382;Credit Card
22940;5456;15/05/2024;15120;Online
22941;3279;30/06/2024;18007;Credit Card
22942;1206;11/04/2024;4347;Credit Card
22943;10222;02/08/2024;3572;Bank Transfer
22944;12228;11/10/2025;15418;Credit Card
22945;17343;30/09/2023;14579;Bank Transfer
22946;18779;10/08/2026;8966;Online
22947;8374;01/12/2025;28269;Cash
22948;956;20/02/2026;7498;Debit Card
22949;2792;06/10/2023;5339;Credit Card
22950;6038;03/01/2025;1552;Debit Card
22951;14063;05/11/2023;6543;Debit Card
22952;8598;10/06/2024;16824;Credit Card
22953;19123;30/04/2025;18446;Credit Card
22954;15298;05/09/2024;7204;Credit Card
22955;9448;08/10/2024;3951;Cash
22956;5821;15/02/2025;21418;Cash
22957;12203;06/02/2025;28121;Cash
22958;11506;07/10/2025;4839;Debit Card
22959;10641;29/08/2025;12444;Cash
22960;18879;22/03/2025;11659;Cash
22961;18785;18/07/2025;27787;Credit Card
22962;7129;27/05/2026;1452;Bank Transfer
22963;5974;18/06/2025;12509;Cash
22964;13727;29/08/2025;807;Credit Card
22965;16440;15/09/2023;14761;Online
22966;5620;27/08/2025;2693;Debit Card
22967;15183;01/06/2024;12060;Online
22968;5864;22/07/2026;9820;Cash
22969;17333;07/10/2024;9500;Cash
22970;4471;14/03/2026;11316;Online
22971;17022;03/09/2024;17589;Debit Card
22972;14377;02/09/2026;29712;Debit Card
22973;1277;12/01/2026;29055;Debit Card
22974;15224;31/05/2025;22145;Online
22975;10763;23/01/2025;14851;Online
22976;7277;06/03/2026;29871;Cash
22977;17867;04/09/2025;16623;Bank Transfer
22978;16169;17/05/2026;4830;Debit Card
22979;17547;02/12/2023;16634;Cash
22980;15263;19/12/2023;17954;Cash
22981;8852;22/12/2025;16967;Online
22982;3399;01/05/2026;22411;Bank Transfer
22983;15553;05/05/2026;2211;Debit Card
22984;16871;08/10/2023;15793;Online
22985;4768;23/09/2025;24608;Debit Card
22986;1323;14/02/2024;20837;Cash
22987;11256;05/11/2025;21672;Online
22988;17076;09/05/2024;24276;Online
22989;3309;26/03/2024;17320;Bank Transfer
22990;15011;30/01/2026;25637;Online
22991;2220;25/03/2024;8371;Bank Transfer
22992;3625;29/05/2025;10349;Online
22993;3359;20/10/2025;22400;Online
22994;9798;13/05/2024;26884;Cash
22995;3219;04/03/2024;28037;Online
22996;14563;27/10/2023;2238;Cash
22997;18772;15/12/2024;12743;Debit Card
22998;7873;13/07/2026;2036;Debit Card
22999;13797;24/11/2023;3020;Online
23000;3437;14/12/2023;3637;Online
23001;3773;09/09/2025;21796;Credit Card
23002;9166;16/03/2024;12255;Credit Card
23003;18110;03/04/2024;26009;Credit Card
23004;322;27/10/2025;5803;Cash
23005;15844;11/10/2024;5392;Debit Card
23006;17046;26/05/2026;20067;Bank Transfer
23007;17955;31/03/2026;4656;Bank Transfer
23008;8761;20/01/2026;21300;Credit Card
23009;8141;15/11/2025;4497;Credit Card
23010;12436;23/06/2025;27959;Credit Card
23011;6741;10/01/2026;28237;Cash
23012;14307;11/05/2025;13872;Cash
23013;1105;11/06/2024;27041;Debit Card
23014;17720;30/05/2026;17456;Debit Card
23015;7627;21/10/2023;12463;Cash
23016;8202;15/08/2026;16698;Bank Transfer
23017;14938;10/08/2025;20387;Cash
23018;4460;20/05/2024;9337;Cash
23019;326;03/11/2023;27052;Online
23020;14546;12/10/2023;11371;Credit Card
23021;12247;06/08/2025;7866;Online
23022;7339;02/02/2025;7608;Debit Card
23023;19792;22/08/2024;18195;Bank Transfer
23024;9248;12/07/2024;18769;Bank Transfer
23025;14159;11/01/2024;3443;Debit Card
23026;11686;12/05/2026;2035;Cash
23027;15057;07/10/2024;19551;Credit Card
23028;18545;16/03/2026;17549;Bank Transfer
23029;2438;21/01/2026;22347;Credit Card
23030;2264;04/09/2025;23738;Cash
23031;6950;10/08/2025;22065;Credit Card
23032;16770;16/12/2024;23097;Online
23033;12083;21/05/2024;13762;Debit Card
23034;16747;19/03/2024;27544;Debit Card
23035;9754;29/11/2024;7364;Debit Card
23036;1711;16/02/2026;15392;Debit Card
23037;10721;13/05/2026;3538;Online
23038;4936;29/01/2025;23199;Cash
23039;8970;21/09/2023;24420;Credit Card
23040;2196;18/04/2026;8325;Credit Card
23041;385;09/10/2024;29511;Cash
23042;14738;22/06/2024;17510;Cash
23043;8015;27/01/2024;18983;Cash
23044;1425;23/06/2026;27840;Cash
23045;3096;02/03/2026;8719;Bank Transfer
23046;15469;24/03/2026;16471;Cash
23047;9286;24/03/2026;28781;Online
23048;9220;06/04/2025;25712;Debit Card
23049;827;03/01/2026;10859;Online
23050;19714;04/06/2025;26497;Debit Card
23051;2079;24/11/2023;16988;Credit Card
23052;1968;11/02/2025;8567;Cash
23053;4196;15/11/2024;21084;Online
23054;12862;30/06/2025;8613;Debit Card
23055;4647;29/03/2025;25896;Online
23056;9716;21/01/2026;18257;Bank Transfer
23057;11477;08/02/2025;6602;Online
23058;7095;26/08/2024;18839;Debit Card
23059;12549;03/03/2026;13080;Cash
23060;4417;25/07/2025;8984;Debit Card
23061;11663;13/04/2026;25679;Online
23062;7141;09/09/2025;14571;Online
23063;4855;20/08/2024;13568;Bank Transfer
23064;19446;07/02/2026;22610;Credit Card
23065;6714;24/09/2024;29093;Bank Transfer
23066;19509;22/04/2024;8068;Cash
23067;14696;18/04/2024;17616;Online
23068;14066;30/12/2023;16626;Debit Card
23069;6020;06/08/2024;13401;Credit Card
23070;18851;24/03/2025;6192;Online
23071;3529;03/09/2026;6668;Debit Card
23072;2161;20/06/2025;21232;Debit Card
23073;15106;16/05/2024;5893;Debit Card
23074;15649;25/01/2025;8763;Debit Card
23075;7725;12/10/2023;19190;Credit Card
23076;9645;16/10/2023;20834;Cash
23077;15947;31/12/2025;1553;Debit Card
23078;2607;17/01/2024;26472;Cash
23079;661;23/07/2024;19586;Bank Transfer
23080;16117;19/02/2025;26791;Online
23081;9371;08/07/2024;16792;Bank Transfer
23082;15789;26/08/2026;3678;Debit Card
23083;16642;08/11/2024;16737;Cash
23084;19075;31/12/2025;18970;Credit Card
23085;1557;26/01/2026;21263;Online
23086;13983;01/12/2025;27902;Online
23087;3428;27/08/2026;20315;Credit Card
23088;14980;27/08/2026;25311;Cash
23089;476;04/12/2023;24911;Debit Card
23090;11539;06/04/2025;8004;Bank Transfer
23091;15119;08/06/2025;9171;Online
23092;11620;14/06/2026;8921;Bank Transfer
23093;362;06/01/2024;568;Cash
23094;7909;21/03/2025;3085;Online
23095;2377;02/11/2025;10004;Online
23096;12684;03/02/2024;10718;Online
23097;7548;10/01/2024;9207;Bank Transfer
23098;9578;14/07/2025;3657;Cash
23099;10366;31/07/2025;13574;Cash
23100;11973;29/12/2025;29750;Credit Card
23101;7095;25/02/2025;15941;Debit Card
23102;7108;29/08/2026;12072;Cash
23103;5606;25/05/2026;15859;Online
23104;13775;20/11/2023;14027;Cash
23105;10040;11/11/2024;14336;Online
23106;7998;02/09/2024;1367;Online
23107;17939;01/09/2024;20649;Debit Card
23108;859;22/01/2025;10518;Debit Card
23109;1841;04/10/2024;1719;Debit Card
23110;17720;27/04/2024;20147;Cash
23111;8018;04/06/2025;9402;Cash
23112;18519;16/05/2024;2378;Bank Transfer
23113;4451;28/11/2023;17103;Cash
23114;846;16/02/2025;25424;Debit Card
23115;18625;03/05/2025;21437;Credit Card
23116;8416;03/01/2026;26442;Credit Card
23117;3762;13/06/2026;25797;Credit Card
23118;17513;29/01/2025;10615;Credit Card
23119;19380;10/06/2025;7317;Cash
23120;18296;30/10/2023;22677;Bank Transfer
23121;2456;25/07/2024;23888;Debit Card
23122;5548;03/09/2024;26236;Cash
23123;16499;14/01/2024;26260;Debit Card
23124;11814;25/08/2025;24489;Bank Transfer
23125;14304;27/01/2025;3100;Bank Transfer
23126;12207;12/01/2024;28049;Cash
23127;10597;18/12/2023;8753;Online
23128;17331;26/12/2025;21204;Cash
23129;1231;10/02/2026;24916;Debit Card
23130;127;29/01/2025;9485;Debit Card
23131;2681;09/05/2024;28176;Bank Transfer
23132;8078;07/09/2026;11651;Debit Card
23133;12017;14/04/2026;12124;Bank Transfer
23134;11551;26/07/2024;25339;Bank Transfer
23135;5965;30/09/2024;10098;Credit Card
23136;17844;11/08/2024;18076;Debit Card
23137;13800;22/07/2026;13611;Cash
23138;13597;10/08/2024;21927;Credit Card
23139;16964;19/02/2024;10771;Credit Card
23140;3559;07/07/2026;4806;Credit Card
23141;7659;28/04/2024;5058;Bank Transfer
23142;11659;02/05/2025;6738;Bank Transfer
23143;361;24/12/2023;9667;Debit Card
23144;2611;07/12/2023;6896;Bank Transfer
23145;9373;10/05/2025;28729;Cash
23146;11177;05/05/2025;29096;Online
23147;18909;07/01/2025;18379;Cash
23148;4529;01/05/2024;1539;Bank Transfer
23149;19328;12/06/2025;23376;Bank Transfer
23150;9242;12/06/2024;6538;Debit Card
23151;203;04/02/2025;798;Debit Card
23152;18189;27/08/2025;29325;Bank Transfer
23153;18702;22/06/2025;22127;Online
23154;7536;18/01/2026;876;Cash
23155;2049;31/05/2024;3080;Credit Card
23156;13959;19/09/2023;9624;Cash
23157;18898;24/10/2023;11161;Bank Transfer
23158;14759;05/10/2024;6175;Bank Transfer
23159;3242;23/02/2025;28894;Online
23160;18038;05/07/2026;13255;Online
23161;19927;14/06/2024;8632;Credit Card
23162;8177;17/05/2024;7804;Cash
23163;2414;25/06/2024;24107;Cash
23164;12731;30/05/2024;10070;Credit Card
23165;15475;18/03/2026;14273;Online
23166;3727;07/05/2025;7549;Cash
23167;982;24/05/2026;2104;Credit Card
23168;15161;01/09/2026;22374;Bank Transfer
23169;11021;05/01/2024;13605;Debit Card
23170;14340;15/11/2023;18071;Bank Transfer
23171;903;06/05/2024;29353;Cash
23172;12886;03/05/2026;3858;Bank Transfer
23173;3717;10/12/2023;25819;Bank Transfer
23174;15608;15/11/2024;27682;Cash
23175;3685;19/05/2026;5595;Debit Card
23176;2369;20/03/2025;28959;Cash
23177;2421;08/01/2025;13061;Debit Card
23178;5121;15/06/2024;11497;Bank Transfer
23179;4317;03/04/2024;9549;Cash
23180;4662;13/08/2026;2665;Cash
23181;18693;26/02/2026;20224;Cash
23182;196;04/09/2025;27074;Credit Card
23183;473;28/10/2023;18374;Bank Transfer
23184;5602;08/08/2026;19795;Online
23185;1052;22/03/2025;2454;Debit Card
23186;6336;05/07/2024;14500;Online
23187;17698;22/09/2025;22182;Debit Card
23188;18256;07/06/2025;2182;Cash
23189;17936;24/03/2026;1114;Credit Card
23190;14293;11/07/2026;10366;Cash
23191;15688;05/08/2025;18996;Bank Transfer
23192;10957;06/02/2024;22314;Online
23193;15704;20/03/2025;25972;Bank Transfer
23194;19241;31/12/2024;12221;Cash
23195;14813;16/08/2024;14396;Online
23196;4513;24/12/2023;9427;Bank Transfer
23197;13936;25/02/2024;27912;Debit Card
23198;13640;24/01/2024;19379;Bank Transfer
23199;16531;07/05/2024;23478;Online
23200;18494;14/06/2026;4656;Bank Transfer
23201;19290;01/11/2025;20225;Online
23202;9971;16/11/2023;15649;Bank Transfer
23203;19097;04/08/2026;11700;Cash
23204;19723;28/06/2024;23577;Bank Transfer
23205;8400;31/05/2025;18666;Bank Transfer
23206;2512;24/11/2025;7076;Cash
23207;19057;14/07/2026;25878;Debit Card
23208;5601;11/08/2026;24437;Bank Transfer
23209;8802;11/01/2024;24731;Credit Card
23210;3933;02/07/2024;7870;Debit Card
23211;5850;18/12/2025;7366;Online
23212;19556;28/06/2026;10260;Bank Transfer
23213;1641;07/07/2025;24998;Cash
23214;6174;23/10/2025;2880;Bank Transfer
23215;13935;09/06/2024;14045;Online
23216;17909;31/03/2024;27694;Credit Card
23217;14996;27/09/2023;16910;Cash
23218;14652;05/12/2025;19509;Online
23219;4786;05/02/2026;7025;Credit Card
23220;13853;04/07/2025;24804;Online
23221;3701;24/11/2023;4963;Cash
23222;6498;26/05/2024;16686;Online
23223;7337;03/04/2024;6350;Bank Transfer
23224;8185;05/05/2025;25567;Credit Card
23225;12480;01/06/2025;24758;Credit Card
23226;108;13/01/2025;1674;Cash
23227;16378;19/12/2024;26461;Bank Transfer
23228;9843;24/08/2024;15997;Cash
23229;16294;11/07/2026;9352;Credit Card
23230;15554;24/03/2024;16994;Online
23231;7932;05/07/2025;9495;Debit Card
23232;3565;22/05/2025;17362;Credit Card
23233;2648;12/10/2024;13171;Online
23234;14647;05/03/2024;12938;Credit Card
23235;12372;22/06/2025;25011;Bank Transfer
23236;9553;28/03/2024;20354;Cash
23237;14762;26/04/2024;10501;Bank Transfer
23238;16696;09/03/2024;3840;Cash
23239;1550;14/11/2023;25262;Credit Card
23240;17883;24/08/2025;8219;Online
23241;11307;01/06/2024;14825;Credit Card
23242;18913;30/04/2024;5092;Bank Transfer
23243;14741;21/08/2024;14661;Cash
23244;18308;01/06/2026;4760;Cash
23245;1824;10/10/2024;16848;Credit Card
23246;979;11/04/2026;20003;Credit Card
23247;5780;16/04/2025;28654;Debit Card
23248;18906;26/02/2024;16439;Debit Card
23249;13108;27/04/2026;19567;Debit Card
23250;9556;06/05/2026;26446;Credit Card
23251;242;16/12/2024;24468;Online
23252;6375;26/03/2024;2365;Credit Card
23253;12647;18/08/2026;6934;Online
23254;1072;07/05/2025;20380;Credit Card
23255;18905;17/08/2025;22524;Cash
23256;1417;17/04/2026;10512;Cash
23257;5416;22/05/2026;14243;Debit Card
23258;16745;12/12/2024;26398;Credit Card
23259;17907;28/01/2024;16400;Online
23260;1956;21/03/2026;29751;Debit Card
23261;7155;03/08/2026;9077;Cash
23262;11545;01/06/2026;27210;Bank Transfer
23263;16187;02/06/2025;22691;Cash
23264;16896;08/03/2024;15906;Cash
23265;7055;15/03/2024;29431;Credit Card
23266;3532;19/05/2026;1288;Credit Card
23267;1403;09/03/2026;654;Credit Card
23268;18593;22/05/2026;27145;Credit Card
23269;12661;02/01/2026;18015;Cash
23270;4473;10/12/2023;8387;Online
23271;7749;30/06/2025;13322;Debit Card
23272;19102;04/10/2024;12205;Debit Card
23273;16598;06/04/2024;10920;Debit Card
23274;6292;13/07/2025;16876;Bank Transfer
23275;4615;11/12/2024;29796;Credit Card
23276;15909;07/12/2023;21165;Cash
23277;4749;07/01/2025;22046;Bank Transfer
23278;16244;02/03/2026;18697;Bank Transfer
23279;15849;26/05/2026;24851;Online
23280;19110;29/12/2025;8580;Credit Card
23281;1562;26/06/2024;20585;Cash
23282;2709;02/10/2025;17747;Credit Card
23283;17830;26/02/2025;2173;Cash
23284;4481;27/01/2025;8592;Credit Card
23285;5531;16/09/2025;1465;Credit Card
23286;16414;03/09/2024;28738;Bank Transfer
23287;5769;03/06/2025;21688;Online
23288;418;11/11/2024;9012;Credit Card
23289;8928;03/04/2025;25971;Credit Card
23290;5101;29/10/2024;11366;Credit Card
23291;17381;11/02/2024;27762;Cash
23292;7550;03/11/2025;10393;Debit Card
23293;12422;06/04/2025;12172;Credit Card
23294;1104;10/08/2024;24002;Online
23295;8937;30/12/2024;14435;Online
23296;14176;03/09/2024;18540;Online
23297;8747;30/08/2024;21369;Bank Transfer
23298;14265;04/03/2025;16846;Credit Card
23299;10721;29/07/2025;22558;Debit Card
23300;13720;10/09/2025;20329;Online
23301;5896;28/09/2024;17527;Online
23302;17142;08/04/2025;12237;Bank Transfer
23303;9242;28/04/2025;16715;Credit Card
23304;2306;30/09/2024;25057;Credit Card
23305;19981;17/09/2025;17093;Bank Transfer
23306;6649;08/07/2024;27125;Cash
23307;13704;15/01/2024;24994;Bank Transfer
23308;7746;18/11/2025;12349;Debit Card
23309;6922;03/05/2025;6319;Bank Transfer
23310;5330;30/01/2024;6174;Bank Transfer
23311;6583;05/06/2024;25548;Bank Transfer
23312;11709;19/05/2026;11140;Cash
23313;17890;17/09/2025;11035;Cash
23314;10267;04/05/2025;21282;Online
23315;2582;29/08/2024;29370;Debit Card
23316;19861;12/08/2024;11176;Credit Card
23317;7209;02/11/2025;8545;Bank Transfer
23318;10653;01/02/2025;3485;Debit Card
23319;5493;10/10/2025;1715;Credit Card
23320;12018;20/12/2023;18786;Cash
23321;9947;31/05/2024;5633;Cash
23322;17679;23/03/2026;28777;Cash
23323;19518;28/06/2025;6089;Online
23324;3817;19/01/2026;26411;Credit Card
23325;12099;10/08/2025;10905;Bank Transfer
23326;4734;21/04/2026;11193;Online
23327;10410;13/11/2023;4513;Cash
23328;15666;15/10/2023;26358;Cash
23329;482;20/11/2023;12251;Bank Transfer
23330;19152;07/06/2026;21153;Debit Card
23331;1472;11/06/2024;5658;Bank Transfer
23332;2658;16/02/2024;29830;Debit Card
23333;15527;06/02/2026;12215;Credit Card
23334;9835;09/10/2025;6697;Debit Card
23335;10189;16/07/2026;7639;Bank Transfer
23336;12627;20/11/2025;29030;Cash
23337;484;12/03/2025;12992;Cash
23338;11293;30/04/2024;26446;Bank Transfer
23339;5010;19/08/2025;10401;Bank Transfer
23340;6721;07/02/2024;28764;Cash
23341;16579;15/11/2025;15508;Debit Card
23342;6778;29/03/2025;23647;Cash
23343;11197;15/07/2026;10842;Online
23344;1178;26/12/2023;29245;Debit Card
23345;5918;26/04/2026;1712;Bank Transfer
23346;17513;13/10/2024;11393;Online
23347;4068;12/10/2023;3375;Bank Transfer
23348;10077;10/02/2026;6415;Bank Transfer
23349;10938;05/11/2023;23280;Cash
23350;11502;05/08/2025;23196;Bank Transfer
23351;15056;02/06/2026;8516;Bank Transfer
23352;6690;26/05/2026;11723;Cash
23353;13881;18/02/2024;15800;Bank Transfer
23354;15281;23/01/2024;2153;Online
23355;15072;13/10/2023;20033;Debit Card
23356;19754;21/12/2024;5268;Cash
23357;3509;27/04/2026;23932;Debit Card
23358;12628;08/02/2025;7745;Credit Card
23359;8642;20/05/2024;17051;Bank Transfer
23360;8382;15/09/2025;28496;Debit Card
23361;12888;19/09/2023;1354;Credit Card
23362;7145;12/09/2026;28326;Cash
23363;4834;19/01/2025;10166;Bank Transfer
23364;19009;20/01/2025;29892;Debit Card
23365;14168;27/02/2024;14495;Credit Card
23366;9413;10/07/2025;15418;Debit Card
23367;7148;03/06/2025;11190;Cash
23368;14613;18/02/2025;8504;Cash
23369;12634;16/05/2025;10665;Credit Card
23370;1989;20/10/2023;10264;Bank Transfer
23371;10502;10/04/2024;7907;Debit Card
23372;18148;27/05/2025;9400;Cash
23373;19850;08/08/2024;12145;Debit Card
23374;10636;04/01/2026;4785;Bank Transfer
23375;11372;02/12/2024;25166;Bank Transfer
23376;7016;12/07/2026;4565;Cash
23377;9303;23/08/2024;24797;Cash
23378;2092;07/02/2026;8990;Bank Transfer
23379;8322;18/02/2025;18372;Bank Transfer
23380;10905;30/03/2025;22702;Cash
23381;705;21/12/2025;20087;Credit Card
23382;2058;11/08/2026;14041;Cash
23383;13140;14/01/2026;25884;Bank Transfer
23384;17406;09/02/2026;20340;Debit Card
23385;1671;14/09/2025;23588;Online
23386;4815;10/01/2026;25839;Online
23387;8398;01/12/2025;14366;Credit Card
23388;9262;27/11/2024;14492;Debit Card
23389;3098;07/12/2023;25690;Cash
23390;3124;05/12/2024;5078;Bank Transfer
23391;6520;31/03/2025;19132;Credit Card
23392;5386;26/09/2024;28468;Debit Card
23393;14194;20/06/2024;28293;Cash
23394;9534;18/05/2026;7444;Debit Card
23395;9712;26/05/2026;12760;Online
23396;6383;09/01/2026;19290;Bank Transfer
23397;4378;30/08/2026;29870;Debit Card
23398;14150;13/12/2025;889;Debit Card
23399;5921;26/07/2026;27853;Bank Transfer
23400;14945;02/11/2024;26653;Bank Transfer
23401;10946;15/07/2026;7163;Online
23402;226;01/11/2025;16661;Cash
23403;16892;15/02/2026;17394;Online
23404;3578;19/12/2025;18459;Credit Card
23405;8636;18/03/2026;14813;Online
23406;4943;17/03/2024;14945;Cash
23407;17056;04/03/2024;24545;Debit Card
23408;9728;25/07/2024;3634;Debit Card
23409;3122;17/09/2025;5439;Online
23410;14607;01/08/2024;4187;Online
23411;18609;26/07/2025;23071;Debit Card
23412;4646;24/04/2025;9584;Online
23413;1652;15/06/2026;12371;Credit Card
23414;9039;03/09/2026;20399;Bank Transfer
23415;5330;02/08/2026;17704;Debit Card
23416;937;26/09/2023;8911;Debit Card
23417;14831;31/05/2025;11353;Credit Card
23418;9401;17/09/2023;14402;Credit Card
23419;13056;10/12/2023;22550;Bank Transfer
23420;19902;27/03/2024;29337;Cash
23421;11815;01/09/2024;23325;Online
23422;12650;04/07/2026;9545;Bank Transfer
23423;18945;22/08/2024;20754;Credit Card
23424;1957;02/01/2025;18019;Credit Card
23425;5962;03/06/2024;24928;Bank Transfer
23426;6031;22/09/2025;8161;Debit Card
23427;19176;14/04/2026;10736;Bank Transfer
23428;11858;16/05/2026;23522;Debit Card
23429;14006;02/08/2024;3686;Cash
23430;6391;20/08/2026;16446;Bank Transfer
23431;10042;06/06/2025;13960;Online
23432;17431;15/10/2025;26989;Credit Card
23433;9605;19/06/2026;7583;Credit Card
23434;12240;20/09/2024;14108;Bank Transfer
23435;1176;24/05/2025;14805;Bank Transfer
23436;1530;18/12/2023;12296;Cash
23437;14721;23/03/2025;25859;Cash
23438;11192;28/08/2026;13911;Credit Card
23439;19750;16/12/2024;2954;Online
23440;6725;22/03/2024;28169;Debit Card
23441;3221;01/11/2024;1563;Cash
23442;7205;08/02/2026;19310;Cash
23443;5977;06/05/2025;5935;Credit Card
23444;1310;09/02/2026;24128;Debit Card
23445;9341;11/09/2025;17167;Cash
23446;7563;13/02/2024;19187;Cash
23447;580;07/08/2025;9986;Online
23448;10676;25/04/2026;28792;Cash
23449;7264;24/04/2025;6492;Cash
23450;16518;09/04/2024;8021;Online
23451;10949;19/03/2025;12514;Online
23452;16539;21/06/2025;20447;Cash
23453;17902;13/04/2026;12763;Cash
23454;5950;22/01/2024;1784;Cash
23455;4194;03/02/2025;26487;Debit Card
23456;17375;29/01/2026;11991;Debit Card
23457;18208;29/12/2024;10666;Bank Transfer
23458;3943;06/05/2026;20479;Cash
23459;4463;21/11/2023;7261;Credit Card
23460;3765;10/11/2023;2741;Debit Card
23461;19630;14/02/2025;9558;Online
23462;2490;21/09/2025;5048;Online
23463;2466;27/09/2023;21010;Credit Card
23464;2149;24/03/2025;18956;Online
23465;9801;25/06/2024;26889;Online
23466;13049;03/10/2025;9845;Debit Card
23467;16545;16/01/2026;17235;Credit Card
23468;14804;21/11/2023;13769;Credit Card
23469;3692;23/02/2025;25036;Online
23470;720;11/01/2025;22111;Online
23471;18938;15/05/2025;6781;Debit Card
23472;18447;17/05/2024;24274;Credit Card
23473;4017;28/10/2024;6975;Debit Card
23474;18479;24/09/2024;13304;Bank Transfer
23475;16722;19/10/2023;23093;Online
23476;12617;18/01/2025;1011;Debit Card
23477;8857;29/03/2026;26242;Bank Transfer
23478;4810;24/04/2026;11853;Cash
23479;428;17/03/2024;25757;Online
23480;7392;19/11/2023;4994;Debit Card
23481;10581;13/04/2026;17479;Bank Transfer
23482;1561;13/04/2026;4026;Cash
23483;11870;22/08/2024;9648;Debit Card
23484;4375;03/05/2024;5725;Bank Transfer
23485;10713;24/05/2025;12594;Credit Card
23486;1779;09/05/2026;26895;Cash
23487;2148;25/11/2023;15619;Credit Card
23488;13662;08/05/2024;11775;Credit Card
23489;12033;27/08/2024;26809;Debit Card
23490;17213;20/05/2026;1023;Debit Card
23491;4782;12/03/2025;6782;Online
23492;6506;24/02/2026;24295;Credit Card
23493;14152;19/03/2025;6328;Bank Transfer
23494;15826;23/12/2024;7679;Bank Transfer
23495;3804;05/02/2026;20339;Debit Card
23496;4050;11/02/2024;24013;Bank Transfer
23497;17920;05/04/2024;12879;Credit Card
23498;697;25/06/2026;6913;Online
23499;12401;07/01/2024;27816;Credit Card
23500;10973;11/09/2026;24677;Debit Card
23501;3769;14/05/2025;23298;Debit Card
23502;8167;10/07/2026;6048;Online
23503;11749;12/01/2026;17442;Online
23504;7428;03/07/2026;10340;Bank Transfer
23505;19079;25/03/2025;16399;Cash
23506;4499;30/08/2026;17731;Bank Transfer
23507;497;03/05/2026;13234;Bank Transfer
23508;4309;08/11/2025;21160;Online
23509;3803;21/06/2025;15457;Bank Transfer
23510;8084;25/05/2026;4149;Debit Card
23511;11435;27/02/2026;5586;Online
23512;17396;24/03/2026;21658;Bank Transfer
23513;12937;08/03/2026;10759;Debit Card
23514;9771;05/10/2025;4899;Cash
23515;14108;19/03/2026;12514;Online
23516;17545;31/10/2025;21549;Online
23517;703;03/01/2026;25025;Online
23518;7060;31/10/2025;21769;Debit Card
23519;11780;19/07/2025;17485;Credit Card
23520;7000;05/03/2025;19137;Credit Card
23521;11425;23/12/2024;18776;Credit Card
23522;4826;18/04/2024;11821;Bank Transfer
23523;6422;13/05/2026;2105;Credit Card
23524;427;27/08/2025;14628;Online
23525;164;04/02/2026;29828;Bank Transfer
23526;10147;30/04/2026;17785;Cash
23527;2686;29/01/2024;7962;Debit Card
23528;14667;10/11/2023;9580;Credit Card
23529;10239;05/05/2025;5144;Online
23530;6312;11/11/2025;13290;Cash
23531;13606;29/04/2024;10706;Credit Card
23532;546;05/02/2026;23569;Online
23533;13730;22/01/2026;8745;Cash
23534;15474;28/07/2024;19433;Cash
23535;1622;17/08/2026;12829;Online
23536;9069;06/06/2026;20429;Credit Card
23537;16182;19/06/2024;5129;Cash
23538;16426;24/09/2025;10637;Debit Card
23539;15950;31/03/2024;24312;Debit Card
23540;2223;19/10/2025;18950;Cash
23541;17473;31/08/2025;23023;Cash
23542;10665;21/07/2025;20722;Debit Card
23543;10707;29/06/2024;8298;Cash
23544;5984;28/05/2025;13806;Credit Card
23545;1246;26/06/2026;22725;Bank Transfer
23546;8518;26/06/2025;3197;Cash
23547;12937;18/12/2024;13000;Cash
23548;6850;11/05/2024;10818;Cash
23549;7551;31/10/2025;26068;Bank Transfer
23550;6447;01/08/2026;13431;Online
23551;16672;08/10/2025;24051;Credit Card
23552;7159;27/07/2025;4141;Bank Transfer
23553;9628;13/02/2025;11837;Cash
23554;1228;14/08/2026;20393;Cash
23555;3748;22/11/2024;29858;Cash
23556;16749;06/07/2025;23862;Bank Transfer
23557;16820;16/11/2025;20403;Bank Transfer
23558;7231;17/01/2024;11481;Bank Transfer
23559;14854;08/06/2025;15794;Cash
23560;15051;16/10/2025;14555;Cash
23561;19031;18/07/2024;27174;Credit Card
23562;2716;28/03/2024;7534;Bank Transfer
23563;13266;23/05/2026;25554;Credit Card
23564;19657;13/01/2024;11189;Debit Card
23565;3824;04/03/2024;12012;Online
23566;18510;18/01/2024;12370;Online
23567;17971;29/07/2026;3459;Bank Transfer
23568;10860;19/10/2024;12191;Online
23569;3833;07/05/2025;2997;Credit Card
23570;11060;03/10/2025;14330;Online
23571;9942;20/06/2026;20589;Bank Transfer
23572;8341;13/05/2026;4572;Bank Transfer
23573;4383;16/06/2026;1726;Online
23574;13921;26/04/2025;15589;Bank Transfer
23575;14400;09/06/2024;5270;Bank Transfer
23576;11226;06/06/2024;17333;Bank Transfer
23577;12215;21/10/2023;8186;Bank Transfer
23578;16291;16/01/2026;15010;Debit Card
23579;5188;29/10/2024;5289;Credit Card
23580;11841;22/03/2026;15122;Cash
23581;7088;26/01/2025;6432;Cash
23582;2684;19/06/2025;19807;Cash
23583;4173;24/12/2024;5360;Debit Card
23584;13847;10/05/2025;19822;Credit Card
23585;3211;10/11/2023;7738;Cash
23586;10828;27/04/2024;12591;Credit Card
23587;14686;19/07/2025;8570;Online
23588;7867;29/11/2024;20866;Debit Card
23589;2777;23/06/2026;7600;Online
23590;7983;13/06/2024;1141;Debit Card
23591;7038;19/11/2025;5339;Credit Card
23592;9112;25/10/2025;19135;Debit Card
23593;7640;23/11/2023;20988;Online
23594;1833;17/07/2024;18340;Cash
23595;14531;22/09/2023;27112;Credit Card
23596;4806;27/02/2026;15052;Credit Card
23597;4149;18/02/2025;25383;Credit Card
23598;14924;29/10/2024;5337;Online
23599;4285;01/04/2025;9990;Online
23600;15823;06/07/2025;4142;Credit Card
23601;8739;24/09/2025;18769;Cash
23602;18952;09/05/2024;23083;Online
23603;11578;18/11/2023;7411;Cash
23604;11143;12/01/2024;28224;Cash
23605;17459;01/04/2024;25312;Credit Card
23606;16532;08/01/2025;14094;Bank Transfer
23607;14149;13/11/2024;11714;Credit Card
23608;17559;12/04/2026;21763;Credit Card
23609;10433;08/02/2024;29004;Debit Card
23610;11020;14/01/2026;725;Online
23611;9424;31/12/2025;2724;Debit Card
23612;10663;06/07/2024;12501;Bank Transfer
23613;16412;04/11/2024;24990;Credit Card
23614;4805;25/06/2025;13242;Cash
23615;6409;13/03/2025;14262;Bank Transfer
23616;4296;03/08/2026;3035;Credit Card
23617;14418;19/08/2026;7832;Cash
23618;3111;20/04/2026;21011;Cash
23619;4268;13/08/2026;29396;Debit Card
23620;12185;15/04/2026;19455;Credit Card
23621;2113;16/07/2026;24502;Credit Card
23622;14448;04/11/2024;22194;Online
23623;18328;23/05/2024;14532;Online
23624;903;24/03/2024;17254;Online
23625;18462;30/04/2024;7966;Cash
23626;5052;23/06/2024;26537;Online
23627;8833;24/01/2024;23329;Cash
23628;16313;30/06/2025;8295;Online
23629;16787;29/10/2024;8002;Bank Transfer
23630;9976;29/06/2025;26403;Cash
23631;6355;13/04/2026;12243;Online
23632;4473;17/09/2025;13469;Cash
23633;9024;02/06/2025;11736;Debit Card
23634;1897;14/05/2026;16502;Bank Transfer
23635;9222;16/05/2024;22403;Debit Card
23636;19571;25/07/2024;14489;Debit Card
23637;5970;15/02/2024;4131;Debit Card
23638;5076;15/12/2025;13286;Debit Card
23639;13680;19/05/2024;22576;Cash
23640;2685;07/08/2024;26655;Online
23641;4857;27/11/2025;23206;Cash
23642;8657;28/03/2026;11239;Credit Card
23643;6537;20/05/2026;24201;Debit Card
23644;7643;27/01/2025;20321;Bank Transfer
23645;3661;21/03/2026;1709;Online
23646;592;17/11/2025;23890;Debit Card
23647;16228;21/08/2024;29759;Debit Card
23648;7492;05/05/2024;3152;Credit Card
23649;4567;02/05/2026;15143;Online
23650;10857;05/12/2023;1114;Credit Card
23651;16081;22/12/2023;6188;Credit Card
23652;10279;27/09/2023;28623;Online
23653;12987;05/11/2024;635;Cash
23654;16408;30/08/2025;17224;Debit Card
23655;5042;30/11/2024;18321;Bank Transfer
23656;13827;07/09/2024;28902;Debit Card
23657;13445;30/08/2026;23045;Online
23658;9459;06/03/2025;8870;Online
23659;17253;22/07/2024;11985;Debit Card
23660;4052;01/08/2025;13579;Online
23661;12795;01/01/2024;16356;Debit Card
23662;11218;06/07/2026;1546;Bank Transfer
23663;11355;13/10/2023;715;Debit Card
23664;16024;15/01/2025;8098;Debit Card
23665;178;16/11/2025;21634;Credit Card
23666;829;29/01/2024;16254;Online
23667;867;12/07/2026;21887;Credit Card
23668;4092;13/02/2025;10267;Bank Transfer
23669;12354;28/03/2024;4374;Cash
23670;2307;25/03/2024;22459;Debit Card
23671;6588;01/11/2023;19525;Credit Card
23672;15594;03/09/2026;9605;Debit Card
23673;16467;20/02/2026;14396;Debit Card
23674;14266;01/12/2024;10383;Online
23675;16461;31/12/2025;26618;Online
23676;7078;15/05/2024;27977;Bank Transfer
23677;1465;25/08/2025;27837;Cash
23678;10737;02/04/2024;2865;Debit Card
23679;3157;25/04/2025;18152;Online
23680;16342;11/03/2025;13669;Bank Transfer
23681;1734;25/09/2023;27951;Online
23682;9578;03/11/2025;5696;Credit Card
23683;11957;09/04/2025;12033;Online
23684;12906;21/03/2024;24964;Cash
23685;4597;16/11/2023;23385;Bank Transfer
23686;15538;10/11/2024;29263;Credit Card
23687;13994;17/06/2024;9745;Cash
23688;8303;05/12/2025;10245;Bank Transfer
23689;17204;11/07/2025;29435;Bank Transfer
23690;15509;25/08/2025;16576;Debit Card
23691;11385;04/06/2026;8206;Online
23692;384;12/07/2026;1137;Online
23693;6656;14/05/2024;15144;Credit Card
23694;1137;23/09/2023;11604;Debit Card
23695;12801;09/11/2024;19852;Debit Card
23696;8073;28/10/2023;6970;Credit Card
23697;10710;05/10/2025;22613;Online
23698;3765;15/04/2024;10383;Bank Transfer
23699;17317;18/09/2023;10428;Online
23700;9685;27/08/2024;20138;Online
23701;5962;24/08/2024;7796;Online
23702;176;04/04/2025;26699;Debit Card
23703;18031;16/09/2025;9209;Online
23704;12551;14/05/2024;7049;Cash
23705;13019;06/09/2025;6654;Debit Card
23706;17100;14/06/2026;15527;Bank Transfer
23707;5606;07/05/2024;23724;Debit Card
23708;2584;26/09/2025;10933;Online
23709;10655;02/04/2024;2421;Credit Card
23710;1946;01/09/2025;4860;Debit Card
23711;8967;14/07/2025;4020;Bank Transfer
23712;13340;12/05/2025;1540;Cash
23713;16359;29/04/2025;2550;Online
23714;15622;25/08/2024;2640;Bank Transfer
23715;3023;21/04/2025;4492;Debit Card
23716;5808;01/04/2024;20662;Credit Card
23717;4422;20/01/2026;9144;Bank Transfer
23718;16927;11/04/2026;9751;Credit Card
23719;19766;14/11/2023;24746;Bank Transfer
23720;1605;31/01/2024;732;Debit Card
23721;17532;09/05/2024;8532;Credit Card
23722;19868;31/07/2026;29581;Debit Card
23723;9631;09/06/2025;7542;Bank Transfer
23724;11739;17/12/2025;1901;Cash
23725;8790;18/07/2024;23249;Bank Transfer
23726;3770;17/06/2024;5089;Bank Transfer
23727;8213;04/03/2024;17981;Credit Card
23728;16469;24/12/2025;23632;Bank Transfer
23729;6733;31/12/2024;26835;Credit Card
23730;9080;07/10/2025;14847;Credit Card
23731;10115;08/03/2024;3718;Debit Card
23732;16748;06/12/2024;18622;Online
23733;9801;06/05/2026;4039;Online
23734;2487;24/08/2024;17035;Bank Transfer
23735;5089;15/10/2025;21243;Bank Transfer
23736;14663;23/07/2025;15781;Credit Card
23737;12604;05/12/2024;11429;Credit Card
23738;3837;08/04/2026;23228;Cash
23739;3901;05/12/2024;11112;Debit Card
23740;1063;10/03/2026;26573;Debit Card
23741;938;06/04/2024;21863;Bank Transfer
23742;12583;19/02/2026;14837;Online
23743;15824;31/10/2024;16263;Debit Card
23744;5970;06/03/2025;21275;Bank Transfer
23745;6424;18/08/2024;18790;Credit Card
23746;13369;19/09/2024;5572;Debit Card
23747;11941;23/11/2025;14918;Credit Card
23748;6849;11/02/2026;10932;Cash
23749;7920;27/09/2024;1629;Cash
23750;6748;26/10/2024;859;Online
23751;17799;04/02/2026;22041;Bank Transfer
23752;11042;19/01/2025;4286;Cash
23753;19699;12/04/2026;16261;Credit Card
23754;578;25/02/2026;27381;Debit Card
23755;267;24/08/2025;13416;Online
23756;1997;11/09/2026;16380;Online
23757;4136;12/08/2025;4666;Cash
23758;11583;01/06/2026;27588;Bank Transfer
23759;15776;18/10/2025;3560;Credit Card
23760;632;10/02/2026;20545;Debit Card
23761;5348;06/06/2024;23201;Bank Transfer
23762;5225;31/03/2025;29049;Online
23763;13821;08/08/2024;22982;Online
23764;2605;03/09/2026;22883;Debit Card
23765;15332;22/06/2024;1510;Cash
23766;17425;16/11/2024;27818;Credit Card
23767;13848;17/10/2023;12050;Credit Card
23768;19656;07/09/2026;21693;Debit Card
23769;11905;18/01/2024;23318;Credit Card
23770;5545;10/07/2024;19401;Bank Transfer
23771;15223;12/11/2025;21773;Debit Card
23772;4836;02/01/2026;22085;Online
23773;6826;19/06/2024;19562;Bank Transfer
23774;15138;18/07/2025;14819;Cash
23775;18270;27/12/2024;13558;Bank Transfer
23776;15137;21/08/2026;7642;Credit Card
23777;16094;21/10/2025;10183;Bank Transfer
23778;8816;15/09/2025;22860;Online
23779;9906;06/02/2025;26637;Online
23780;12563;16/09/2024;11938;Debit Card
23781;11844;12/09/2024;23910;Bank Transfer
23782;15715;02/09/2025;21599;Debit Card
23783;13091;10/02/2026;7513;Bank Transfer
23784;6549;07/04/2024;22635;Cash
23785;4728;06/01/2026;23108;Bank Transfer
23786;14315;06/10/2023;14346;Bank Transfer
23787;8652;01/02/2025;29550;Online
23788;2552;05/11/2025;10557;Cash
23789;17320;13/07/2026;19176;Online
23790;9196;02/04/2026;24408;Bank Transfer
23791;17247;30/11/2024;14196;Bank Transfer
23792;18286;21/06/2024;27325;Bank Transfer
23793;13610;23/08/2025;3668;Debit Card
23794;14163;19/06/2024;21174;Credit Card
23795;8347;17/11/2023;19055;Online
23796;14395;04/06/2025;2928;Credit Card
23797;2943;04/05/2024;5981;Bank Transfer
23798;1193;10/09/2026;29713;Bank Transfer
23799;15510;09/03/2026;7060;Bank Transfer
23800;12664;27/08/2026;8791;Debit Card
23801;4606;23/05/2026;24584;Bank Transfer
23802;7853;25/05/2026;15012;Cash
23803;6941;04/04/2026;3638;Bank Transfer
23804;13487;17/01/2026;29458;Credit Card
23805;15608;03/03/2024;20903;Debit Card
23806;19994;23/09/2023;13186;Credit Card
23807;19143;03/09/2024;13321;Bank Transfer
23808;15211;22/03/2026;13040;Bank Transfer
23809;635;25/12/2025;6145;Cash
23810;12526;29/07/2024;27883;Debit Card
23811;7051;01/09/2025;937;Cash
23812;11152;23/10/2025;27992;Bank Transfer
23813;2922;18/09/2024;18444;Bank Transfer
23814;17320;28/05/2024;25598;Online
23815;6742;18/02/2025;17103;Online
23816;5661;11/07/2026;23780;Debit Card
23817;5569;12/09/2024;6462;Debit Card
23818;16658;03/07/2025;17520;Cash
23819;19433;11/06/2025;10010;Credit Card
23820;14544;17/10/2025;20365;Debit Card
23821;11493;21/07/2026;4642;Cash
23822;3051;24/02/2026;5524;Debit Card
23823;9094;18/11/2025;21817;Online
23824;7002;10/11/2025;20423;Cash
23825;5019;19/04/2026;2572;Cash
23826;1841;27/08/2026;5668;Debit Card
23827;6517;28/09/2023;4168;Cash
23828;929;04/08/2024;27737;Online
23829;15862;08/06/2026;21776;Online
23830;11347;27/08/2025;17505;Online
23831;12600;12/07/2026;10035;Bank Transfer
23832;9879;08/05/2024;6295;Credit Card
23833;9848;02/11/2025;29727;Debit Card
23834;10206;17/03/2026;5721;Online
23835;9468;15/12/2023;11499;Bank Transfer
23836;4709;19/04/2026;26319;Bank Transfer
23837;11458;22/08/2026;27007;Bank Transfer
23838;3172;27/06/2024;20006;Credit Card
23839;15566;22/11/2024;1025;Debit Card
23840;14377;14/07/2026;25963;Credit Card
23841;18393;21/11/2025;8600;Cash
23842;1547;25/08/2025;22271;Cash
23843;19548;05/11/2023;27808;Credit Card
23844;19432;26/06/2024;1947;Credit Card
23845;5143;04/10/2023;26019;Cash
23846;2713;03/09/2024;12547;Credit Card
23847;3291;28/03/2024;16991;Bank Transfer
23848;2986;13/08/2025;28927;Debit Card
23849;10632;06/08/2024;19903;Online
23850;6764;20/03/2026;19494;Credit Card
23851;15288;09/01/2026;7824;Bank Transfer
23852;9562;27/12/2024;29063;Credit Card
23853;9491;25/08/2024;2032;Cash
23854;15957;02/10/2024;10865;Credit Card
23855;12875;11/09/2026;29847;Credit Card
23856;13065;17/05/2025;27131;Bank Transfer
23857;16263;25/05/2024;3148;Credit Card
23858;9151;27/11/2023;22737;Cash
23859;11204;22/01/2026;11769;Online
23860;12248;01/08/2025;28437;Bank Transfer
23861;7315;15/06/2026;26596;Cash
23862;10783;03/07/2026;13502;Credit Card
23863;19664;06/11/2023;25993;Credit Card
23864;10553;10/10/2025;27827;Bank Transfer
23865;13598;01/11/2024;12287;Credit Card
23866;18241;05/08/2026;16825;Cash
23867;15264;15/08/2026;25694;Online
23868;7903;12/07/2026;23596;Cash
23869;617;10/09/2024;26603;Bank Transfer
23870;10341;12/02/2026;6494;Cash
23871;81;08/06/2025;25972;Cash
23872;4609;01/06/2026;6370;Online
23873;12052;13/03/2025;7733;Cash
23874;7943;13/10/2024;20060;Debit Card
23875;7369;23/09/2023;28752;Debit Card
23876;15361;23/09/2024;19985;Credit Card
23877;19947;15/08/2025;7565;Online
23878;13084;23/10/2024;28175;Online
23879;13393;12/01/2024;12668;Bank Transfer
23880;13638;09/09/2024;17063;Bank Transfer
23881;5163;18/03/2024;1234;Debit Card
23882;10556;14/12/2023;19674;Bank Transfer
23883;17878;12/10/2023;17033;Debit Card
23884;3136;20/10/2025;1624;Bank Transfer
23885;7909;24/01/2024;20204;Debit Card
23886;7241;01/03/2025;8064;Cash
23887;6588;24/09/2023;28046;Cash
23888;13521;17/06/2026;17421;Debit Card
23889;807;31/08/2024;9292;Bank Transfer
23890;13319;14/10/2024;24966;Online
23891;1502;29/05/2026;8092;Debit Card
23892;16056;10/04/2026;8217;Online
23893;4260;07/01/2026;18851;Online
23894;2720;07/06/2025;20120;Online
23895;17659;23/03/2026;27354;Debit Card
23896;10639;06/02/2026;21620;Debit Card
23897;9786;10/11/2025;12584;Credit Card
23898;5609;21/07/2025;9442;Cash
23899;13165;22/04/2025;13596;Online
23900;12475;26/10/2024;9768;Bank Transfer
23901;822;14/07/2024;24266;Debit Card
23902;3361;11/12/2025;6675;Cash
23903;2559;21/03/2026;24326;Debit Card
23904;7697;25/02/2026;14896;Credit Card
23905;15237;30/08/2024;16037;Bank Transfer
23906;1005;14/06/2026;29885;Cash
23907;17802;30/07/2025;14113;Credit Card
23908;12039;16/03/2025;20313;Cash
23909;6915;02/01/2026;23390;Cash
23910;18342;11/08/2026;17583;Bank Transfer
23911;11929;23/12/2023;2948;Bank Transfer
23912;15752;16/08/2024;14816;Online
23913;17287;03/01/2024;25571;Credit Card
23914;9666;12/11/2023;13056;Online
23915;19118;28/04/2026;15337;Credit Card
23916;3999;23/02/2024;28456;Online
23917;1104;27/01/2024;5827;Online
23918;16508;23/07/2024;3654;Bank Transfer
23919;2696;23/07/2025;9404;Debit Card
23920;2385;16/05/2026;10053;Debit Card
23921;16385;17/02/2024;28194;Online
23922;16483;23/02/2026;16194;Credit Card
23923;6002;29/10/2024;13501;Debit Card
23924;446;10/01/2024;28174;Cash
23925;12856;01/06/2025;15645;Bank Transfer
23926;18348;03/04/2024;22910;Bank Transfer
23927;14820;18/10/2025;28739;Online
23928;5494;04/07/2026;25098;Credit Card
23929;9830;21/08/2025;22333;Credit Card
23930;11116;21/02/2026;7099;Cash
23931;16825;18/06/2024;11369;Debit Card
23932;2412;22/04/2026;29251;Debit Card
23933;700;02/07/2025;11921;Credit Card
23934;1793;17/07/2025;15778;Cash
23935;19953;22/02/2026;6331;Credit Card
23936;1578;11/08/2025;5981;Debit Card
23937;19104;07/12/2025;3096;Debit Card
23938;3610;21/02/2024;25866;Bank Transfer
23939;14250;17/07/2024;6387;Debit Card
23940;17566;12/06/2025;27183;Cash
23941;9436;11/09/2025;25728;Online
23942;10136;20/07/2024;26930;Cash
23943;15343;27/10/2025;15910;Cash
23944;1105;25/09/2025;16734;Online
23945;11794;30/06/2026;12122;Debit Card
23946;13085;05/05/2024;8033;Online
23947;3794;30/04/2024;24756;Credit Card
23948;9562;19/04/2025;12982;Debit Card
23949;19576;21/12/2024;25451;Bank Transfer
23950;1635;13/08/2024;16899;Credit Card
23951;1957;30/01/2026;21973;Credit Card
23952;15246;22/09/2025;1900;Bank Transfer
23953;1874;08/03/2024;1273;Debit Card
23954;1769;04/02/2024;3316;Debit Card
23955;10039;15/07/2025;16916;Debit Card
23956;7805;30/05/2024;14097;Bank Transfer
23957;1973;01/09/2025;20743;Cash
23958;13179;30/12/2024;8777;Credit Card
23959;4422;30/07/2024;27850;Credit Card
23960;5994;12/04/2025;6076;Bank Transfer
23961;16078;15/10/2025;16030;Cash
23962;8847;20/08/2024;29149;Credit Card
23963;4563;17/10/2023;27249;Cash
23964;15881;22/05/2024;16170;Cash
23965;11162;24/01/2024;20761;Online
23966;8168;06/07/2026;12392;Credit Card
23967;2165;09/05/2026;22050;Online
23968;578;17/12/2024;29632;Bank Transfer
23969;14864;29/01/2024;26149;Debit Card
23970;18791;17/06/2026;9912;Cash
23971;8028;06/03/2025;17567;Bank Transfer
23972;18834;26/04/2026;17277;Cash
23973;8965;11/06/2025;27027;Credit Card
23974;15517;28/10/2025;16917;Cash
23975;9387;24/02/2024;19114;Debit Card
23976;4658;29/09/2025;5162;Cash
23977;17715;17/05/2024;2404;Bank Transfer
23978;19804;15/02/2026;3116;Credit Card
23979;19318;15/01/2024;7006;Cash
23980;4881;14/07/2026;22894;Bank Transfer
23981;16069;20/04/2024;5431;Cash
23982;2514;17/12/2023;21250;Debit Card
23983;6331;12/05/2025;13971;Cash
23984;18015;31/12/2023;4298;Debit Card
23985;12331;08/06/2026;3374;Bank Transfer
23986;12000;21/10/2024;14078;Online
23987;19236;20/05/2026;14057;Bank Transfer
23988;10412;23/08/2025;26034;Cash
23989;15880;16/01/2026;8194;Cash
23990;2940;30/07/2024;23425;Online
23991;16462;26/09/2024;25822;Bank Transfer
23992;5477;24/02/2024;28941;Online
23993;19061;31/10/2025;4053;Cash
23994;6137;14/05/2026;5937;Credit Card
23995;430;27/09/2023;6393;Bank Transfer
23996;14593;09/01/2024;5292;Bank Transfer
23997;14398;04/01/2025;9724;Online
23998;3294;14/08/2024;16738;Online
23999;6181;16/12/2025;25326;Online
24000;2094;07/05/2024;4705;Cash
24001;8850;18/06/2026;16987;Credit Card
24002;8188;06/07/2026;17031;Online
24003;19302;11/06/2026;18091;Credit Card
24004;19021;01/04/2024;21375;Bank Transfer
24005;8043;19/01/2025;20634;Online
24006;2270;03/03/2026;21378;Cash
24007;8951;19/01/2026;22273;Debit Card
24008;9578;07/08/2025;4001;Bank Transfer
24009;7032;25/12/2023;5183;Cash
24010;19700;26/04/2024;15252;Bank Transfer
24011;4086;20/12/2024;4589;Bank Transfer
24012;15876;24/09/2025;15091;Cash
24013;1854;04/03/2024;17186;Debit Card
24014;4339;31/01/2025;1260;Debit Card
24015;9916;28/05/2025;15780;Bank Transfer
24016;11054;25/04/2025;19862;Cash
24017;15882;09/02/2024;25912;Credit Card
24018;1814;14/08/2026;11005;Debit Card
24019;19791;15/12/2023;7809;Credit Card
24020;18869;26/04/2026;13902;Credit Card
24021;9242;09/01/2024;10355;Credit Card
24022;14515;01/10/2023;8278;Bank Transfer
24023;16071;20/01/2024;22784;Debit Card
24024;6012;25/01/2026;1166;Bank Transfer
24025;18216;26/07/2025;18454;Debit Card
24026;4011;10/06/2024;25282;Debit Card
24027;16620;02/11/2025;3516;Cash
24028;249;06/11/2025;11773;Credit Card
24029;16392;15/10/2024;11611;Online
24030;5198;29/12/2024;12937;Bank Transfer
24031;16042;13/04/2026;5060;Online
24032;10320;30/08/2024;19692;Cash
24033;3345;13/05/2026;19861;Online
24034;2662;16/06/2025;12474;Online
24035;18136;23/02/2024;3413;Debit Card
24036;16633;23/01/2025;25657;Online
24037;18845;05/05/2025;27492;Debit Card
24038;17552;16/12/2024;22792;Credit Card
24039;7158;28/06/2025;11420;Online
24040;13377;23/06/2025;14059;Bank Transfer
24041;2448;21/02/2024;4830;Cash
24042;7360;09/06/2025;13137;Bank Transfer
24043;3449;07/10/2024;8574;Bank Transfer
24044;7448;22/04/2025;28723;Cash
24045;13001;02/07/2026;21346;Online
24046;15445;21/10/2025;4029;Cash
24047;15639;03/09/2026;27152;Debit Card
24048;19241;20/09/2024;20384;Debit Card
24049;11362;03/02/2026;17343;Bank Transfer
24050;2978;05/04/2026;20627;Cash
24051;14439;21/11/2025;4704;Credit Card
24052;18454;05/05/2024;15470;Bank Transfer
24053;15142;17/04/2024;803;Debit Card
24054;15154;31/03/2026;1990;Debit Card
24055;16837;19/01/2026;4263;Bank Transfer
24056;1437;02/12/2023;16499;Online
24057;12074;13/07/2025;5804;Credit Card
24058;13489;09/11/2025;15338;Credit Card
24059;8141;03/09/2026;11218;Cash
24060;19337;31/08/2026;16979;Bank Transfer
24061;14134;11/09/2025;11622;Online
24062;5124;20/11/2025;4066;Cash
24063;12053;19/08/2025;6807;Bank Transfer
24064;4147;18/08/2025;14587;Cash
24065;420;31/03/2024;25169;Debit Card
24066;1055;17/04/2026;26760;Bank Transfer
24067;16949;23/07/2026;11046;Credit Card
24068;6447;16/05/2026;25051;Debit Card
24069;15959;10/10/2025;25312;Credit Card
24070;13281;26/08/2026;9778;Online
24071;34;25/08/2026;10237;Bank Transfer
24072;13472;25/02/2026;9363;Debit Card
24073;1379;28/08/2024;9941;Debit Card
24074;15925;26/03/2026;22512;Bank Transfer
24075;15107;21/06/2025;20486;Bank Transfer
24076;12688;22/03/2026;10549;Cash
24077;5657;27/05/2024;11457;Credit Card
24078;9254;26/06/2025;1149;Cash
24079;18007;19/11/2024;6422;Cash
24080;11711;26/03/2025;4375;Debit Card
24081;15409;21/10/2023;10717;Credit Card
24082;17289;10/11/2024;16596;Bank Transfer
24083;15769;11/04/2026;8584;Bank Transfer
24084;10280;03/04/2024;20044;Cash
24085;9981;12/11/2023;4628;Credit Card
24086;9691;08/07/2026;2299;Credit Card
24087;19787;16/08/2026;20561;Online
24088;16155;14/10/2023;17669;Debit Card
24089;1414;21/01/2025;5747;Debit Card
24090;9072;16/10/2023;21492;Debit Card
24091;11382;10/02/2024;9047;Bank Transfer
24092;10486;18/02/2026;913;Credit Card
24093;5528;20/05/2026;1976;Debit Card
24094;18795;23/12/2024;19076;Bank Transfer
24095;13369;21/09/2023;23270;Online
24096;19256;30/12/2024;1620;Credit Card
24097;6855;26/09/2025;4539;Online
24098;13656;27/08/2025;28515;Online
24099;6235;14/11/2024;11190;Online
24100;2573;05/05/2026;14981;Online
24101;16698;16/04/2026;29315;Credit Card
24102;1671;28/09/2024;9128;Debit Card
24103;19833;17/04/2026;12740;Online
24104;9143;24/07/2026;25544;Debit Card
24105;12380;10/03/2024;19316;Cash
24106;13535;26/03/2025;6136;Bank Transfer
24107;13959;11/03/2025;14110;Credit Card
24108;13532;19/06/2025;6315;Credit Card
24109;18759;27/10/2025;24649;Online
24110;7322;23/10/2025;27850;Bank Transfer
24111;15077;25/02/2025;3938;Cash
24112;15070;06/05/2024;1495;Online
24113;14330;10/06/2024;18024;Debit Card
24114;3209;07/10/2024;6408;Credit Card
24115;18853;25/08/2025;17057;Bank Transfer
24116;6582;13/03/2026;27360;Bank Transfer
24117;7196;12/05/2026;21523;Credit Card
24118;1252;13/07/2024;20815;Debit Card
24119;7665;18/03/2025;4776;Debit Card
24120;8508;10/05/2026;8068;Online
24121;15277;26/07/2026;23700;Online
24122;17234;21/09/2024;18301;Bank Transfer
24123;13011;17/07/2026;11881;Credit Card
24124;14483;17/12/2025;6106;Bank Transfer
24125;6461;28/08/2026;3450;Credit Card
24126;11539;06/01/2026;14317;Online
24127;8758;26/07/2026;16389;Bank Transfer
24128;12073;01/12/2025;15279;Debit Card
24129;2547;26/10/2025;28672;Credit Card
24130;11140;31/12/2025;22621;Cash
24131;5443;08/02/2025;15325;Bank Transfer
24132;10069;23/10/2025;19114;Debit Card
24133;10030;17/05/2026;12966;Debit Card
24134;7850;03/11/2024;14397;Credit Card
24135;12667;06/07/2025;1356;Online
24136;3642;07/03/2025;27693;Debit Card
24137;10942;22/03/2025;4397;Online
24138;17131;30/04/2026;28398;Credit Card
24139;5457;20/12/2023;10778;Bank Transfer
24140;17983;06/06/2026;2586;Cash
24141;8427;30/05/2024;7174;Credit Card
24142;9705;08/01/2026;5346;Cash
24143;10934;15/03/2025;26298;Online
24144;3442;12/02/2026;1478;Online
24145;12209;14/01/2025;23092;Credit Card
24146;8293;15/08/2026;16793;Online
24147;12230;17/04/2025;16703;Credit Card
24148;14716;17/02/2024;29382;Bank Transfer
24149;9443;23/11/2023;29047;Credit Card
24150;11659;09/08/2024;23438;Credit Card
24151;19691;12/02/2025;3485;Debit Card
24152;14308;20/08/2025;5792;Cash
24153;5354;23/03/2026;15288;Online
24154;8346;09/08/2026;3065;Debit Card
24155;11177;18/09/2024;2529;Cash
24156;3090;11/10/2024;20965;Online
24157;11251;27/12/2024;25016;Online
24158;2708;26/09/2024;28184;Cash
24159;19179;22/12/2024;9431;Credit Card
24160;2688;28/10/2025;18300;Debit Card
24161;13639;03/03/2024;21263;Cash
24162;13414;30/12/2024;4629;Debit Card
24163;13729;13/01/2026;15930;Online
24164;15983;25/06/2026;29123;Debit Card
24165;15115;06/04/2026;13277;Online
24166;14897;12/09/2024;11420;Credit Card
24167;946;14/08/2025;27298;Debit Card
24168;13678;15/02/2025;18929;Credit Card
24169;2757;21/02/2026;8588;Bank Transfer
24170;15015;17/07/2024;23111;Cash
24171;18461;13/11/2025;12728;Bank Transfer
24172;19326;17/07/2026;21629;Online
24173;15218;02/08/2024;19090;Online
24174;9520;14/01/2025;10945;Debit Card
24175;542;26/04/2025;8729;Cash
24176;2936;17/05/2025;24976;Cash
24177;8945;31/10/2024;8676;Online
24178;10863;29/01/2025;24778;Bank Transfer
24179;19103;13/04/2026;763;Debit Card
24180;1143;05/03/2026;21274;Online
24181;6591;21/12/2024;18205;Online
24182;1670;28/11/2023;26432;Debit Card
24183;18114;05/01/2026;14501;Bank Transfer
24184;7706;05/07/2026;26638;Credit Card
24185;1340;13/02/2026;565;Debit Card
24186;15457;05/08/2025;12631;Cash
24187;4553;11/03/2025;17171;Cash
24188;4854;01/10/2023;28636;Debit Card
24189;5769;11/06/2026;26634;Debit Card
24190;19120;16/01/2026;14924;Online
24191;12143;09/05/2024;17741;Online
24192;15096;13/01/2025;9008;Cash
24193;5608;21/08/2025;6425;Credit Card
24194;15638;23/03/2025;7405;Cash
24195;16001;29/10/2024;5111;Credit Card
24196;6841;04/05/2025;29901;Online
24197;5874;30/10/2024;16604;Cash
24198;10898;09/01/2026;19866;Bank Transfer
24199;17684;10/12/2025;29413;Online
24200;387;22/05/2025;25719;Debit Card
24201;17848;28/04/2025;6988;Bank Transfer
24202;15302;23/10/2024;27012;Bank Transfer
24203;17866;02/02/2024;28317;Online
24204;6606;04/06/2024;14550;Debit Card
24205;17582;23/03/2026;8594;Online
24206;18685;15/05/2026;17569;Credit Card
24207;13152;13/07/2025;3921;Debit Card
24208;12605;21/04/2024;11418;Debit Card
24209;316;05/05/2024;29883;Credit Card
24210;18959;12/02/2024;29935;Credit Card
24211;17635;31/12/2023;9372;Cash
24212;12256;07/10/2023;24914;Cash
24213;18701;12/02/2024;11710;Cash
24214;965;22/04/2025;7962;Credit Card
24215;9441;06/11/2024;6677;Credit Card
24216;12631;15/02/2026;23924;Bank Transfer
24217;6483;16/03/2026;28379;Online
24218;15335;18/05/2026;9916;Online
24219;6514;21/08/2026;15521;Debit Card
24220;190;18/10/2023;7217;Cash
24221;13523;19/04/2026;14951;Cash
24222;4134;13/11/2023;24537;Cash
24223;958;16/09/2023;27302;Debit Card
24224;2186;09/02/2025;21876;Debit Card
24225;19287;28/07/2024;22184;Debit Card
24226;11354;15/09/2025;6757;Debit Card
24227;7889;21/04/2024;17149;Credit Card
24228;14026;01/08/2026;28977;Debit Card
24229;12304;13/10/2025;8227;Cash
24230;12086;05/06/2024;28940;Debit Card
24231;18241;30/12/2025;8292;Online
24232;8613;01/09/2026;15287;Cash
24233;10952;07/05/2024;10364;Online
24234;11726;17/01/2026;9238;Online
24235;15757;30/03/2026;20351;Online
24236;17872;12/06/2024;15841;Debit Card
24237;8992;29/03/2025;5256;Bank Transfer
24238;12737;06/05/2025;21579;Credit Card
24239;16674;12/06/2025;17901;Online
24240;19175;07/06/2026;27635;Debit Card
24241;18399;27/03/2026;6570;Online
24242;7768;17/07/2025;7266;Cash
24243;6388;25/03/2026;22806;Cash
24244;18146;16/06/2026;23720;Debit Card
24245;19484;22/03/2026;15222;Bank Transfer
24246;19148;26/11/2025;24268;Bank Transfer
24247;13960;18/09/2024;25459;Bank Transfer
24248;19870;05/08/2026;18152;Bank Transfer
24249;1162;08/12/2025;4295;Debit Card
24250;8779;19/10/2024;27654;Cash
24251;12779;31/07/2025;1003;Online
24252;6764;20/10/2025;2093;Bank Transfer
24253;19301;30/04/2025;11625;Bank Transfer
24254;12030;02/11/2025;21062;Debit Card
24255;16445;28/01/2024;18235;Debit Card
24256;5158;24/11/2024;28523;Cash
24257;3619;06/04/2025;22901;Credit Card
24258;8903;31/12/2025;11101;Online
24259;13233;12/06/2026;13760;Debit Card
24260;6094;26/11/2023;24645;Credit Card
24261;2321;12/09/2026;26229;Cash
24262;11542;30/12/2025;4950;Debit Card
24263;5579;18/11/2025;14167;Online
24264;14544;18/06/2025;20097;Debit Card
24265;4365;29/07/2024;10062;Debit Card
24266;8210;16/01/2024;7835;Debit Card
24267;16847;09/02/2024;8313;Credit Card
24268;2267;16/12/2025;6303;Credit Card
24269;10151;05/02/2025;19593;Online
24270;7320;07/05/2024;23367;Bank Transfer
24271;9904;14/07/2024;17084;Online
24272;11372;20/07/2024;4091;Online
24273;12793;25/01/2025;8927;Credit Card
24274;18104;25/11/2023;14116;Cash
24275;14221;07/08/2024;18600;Debit Card
24276;3255;15/05/2026;21667;Cash
24277;9039;04/01/2025;16675;Cash
24278;18451;04/02/2026;21777;Debit Card
24279;4462;05/09/2024;25724;Credit Card
24280;16928;27/01/2026;5867;Cash
24281;7724;02/07/2026;19516;Debit Card
24282;15431;29/12/2024;7279;Cash
24283;18836;31/01/2026;7018;Bank Transfer
24284;11157;09/02/2026;8724;Bank Transfer
24285;5998;21/11/2024;26922;Online
24286;13476;13/11/2025;14077;Cash
24287;9165;08/10/2023;15920;Cash
24288;7496;21/01/2024;11241;Credit Card
24289;1516;11/04/2025;11213;Debit Card
24290;3024;23/07/2024;3148;Bank Transfer
24291;11139;20/01/2026;15744;Bank Transfer
24292;1948;29/03/2024;626;Debit Card
24293;12140;07/05/2026;26192;Online
24294;13230;15/07/2026;19762;Debit Card
24295;850;25/05/2025;19321;Cash
24296;6991;15/06/2024;24346;Bank Transfer
24297;5328;04/08/2024;10705;Cash
24298;7649;17/05/2025;13954;Bank Transfer
24299;9888;11/02/2025;5217;Bank Transfer
24300;403;28/11/2023;25022;Credit Card
24301;9173;02/11/2024;24166;Cash
24302;6177;26/08/2024;7857;Bank Transfer
24303;4350;09/09/2026;22535;Debit Card
24304;11550;06/08/2026;18672;Credit Card
24305;6401;12/10/2025;23728;Credit Card
24306;2667;01/10/2025;24958;Bank Transfer
24307;14962;21/09/2023;5797;Bank Transfer
24308;16681;01/01/2026;14154;Bank Transfer
24309;13287;15/01/2024;2385;Cash
24310;18118;02/12/2025;18439;Debit Card
24311;18402;26/05/2025;18010;Bank Transfer
24312;17858;09/04/2026;2541;Debit Card
24313;12967;20/03/2024;8654;Online
24314;961;03/05/2024;18176;Credit Card
24315;6545;01/08/2024;1649;Cash
24316;11818;23/02/2026;11840;Debit Card
24317;11572;16/07/2025;7615;Credit Card
24318;19960;25/06/2026;11359;Credit Card
24319;17924;30/07/2026;5632;Bank Transfer
24320;13535;02/05/2024;10829;Credit Card
24321;5400;03/09/2024;18239;Online
24322;4475;15/12/2024;4348;Online
24323;11528;07/09/2024;29081;Online
24324;8400;05/03/2024;14412;Cash
24325;7901;25/02/2025;5792;Debit Card
24326;19959;09/04/2026;23519;Bank Transfer
24327;9139;22/11/2023;6824;Bank Transfer
24328;14954;08/06/2026;27225;Credit Card
24329;17041;26/01/2025;24707;Debit Card
24330;4856;31/12/2023;24297;Online
24331;11379;25/06/2026;1947;Credit Card
24332;3152;27/08/2024;1670;Bank Transfer
24333;19085;22/09/2024;23323;Debit Card
24334;15463;20/06/2026;3637;Bank Transfer
24335;1754;30/08/2026;16847;Online
24336;3337;22/09/2023;1022;Debit Card
24337;1979;24/09/2024;5775;Credit Card
24338;11250;16/01/2024;2045;Online
24339;2828;27/04/2026;17701;Cash
24340;10316;21/12/2023;16361;Bank Transfer
24341;7619;12/06/2024;3905;Debit Card
24342;10242;29/03/2025;26160;Bank Transfer
24343;15318;26/04/2026;5898;Cash
24344;3481;26/01/2025;10948;Debit Card
24345;15037;06/05/2026;12080;Debit Card
24346;6296;30/11/2025;29170;Credit Card
24347;14115;10/01/2026;13086;Debit Card
24348;15140;08/08/2024;2192;Online
24349;9543;28/01/2025;18761;Debit Card
24350;90;13/09/2024;1899;Cash
24351;17114;25/03/2024;662;Credit Card
24352;1601;25/03/2026;14326;Bank Transfer
24353;1893;28/04/2024;1936;Credit Card
24354;11727;01/08/2024;23032;Credit Card
24355;18328;06/10/2025;6644;Debit Card
24356;8454;16/12/2023;9507;Online
24357;2726;02/12/2025;20248;Cash
24358;4490;30/04/2026;3656;Debit Card
24359;15742;12/11/2023;15298;Online
24360;12319;06/06/2026;2981;Bank Transfer
24361;3665;20/06/2024;19473;Credit Card
24362;12386;21/05/2026;15870;Credit Card
24363;983;13/04/2024;24577;Credit Card
24364;11027;07/06/2025;22787;Credit Card
24365;19454;11/07/2026;1618;Credit Card
24366;9012;13/04/2026;12372;Debit Card
24367;8485;10/03/2026;26351;Bank Transfer
24368;10652;30/03/2024;18577;Cash
24369;4117;27/04/2026;23478;Online
24370;5390;09/01/2025;15776;Debit Card
24371;6073;16/07/2024;1373;Debit Card
24372;15133;12/12/2025;28213;Bank Transfer
24373;540;22/11/2025;4115;Online
24374;18519;22/03/2025;9979;Debit Card
24375;3736;28/07/2024;24546;Bank Transfer
24376;9046;19/07/2025;7245;Bank Transfer
24377;1594;17/01/2026;11352;Online
24378;16546;05/09/2025;14732;Bank Transfer
24379;9867;05/04/2026;26804;Online
24380;249;14/02/2025;14525;Credit Card
24381;12768;06/09/2024;4969;Bank Transfer
24382;17218;25/05/2025;2615;Debit Card
24383;1495;14/07/2025;17296;Cash
24384;1662;19/02/2025;25538;Credit Card
24385;1156;17/07/2025;20279;Debit Card
24386;8532;07/12/2024;22868;Debit Card
24387;306;20/07/2025;25435;Online
24388;6246;29/04/2024;23827;Cash
24389;8939;25/03/2025;10945;Credit Card
24390;12578;30/04/2026;7962;Online
24391;13056;31/08/2026;23200;Bank Transfer
24392;12415;29/11/2023;11077;Bank Transfer
24393;10693;06/12/2024;13509;Online
24394;7938;23/10/2025;11117;Debit Card
24395;14446;16/10/2024;8161;Debit Card
24396;17319;10/10/2025;5493;Cash
24397;13456;06/12/2024;16421;Cash
24398;4839;26/04/2024;10565;Credit Card
24399;13011;29/10/2025;27748;Bank Transfer
24400;6917;24/07/2024;20385;Debit Card
24401;14584;14/02/2024;5850;Credit Card
24402;8846;01/02/2024;9365;Debit Card
24403;4401;24/02/2026;9216;Credit Card
24404;14422;08/01/2025;8951;Debit Card
24405;11967;23/03/2024;8671;Cash
24406;1140;18/12/2023;8190;Bank Transfer
24407;12244;20/07/2025;16357;Credit Card
24408;8559;25/09/2023;20490;Debit Card
24409;13343;12/08/2026;5015;Credit Card
24410;4574;19/10/2025;7410;Cash
24411;4076;25/07/2026;27676;Cash
24412;8996;30/04/2024;28057;Debit Card
24413;15296;25/11/2025;10752;Online
24414;818;02/08/2024;26375;Online
24415;10306;08/08/2026;19152;Bank Transfer
24416;13018;12/04/2026;5952;Debit Card
24417;18192;25/11/2024;23237;Online
24418;14290;29/03/2024;16246;Credit Card
24419;14643;16/07/2026;19315;Bank Transfer
24420;7247;12/03/2025;9367;Debit Card
24421;19340;04/09/2026;19714;Credit Card
24422;17082;28/06/2024;17535;Debit Card
24423;970;19/02/2024;17513;Cash
24424;5967;04/08/2025;9965;Bank Transfer
24425;2376;02/08/2024;7086;Bank Transfer
24426;619;22/11/2024;4604;Bank Transfer
24427;5221;25/04/2024;16601;Bank Transfer
24428;3380;04/10/2023;3624;Online
24429;19903;07/01/2026;22738;Online
24430;8042;05/12/2025;27471;Bank Transfer
24431;18063;25/11/2023;822;Credit Card
24432;437;12/12/2025;14915;Cash
24433;16875;19/07/2024;24710;Cash
24434;13864;05/09/2026;29012;Credit Card
24435;9590;03/08/2025;17321;Cash
24436;17532;03/02/2026;26811;Cash
24437;10368;10/12/2024;9236;Cash
24438;5381;03/09/2024;7074;Online
24439;381;30/06/2025;6068;Credit Card
24440;11805;27/09/2023;9686;Online
24441;2037;10/04/2026;12547;Debit Card
24442;13645;13/05/2024;1280;Bank Transfer
24443;2562;17/08/2026;24673;Online
24444;14696;19/11/2024;2885;Debit Card
24445;18779;13/09/2025;20192;Bank Transfer
24446;6698;20/02/2026;24887;Online
24447;6293;05/12/2024;15340;Cash
24448;8785;09/04/2026;17462;Cash
24449;1778;04/06/2026;25641;Debit Card
24450;5306;27/06/2024;2256;Bank Transfer
24451;13870;19/06/2026;13417;Online
24452;2272;22/11/2023;28479;Cash
24453;5945;22/02/2024;656;Bank Transfer
24454;12359;11/03/2026;11080;Credit Card
24455;16088;31/03/2024;12418;Online
24456;13890;23/10/2023;4252;Credit Card
24457;15126;12/07/2026;9446;Bank Transfer
24458;8522;07/09/2026;22791;Debit Card
24459;12787;17/02/2026;21710;Bank Transfer
24460;4090;25/11/2025;15380;Online
24461;3675;25/03/2024;18943;Cash
24462;18167;19/04/2026;15142;Bank Transfer
24463;12760;09/11/2023;15761;Online
24464;14734;30/09/2023;28306;Bank Transfer
24465;1525;26/03/2025;12951;Cash
24466;18824;20/06/2026;8104;Credit Card
24467;5791;19/09/2024;13957;Credit Card
24468;2719;08/08/2026;8040;Cash
24469;7371;10/12/2023;12639;Cash
24470;7077;22/09/2025;26027;Online
24471;3585;11/08/2025;5598;Online
24472;11472;02/02/2026;8110;Credit Card
24473;2948;21/02/2024;19160;Bank Transfer
24474;12053;01/08/2026;24620;Debit Card
24475;7988;03/03/2024;25868;Cash
24476;8482;22/08/2026;28187;Cash
24477;17414;02/10/2025;6370;Cash
24478;3263;09/02/2026;4874;Online
24479;8991;20/08/2026;7870;Bank Transfer
24480;11164;16/03/2026;22486;Bank Transfer
24481;9251;13/11/2024;12396;Cash
24482;9150;22/10/2023;24506;Online
24483;2122;27/03/2024;17769;Bank Transfer
24484;9823;11/05/2025;12666;Debit Card
24485;7925;16/11/2025;26736;Credit Card
24486;624;20/03/2024;26445;Online
24487;6807;22/11/2025;18718;Debit Card
24488;3989;27/05/2026;14171;Online
24489;19175;21/10/2023;17786;Credit Card
24490;2034;12/08/2026;14200;Credit Card
24491;667;27/12/2024;14080;Bank Transfer
24492;8400;22/08/2024;15300;Debit Card
24493;9126;14/11/2023;7542;Cash
24494;6131;06/06/2026;19778;Cash
24495;9950;20/09/2023;6456;Credit Card
24496;4831;30/10/2025;20704;Credit Card
24497;17963;04/03/2026;27403;Bank Transfer
24498;2716;21/06/2026;23026;Cash
24499;9333;27/09/2025;19253;Online
24500;9952;14/01/2024;18797;Debit Card
24501;10126;26/09/2023;14018;Online
24502;4919;25/01/2024;21624;Debit Card
24503;1997;09/08/2024;11681;Online
24504;16546;15/05/2024;17056;Credit Card
24505;6548;17/12/2023;26761;Online
24506;14687;26/05/2024;21172;Cash
24507;15475;23/05/2024;7596;Bank Transfer
24508;3343;12/07/2025;3672;Bank Transfer
24509;14045;19/02/2026;29769;Debit Card
24510;2850;15/03/2025;22351;Bank Transfer
24511;8829;20/05/2025;2536;Credit Card
24512;3154;06/12/2023;29917;Credit Card
24513;11891;23/09/2025;27707;Cash
24514;9409;09/08/2025;10551;Debit Card
24515;241;28/06/2025;8526;Online
24516;11699;31/10/2025;11363;Debit Card
24517;805;02/09/2026;22616;Credit Card
24518;18966;26/06/2024;22297;Credit Card
24519;486;19/03/2025;3371;Debit Card
24520;2584;09/08/2026;5970;Cash
24521;4474;28/01/2026;14893;Cash
24522;9905;22/05/2025;23307;Debit Card
24523;19985;08/10/2025;5709;Bank Transfer
24524;3201;08/07/2025;11437;Cash
24525;19612;14/10/2025;15612;Debit Card
24526;6011;21/04/2026;27922;Bank Transfer
24527;17339;16/01/2025;14865;Cash
24528;6085;26/07/2025;6366;Bank Transfer
24529;10595;20/09/2023;8002;Online
24530;3901;08/01/2026;18989;Debit Card
24531;854;30/10/2024;4743;Credit Card
24532;2039;22/02/2025;28966;Bank Transfer
24533;15954;22/07/2026;23790;Cash
24534;9353;19/11/2024;28104;Online
24535;5983;27/12/2023;23888;Bank Transfer
24536;7970;24/09/2025;3768;Bank Transfer
24537;10693;01/01/2025;29768;Credit Card
24538;13422;02/05/2026;27808;Debit Card
24539;9708;09/03/2026;3955;Online
24540;10642;10/01/2024;2095;Bank Transfer
24541;4301;13/08/2025;21900;Bank Transfer
24542;16527;30/11/2023;19528;Credit Card
24543;6560;10/12/2025;11190;Credit Card
24544;19688;26/09/2024;6357;Bank Transfer
24545;18308;12/02/2025;16979;Debit Card
24546;3495;18/09/2024;25700;Debit Card
24547;13103;02/09/2025;5225;Cash
24548;7584;31/01/2025;11116;Cash
24549;14023;15/01/2024;6599;Bank Transfer
24550;4953;09/06/2026;19589;Online
24551;12393;02/10/2025;19666;Credit Card
24552;19129;23/09/2024;11625;Cash
24553;19915;28/01/2024;29424;Online
24554;19620;02/06/2025;16873;Online
24555;2016;25/04/2026;10540;Bank Transfer
24556;2403;25/04/2026;24756;Debit Card
24557;9575;02/10/2025;16470;Debit Card
24558;3169;09/10/2024;18681;Bank Transfer
24559;148;10/11/2024;2808;Online
24560;8185;18/01/2025;7922;Debit Card
24561;16756;04/12/2025;5805;Bank Transfer
24562;17892;21/08/2024;1678;Cash
24563;1335;03/08/2025;13507;Online
24564;207;14/10/2023;10450;Debit Card
24565;19591;09/08/2026;6117;Debit Card
24566;1360;21/05/2025;5416;Debit Card
24567;16354;03/07/2024;16906;Bank Transfer
24568;13048;27/05/2024;17636;Credit Card
24569;3926;07/04/2024;19674;Debit Card
24570;4005;16/07/2025;26153;Bank Transfer
24571;10258;25/03/2026;16517;Credit Card
24572;5389;22/06/2025;21565;Debit Card
24573;8374;13/04/2026;7254;Cash
24574;19642;01/07/2025;18126;Cash
24575;13068;22/11/2023;4520;Credit Card
24576;10022;24/09/2023;21371;Online
24577;6800;06/06/2024;1897;Cash
24578;1234;21/02/2025;13328;Cash
24579;9060;08/04/2025;11260;Bank Transfer
24580;14071;03/03/2026;6045;Cash
24581;8243;28/01/2025;3189;Cash
24582;12909;02/12/2023;22872;Debit Card
24583;3550;21/01/2024;19494;Bank Transfer
24584;8270;25/07/2024;15797;Bank Transfer
24585;6145;18/02/2024;17789;Bank Transfer
24586;19191;01/01/2025;24629;Credit Card
24587;16273;03/01/2025;10792;Cash
24588;12534;05/12/2023;19762;Debit Card
24589;1952;10/01/2026;22990;Credit Card
24590;5179;05/10/2023;10970;Online
24591;18032;27/03/2026;18222;Debit Card
24592;1335;19/01/2024;7338;Cash
24593;7748;21/01/2026;2119;Cash
24594;12077;21/03/2024;10954;Debit Card
24595;2093;04/06/2025;22216;Online
24596;16370;07/06/2026;1196;Debit Card
24597;6694;02/01/2024;28649;Credit Card
24598;1488;14/06/2025;17182;Debit Card
24599;8463;04/02/2025;4359;Online
24600;12006;19/11/2025;21782;Online
24601;17406;15/04/2024;8476;Cash
24602;16396;09/08/2025;9827;Cash
24603;16094;17/07/2026;16857;Online
24604;17334;14/11/2024;23116;Bank Transfer
24605;16898;18/12/2024;1905;Online
24606;13035;21/04/2024;6752;Credit Card
24607;18634;21/08/2026;2983;Cash
24608;6513;05/03/2025;23914;Bank Transfer
24609;2584;04/01/2025;2598;Debit Card
24610;1563;12/06/2024;9379;Cash
24611;13370;04/06/2024;13531;Debit Card
24612;15674;26/03/2024;16683;Bank Transfer
24613;8759;06/12/2023;14924;Debit Card
24614;3498;19/01/2026;28805;Cash
24615;12111;19/02/2026;3646;Cash
24616;18725;10/12/2023;3356;Cash
24617;6021;06/09/2024;2623;Cash
24618;12176;29/02/2024;6909;Bank Transfer
24619;18751;13/11/2024;15265;Bank Transfer
24620;17665;18/08/2024;25794;Bank Transfer
24621;18657;20/06/2024;16785;Credit Card
24622;13492;04/08/2025;10160;Debit Card
24623;9778;25/10/2024;5186;Bank Transfer
24624;15431;28/02/2026;13204;Cash
24625;16266;11/04/2025;19036;Online
24626;7189;10/10/2023;28756;Debit Card
24627;15020;02/10/2023;4436;Debit Card
24628;10142;14/09/2024;5848;Cash
24629;4860;10/10/2025;16649;Bank Transfer
24630;10968;19/03/2026;25975;Online
24631;12857;30/03/2025;7373;Bank Transfer
24632;12672;07/05/2024;24120;Cash
24633;17615;17/11/2023;11935;Credit Card
24634;12253;27/06/2024;18475;Cash
24635;12766;25/03/2025;6016;Credit Card
24636;19580;16/02/2025;4553;Credit Card
24637;1240;24/09/2023;26606;Credit Card
24638;13464;05/08/2024;8264;Debit Card
24639;19818;11/02/2026;7471;Bank Transfer
24640;6815;15/10/2023;2575;Debit Card
24641;5803;26/09/2023;11005;Bank Transfer
24642;12799;18/07/2026;9675;Bank Transfer
24643;6839;02/06/2025;19923;Bank Transfer
24644;14870;31/12/2025;17094;Debit Card
24645;16045;27/07/2024;7429;Credit Card
24646;8724;21/04/2025;25400;Credit Card
24647;6045;31/01/2026;23055;Credit Card
24648;8820;09/07/2024;1024;Online
24649;10427;01/12/2025;12118;Bank Transfer
24650;3555;10/07/2024;6078;Credit Card
24651;5734;12/01/2026;22155;Cash
24652;2475;30/12/2024;13639;Bank Transfer
24653;11993;08/05/2024;4092;Credit Card
24654;15127;08/09/2025;29292;Credit Card
24655;17754;19/07/2026;4699;Bank Transfer
24656;19807;06/09/2024;10809;Cash
24657;10449;06/09/2025;18203;Credit Card
24658;4271;14/10/2023;9862;Debit Card
24659;6732;19/11/2023;15691;Online
24660;15948;12/09/2025;15752;Debit Card
24661;3004;11/11/2025;24399;Online
24662;19346;25/05/2026;20426;Cash
24663;13170;02/07/2024;24957;Credit Card
24664;8600;12/03/2025;27245;Online
24665;12343;07/02/2025;26675;Cash
24666;6807;24/06/2024;2743;Bank Transfer
24667;4315;30/12/2024;11960;Bank Transfer
24668;7496;20/07/2024;19842;Credit Card
24669;12401;01/10/2025;4627;Bank Transfer
24670;4572;09/10/2025;27855;Debit Card
24671;1045;18/05/2024;521;Bank Transfer
24672;2246;09/12/2023;6750;Bank Transfer
24673;8445;20/10/2023;16152;Credit Card
24674;16039;23/11/2024;29438;Credit Card
24675;11759;14/09/2023;14957;Online
24676;3493;25/05/2024;23176;Online
24677;9915;15/10/2025;17555;Credit Card
24678;8068;18/05/2025;2944;Online
24679;14399;06/05/2026;19482;Cash
24680;4469;23/05/2024;21758;Bank Transfer
24681;19720;30/12/2023;22036;Bank Transfer
24682;19145;03/02/2025;16371;Credit Card
24683;7799;14/02/2024;27880;Debit Card
24684;3593;14/11/2024;2095;Debit Card
24685;8788;14/08/2025;9804;Online
24686;2641;17/08/2024;12205;Online
24687;2815;31/08/2024;13815;Bank Transfer
24688;1258;21/05/2024;18860;Online
24689;5907;15/08/2024;22375;Debit Card
24690;2224;12/05/2025;6046;Cash
24691;16097;23/12/2023;7254;Debit Card
24692;16699;03/08/2024;24315;Online
24693;15543;19/04/2025;16437;Online
24694;10040;12/12/2024;9914;Bank Transfer
24695;15842;25/07/2024;28156;Bank Transfer
24696;2182;22/02/2025;19687;Credit Card
24697;4869;06/05/2025;27916;Cash
24698;390;15/01/2025;14355;Credit Card
24699;17467;21/08/2024;12435;Online
24700;2872;25/03/2024;5088;Debit Card
24701;18221;06/06/2025;5904;Cash
24702;18348;22/07/2024;4907;Debit Card
24703;19827;07/05/2025;3753;Bank Transfer
24704;15459;17/03/2025;23463;Credit Card
24705;7394;27/02/2025;29650;Bank Transfer
24706;15517;23/02/2026;3116;Online
24707;4694;16/05/2024;7271;Credit Card
24708;13564;17/05/2024;2613;Online
24709;8470;30/07/2024;29466;Bank Transfer
24710;13556;17/06/2024;17864;Online
24711;770;15/06/2025;17482;Bank Transfer
24712;14531;27/05/2025;24757;Cash
24713;11676;17/01/2024;21397;Credit Card
24714;4948;22/02/2026;16046;Bank Transfer
24715;846;23/11/2025;12079;Cash
24716;868;20/12/2023;8171;Bank Transfer
24717;12916;04/01/2026;5689;Online
24718;1489;06/06/2024;16894;Cash
24719;5116;24/11/2024;19115;Bank Transfer
24720;3525;12/11/2024;25491;Online
24721;7635;11/02/2026;3273;Bank Transfer
24722;1584;04/10/2025;1774;Online
24723;14413;07/11/2024;17059;Cash
24724;10058;01/03/2024;28882;Credit Card
24725;7995;21/07/2024;7728;Bank Transfer
24726;3417;12/06/2025;27995;Debit Card
24727;9631;10/07/2026;12759;Bank Transfer
24728;6932;12/02/2026;901;Online
24729;4279;21/10/2024;17059;Online
24730;1202;13/05/2024;11134;Online
24731;2722;08/09/2024;16241;Debit Card
24732;10385;21/02/2026;25079;Credit Card
24733;6869;16/09/2024;23793;Bank Transfer
24734;13565;01/02/2024;23112;Bank Transfer
24735;5269;21/03/2026;9312;Online
24736;9382;10/08/2026;13954;Debit Card
24737;15772;25/03/2025;22887;Online
24738;14104;30/01/2026;19811;Online
24739;1451;19/08/2026;28272;Cash
24740;14199;29/05/2025;18902;Cash
24741;6543;25/12/2025;13546;Bank Transfer
24742;16453;04/12/2025;10611;Credit Card
24743;10999;24/07/2025;24492;Bank Transfer
24744;4808;26/01/2025;14420;Cash
24745;18869;02/04/2024;7982;Credit Card
24746;8873;13/05/2024;3086;Online
24747;7620;01/07/2025;29606;Online
24748;1924;22/09/2023;6641;Online
24749;16472;11/05/2025;6534;Debit Card
24750;15158;01/08/2025;9344;Cash
24751;170;25/04/2024;9876;Online
24752;14605;22/02/2026;23175;Bank Transfer
24753;10019;19/08/2026;1995;Cash
24754;2184;04/04/2024;19773;Cash
24755;6671;31/08/2025;12225;Cash
24756;3696;06/05/2026;15375;Cash
24757;19019;03/02/2024;10467;Cash
24758;15645;14/10/2025;8119;Debit Card
24759;10896;18/06/2026;27085;Bank Transfer
24760;6572;15/05/2025;25051;Bank Transfer
24761;6055;08/05/2025;3146;Bank Transfer
24762;9702;30/11/2023;13818;Cash
24763;14230;21/08/2026;10712;Bank Transfer
24764;7138;03/01/2026;22066;Cash
24765;12302;02/05/2026;20633;Credit Card
24766;1875;10/03/2026;2928;Cash
24767;5281;26/11/2023;25197;Cash
24768;11385;31/05/2025;21251;Cash
24769;6248;24/11/2024;13500;Bank Transfer
24770;13901;22/11/2023;28366;Online
24771;1576;07/02/2025;25688;Online
24772;2951;09/09/2025;21612;Cash
24773;15562;04/04/2025;14632;Cash
24774;3823;17/06/2025;4891;Bank Transfer
24775;14040;16/08/2026;23011;Cash
24776;1533;14/08/2024;2381;Debit Card
24777;13884;20/07/2024;19640;Bank Transfer
24778;11999;06/04/2026;27814;Debit Card
24779;1558;09/04/2024;10200;Online
24780;14627;11/12/2025;4338;Debit Card
24781;3111;14/09/2024;5452;Credit Card
24782;4167;07/01/2025;21276;Credit Card
24783;12736;19/12/2023;20589;Cash
24784;10852;12/02/2026;6726;Online
24785;2271;27/11/2025;9538;Bank Transfer
24786;9900;05/03/2024;29297;Bank Transfer
24787;9633;23/04/2026;27665;Credit Card
24788;10069;25/01/2025;7807;Bank Transfer
24789;7521;20/01/2026;26034;Cash
24790;2609;03/06/2026;9225;Credit Card
24791;19207;12/02/2026;6527;Cash
24792;17713;22/01/2026;6251;Credit Card
24793;18709;21/05/2025;25355;Online
24794;12159;24/09/2025;20742;Online
24795;2611;26/08/2025;809;Bank Transfer
24796;12520;17/04/2025;26927;Credit Card
24797;18207;01/11/2023;24062;Bank Transfer
24798;14991;16/02/2026;2391;Bank Transfer
24799;3301;08/06/2024;29334;Debit Card
24800;19335;20/11/2024;29654;Credit Card
24801;6255;01/05/2024;6029;Bank Transfer
24802;16373;07/05/2024;2522;Bank Transfer
24803;15639;30/04/2026;21633;Bank Transfer
24804;17325;29/03/2024;10804;Debit Card
24805;18;25/04/2025;25425;Online
24806;5041;16/05/2025;1844;Bank Transfer
24807;19547;14/09/2024;17038;Online
24808;8441;09/02/2025;18041;Debit Card
24809;6055;05/04/2025;2223;Debit Card
24810;3981;04/01/2026;14794;Cash
24811;2054;21/05/2024;23050;Debit Card
24812;15448;22/09/2024;2930;Online
24813;11959;12/04/2026;18212;Online
24814;7720;17/07/2024;23219;Credit Card
24815;7438;14/09/2023;21534;Cash
24816;13450;24/04/2026;16540;Online
24817;6422;18/04/2024;20452;Credit Card
24818;10733;07/03/2025;16381;Bank Transfer
24819;11180;21/11/2023;28642;Bank Transfer
24820;17587;11/02/2026;16065;Debit Card
24821;2414;16/08/2024;4758;Credit Card
24822;2450;21/11/2024;23516;Bank Transfer
24823;17418;20/03/2026;16023;Online
24824;16960;11/10/2024;4385;Credit Card
24825;5271;22/03/2025;3098;Bank Transfer
24826;3160;25/09/2023;24593;Debit Card
24827;16135;26/08/2026;6308;Online
24828;6243;05/05/2024;4429;Debit Card
24829;14165;05/07/2024;23674;Online
24830;16619;25/06/2025;6438;Bank Transfer
24831;16827;25/04/2024;10107;Debit Card
24832;16600;06/03/2026;8032;Online
24833;19806;13/09/2024;13822;Bank Transfer
24834;7815;09/01/2024;19569;Credit Card
24835;11674;16/09/2025;7078;Cash
24836;2777;03/02/2024;4159;Debit Card
24837;2440;30/06/2025;16190;Online
24838;10119;11/04/2024;4297;Credit Card
24839;18524;30/06/2026;7857;Debit Card
24840;13225;25/02/2024;27002;Bank Transfer
24841;5550;20/05/2025;21745;Credit Card
24842;10414;29/08/2025;1992;Online
24843;10046;23/02/2025;18112;Online
24844;8476;03/12/2023;15400;Bank Transfer
24845;16640;09/11/2023;12139;Bank Transfer
24846;18809;25/11/2025;21182;Cash
24847;16024;17/12/2024;5162;Online
24848;14986;14/01/2026;12551;Debit Card
24849;1781;06/12/2023;25926;Credit Card
24850;107;20/10/2024;23546;Online
24851;6296;31/08/2024;19678;Credit Card
24852;4693;09/08/2024;28547;Cash
24853;5147;20/12/2023;6076;Debit Card
24854;30;10/11/2025;18060;Debit Card
24855;4828;31/01/2025;7472;Bank Transfer
24856;4278;02/05/2026;13104;Online
24857;8930;13/10/2024;5559;Credit Card
24858;18660;29/06/2024;16816;Bank Transfer
24859;13729;30/12/2023;1216;Bank Transfer
24860;6254;19/11/2025;18607;Cash
24861;14100;28/04/2024;4386;Cash
24862;19489;26/04/2024;25409;Bank Transfer
24863;18162;21/01/2026;19846;Bank Transfer
24864;19892;07/07/2026;11012;Credit Card
24865;1675;31/01/2025;4527;Bank Transfer
24866;877;14/12/2023;24471;Debit Card
24867;2806;28/02/2026;22973;Debit Card
24868;488;31/08/2026;26729;Debit Card
24869;10562;20/07/2025;28418;Bank Transfer
24870;16760;02/10/2023;22680;Online
24871;13838;18/10/2023;14978;Bank Transfer
24872;7069;22/09/2025;6327;Bank Transfer
24873;1940;13/11/2024;29337;Cash
24874;8385;14/06/2024;26397;Debit Card
24875;12785;08/12/2024;16865;Credit Card
24876;75;24/10/2024;8917;Cash
24877;9487;01/09/2024;7529;Online
24878;19838;29/08/2024;16445;Cash
24879;137;15/03/2025;4236;Cash
24880;10446;01/04/2025;28727;Debit Card
24881;18333;13/05/2024;22808;Cash
24882;484;16/03/2026;27839;Bank Transfer
24883;19765;31/12/2023;23693;Bank Transfer
24884;539;25/01/2025;24645;Debit Card
24885;2122;21/02/2024;18606;Bank Transfer
24886;11544;11/01/2025;5983;Credit Card
24887;9451;06/09/2025;7683;Debit Card
24888;8729;05/04/2026;23643;Cash
24889;5292;22/03/2026;27345;Credit Card
24890;8863;06/07/2026;5226;Bank Transfer
24891;9272;18/08/2025;3064;Online
24892;9642;07/10/2023;2555;Bank Transfer
24893;19578;07/12/2023;19132;Cash
24894;4095;01/02/2025;6255;Debit Card
24895;5642;25/02/2024;16730;Bank Transfer
24896;6470;31/05/2025;4793;Debit Card
24897;1919;29/07/2026;6585;Bank Transfer
24898;17707;26/10/2025;2487;Online
24899;11923;26/03/2025;15593;Online
24900;15363;01/01/2025;15154;Credit Card
24901;11621;24/01/2024;23947;Cash
24902;16478;02/03/2025;17190;Online
24903;15307;31/03/2026;8051;Online
24904;7377;26/02/2026;27757;Online
24905;4476;03/12/2023;24546;Online
24906;11999;26/02/2025;4574;Bank Transfer
24907;3104;05/01/2025;15138;Credit Card
24908;8024;11/01/2024;7160;Online
24909;7618;03/05/2024;21552;Bank Transfer
24910;14724;01/10/2025;10339;Cash
24911;7398;26/04/2026;24877;Online
24912;4869;17/03/2025;14853;Online
24913;7727;15/06/2025;12616;Cash
24914;19925;07/09/2025;2640;Online
24915;9503;08/08/2026;7307;Online
24916;13642;07/06/2025;16220;Cash
24917;7947;18/10/2023;28546;Credit Card
24918;10050;03/10/2023;29207;Bank Transfer
24919;1361;26/03/2025;26051;Debit Card
24920;16107;17/10/2025;10633;Debit Card
24921;1405;21/04/2025;10712;Bank Transfer
24922;15384;30/12/2024;16959;Bank Transfer
24923;14144;15/05/2025;637;Credit Card
24924;16423;04/05/2024;21654;Bank Transfer
24925;10263;22/02/2025;26932;Online
24926;7227;20/02/2025;24607;Cash
24927;18862;15/12/2023;9531;Cash
24928;7083;11/05/2026;23979;Debit Card
24929;16123;05/01/2024;19229;Debit Card
24930;17194;18/05/2025;3434;Credit Card
24931;4245;12/02/2025;9375;Online
24932;2236;03/06/2026;6389;Online
24933;19824;05/03/2026;23265;Debit Card
24934;9701;09/09/2025;1143;Debit Card
24935;15665;05/11/2025;21802;Online
24936;960;10/11/2025;18261;Credit Card
24937;5893;25/03/2026;19069;Bank Transfer
24938;2763;22/05/2025;16415;Cash
24939;7516;26/02/2026;23363;Credit Card
24940;12297;29/11/2025;25621;Bank Transfer
24941;9481;25/07/2025;6617;Cash
24942;5276;22/10/2025;11333;Bank Transfer
24943;18450;13/01/2026;28410;Online
24944;5135;21/11/2023;28504;Credit Card
24945;6110;19/02/2025;5898;Cash
24946;6639;27/07/2026;14119;Credit Card
24947;15270;06/08/2025;2285;Credit Card
24948;3414;07/11/2023;22976;Online
24949;5372;14/09/2025;21222;Credit Card
24950;19229;18/08/2026;17580;Online
24951;13892;11/01/2024;14806;Cash
24952;10998;04/02/2026;17122;Debit Card
24953;8335;14/08/2026;20026;Online
24954;12936;03/08/2025;28118;Debit Card
24955;8026;22/06/2025;24845;Bank Transfer
24956;17584;26/03/2025;24864;Credit Card
24957;18954;20/11/2023;17054;Bank Transfer
24958;10775;09/07/2026;22249;Debit Card
24959;6637;09/04/2024;3230;Debit Card
24960;2851;29/01/2024;2274;Online
24961;15017;06/09/2025;29086;Debit Card
24962;5891;10/06/2026;24850;Bank Transfer
24963;10657;18/08/2025;9566;Online
24964;13323;01/08/2024;24148;Bank Transfer
24965;8818;22/03/2024;29273;Bank Transfer
24966;7247;15/02/2024;10188;Bank Transfer
24967;13807;07/07/2024;8444;Credit Card
24968;14676;05/09/2025;12710;Cash
24969;2654;09/07/2025;22510;Credit Card
24970;17110;12/07/2025;26124;Cash
24971;80;21/12/2024;16520;Online
24972;6229;17/01/2024;29463;Debit Card
24973;13386;17/08/2026;27985;Debit Card
24974;7025;16/04/2025;26152;Credit Card
24975;2671;20/01/2025;15381;Cash
24976;4404;26/11/2023;22375;Debit Card
24977;9823;04/07/2026;12761;Cash
24978;9572;21/06/2024;1845;Credit Card
24979;7073;18/12/2024;12414;Debit Card
24980;8118;04/03/2024;9645;Cash
24981;9452;12/03/2024;4773;Credit Card
24982;7406;08/12/2025;6024;Debit Card
24983;9072;15/05/2025;13467;Credit Card
24984;13714;08/04/2024;24954;Cash
24985;8307;07/11/2024;19172;Credit Card
24986;4288;29/11/2024;28606;Debit Card
24987;16933;07/12/2023;7265;Bank Transfer
24988;12836;20/12/2023;10988;Credit Card
24989;17633;10/06/2025;5393;Bank Transfer
24990;8372;03/11/2025;16896;Debit Card
24991;8235;31/03/2025;15018;Online
24992;15383;17/10/2024;7691;Debit Card
24993;14169;18/07/2025;937;Cash
24994;3266;03/11/2023;24190;Cash
24995;1415;18/01/2025;28569;Cash
24996;8523;06/06/2026;3322;Bank Transfer
24997;1310;06/05/2025;7697;Debit Card
24998;8426;03/09/2025;8409;Cash
24999;5628;30/10/2023;25243;Credit Card
25000;5728;09/08/2024;2869;Cash
