review_id;booking_id;rating;review_date;comment
1;18853;1;26/01/2025;Federal be recognize.
2;1649;5;21/10/2025;In beyond while Congress south Mrs.
3;3378;3;27/11/2025;Measure in out value night good support.
4;7716;3;24/07/2024;Rich minute per black.
5;6100;4;22/09/2023;Amount account list live.
6;184;4;21/10/2023;Weight policy every simply until.
7;11588;3;10/04/2026;Agree especially really accept.
8;9427;1;04/12/2024;Possible appear such for.
9;1949;1;06/08/2026;Else themselves however collection challenge third focus benefit.
10;16112;1;30/06/2025;Project what large keep difficult.
11;16372;3;12/06/2025;Get company recognize agent these artist.
12;12840;3;31/05/2025;Machine group now else age anyone.
13;15477;3;09/02/2025;Start institution physical news.
14;9295;4;07/09/2025;Better always performance.
15;4714;2;02/11/2023;Necessary within writer alone.
16;10948;4;21/10/2024;Career from day kind economy attention.
17;19858;1;10/12/2023;Partner pay factor score eight happen.
18;2221;5;27/08/2025;Service why form hold officer particular call party.
19;11639;1;21/08/2026;Add himself quality listen set base.
20;101;5;19/10/2025;Relate be nothing situation television.
21;3979;1;11/03/2025;Enough kid to past.
22;4777;2;29/11/2025;Parent land network.
23;7428;4;14/12/2023;Case bill already business former.
24;19186;3;04/06/2025;Some let total away.
25;8545;2;09/04/2024;Work above include loss watch.
26;5529;1;30/09/2025;Like first paper business.
27;11932;3;02/06/2026;Cause ask research customer old.
28;18117;5;18/12/2024;Say music nothing scientist collection increase.
29;8701;1;29/11/2023;Back song author difficult develop PM leader window.
30;555;1;21/10/2023;Feeling man wall form world.
31;12897;2;20/07/2024;Win energy stock wide picture.
32;4868;4;07/08/2024;However program change word.
33;10025;5;29/07/2024;Job generation recent it account develop magazine score.
34;13937;5;12/08/2025;View send be particularly answer.
35;19914;5;26/11/2023;Century cold organization place.
36;3430;4;17/04/2025;Return occur would site wind.
37;14170;4;18/06/2024;Marriage can toward role beyond cell.
38;6729;3;19/12/2023;First time without wish oil.
39;9691;1;16/01/2025;Ready baby kid identify five contain.
40;5780;2;16/11/2025;Fear term space shake particularly model.
41;10583;5;24/08/2026;Set system reason.
42;19066;4;24/03/2025;Notice effort wonder floor by.
43;3769;5;30/04/2026;Cup room capital manager.
44;17293;1;19/02/2024;Today watch commercial camera who human.
45;12267;5;09/01/2025;Own hot yourself then can Mrs seat.
46;5495;3;04/12/2025;Arrive ask her true hold section rich.
47;11820;3;01/12/2023;Entire science bank hard civil training.
48;18681;5;20/05/2025;Too among argue public.
49;16592;2;03/11/2025;Medical consider score material gas so.
50;12241;1;11/07/2026;Major Democrat fear rest.
51;8510;3;31/12/2024;Foot film hard newspaper should major church.
52;13399;1;02/08/2026;Too carry coach significant win maybe.
53;13882;2;08/09/2025;Art always five.
54;18506;2;12/04/2026;Effort allow establish society mission.
55;5791;4;17/09/2024;Position property beat.
56;13188;1;24/01/2025;Machine see foot fact.
57;5438;4;24/03/2024;Institution order pressure source.
58;10671;1;03/10/2024;Although fire so teacher compare.
59;3482;2;14/11/2024;Force executive subject call relate back.
60;63;2;21/11/2023;Minute north operation above.
61;4390;5;07/03/2025;Suddenly best boy focus.
62;7123;2;18/02/2024;Assume soldier up participant particular six call.
63;14431;4;13/12/2024;Scientist serve community data save church movement join.
64;2014;1;11/03/2026;Loss him leader short air hospital doctor.
65;16478;5;03/07/2026;Board argue account one discover.
66;5328;5;04/05/2025;Hot over effect trade finish.
67;19615;1;31/03/2026;Put because read staff two.
68;16077;3;15/10/2023;Machine million production build star edge bar quality.
69;19563;5;01/05/2026;Talk woman hundred every person.
70;5375;2;08/04/2026;Red draw throughout lot.
71;12676;4;31/05/2025;Grow answer between bar firm stay tonight should.
72;5574;2;03/09/2026;Plant couple use source toward.
73;801;5;12/08/2026;End compare street company memory cup himself.
74;12603;3;13/10/2024;Offer either avoid.
75;3860;2;23/08/2026;Difficult size home community station.
76;8427;5;26/01/2026;System hold behavior agent although.
77;432;4;14/10/2025;Heavy dark collection movement.
78;18797;2;14/07/2024;Share stop piece only visit.
79;14750;3;10/01/2026;From support follow media never whole service security.
80;2519;1;05/09/2024;Especially scientist begin she reduce yard.
81;18893;2;06/08/2026;Behavior personal husband need popular too at.
82;11163;5;28/01/2024;View know though radio tough.
83;8888;2;12/10/2025;May agent reality positive service catch blood.
84;16843;4;24/01/2025;Peace finish finally just artist new rule add.
85;4009;1;13/05/2024;Response performance political degree.
86;12167;3;23/04/2026;Despite become real miss hair investment.
87;8700;4;25/12/2024;World society life fill visit try rule.
88;5375;4;11/11/2023;Can possible reflect road final interview somebody.
89;12339;3;20/02/2026;Tend into feeling religious bring argue.
90;18683;1;22/12/2024;Budget able including chair more knowledge professional.
91;12619;3;22/04/2025;Continue network building behind report mouth.
92;13308;2;11/08/2024;Carry hot them maintain others well degree outside.
93;16822;2;30/01/2025;Energy well rule although up put reason.
94;796;5;02/05/2024;Recent design health million forget.
95;1168;3;25/04/2026;Consumer second human we least matter which.
96;14061;1;26/01/2024;Can whose similar sort particularly.
97;18151;5;17/09/2023;Choice hotel cost understand television sure phone.
98;11334;5;10/01/2024;About everybody hour particularly data.
99;3324;4;27/06/2025;Two family indeed free.
100;12134;1;15/01/2025;Degree prove family business few national debate.
101;10311;5;24/08/2024;Skill matter deal improve information.
102;3541;5;27/03/2026;Collection protect store meeting.
103;11708;4;23/08/2026;Whether easy involve reflect Democrat top.
104;12455;5;25/03/2024;Save chance beyond will feeling almost must.
105;19691;4;22/08/2025;Air indicate at practice population.
106;11974;1;25/03/2025;Language me remain follow they race.
107;7587;3;17/10/2023;Chair week letter list like.
108;16088;2;29/01/2026;Cup least trouble institution plan possible administration right.
109;1753;3;23/05/2026;Director as call stay finish beyond.
110;17345;1;24/10/2025;Technology with citizen include chance hospital history.
111;7105;5;13/02/2026;Receive statement be how drug.
112;1972;3;24/08/2024;Million section under financial we up.
113;15927;4;18/05/2026;Professional past term middle charge vote base anything.
114;13405;4;26/11/2024;Total little assume best play avoid simply.
115;16776;5;16/06/2025;Four discover by.
116;11830;5;24/07/2025;This organization western you.
117;19246;4;29/06/2025;Down modern charge impact explain bank.
118;15881;1;07/12/2024;Hotel son few place scientist.
119;16434;2;09/06/2024;Must hard mention Congress with.
120;9785;1;22/07/2024;Hit agree security rate section expert former expect.
121;13726;1;11/02/2026;Toward apply provide pay.
122;19365;1;27/09/2025;Idea it per bank exist teach.
123;6552;5;29/03/2025;Few yeah this drive stock yard dream itself.
124;2395;2;19/09/2023;West black option seek sort message line coach.
125;15273;1;02/11/2024;Look indicate high why color yet situation weight.
126;4718;4;31/10/2025;Certain program good office.
127;7138;5;30/04/2026;Exactly read forget writer movie mind hotel include.
128;6889;3;23/04/2026;Risk push fight concern cause at.
129;10968;4;23/02/2026;Treat newspaper nor senior soon southern tonight.
130;5749;5;08/06/2026;Figure us pass rest Mrs seat step.
131;14150;4;24/04/2024;Company together expert bill later.
132;1673;4;25/04/2024;Practice key move think bar.
133;2619;5;05/07/2026;Provide read sea.
134;7147;5;28/07/2025;Industry hit listen production good finish.
135;7838;4;03/05/2026;Half partner his why month professional.
136;17198;5;11/03/2025;Thousand put exactly.
137;13273;3;23/03/2024;Race entire stay information on cold.
138;18019;3;22/09/2023;Cost open several like nature democratic democratic.
139;8487;3;11/05/2025;Sister remember pick player law possible.
140;15434;3;03/12/2025;Mr power seem after.
141;6128;5;06/12/2024;Enjoy how fact since west program.
142;5665;4;20/06/2026;Data before available real finish identify.
143;2814;4;25/11/2023;Any cut live nature.
144;3209;3;08/09/2025;And agree inside smile ability nice glass.
145;4299;1;02/04/2024;Today box and civil ability couple.
146;5511;3;27/05/2026;Establish mention shake talk body.
147;4889;5;19/12/2023;Finally summer happen.
148;351;2;10/05/2026;Bill only news say share visit unit receive.
149;13268;5;21/09/2024;Although all movement money war within.
150;18996;1;08/11/2024;Business understand pattern performance society view team.
151;2206;1;02/09/2025;Build happy data.
152;18070;4;17/05/2026;Yourself my interest high.
153;5895;5;12/12/2025;Light ahead change threat day.
154;9036;3;05/04/2024;Billion action politics.
155;14898;5;28/08/2026;Whether food detail.
156;19582;2;17/07/2025;Admit top rate.
157;16874;2;14/06/2025;Foot capital eye majority bag.
158;14147;3;25/02/2024;President example foot citizen feeling attorney option.
159;13231;1;24/03/2025;More kind past only husband size.
160;19044;1;07/09/2025;Defense risk officer beautiful.
161;4182;2;01/01/2025;Tv every ball management similar if state.
162;12612;5;31/12/2024;Success many member central soon bill treat.
163;7399;3;24/02/2025;Least feel I allow beyond.
164;15316;4;28/10/2025;Worker capital term.
165;4241;5;03/08/2025;Policy now hand trouble soon.
166;12498;1;23/08/2025;Growth claim guess meet.
167;4276;1;24/08/2026;Either head away thank season agent front.
168;1114;4;09/12/2025;Knowledge official force gas buy.
169;5369;5;24/10/2023;Think moment increase parent.
170;960;1;07/03/2025;Production five civil nice.
171;7203;5;20/06/2024;Only center author every pay site us hundred.
172;11498;2;01/11/2023;Section including I wide officer pull.
173;15440;5;26/08/2025;We each economic must.
174;9081;2;13/09/2024;Major financial become night.
175;4241;3;25/06/2026;Budget response only decide girl.
176;8334;5;30/01/2026;Who fill company nation traditional.
177;11640;1;14/01/2026;Challenge carry cause example imagine great number.
178;19182;5;30/10/2025;Boy no senior success commercial walk.
179;2691;4;01/03/2026;Experience situation future get season.
180;5094;2;14/06/2025;Tax at practice big customer create.
181;17083;3;15/02/2024;Smile evening set benefit special.
182;16826;1;30/07/2026;Whose become activity drop all realize prevent.
183;3342;3;05/12/2025;Grow laugh police memory difference.
184;11877;3;02/01/2024;Range couple finally news up them.
185;6968;3;29/08/2024;Writer range this life support.
186;17303;4;17/08/2024;Tough current deep would.
187;19464;5;13/08/2024;And window appear.
188;8367;4;17/01/2024;Organization up order weight.
189;13446;2;04/03/2026;Certainly until section continue account at.
190;13471;2;01/09/2024;About involve describe particular week radio.
191;18770;5;15/10/2024;Hard discuss chair recently send candidate.
192;18291;2;13/02/2026;Successful right too later page voice ready three.
193;248;2;27/05/2024;Thought report step conference.
194;17469;4;02/09/2024;Game all understand project may country western.
195;8571;3;30/09/2023;Student light miss fact.
196;15652;4;03/06/2024;At result worry threat guess science.
197;17682;5;10/09/2024;Few still both cell generation.
198;12444;5;25/02/2024;Keep either car daughter eat.
199;17140;4;11/02/2025;Agree region machine site both society treat.
200;11834;1;25/12/2025;Vote environment entire reality determine general.
201;9032;3;18/03/2024;West fall assume many tonight toward standard.
202;847;2;04/12/2023;National step statement personal opportunity six support could.
203;6001;5;10/12/2023;Way strategy financial responsibility hotel remember value.
204;19323;4;21/03/2024;Between wonder south production shoulder book dinner.
205;4482;5;22/04/2024;Necessary station suffer other.
206;6071;4;20/06/2026;Wide kid voice outside admit anyone her.
207;2396;4;19/06/2026;Common south force once oil place.
208;13487;4;13/04/2025;Draw some total part.
209;6217;1;19/06/2026;Away economic expert our him close.
210;12688;5;21/05/2026;Guy view late.
211;16958;5;17/08/2025;Important recent report sit.
212;7277;4;17/11/2023;Result walk station president.
213;17299;3;23/11/2024;Quality health nation pick manager.
214;8079;1;19/10/2024;Yard role upon how also half member sign.
215;770;4;20/08/2024;Pressure fight out skill room.
216;16915;2;03/03/2026;Different understand real threat suggest.
217;11647;2;05/08/2025;Beautiful skill be eye look alone.
218;18207;1;11/06/2025;Reason make nearly game nature know.
219;17354;1;14/04/2026;Ball young garden degree power.
220;2922;5;21/02/2025;Sometimes true memory tough wait amount their.
221;7816;3;27/05/2025;Become player daughter hundred.
222;18777;3;02/01/2025;Situation than peace.
223;4752;2;03/12/2024;Six whom education without.
224;4282;2;26/07/2025;Heart imagine former stage staff.
225;9958;4;13/03/2025;Attention bring rock including either assume.
226;1427;5;07/08/2024;Say thousand least ask decade kid.
227;1068;5;16/09/2025;Own listen employee.
228;19551;3;10/11/2023;Night new catch want style.
229;18956;1;28/03/2025;Decide tax keep.
230;5957;2;28/02/2025;Adult office eat fact environment evidence like interview.
231;5176;1;21/09/2025;Listen he price hospital.
232;15649;2;23/10/2025;Wish include television close.
233;9014;3;29/11/2025;Decade out field well popular range.
234;6694;5;15/05/2024;Mention local suggest.
235;2443;3;04/10/2023;Chance everyone good answer.
236;12304;4;19/07/2024;Marriage series home.
237;11417;5;12/04/2026;Fast fire have military low.
238;13586;3;01/09/2024;Since story military movement billion.
239;10490;4;20/12/2023;Within his seek cut.
240;12494;5;05/07/2024;Not back too beat them sometimes community.
241;15012;1;25/06/2026;Song return throw culture how.
242;13153;5;20/12/2024;Appear letter memory above.
243;7643;5;27/02/2026;Sure another reveal difference.
244;4434;1;08/06/2026;Pretty garden from decision win manager.
245;488;4;07/12/2024;Whole bring likely.
246;3055;1;23/05/2025;Recent lay where data individual current last.
247;9898;3;06/10/2025;Certain everything great where view small.
248;12677;5;19/04/2025;Sense rule process political.
249;9841;1;25/10/2025;Sometimes middle charge fight position cut.
250;16000;1;29/06/2025;Option bed owner right.
251;6667;1;25/06/2024;Attack staff address different picture.
252;8176;2;23/11/2025;Down direction book you part television.
253;333;2;13/08/2025;Tax fast number couple.
254;9875;4;13/10/2023;With network return magazine compare for several.
255;12061;3;06/04/2024;Knowledge natural all here recent benefit future.
256;9064;4;13/03/2025;Real the no.
257;5879;4;31/10/2023;Against behind edge next outside woman.
258;15888;5;10/01/2025;Teach year art through investment whole former.
259;12555;2;02/05/2025;Serve stay cultural explain.
260;14709;4;03/10/2024;Find blood baby focus.
261;9253;2;10/07/2026;Conference bag identify skin.
262;2720;3;18/08/2024;Home take question religious.
263;670;2;23/12/2025;Rock difference reason close magazine production.
264;9245;5;06/08/2025;They least sign risk executive win finish.
265;13085;1;13/08/2024;Why hospital doctor its friend majority.
266;6820;1;30/03/2026;Man pull summer could why.
267;1271;4;23/06/2024;Science thousand though decade.
268;16979;3;05/03/2025;Beyond firm theory tough.
269;13722;4;09/01/2024;Explain game ground require.
270;610;5;30/09/2025;Whether white all glass character success result arrive.
271;8578;3;09/05/2026;Half well administration staff pressure future whether.
272;17467;3;12/01/2026;Whether check firm lot money feeling right.
273;19982;3;26/03/2026;Too laugh quite can pressure development form newspaper.
274;9882;3;30/10/2024;War American four media yet.
275;18400;4;22/03/2026;Instead push all contain forget one.
276;5256;5;19/10/2025;Design consider arm game near example baby.
277;3050;5;20/05/2025;Notice him peace south woman heavy country.
278;5280;3;30/04/2024;Mrs subject north keep ball evening yet.
279;2311;5;29/07/2025;Walk trade table government difference perform.
280;7194;4;14/05/2025;As term develop deep candidate.
281;5354;4;15/02/2024;Money speak reduce today street.
282;15711;5;28/09/2023;Who board up receive impact notice much.
283;13278;3;25/03/2026;Wide kid bring.
284;10327;3;05/11/2023;Well once marriage paper fund institution.
285;9075;2;04/05/2024;Feel help fear forget information.
286;3405;3;13/11/2023;Card on news age learn candidate.
287;719;4;20/01/2024;Rise want perform girl process how ten.
288;18481;4;26/09/2025;Drop possible tree support loss stock TV.
289;15228;4;23/04/2026;Minute draw day use.
290;12038;1;13/08/2026;Arm common bag our source citizen.
291;6508;4;07/11/2024;Where green actually region radio full.
292;10999;2;17/11/2023;Specific her marriage feeling contain girl.
293;19159;4;09/09/2024;Exist contain party money.
294;9140;5;05/05/2025;Way toward account.
295;16578;1;10/03/2025;Office raise window visit central sort if.
296;4289;1;16/01/2026;Top evening suddenly door stay huge part.
297;7134;3;01/11/2025;Local run rich role north.
298;9541;1;06/03/2026;Not budget tonight material also so job bed.
299;11813;3;06/12/2024;Conference character little spend hard toward bar.
300;2819;3;28/11/2025;Ahead character also probably her.
301;19824;3;17/01/2025;Data series note camera Democrat you individual Democrat.
302;13037;4;18/09/2025;Kitchen large moment will window over son.
303;10980;3;21/02/2026;Place work these product represent it.
304;14994;3;01/12/2025;Still education hand people not southern tell.
305;17970;3;01/03/2024;Tree discover good street hope table.
306;3266;1;03/02/2025;Mention PM success.
307;17332;5;30/09/2024;Reflect political investment student sort.
308;12564;1;26/05/2025;Compare since section quite avoid.
309;1183;4;08/09/2026;Much its reach project.
310;18780;2;10/10/2024;Evidence will be forward daughter.
311;8806;5;27/10/2023;Significant field several deal.
312;14851;3;03/11/2024;Say get last win speak.
313;15858;2;18/07/2026;Your with former.
314;14965;4;10/04/2025;Training agent more audience create.
315;9825;4;29/09/2024;His difficult certain job couple probably site.
316;16066;1;26/02/2026;Foreign key happen matter.
317;2159;4;30/04/2026;Draw carry owner school beat.
318;10706;1;21/10/2024;Food smile move sell second myself prove.
319;6913;1;27/10/2023;Goal over recognize pick parent.
320;6200;2;30/09/2023;Thing suggest citizen around citizen away.
321;13160;1;13/03/2025;Down budget share provide stand natural middle.
322;10425;1;01/10/2025;Shoulder able lay decade over bill.
323;17897;4;13/02/2025;Source learn particularly condition fly.
324;454;3;18/03/2026;Better kind more piece act say science bed.
325;1250;1;25/11/2023;Leg early and American.
326;4985;1;26/08/2026;Standard section chair notice trial foreign.
327;13014;4;03/04/2025;Change friend person mind team rock.
328;11198;1;22/02/2026;Foreign husband true site husband conference.
329;6709;4;09/06/2026;School worry control TV car also.
330;16155;4;17/10/2024;Painting research factor most service must class part.
331;5961;4;06/08/2025;These without whether bring discussion.
332;10837;3;23/08/2026;Woman deal issue sister executive.
333;10285;5;12/04/2025;Product example throw back others.
334;12420;5;08/09/2025;Agency force challenge.
335;8954;1;16/12/2025;Network at person unit place hospital.
336;3894;4;01/01/2026;Smile about budget order.
337;6662;5;09/10/2023;Item work response term mention.
338;17711;4;20/11/2023;Person fast teacher.
339;9659;2;21/08/2026;To some baby particular have control cut.
340;9672;5;24/05/2025;Right produce that fine finish national.
341;19617;1;04/02/2026;Majority nice street recent.
342;13665;5;13/09/2023;Program debate report standard local.
343;2750;3;19/05/2025;Than agency clearly indicate.
344;1425;3;25/04/2026;Your board hard work.
345;4145;5;14/01/2026;Along central economy many.
346;1591;1;08/08/2026;Shoulder society society should black effort range.
347;7846;3;05/09/2026;First strategy enter eat investment of everybody.
348;14931;4;19/11/2025;Here for on sit board particular.
349;4963;3;22/08/2025;End side watch herself religious here animal professional.
350;18199;5;22/01/2024;List involve market affect guess teacher language land.
351;15682;1;31/08/2024;Tough item focus much each.
352;1212;1;21/08/2025;Special hair recent.
353;19348;5;02/11/2023;Quickly dog effort eat off piece scene.
354;15153;3;30/08/2024;Finally fine chance at speak.
355;924;3;03/08/2024;Security pass back well man behavior.
356;17304;5;13/05/2025;Near newspaper never table.
357;554;1;28/11/2024;Rock international nice strong.
358;7856;2;18/08/2025;Real space great down most.
359;2045;4;18/03/2024;Part compare challenge cold leader develop specific.
360;1237;4;16/10/2024;Born short rather movement seat decision edge product.
361;19960;1;23/07/2026;Customer ball business partner example.
362;7114;3;12/12/2024;Your red each turn group.
363;9336;2;05/02/2025;Appear decision thank indeed word beautiful.
364;2748;3;26/12/2023;Food data learn officer understand huge at.
365;15379;3;11/11/2024;Positive their write there need easy present.
366;13080;2;13/05/2024;Require ball improve far age.
367;11925;5;10/08/2025;Sister environmental until.
368;3050;1;11/04/2025;Certainly read everything tough.
369;4470;2;03/03/2025;Likely help agreement board this today activity.
370;3545;3;11/09/2025;Your play option write shake nature risk.
371;6861;1;28/01/2024;True chair turn use bed interview large.
372;2399;1;15/09/2024;Clear bed high he.
373;12504;3;01/12/2025;Radio sort soon determine town news.
374;8792;1;29/01/2025;Plan agency consider level rate include.
375;6800;5;24/06/2024;Rich out low nation appear.
376;11053;2;14/12/2025;Especially century kind.
377;504;2;27/02/2024;Economy western official better beyond threat under out.
378;3845;2;17/10/2023;Fire red financial friend public.
379;13285;2;11/12/2023;Continue receive blue goal style audience.
380;11561;2;07/04/2024;Religious area event trouble address describe main.
381;6771;4;02/02/2026;Economic rather production perform name environment pick.
382;11266;1;26/12/2024;Bad thousand school number today who occur.
383;5490;1;11/02/2024;Himself road player if star film measure.
384;1363;5;31/05/2024;See factor middle describe page enough.
385;18352;2;18/03/2024;World performance ok measure wish billion.
386;19822;1;02/02/2024;Exactly next service style rather.
387;19243;1;08/05/2025;Stock dark side operation.
388;7128;2;28/02/2026;Minute would end blood foreign particular.
389;17355;5;16/11/2025;Prevent seven dinner happy.
390;10832;1;15/10/2025;Important house book sign may top.
391;16984;5;19/12/2025;Follow market receive quite hit interesting.
392;9103;1;24/12/2024;Something every may deep.
393;7645;1;01/08/2025;Minute ability billion hot foreign record candidate.
394;16249;5;27/01/2025;Past effect when while you.
395;3714;2;31/10/2024;Individual opportunity figure movie black.
396;10545;5;27/09/2024;Family movie area later discover.
397;19727;3;18/10/2025;Art fine protect cold must.
398;6677;5;05/04/2024;Which animal degree me cut add within.
399;5139;4;16/03/2024;Level position shake themselves free from.
400;11028;2;27/04/2025;Mr form thought military dinner seek general.
401;14859;5;10/01/2026;Relate crime west word.
402;2450;3;22/08/2026;Such send medical loss family.
403;5783;2;15/12/2025;Prevent would reach politics one tonight seek wrong.
404;13266;2;22/01/2025;Tax condition record change heavy though point.
405;11499;1;12/07/2025;Under member tonight.
406;14380;5;31/05/2024;Mention ahead drive eat in section.
407;1191;4;22/10/2025;Decade him travel smile.
408;8986;4;27/10/2025;Statement answer address thing understand guess hand.
409;6149;5;01/08/2026;Any help western theory big.
410;95;4;22/02/2024;Television term lay college employee career need.
411;201;1;03/09/2026;Make edge note organization.
412;6793;2;23/03/2025;Day woman cover enter.
413;2281;2;02/02/2024;Blood lead contain maybe reveal although.
414;14294;1;05/08/2024;Whether between week north their statement wish.
415;3098;5;27/09/2024;Catch explain minute or.
416;17245;2;18/05/2025;Magazine various painting imagine.
417;17376;2;04/02/2026;Almost let ok reason.
418;4113;1;28/06/2025;Recently green collection military.
419;2919;4;08/01/2024;Music environmental every fire along coach of.
420;15202;5;22/08/2025;Fund ten word food candidate provide.
421;13520;1;12/08/2025;Approach field too wall allow leg.
422;18098;5;19/12/2024;Course sure detail determine town mouth role executive.
423;13660;1;24/07/2025;Physical hospital including if relate admit lay.
424;7966;4;28/12/2025;Arm artist direction medical gas.
425;13342;3;14/05/2026;Next story without.
426;12155;3;28/12/2023;Contain charge conference couple.
427;9104;1;03/04/2024;Others research traditional scene race in beautiful.
428;15977;5;09/01/2026;Public become speech teach chair game.
429;9710;2;10/02/2025;Include professor minute again each teach.
430;18082;5;13/11/2023;Maybe certain meet including simply law.
431;2937;5;26/09/2023;Of music think mother hope.
432;19293;3;14/05/2024;Small few author help wonder expert.
433;7736;2;01/10/2024;Present another manage politics.
434;1541;2;15/11/2023;Environmental few whether end you society.
435;18113;3;23/04/2026;Wear beyond practice red will goal I.
436;13411;4;08/12/2024;Hospital together war charge scene course anything ever.
437;3555;1;09/07/2026;Hand return success may.
438;12351;1;24/05/2025;Popular new employee project event because candidate.
439;108;5;25/08/2025;New green cost mission big.
440;9160;5;05/10/2023;Section cold raise.
441;3919;4;18/03/2026;From best remember recognize expect source return area.
442;4548;3;11/06/2025;Enjoy several base bill still.
443;8219;3;01/12/2023;Across international call community teach.
444;3140;5;18/07/2026;Management wait rock up base within court catch.
445;10236;1;14/06/2026;Visit wind phone former.
446;3899;3;22/04/2024;Policy outside base far weight recognize.
447;9058;4;28/08/2026;Way ever development new read environment medical.
448;12309;2;21/07/2026;Find like about leader nor partner cell political.
449;2653;3;05/01/2026;Box smile across game.
450;1506;1;09/06/2026;Raise nearly well whose over.
451;4238;2;06/02/2024;Daughter sport around PM second alone reach.
452;6971;5;07/06/2024;Leave eight audience heart find.
453;1814;5;06/05/2026;Meeting tend ever no other.
454;7743;4;10/10/2025;Medical paper take.
455;6664;4;08/09/2025;None wall build.
456;2327;5;18/10/2024;Information military relationship beautiful.
457;14927;4;15/12/2025;Wall decade at floor perform push.
458;1774;4;10/01/2024;Old course card arm hospital hotel rise.
459;6019;4;29/08/2024;Entire whom sometimes particularly run.
460;16127;3;11/02/2025;Writer specific whether particularly.
461;11107;1;21/06/2026;Green specific be when create.
462;8289;4;03/08/2026;Career true woman decide weight perform.
463;3371;5;01/09/2026;Long available coach authority thus television.
464;4847;2;13/02/2024;Capital medical size line themselves require majority.
465;13371;2;16/05/2025;List throw ready southern full lot.
466;6597;1;28/03/2025;Miss cut reveal claim.
467;10933;4;20/06/2026;Popular what specific whose garden build.
468;1308;5;09/12/2025;Sister student care fear public song.
469;19515;5;25/03/2024;Its word stock dream than.
470;6117;3;02/05/2025;Head other say.
471;12689;1;19/09/2024;Above company red floor on.
472;7973;2;07/01/2025;Because but series even growth ground world.
473;8428;3;25/09/2025;Song light see moment four little.
474;7834;3;23/04/2024;Environmental poor sister can.
475;8668;4;31/05/2026;Require realize whole late state take.
476;5560;4;03/10/2023;Person bank civil cut.
477;8028;1;30/12/2024;Suggest keep low evidence.
478;2927;5;20/09/2024;Political serious other ability end stand quality.
479;19223;2;27/04/2025;Reach buy though couple travel floor.
480;12637;2;06/07/2026;Visit result success suggest.
481;10996;3;21/04/2024;Keep program theory measure week game newspaper.
482;15706;1;19/05/2026;Pay movement two citizen approach program.
483;12833;2;12/04/2026;Shoulder today article week pick real billion response.
484;14127;4;20/03/2026;City television break name drop sister.
485;5932;2;03/11/2024;Support lead method per.
486;6565;5;03/11/2024;Chance reveal voice conference movie food.
487;982;4;25/11/2023;Consumer language real sense.
488;6426;4;07/02/2024;Worker produce improve similar choose policy hot.
489;3599;4;28/11/2023;Citizen skin yourself argue by.
490;11692;2;13/09/2024;Boy season live.
491;8685;2;12/07/2026;Western but factor team wife environment.
492;13627;1;17/01/2026;Head imagine common hair about condition.
493;6549;4;21/07/2025;Will provide threat window big event include baby.
494;9420;2;21/10/2023;Still kind behind special.
495;6203;2;01/02/2025;Film remember season out set.
496;1326;2;10/06/2025;Prove cut available suffer story set eye everybody.
497;16228;5;10/10/2023;Question source go traditional off court onto.
498;10036;5;10/10/2024;Sure those tell also each eat might.
499;6813;5;05/06/2024;Maybe wonder opportunity education page measure southern.
500;15116;2;05/10/2025;Decision will central would soldier.
501;17077;1;26/05/2026;West edge concern military stock.
502;9822;1;28/01/2024;Charge smile impact think include.
503;4154;4;02/06/2026;Process call improve news.
504;1174;2;18/05/2025;Deep east unit on senior age.
505;13099;4;02/11/2024;Miss hard action end where traditional.
506;8530;5;14/11/2024;Anyone but late woman season report.
507;9828;4;04/05/2026;Save grow play.
508;4174;5;08/03/2026;Able as audience night phone forward show.
509;17388;1;14/04/2026;Grow right adult leader public.
510;14498;1;06/07/2025;Job seven design particular cut.
511;14214;1;26/08/2026;Religious agency bill.
512;12196;3;05/06/2026;Mention space those five company look.
513;9886;5;23/02/2024;Likely score among it class mother.
514;8491;2;19/09/2024;Feel season family.
515;17228;4;05/09/2025;Page adult area security race.
516;16065;2;06/12/2025;Various rather particularly good.
517;4020;1;24/12/2024;Anyone eye kitchen bill.
518;2610;4;06/06/2024;Good decade teach edge.
519;3642;1;26/05/2025;Space thousand phone thank themselves.
520;1811;5;05/02/2025;Husband series skin already age particularly.
521;13033;2;02/03/2025;Ready dinner prepare voice rock.
522;8305;1;01/04/2024;Training hospital several answer event left low visit.
523;1040;3;21/09/2024;Entire already section contain.
524;19620;4;20/07/2026;Left people arm hit final when stock.
525;15625;1;26/01/2025;Him food someone create senior low boy.
526;7656;5;12/10/2023;Particularly major why seat.
527;5239;3;24/05/2025;For rise rule gas agency skin top.
528;11652;4;22/11/2025;History outside dark decision region.
529;3863;3;11/03/2025;Series speak trouble her degree old pretty.
530;17476;2;25/06/2026;Over never direction show read sign.
531;18009;4;06/07/2024;Upon president short measure.
532;6240;3;06/04/2024;Change relate course want size far.
533;12990;3;02/09/2026;Mention simple result leader rule will.
534;15543;1;27/06/2024;Individual address attack road community church.
535;10788;2;26/03/2025;Country relate owner kid resource ever power.
536;4321;3;22/03/2025;More center pretty lot get attack or.
537;3490;5;03/04/2025;Follow success spring theory.
538;9339;1;28/11/2025;Story five because interview if course ok.
539;4307;4;23/02/2024;Guy drive despite edge.
540;2851;3;07/10/2025;Week find since let.
541;3080;2;09/02/2026;Plant society note expect campaign investment cause.
542;14551;1;28/01/2025;Summer safe sometimes same.
543;18671;4;20/11/2023;Like capital brother up.
544;7179;4;26/04/2026;Down visit attention control ever forget.
545;5214;4;21/11/2024;Power under Democrat total trouble.
546;8672;5;03/11/2025;Town drug them beautiful.
547;6865;5;07/04/2024;Throughout important expert sea time.
548;14182;2;13/01/2026;New itself ready Democrat week budget.
549;3895;4;15/12/2025;Ever cover western seven wife area player.
550;15616;1;15/03/2026;Number smile sit common.
551;11032;3;25/08/2024;Science open cell.
552;13083;3;05/03/2025;Section collection stuff other within exist ask.
553;7639;4;10/08/2026;Program follow pattern state here Mrs right.
554;9908;3;17/07/2025;Score past marriage professional within simply moment.
555;3125;1;18/09/2025;Build rise in economic.
556;7610;5;04/12/2025;Can garden you discussion large.
557;18943;5;16/04/2024;Owner pass teach buy accept born which guy.
558;12836;5;09/11/2025;Tough player soldier not organization forward much.
559;3865;3;03/10/2025;Factor far five agency chair box turn environmental.
560;18105;1;13/03/2025;Stage drug Mrs factor power.
561;11505;2;04/02/2025;Scientist marriage can around.
562;15170;5;02/05/2026;As shake into white image go.
563;4635;3;14/08/2026;More sure science together similar note.
564;1815;2;25/03/2025;Worry state truth agent act bad.
565;10163;4;25/07/2024;Hope door else behind yard rather cup.
566;19164;1;13/12/2025;Even enter individual watch red factor on.
567;19079;4;21/11/2025;Particular take trade commercial upon structure no.
568;6166;3;29/12/2023;Lay trade good follow girl.
569;1680;4;01/11/2025;Everyone become they.
570;2893;1;24/12/2023;System gas region.
571;3086;2;17/01/2025;Many staff defense different material.
572;12760;4;14/09/2024;Relationship pretty officer listen.
573;5618;5;06/05/2026;Girl speak state able.
574;5062;2;25/08/2024;Must thousand seven better test report imagine.
575;18018;4;13/07/2026;Apply name collection matter return so skin.
576;8370;3;14/06/2025;Scene stage unit beat sing myself per.
577;39;2;27/12/2025;Reflect law understand though mission per.
578;11212;5;30/04/2026;Cut rather pressure kind.
579;11066;3;28/01/2025;Discussion perhaps interview father.
580;9780;3;28/08/2026;Around check set cultural.
581;13267;4;02/12/2023;Space lose be.
582;17374;1;06/03/2026;Question international spring environment special.
583;8037;4;25/02/2025;Across trade us water though until.
584;5539;5;03/08/2025;Question effect add soon back.
585;11540;1;04/10/2025;Clear receive industry cup.
586;4987;4;25/08/2025;Artist speak determine different hand doctor.
587;7626;5;14/12/2025;Today window fear response believe prove perhaps.
588;11511;1;06/12/2023;Study benefit college vote.
589;13566;3;04/05/2026;Especially American before explain.
590;2698;5;12/07/2025;Range remain above put radio young performance.
591;13655;3;13/10/2025;Three road set of.
592;19410;1;10/06/2025;Charge sense Mrs design pay ten.
593;19879;3;23/09/2024;Military camera others address meet despite network.
594;5770;2;06/02/2024;Interest any month team involve.
595;7987;4;13/06/2024;Buy south court only.
596;17655;5;24/08/2026;Middle cold tough writer pull.
597;4029;2;23/05/2025;Water he who worker value traditional.
598;16760;1;28/02/2025;Direction yourself four animal whole.
599;4592;3;03/02/2024;Face former begin break town draw knowledge.
600;17103;1;06/04/2026;Daughter place production type.
601;4339;1;25/05/2025;Course others factor onto rich.
602;11385;5;19/07/2026;All natural lot sometimes open game.
603;5947;5;23/08/2024;Right miss action.
604;6290;1;19/03/2026;Forget pass adult character month street.
605;10197;2;19/09/2025;Executive draw fly return.
606;7880;1;17/11/2023;Week cover fact current.
607;6386;1;25/06/2026;Street recognize already five.
608;4090;2;20/03/2025;Unit fear test American each society.
609;633;1;27/02/2025;That wrong city theory middle throw upon me.
610;26;5;30/04/2025;Kitchen other reality fund product identify cup.
611;18011;3;01/04/2025;Yet evidence deep maybe note listen wish successful.
612;18781;2;02/04/2025;Election carry then arrive.
613;6801;3;22/03/2024;Second these him suddenly recent team.
614;1606;1;11/09/2026;Product community concern debate.
615;9608;3;11/05/2026;Try quite organization answer federal conference section.
616;2575;1;07/09/2025;Drug answer along know break per budget.
617;4280;3;10/03/2025;Think under above last inside thought.
618;6673;5;15/03/2024;Then number morning necessary.
619;9485;1;29/10/2023;Despite individual so keep young hold.
620;19112;1;01/11/2025;Nothing wife including development popular turn purpose hear.
621;18079;1;04/01/2024;Out direction north also future.
622;2276;5;10/06/2025;Build not guy yes low.
623;18719;5;27/06/2026;You tonight statement involve.
624;18316;3;18/03/2025;Recognize include camera source glass address.
625;6231;5;20/05/2024;Image set drop truth send end performance.
626;9753;3;29/10/2024;Speech food citizen step direction indeed room give.
627;2938;4;17/04/2024;Take both off man.
628;12457;2;27/09/2024;Happy notice effect style.
629;5624;3;22/11/2023;Issue let everyone.
630;1228;4;07/10/2024;Decide edge billion recognize.
631;14790;4;16/12/2023;Forward design interview cover.
632;19073;3;28/11/2025;Town difference bed role should media.
633;492;2;06/05/2024;Lay best tax Democrat.
634;14769;2;24/01/2025;Data medical article able design.
635;2619;1;30/12/2023;Itself mind great research system.
636;16501;3;03/10/2023;Different long great small.
637;3535;1;14/08/2024;Both health significant article.
638;795;2;10/03/2025;Rich life hotel mission baby tell speech.
639;17141;1;08/11/2023;Floor authority fire quickly study.
640;13361;4;24/09/2023;Impact its though fear world safe good official.
641;16419;2;15/04/2025;Authority maintain us at look.
642;17631;4;19/11/2024;Us kitchen audience figure in big high.
643;19717;5;14/12/2025;Truth coach exist.
644;16513;3;08/10/2025;Turn specific off second.
645;10363;5;21/02/2024;Ever specific finish feel more.
646;7379;4;03/02/2025;Team alone amount reduce television whether Republican institution.
647;18972;3;06/03/2024;Because father your central at affect.
648;3943;2;21/10/2024;Effect year girl can either.
649;6484;4;20/05/2026;Soldier break environment.
650;11476;2;28/01/2026;Surface they occur approach agency which couple after.
651;2273;1;30/07/2025;Nothing only happy section.
652;14792;5;24/09/2023;Religious employee step wish.
653;12532;2;31/01/2026;See special feeling technology major.
654;17349;4;13/02/2024;Cup condition interview.
655;2633;1;13/03/2024;Many should heart receive eye.
656;9851;1;14/09/2023;Process bring staff outside hundred.
657;16208;4;19/05/2024;Him daughter then buy customer game character.
658;19582;3;30/10/2024;Every travel movement recent social.
659;1909;1;13/10/2024;Say sit leader company yet report economy.
660;3386;4;19/05/2025;Seek growth people discover.
661;2297;5;23/01/2026;Improve financial subject manage.
662;17801;5;13/12/2025;Tree offer on notice account prove option.
663;16074;5;09/03/2024;Participant conference her.
664;16940;3;17/03/2024;Watch pull three few.
665;4155;5;14/01/2024;Low himself project tend class boy.
666;1019;3;08/03/2024;Score ago Mrs.
667;11221;2;23/10/2025;Suggest wall call half worker about group environmental.
668;16049;1;08/12/2025;Quite word rock maybe cost list clearly also.
669;8230;5;27/12/2023;Candidate large always garden.
670;19443;2;13/12/2024;Record cover challenge receive heart country.
671;17744;1;29/11/2025;Understand wife water pass.
672;12718;5;20/08/2025;Part top account yourself yet watch.
673;11417;1;12/07/2024;Different party themselves or present.
674;154;3;02/12/2024;Away save executive hour pass.
675;11886;4;19/02/2026;Understand Mrs strong some require.
676;7079;1;16/01/2025;Sense stand important thank girl.
677;14167;4;30/03/2026;Walk system public author approach treat other.
678;6263;2;04/12/2025;Across ability investment star.
679;14428;1;15/04/2026;College increase same model.
680;9836;5;10/01/2026;Environment within image south.
681;3588;5;17/10/2025;Worry police development stage believe success adult wide.
682;4242;2;11/02/2026;Light condition let may represent.
683;6597;5;29/01/2026;Matter civil body out year little include.
684;16540;1;30/12/2024;Morning boy those according individual staff.
685;4742;1;17/05/2026;Would result especially today guy.
686;19921;2;01/09/2025;With base prevent item statement.
687;11835;1;04/08/2026;Real business or movement.
688;8906;1;27/09/2023;Tv system change development mission budget so top.
689;10657;1;08/10/2023;Write difficult popular third field set course.
690;9599;4;01/04/2024;Only door reason let.
691;6815;1;27/02/2024;Product pay pick candidate relationship possible light.
692;3770;3;13/07/2026;Program sell person drive.
693;12609;2;23/12/2023;Four three seek perhaps away.
694;15539;4;06/12/2023;Front interesting industry garden.
695;14731;3;15/12/2024;Force address west star bring Democrat edge identify.
696;2990;4;12/02/2025;Behind account the memory.
697;11377;3;28/10/2025;Not decide treatment here.
698;19218;3;01/05/2026;Live far other instead.
699;2463;4;06/09/2024;Which its ask.
700;2046;2;10/11/2023;Sing child much support miss.
701;18047;3;09/06/2026;Movie easy sound purpose fire.
702;3499;2;27/10/2025;Teacher on shake summer fine.
703;3028;3;17/03/2025;Born bank break create building.
704;9037;1;10/10/2023;Building know term hard painting miss on citizen.
705;14326;3;17/10/2023;Attorney media sport lawyer financial step our.
706;16878;2;15/10/2024;Travel world few imagine word design.
707;6635;2;06/12/2023;Remember federal picture cause.
708;7753;4;14/08/2025;Record fill nice.
709;11303;4;18/09/2024;Magazine its none just think group.
710;11387;5;04/04/2026;Gun radio president finally between.
711;11940;1;25/07/2025;Statement term accept join perhaps exactly majority trouble.
712;6232;5;17/02/2026;Eight fight could live nearly difficult court.
713;8863;5;22/11/2024;Standard relate music yeah few left.
714;10389;4;15/03/2026;Win truth though detail.
715;5178;1;21/03/2026;Whole list only detail.
716;19730;3;28/02/2024;Upon less along accept experience.
717;6391;2;10/07/2025;Church world late check baby science.
718;5421;4;14/06/2025;Discussion involve prepare wide.
719;8789;4;24/05/2024;Friend within view.
720;15560;2;26/12/2023;Job once leg water television sound black office.
721;16379;3;06/07/2026;College worry second form admit oil.
722;13198;3;10/03/2024;Allow possible my check.
723;2508;4;13/12/2024;Away bank radio approach nation capital evening you.
724;13667;2;16/07/2025;Adult today speech discuss bar.
725;4846;5;21/11/2023;Check at mention my.
726;5817;3;01/05/2025;What machine blue participant.
727;10938;4;03/10/2023;Much main so ok.
728;5254;3;14/02/2026;Stuff ask could floor assume design management.
729;2292;3;28/01/2025;Center development watch order pressure board.
730;17786;3;27/01/2026;Line girl guess ability walk thought unit.
731;10013;3;11/06/2024;Responsibility manage light smile.
732;8092;1;20/10/2024;Television without none.
733;10969;1;20/01/2025;Life somebody thank resource fear.
734;680;3;22/09/2023;Artist car represent total east team huge plant.
735;717;1;16/07/2024;Color help compare medical record way manager.
736;2852;2;03/08/2024;Onto affect thank hear true even.
737;12621;2;06/03/2025;Nature option become TV they.
738;8140;5;08/02/2024;Subject page when this speak TV.
739;12563;5;23/12/2023;Likely happen sound relationship.
740;13907;5;01/08/2026;Least little well employee last television.
741;16905;3;17/08/2026;Bad adult reduce these camera bit bill.
742;16759;4;08/06/2026;History collection such animal game.
743;19580;1;13/11/2025;Child involve her get notice for effect.
744;12167;5;25/11/2024;Name media direction east often.
745;13180;1;28/05/2024;Activity technology step certain side sister.
746;17466;2;28/02/2025;Attention ago figure model less.
747;8239;3;04/06/2026;Wife glass cost evening practice.
748;10601;3;25/03/2026;Include enter father similar address sing.
749;7944;3;21/07/2024;Open human security country often that forget my.
750;5235;1;22/11/2023;Bank father heavy determine prepare laugh down.
751;19018;4;02/07/2026;Too center finally student between argue hear ago.
752;5409;4;24/09/2024;Practice play training lead beat boy because.
753;16225;3;07/04/2026;Method student born eat.
754;16057;3;05/07/2026;Stuff none last yard on camera foreign.
755;2061;4;12/10/2025;A establish cup authority attention wide.
756;6979;5;19/08/2024;Official us seek success exactly.
757;17301;5;27/08/2026;Item serious note TV customer.
758;4099;1;18/02/2024;Perhaps that product player.
759;13812;4;22/08/2024;Cup eye truth adult commercial fine.
760;10750;5;30/10/2025;Next air important long.
761;16597;1;18/02/2025;However media store ask character several current.
762;14607;2;26/02/2026;Rather order born player official serious.
763;14039;3;22/10/2024;Character investment card I.
764;12425;3;05/12/2025;Similar modern about foot.
765;4125;2;02/05/2026;Our dark specific technology.
766;13252;5;06/10/2024;Former red wife thank spring that total.
767;11591;5;11/03/2025;Notice they lawyer hard system always do.
768;13317;4;16/04/2024;Measure society learn at measure.
769;10895;1;22/01/2026;Nature all source indicate month.
770;12133;2;10/06/2024;Think high indeed day significant necessary section.
771;5435;2;11/11/2023;Product your southern.
772;17798;4;15/09/2025;Money federal themselves fly.
773;12854;5;23/11/2024;Candidate together black with rich office than.
774;2959;5;13/08/2026;Drop daughter may modern hold.
775;19381;4;01/03/2026;Visit professor develop short little very color.
776;11836;3;19/11/2024;Husband will live care.
777;13550;3;15/03/2024;Thus tend attention tonight environmental physical.
778;15135;1;25/01/2026;Fire rest easy cost fact.
779;1486;4;30/09/2024;Whom site continue individual less off throughout second.
780;18643;1;16/12/2023;Successful serve dream end smile wish research.
781;972;4;25/01/2024;Could quickly it power dark.
782;8672;4;28/11/2024;Senior subject certainly south information ability democratic.
783;6911;3;25/06/2024;Alone crime amount son health.
784;3305;2;29/01/2026;Start pretty nice whose since hear news.
785;7561;1;29/09/2024;Nothing modern huge subject garden free capital.
786;11734;2;27/08/2024;Kitchen despite area bank.
787;16948;5;08/03/2025;Structure least month much.
788;11805;1;03/09/2026;Card join culture role school month.
789;13416;4;14/08/2026;All huge mouth account page win leave.
790;5486;1;04/04/2024;Effect recognize test figure prevent difference trouble.
791;14168;4;01/03/2024;Be although try run between team.
792;13234;1;14/05/2024;His ahead life parent.
793;974;1;16/12/2024;Energy safe discover key cut mind.
794;11920;1;01/03/2025;Ask population professor decade.
795;6149;1;30/07/2026;Heart turn condition tax in which.
796;19868;3;11/10/2024;Quickly push community plan condition.
797;13056;5;19/06/2024;Voice drop generation question.
798;10569;3;06/01/2025;Kid thought world nor media bad style.
799;2804;5;20/10/2024;Agency prevent five TV list full his learn.
800;1875;4;11/08/2024;Important speak discussion health arrive win drop model.
801;9507;2;03/05/2024;Health program including decide.
802;17349;1;06/12/2023;Short wish PM this.
803;2609;5;26/11/2024;Lot finish team no page international.
804;10362;4;26/06/2024;Instead staff himself plan cold degree national.
805;14089;5;26/01/2026;Name low agreement air election economy character past.
806;11521;5;13/05/2024;Whose protect work guy.
807;7345;5;30/07/2025;Scientist kind leader push outside say.
808;12103;4;27/05/2025;Black despite listen myself where.
809;13444;3;29/11/2024;Kid certainly fly table.
810;5125;3;19/05/2026;Simple particular fine threat open.
811;5053;1;08/11/2023;Situation value magazine total line gas.
812;2180;5;22/04/2026;Subject strategy factor page consider than kitchen.
813;9085;2;12/09/2024;Stay four team believe.
814;1963;3;06/04/2025;Down daughter wall writer enough.
815;5752;1;29/05/2025;Doctor herself face authority might name week.
816;3425;5;16/06/2024;Data prove laugh picture civil born.
817;16879;5;06/08/2025;Different mother media social.
818;11135;2;30/01/2026;Series senior number establish design.
819;14392;4;10/01/2025;Television detail expert increase financial someone.
820;8648;3;02/06/2026;Light maybe really PM south social institution.
821;14567;4;16/11/2023;Environment born tend road maybe car.
822;5571;1;14/12/2025;Huge traditional better food hair boy.
823;6961;1;28/03/2024;Fight my bit baby.
824;15232;1;14/06/2026;Night yeah increase raise fact employee.
825;13526;5;13/06/2024;Answer everything exactly late.
826;9305;2;02/11/2025;Trial policy like east shake to section.
827;7154;5;20/02/2025;Partner author everyone finish glass chair.
828;13737;5;07/12/2025;Public politics chance technology which.
829;5973;3;16/11/2024;Positive table manage leader night property.
830;829;2;03/03/2024;Section difficult human side.
831;16789;2;05/04/2024;Myself born camera face wife manage claim.
832;5618;1;18/11/2024;Response natural side face hear director start.
833;12906;5;21/07/2025;Control out themselves good.
834;16939;2;30/05/2026;Public meeting daughter travel hand.
835;8955;2;05/07/2025;Avoid drug yet couple hair I security city.
836;3766;3;30/03/2024;Drug organization child during score.
837;14636;4;06/08/2025;Mean reason fine catch realize threat budget.
838;15086;5;14/04/2025;Recent senior still exist.
839;981;4;06/08/2024;Role statement line include position town.
840;1172;4;23/05/2026;Someone address certain support thought.
841;18445;3;02/09/2025;Hand indicate federal sense development sea stand.
842;6700;2;17/07/2024;Score child certainly blood as reflect.
843;12894;2;11/06/2025;Ago blood back tell note candidate a.
844;16051;1;04/08/2025;Safe open other.
845;18918;5;12/04/2025;Sport young story gas.
846;18812;2;21/07/2024;Get since firm hard reveal approach produce teacher.
847;14758;1;20/01/2024;Black kind player friend card ready.
848;9459;4;27/10/2023;Difficult message bad catch once get direction.
849;16005;1;31/10/2025;Scene cup hour view health American certainly among.
850;17515;3;22/02/2024;Defense indeed both game.
851;5301;1;05/09/2026;Without there say minute Mrs you.
852;3637;4;04/03/2026;World laugh know produce explain.
853;13716;4;29/08/2024;Future interesting deep.
854;16536;5;21/03/2026;Clearly project notice hair any board.
855;5305;1;06/12/2023;Probably very court development a term.
856;3983;2;05/06/2026;Charge remain would ten.
857;9573;5;20/01/2024;Here total south soldier wish.
858;11742;2;26/03/2026;Decision market live possible.
859;5701;3;05/08/2025;No hand fire idea so something practice hotel.
860;10211;5;20/11/2025;More fire material method then keep dream.
861;1909;2;14/07/2024;Instead outside defense three around debate right.
862;17025;4;07/01/2026;Reality six pretty smile.
863;11553;1;18/08/2025;Method best miss law up tonight.
864;3249;4;18/07/2024;Foreign brother until.
865;13108;5;27/09/2025;Make hold region share offer.
866;1699;5;07/10/2023;Style team spring recent.
867;6841;1;01/02/2025;Light feeling he song.
868;15199;3;16/01/2024;Six push current style apply friend these.
869;7001;1;25/07/2026;East mission its those.
870;2034;3;24/06/2026;Theory book per become structure.
871;3319;2;26/01/2026;Alone heavy finally bill buy.
872;1642;1;29/05/2026;High side car all.
873;17840;2;21/12/2023;Bad special plan tax fear receive determine.
874;8426;3;24/01/2024;Later everyone over media often attorney full item.
875;5062;5;05/01/2025;Event trade agree.
876;9209;1;10/10/2024;Dinner a whole reach sister hand develop.
877;18572;1;11/05/2024;Few today leg improve your ball successful.
878;4768;5;10/10/2024;Man question know however store message.
879;9864;1;07/03/2026;Policy ball something build civil.
880;10496;2;15/04/2026;Question star we.
881;13489;3;15/12/2025;Right with heart player be about management.
882;18507;4;14/07/2026;Everything worry sport rise.
883;16701;4;25/01/2025;Consumer learn everybody only late early.
884;264;4;05/11/2023;Party away too word leg ten detail.
885;15339;3;21/11/2023;Foot wrong subject rise nearly enjoy trial.
886;13944;5;22/06/2026;Perform inside maintain how military executive beyond.
887;18149;2;26/09/2023;Sport catch far summer career she.
888;11790;1;15/03/2026;Respond series computer control study sort.
889;8093;5;31/10/2023;Up also there weight.
890;798;4;27/09/2025;Tonight anyone suddenly series her produce decide.
891;13398;2;30/11/2023;Interest mind TV including.
892;5890;5;28/02/2025;Page model ask care other military religious still.
893;17845;3;09/09/2025;All truth than.
894;14888;5;12/10/2025;Career agent actually may blue sit sure.
895;4215;3;14/12/2024;Free authority friend morning organization focus Mr.
896;5056;2;03/12/2023;Fear especially north save boy relationship minute even.
897;19847;5;22/12/2025;Include personal step should behind training.
898;18937;3;31/03/2026;News woman short fly population medical.
899;16226;1;09/08/2025;Former build floor sit.
900;2779;3;29/01/2024;Drive dark myself game model north.
901;2392;4;02/03/2026;Machine suggest either thing.
902;2555;1;16/11/2025;Lot true pretty executive course.
903;6268;1;24/03/2026;Investment find interview.
904;13341;2;09/09/2024;Two new off effect.
905;10466;1;25/10/2023;Matter meeting per on language.
906;19391;1;01/03/2025;Result effort word need security.
907;16054;1;22/04/2026;Blue drive experience white either final line.
908;6609;5;07/03/2025;Race condition spend expert.
909;12632;5;27/05/2024;Believe its meet answer second apply involve.
910;8024;3;07/05/2024;Political quickly fund hundred.
911;3859;3;25/08/2026;Sea budget who song action than election.
912;6002;2;08/05/2026;Offer actually lead whether until shoulder check.
913;12502;2;09/07/2025;Teacher father house compare chance.
914;706;2;10/11/2025;Camera music group conference institution.
915;1815;2;31/12/2023;A over outside likely allow.
916;15146;4;11/04/2026;Themselves difficult develop set traditional position check we.
917;768;3;23/10/2023;List take success.
918;3849;1;03/09/2025;Force reflect third company better seem.
919;17359;3;26/05/2025;Talk animal up usually view pay floor.
920;19955;5;03/01/2024;Value save after suggest.
921;6825;1;02/04/2024;Reflect stay heavy stuff game write back easy.
922;5542;1;30/08/2025;Watch far step town remember thousand might court.
923;14247;1;12/02/2025;Check guess indicate assume forget part resource.
924;9111;1;01/02/2024;Marriage billion although clearly majority federal address.
925;6838;2;24/11/2023;From these line see television.
926;19728;5;24/02/2024;Each record word fund.
927;10420;4;15/10/2025;Example same natural appear think reduce.
928;2719;4;10/07/2024;Letter reality expert model he officer decide.
929;12767;4;19/01/2026;About room dark ago clearly amount executive population.
930;6227;2;13/05/2025;Figure yourself Congress wish.
931;10686;5;31/08/2025;Stop current star.
932;2700;5;07/12/2023;Room toward hard spend.
933;12895;1;17/10/2023;From front decade much Democrat face action.
934;10076;2;04/05/2026;Evening material impact arrive once mission western.
935;4657;4;18/04/2025;Recent drug skill.
936;8796;3;07/10/2024;Student wish say agency class.
937;9850;5;06/03/2025;Officer north toward clear defense instead reduce.
938;6319;1;29/05/2024;Southern marriage bit human.
939;12993;1;08/12/2024;Play recently around accept thing begin.
940;1570;4;03/04/2026;Contain case college political.
941;17873;1;04/11/2023;Laugh actually American within.
942;10951;2;13/03/2026;Mean book toward film fall.
943;12727;4;03/04/2024;Crime message health rich current agreement notice.
944;2138;4;13/05/2026;Ever stop ever particularly dog ten.
945;17309;1;27/05/2025;Through cultural total mother interest drop.
946;9436;2;07/01/2026;Chair rich image.
947;2807;1;09/12/2025;More together television late during benefit include.
948;7179;5;19/05/2026;Standard pretty choose civil book.
949;2614;5;21/11/2023;Check yes everybody race.
950;14764;3;11/05/2026;Table Mrs system play worry whom.
951;7669;2;03/04/2026;Total down get each because action trip responsibility.
952;9230;5;09/03/2025;Wonder contain wrong not.
953;8305;3;03/02/2026;Treat coach season idea value.
954;13790;2;20/08/2024;Administration meeting TV.
955;18820;3;10/02/2025;Seven foreign cup open wall professional.
956;6807;1;18/11/2025;Recently real federal feel.
957;19740;3;09/11/2025;Ready easy a fine major both.
958;1763;4;11/01/2025;Buy require threat couple green.
959;15667;1;11/12/2024;Type assume still marriage tough course.
960;19939;3;11/01/2024;Economy tough may want national.
961;10170;4;16/09/2023;Ever store hand human exactly feel you create.
962;6545;4;20/04/2025;Wait push grow year measure bag physical second.
963;5226;5;28/01/2025;Oil size sometimes project give west break.
964;17591;2;07/06/2025;Trial space game capital military resource.
965;13756;3;27/10/2025;Skin save his medical surface break law.
966;1050;4;10/01/2024;West energy real until service never sound.
967;16614;5;01/05/2024;Force which floor lot parent.
968;10498;2;15/02/2026;Sell sport along man make.
969;15727;1;10/04/2024;Own recently already stuff treatment your.
970;17723;1;07/05/2026;Blood example ready.
971;17116;4;17/10/2025;Mean actually sport discover.
972;7172;3;02/09/2025;Plan visit onto garden after agreement money.
973;12787;5;15/12/2024;Side class explain black issue.
974;19499;5;06/07/2025;Second discussion cell tonight.
975;6445;4;24/11/2025;Catch number realize sit their sing American career.
976;19147;5;06/02/2025;Off sense design herself teacher.
977;13837;3;04/06/2026;Not three weight imagine tree.
978;2886;1;02/08/2026;Movement building appear member.
979;13623;4;17/12/2023;Girl own Congress blood east blood anything how.
980;17135;3;23/12/2025;Product there sort rock future.
981;19598;3;17/02/2025;Clear former officer nature society.
982;11971;4;31/01/2025;Large they question truth work build.
983;699;5;19/11/2024;Notice someone from voice care difficult help.
984;2334;5;10/10/2024;Name speak series bring ago research couple.
985;17918;3;28/12/2024;Against article physical wall let modern skin.
986;8477;5;04/03/2026;Thank wonder guy good range most measure.
987;1421;1;26/01/2026;Parent southern listen represent professional imagine ground.
988;8819;2;03/06/2026;Item image reach.
989;947;3;27/06/2026;All their strong perhaps.
990;17846;5;27/01/2024;Statement ready one shake somebody laugh billion thing.
991;8155;3;08/01/2024;Daughter operation full perform.
992;9284;1;23/03/2025;Born quickly worker game tax already put.
993;7881;2;13/06/2024;Thought attack mind material performance can give wear.
994;15063;2;24/06/2024;Across image song name use.
995;2295;3;31/05/2025;Behind head door foot while third which war.
996;7453;4;24/08/2024;Cup market also easy since though.
997;16948;5;02/09/2026;So wide range nice real.
998;4829;4;22/12/2025;Cold American painting soldier reach.
999;5887;2;21/04/2024;By evening base hope market think represent lead.
1000;19467;1;05/02/2026;Risk financial decide so mind.
1001;13420;5;05/08/2025;His election kind despite.
1002;7784;2;24/01/2026;Yard money hundred church finally way civil.
1003;15008;3;09/06/2026;Lot likely seek defense very method newspaper.
1004;11159;5;18/02/2025;Whether school ask ago star.
1005;6749;1;05/07/2026;Read reveal chair participant individual statement face.
1006;12366;5;05/05/2026;Husband meeting dream week get son thought.
1007;13309;3;31/05/2024;People table federal try method simply.
1008;9535;3;27/02/2024;Mother eight knowledge gun somebody now you.
1009;11561;4;27/03/2026;Behind success bar animal cup first line direction.
1010;8524;5;27/06/2026;Friend everything glass in.
1011;9583;5;08/05/2024;Song various simple threat few.
1012;15842;1;20/06/2026;Food win respond live because safe.
1013;4628;5;11/08/2025;Either partner end week from stop nature focus.
1014;10742;3;01/05/2026;Account spend factor nor member water ago example.
1015;62;2;02/05/2025;Debate indeed hard social fish Mrs send article.
1016;11459;5;14/11/2025;Available pattern popular picture.
1017;14875;1;09/01/2026;Fact deal social now.
1018;16364;4;30/08/2024;However few through how choice choose.
1019;19784;5;19/06/2025;Sing spend light walk two pay task happy.
1020;12903;2;09/05/2026;Bar each but PM method.
1021;17016;4;11/02/2024;Answer call crime as.
1022;11163;4;01/09/2026;Child if little car.
1023;867;5;06/11/2023;Prove city whatever owner.
1024;7081;3;10/03/2024;Him help full when wear coach.
1025;10220;4;27/05/2026;Run likely audience other.
1026;6301;2;15/06/2026;However true section may prevent.
1027;3887;5;24/03/2026;Style I short office.
1028;4770;2;08/08/2025;Attention meeting maintain.
1029;6572;1;19/07/2025;Imagine candidate cell growth.
1030;9653;1;31/08/2025;Be Congress candidate chair wrong.
1031;11099;2;30/08/2026;Risk difference out black bring single third.
1032;4869;4;01/07/2025;Many economy loss full.
1033;10178;1;06/05/2025;Test able management red usually manager.
1034;13302;1;13/05/2025;Especially chair fear real day.
1035;1240;3;29/09/2023;Player him read style pay matter.
1036;4821;2;16/12/2024;Simply least process memory.
1037;18530;5;26/09/2024;Short push lot degree.
1038;1982;5;09/11/2025;Life ago alone price.
1039;16319;4;22/11/2024;Remain minute traditional and baby left able agency.
1040;19883;2;27/03/2026;White report effort box pull PM.
1041;18851;4;08/01/2026;Will cup realize budget challenge decision indicate four.
1042;19767;1;09/03/2026;Anyone word one second someone.
1043;17372;1;28/08/2024;Newspaper hit democratic development.
1044;10505;3;03/08/2026;Community debate manage office interesting investment half.
1045;16203;4;02/05/2024;None bit figure particular whom dark treat.
1046;16295;5;04/05/2026;Design concern gas ability author factor.
1047;16851;5;10/06/2026;Science cost shoulder treatment finally best more.
1048;8330;3;21/02/2025;None institution little song show my.
1049;14006;5;26/12/2025;Full share past water.
1050;8413;1;27/11/2024;Like sure exist quality participant through.
1051;15822;5;11/03/2025;Politics pressure standard whatever.
1052;11402;2;04/05/2024;Simple grow shoulder discover official make.
1053;17236;3;14/07/2025;Billion report morning both.
1054;14591;5;07/10/2023;Finish current key model example fish.
1055;1965;4;09/07/2024;Style party less worry.
1056;9550;1;19/12/2025;Table none share million southern where exactly some.
1057;17665;2;19/09/2023;Democratic bag goal into little cup.
1058;5098;4;11/01/2025;Suggest raise scientist participant decision happy Republican.
1059;9575;3;08/06/2025;Hard field heavy half.
1060;3720;2;19/10/2023;Detail know discover really throughout argue.
1061;8208;5;12/07/2026;Believe shoulder public before require follow give.
1062;17266;5;18/04/2024;Play event worker end discuss approach.
1063;11034;5;22/01/2026;Chair store under investment ask.
1064;13306;2;18/02/2024;Much American realize century husband fall left deep.
1065;12897;2;09/10/2024;Opportunity run do drive really tax.
1066;5813;5;21/06/2026;The add analysis relate friend.
1067;706;5;05/10/2024;Look gun final also ball involve.
1068;2011;3;03/12/2023;Technology item herself individual possible.
1069;17646;1;21/05/2024;Word home floor.
1070;8750;5;19/10/2023;Thank beautiful particularly listen approach take.
1071;18577;3;06/10/2025;White across become medical right front.
1072;8932;5;26/09/2023;Purpose difficult stand job recognize.
1073;6011;5;13/05/2024;Bag kid movement ahead.
1074;1601;3;27/10/2025;Among price need everything major.
1075;3491;3;06/07/2025;Must certain improve growth drop college.
1076;4709;4;28/09/2025;Side cover allow ever task.
1077;1558;4;26/11/2025;Entire experience agent.
1078;9172;4;10/06/2024;Simple finish attack standard small fear through.
1079;19039;4;24/10/2024;Market economy pattern different individual hotel hit.
1080;1298;2;30/10/2025;However pretty adult manage see both number.
1081;10352;5;01/05/2025;Maybe address key.
1082;6214;3;26/11/2023;Dream simple walk share themselves now church.
1083;5558;1;13/11/2025;Such past rest sing speech entire learn.
1084;11567;3;18/10/2023;Opportunity believe allow enter anything boy water.
1085;14191;4;26/12/2023;Get health sea would.
1086;17196;3;22/03/2025;Though create personal clearly.
1087;16249;2;05/06/2024;Natural son prevent court common attack long everything.
1088;12956;2;25/04/2026;Though church strategy if phone.
1089;2652;3;17/12/2024;Trip seat note bad have school state discussion.
1090;10998;3;02/08/2026;Than film fact enough we threat choice sit.
1091;12382;3;28/06/2025;Herself first summer lose.
1092;10481;4;26/05/2025;Hundred suddenly investment program full.
1093;19570;4;10/01/2024;Toward the general owner energy significant technology.
1094;12290;4;30/07/2026;Whole long maintain either crime main discuss.
1095;17916;3;16/06/2025;Prepare politics various along tonight.
1096;7107;3;29/12/2024;White for begin.
1097;17580;5;16/06/2026;Garden election blood practice drop because.
1098;19843;1;15/03/2025;End phone sort month make.
1099;4184;3;25/07/2026;Worker might support cover.
1100;1542;1;02/08/2026;Event anything movement myself economic news.
1101;13813;4;01/05/2026;Happy beyond newspaper while just.
1102;8159;4;06/06/2026;Morning put while model write.
1103;4667;2;19/11/2023;Eat hotel ask voice executive once available.
1104;4320;3;29/04/2024;Property white view such relationship.
1105;8808;4;05/04/2026;Trial to wish.
1106;2250;3;08/08/2024;Performance catch red guess or nothing.
1107;1992;3;08/12/2025;Instead despite loss north dark less at.
1108;16496;2;05/07/2025;Expect explain attack major.
1109;9777;2;25/02/2025;American our certainly give.
1110;10879;5;02/05/2026;Available window contain president hospital life.
1111;4038;2;06/09/2026;Myself less fish magazine future number industry.
1112;3443;2;17/06/2026;Receive only far different thought he early wait.
1113;5253;2;29/05/2026;Score future large down while tough any just.
1114;5607;1;01/11/2025;Describe wrong rest always establish market stock.
1115;11905;1;18/10/2025;Per director car a base rule.
1116;4841;2;13/08/2025;Enjoy organization easy follow half capital able hair.
1117;9779;4;27/05/2025;Religious receive time discover.
1118;4166;5;31/07/2025;Appear news simply smile rule.
1119;6514;3;26/10/2025;Those various together magazine control have.
1120;13283;1;16/05/2026;Reveal nice he box view move rich.
1121;15310;2;07/02/2026;Himself kid report buy smile more member environment.
1122;2742;4;15/01/2025;Wonder to now wind debate those.
1123;12015;3;28/05/2026;Picture success nor over citizen here yeah.
1124;1981;4;08/07/2026;Site new deep final produce.
1125;2202;1;18/10/2025;Building view beat open service involve right.
1126;13392;5;11/02/2025;No walk pretty suggest none.
1127;6146;5;02/03/2026;Apply ready partner all.
1128;15858;1;29/10/2025;System your respond ago force should.
1129;1856;4;10/10/2023;Who success early rate now because director.
1130;13856;3;08/08/2024;Score man measure none TV degree win.
1131;9000;1;23/02/2024;Prevent charge able century space focus.
1132;1223;2;25/08/2024;Born analysis executive throughout final west upon half.
1133;5557;2;19/02/2025;Project thus test.
1134;13576;1;10/09/2025;Message field will issue point leg.
1135;9365;3;05/08/2026;Or commercial consumer.
1136;6412;1;16/12/2025;Enjoy candidate white cultural much stage provide.
1137;9348;4;25/01/2025;Itself seem street how enter.
1138;13396;1;21/12/2024;Owner Congress field yes table which sing.
1139;11721;2;05/06/2026;Current thank cause.
1140;4045;5;28/03/2024;Already degree successful growth agent technology difference war.
1141;6251;3;12/01/2025;Piece itself how natural.
1142;13240;5;07/04/2025;Pick behavior scientist figure subject.
1143;6236;1;16/09/2025;Join development green quite together tax.
1144;6728;3;01/04/2024;Benefit moment among land range staff account say.
1145;17518;4;07/02/2025;Its then no either.
1146;7306;1;14/05/2025;Whose technology medical can party national police.
1147;19824;3;04/09/2026;Difficult knowledge at she common new community.
1148;15909;3;27/09/2023;Capital onto herself.
1149;16692;1;23/03/2025;Minute according son picture realize science spend.
1150;14707;3;08/03/2026;Product cause respond rest feeling off.
1151;10980;4;24/09/2023;Relate bill bag identify actually can inside.
1152;12596;4;14/02/2025;Even apply common.
1153;17066;4;04/10/2024;Discussion southern example through in position cover become.
1154;1098;2;24/06/2024;Interest company according address relationship expect else before.
1155;3691;4;23/08/2025;Fund serious like night.
1156;8730;3;03/06/2024;Society significant community success simply.
1157;7375;5;05/05/2025;Gas decade support consider prepare do.
1158;14077;5;14/09/2025;Team leg TV size hold score stand.
1159;13727;4;08/02/2024;Sea recently page direction realize.
1160;19031;5;27/05/2024;Bar including step read build face hit order.
1161;9006;4;13/09/2025;Job million upon enter general.
1162;3136;3;02/04/2026;Five hundred onto partner wonder bar call.
1163;8001;1;01/04/2024;Leg western contain only land serious if.
1164;11152;3;20/07/2026;Four sea attention way education while identify.
1165;19313;2;16/10/2024;Strategy able small class democratic back some.
1166;4193;2;07/07/2025;Strong over grow eight play rule before.
1167;18198;3;27/01/2024;Pull music thing tend high.
1168;18845;1;16/04/2026;White exactly government including.
1169;12331;4;03/09/2025;Paper similar listen happen company.
1170;16547;1;27/12/2024;Lot leader at trouble physical as see.
1171;1175;2;18/05/2025;Argue clear about send fill forward article.
1172;5700;4;09/05/2024;Five could season price truth quite chair.
1173;1994;4;06/01/2025;Author group professional majority address enjoy still.
1174;14232;5;19/09/2025;Edge cover national energy risk hair.
1175;3155;3;19/01/2026;Book four fear turn enter season miss look.
1176;8249;2;15/06/2026;Brother face drive ahead while plant debate.
1177;12262;5;05/05/2024;Phone in contain.
1178;18641;2;05/12/2023;Cut yourself nor share country.
1179;10027;5;17/11/2025;Always car nothing our.
1180;14737;3;23/01/2025;Machine gun partner kid computer.
1181;11424;1;04/06/2024;Skin wish remain bag worker dream since.
1182;9447;1;06/03/2024;Act common message always.
1183;6227;5;17/12/2024;Chair draw room better structure leave.
1184;2784;4;09/08/2025;Official again own brother theory arm so young.
1185;7013;3;05/11/2025;Left there huge company lose face series measure.
1186;18793;2;25/09/2024;Inside even here watch.
1187;18089;3;29/04/2025;White agreement else become Democrat fast.
1188;16080;4;17/05/2025;Final usually those face.
1189;2898;4;05/02/2025;Democrat machine opportunity risk still writer.
1190;17623;5;09/08/2024;Occur line figure finally attorney hand.
1191;17962;5;26/01/2024;Involve allow herself more which others.
1192;18648;2;01/08/2025;Allow floor be.
1193;5668;4;03/09/2025;Concern standard floor western far sign education many.
1194;2993;1;25/11/2025;Color leave school single rest.
1195;464;4;31/07/2024;Rather often city west wide mention order.
1196;5856;2;19/10/2023;Cut husband near western still his.
1197;1349;1;01/12/2023;Cost three weight order.
1198;465;4;05/01/2025;Notice budget speak for should politics add.
1199;18045;1;18/11/2025;Reduce pull cost perform among site baby mission.
1200;4532;4;26/09/2023;Your senior tend measure perhaps kid.
1201;13904;4;17/02/2025;Rate tough require step nearly PM thank.
1202;3234;1;16/12/2025;Wind physical some whether yourself.
1203;15562;5;04/08/2024;Agreement read parent most enough step sing south.
1204;9226;5;27/08/2026;Movement live appear particular.
1205;2448;2;11/12/2025;After management ever government past.
1206;14704;5;25/02/2025;Watch per expert range.
1207;18771;4;07/01/2024;Police clearly treatment laugh.
1208;11242;1;07/01/2024;Mr whose red its.
1209;12137;4;18/03/2024;Her pretty administration true trial can.
1210;11550;3;23/02/2024;Hope pass trouble.
1211;15270;5;10/10/2025;Fly program plan against pay compare heavy.
1212;15422;1;05/10/2024;Glass technology it.
1213;12853;3;11/09/2025;Article morning Congress idea court.
1214;18783;3;05/08/2024;High serious thought get.
1215;13145;5;27/02/2024;Arrive player drop international require.
1216;11230;5;12/08/2025;Might seat exactly man of security against.
1217;8930;1;02/05/2025;Today sea any which and through.
1218;11912;1;30/04/2024;Improve build assume certain matter test deep rather.
1219;3009;3;16/12/2024;Data carry thousand human stage score responsibility.
1220;3665;2;09/03/2025;Star the tonight good media put show within.
1221;667;4;15/05/2025;Last show direction.
1222;4723;3;09/03/2026;Marriage woman end simply effect.
1223;17050;3;16/12/2023;Building task very impact.
1224;2950;2;05/06/2024;Use just imagine.
1225;18323;4;05/09/2026;Soon remain any seat everybody.
1226;6660;3;13/02/2026;Summer his bag again fact political approach.
1227;4805;4;11/06/2026;Question exist protect thing.
1228;7017;5;11/02/2026;Hand natural live win everything.
1229;89;1;09/12/2024;Expect bed room piece clearly employee.
1230;9155;1;12/05/2025;Number game during local purpose animal feel.
1231;15383;2;24/01/2024;Increase once dog top value later.
1232;19515;2;26/09/2023;Part region relate prepare of west.
1233;17003;1;07/09/2024;What threat method occur explain.
1234;13156;4;02/04/2024;East people budget public religious ok.
1235;18348;1;19/04/2026;Since stuff road stand.
1236;14959;2;10/02/2024;Big less election.
1237;2672;1;08/02/2024;Owner room to.
1238;9552;5;07/07/2024;Result bed treat understand.
1239;16897;2;26/07/2024;Traditional maintain baby range voice eat else.
1240;2719;3;21/06/2024;Whom up throughout already young figure wall service.
1241;5335;4;24/02/2025;Source month six health behind economy else.
1242;14988;2;12/01/2025;Exist record once wish letter later.
1243;19151;3;29/04/2025;Success part rate central.
1244;15877;5;02/09/2024;Decide anyone seem treatment poor assume camera.
1245;6661;2;22/08/2024;Yet continue life many social issue.
1246;6633;4;01/08/2025;Fast teacher lawyer better.
1247;13882;4;09/01/2025;Already house simple together.
1248;19025;4;29/01/2026;Line now them pressure north compare.
1249;18086;1;06/07/2026;Ball wall long boy above occur improve.
1250;13911;4;17/06/2024;Perform pattern network life every finally happen pretty.
1251;13897;4;06/05/2026;Environment other two across hard.
1252;131;2;18/04/2025;Through main force mean.
1253;6479;5;15/11/2024;Single necessary method score maintain cultural.
1254;93;1;13/10/2023;Summer myself whom production our individual.
1255;1364;4;28/12/2025;Dog or be less management than.
1256;357;1;09/03/2024;Cup reveal guy major cultural.
1257;11979;5;11/02/2024;Degree artist sure part tonight pretty.
1258;17190;3;10/05/2025;Story kitchen interview despite any provide.
1259;6866;5;04/11/2025;Bed government enjoy hot clear compare floor.
1260;16072;1;30/01/2026;Activity sign sister field tend.
1261;8740;1;05/08/2026;Amount late vote eye every I control say.
1262;16416;3;13/08/2025;Identify speak himself far once.
1263;6732;2;12/07/2024;Administration large mission dark side executive.
1264;15869;2;03/10/2023;International teacher speak military.
1265;16529;3;08/01/2024;Let learn his project although course great choose.
1266;5365;3;04/03/2024;Represent development establish car manager.
1267;18403;1;17/02/2024;Hair ball population station base listen.
1268;12719;1;25/02/2024;Little need low professional.
1269;7075;1;27/06/2026;Government pay statement chair or.
1270;5470;5;05/02/2024;Medical conference provide see also fine build.
1271;3417;4;29/06/2024;Professor thank small can more.
1272;19483;2;04/02/2025;Ten expect until either election though.
1273;4217;4;03/01/2024;Police it away tough.
1274;18528;2;26/12/2024;Black authority whatever coach.
1275;17133;2;14/03/2024;Suffer article we daughter something lose.
1276;9333;4;07/10/2024;Course much paper Democrat challenge south.
1277;1797;5;03/10/2023;Total other strategy support land staff age.
1278;6985;5;05/12/2025;Shake their whole condition game.
1279;6473;3;09/05/2026;Food easy idea.
1280;3361;2;06/04/2024;Into draw grow door mean.
1281;18035;5;05/04/2024;Statement real my state relationship argue.
1282;13055;5;27/04/2026;Open lot find wind more central role cut.
1283;5983;2;23/02/2025;Force everybody still run detail.
1284;5300;1;05/12/2023;Discuss pretty enter.
1285;3703;2;25/02/2025;Tree because compare line.
1286;10488;4;18/04/2024;Sport my doctor purpose idea onto half.
1287;8395;3;29/06/2025;Father get think management room certainly.
1288;10099;5;24/11/2024;High heart environmental product.
1289;5653;4;04/12/2023;Find control carry scientist care American ball budget.
1290;13359;4;11/07/2024;Live nature painting full.
1291;13550;2;11/11/2025;Decade beat stay rule apply.
1292;3485;1;19/03/2026;Play drive clear fund recent tell program.
1293;1206;5;30/07/2026;Score article turn month beat laugh together foreign.
1294;19218;4;17/01/2025;Help project activity nature see mother money.
1295;14924;3;26/09/2024;Well read cup audience especially player doctor.
1296;11232;1;07/05/2026;Spend central knowledge civil water same seem.
1297;17863;3;08/01/2024;Party order pattern skin.
1298;6837;3;24/10/2024;Fine around class speak boy various kid.
1299;3615;2;13/08/2024;Ever sometimes open.
1300;14727;5;30/12/2024;Sense ability three central itself nature.
1301;15537;2;15/01/2025;Knowledge nothing decision decision parent it.
1302;10681;2;09/10/2025;Social pull crime medical media.
1303;16712;4;08/05/2024;Most national car seven accept.
1304;5188;2;14/02/2024;Talk news off.
1305;30;4;07/02/2024;The bed boy turn.
1306;6004;4;20/09/2025;Fund sure hard east campaign.
1307;12341;3;17/07/2025;Machine now administration past as different.
1308;7006;5;04/12/2023;The may election treat factor.
1309;7364;1;25/05/2025;Model push social ground enough ground.
1310;16613;4;25/11/2024;People discover floor inside western.
1311;10713;2;13/07/2026;Style board system fine score.
1312;11115;2;21/05/2024;Simple special hold lot across.
1313;2896;5;09/01/2026;Room say along.
1314;11023;5;13/05/2026;Few individual thing approach money.
1315;12117;4;20/02/2026;Trip including finally reduce hard.
1316;6688;4;02/12/2024;History several character worker share.
1317;273;3;18/07/2025;Create enjoy oil require number social.
1318;13322;1;18/11/2024;Someone will population.
1319;19397;3;16/02/2026;Condition doctor you.
1320;11740;3;05/05/2024;Sure owner about report four structure.
1321;7696;1;06/09/2024;Beyond safe style attention admit hour.
1322;15461;2;04/09/2024;Cause traditional herself painting.
1323;2732;5;01/05/2025;Dream seek create.
1324;4769;1;30/05/2026;Beyond hard so us area page.
1325;3785;5;12/02/2024;Class most part good energy participant style.
1326;11491;5;08/05/2025;Likely these strategy hold professor development window show.
1327;13535;4;19/05/2024;Mouth find add rate gas general.
1328;8459;4;14/01/2026;Her look apply team way especially stay.
1329;8181;2;23/07/2025;Political memory history put you.
1330;507;1;21/05/2024;Later attorney any.
1331;14145;3;17/05/2026;Attack report hand key customer.
1332;8603;3;17/01/2025;Dog sense animal compare ever lead.
1333;15231;1;03/11/2024;We allow instead quite and.
1334;14731;1;02/12/2024;Ok too week resource away.
1335;13466;2;07/09/2024;Book old other produce arm air.
1336;6949;5;27/05/2024;Risk daughter court major.
1337;9676;1;05/08/2026;Each again tax financial turn matter be.
1338;15442;4;17/11/2023;Factor happy development beat easy indeed community world.
1339;8541;2;09/06/2025;Truth sport which picture.
1340;12843;4;07/12/2025;Style simple central.
1341;6425;4;07/11/2023;Nation quickly organization quality reveal over project.
1342;19892;2;25/02/2026;I interest company yeah.
1343;7418;4;03/09/2026;Education certain important civil fast class.
1344;6520;2;13/04/2025;Somebody such agreement civil five visit.
1345;13138;3;10/04/2025;Born husband billion.
1346;16526;1;29/07/2026;There suddenly beautiful lot big walk.
1347;14730;5;16/08/2026;Shake grow buy way safe.
1348;320;3;27/09/2023;Meeting yes part budget total better hope.
1349;13407;1;24/02/2025;She view lawyer history executive ten.
1350;5705;4;20/11/2024;Future lay between effort future less daughter.
1351;5116;4;05/12/2025;Lay response next lose every seem deep.
1352;15552;2;09/02/2026;Through deep education car arm although.
1353;5247;1;21/05/2026;Someone blue discover air only hard process.
1354;16994;1;04/09/2024;Him admit remain.
1355;1655;2;22/01/2024;She standard well.
1356;6660;1;24/12/2023;Meeting entire agreement feeling kind.
1357;5443;3;04/03/2026;Along stock wonder history tonight teach attention.
1358;4107;3;14/11/2023;Become whether budget religious.
1359;10362;4;04/07/2026;Truth order practice view.
1360;16124;2;11/06/2024;Hair choose style all growth rich remain.
1361;6282;1;10/09/2024;Lose effect above central design everybody.
1362;13453;5;13/06/2026;Republican debate military major first present.
1363;19616;1;16/05/2026;Everything could it Republican determine story same.
1364;16198;5;21/07/2024;Behind wish war hundred thought including.
1365;3928;1;14/12/2025;College small camera able happen.
1366;3698;1;06/02/2025;Chair will ready enough skin.
1367;7350;5;07/04/2025;Citizen entire leader.
1368;19251;2;29/07/2025;Wonder stage out new.
1369;12245;4;14/07/2026;Value purpose suffer.
1370;16960;1;25/10/2025;Hot cost look.
1371;13819;1;13/03/2024;Street teacher cause drug north choose fund.
1372;1400;1;20/05/2025;Summer west ability although onto real.
1373;19476;5;01/04/2024;Trip wife seven.
1374;4501;5;01/07/2025;Country answer visit.
1375;13982;2;17/01/2025;Prevent wall those.
1376;14922;5;17/04/2026;Develop continue read stop.
1377;7510;4;23/10/2023;Late statement social base ball detail population.
1378;13505;2;25/04/2025;Fact traditional tax some.
1379;7275;5;16/12/2023;Lay experience activity professor executive.
1380;15239;1;18/01/2025;Few grow everything identify visit sit.
1381;580;2;05/08/2024;Recently citizen soon marriage through.
1382;12015;5;12/08/2026;Sing admit area mean avoid.
1383;11340;2;28/11/2024;Serious room current movie.
1384;7652;4;04/12/2023;Character defense main nothing director beat seven.
1385;1765;3;23/07/2026;Treatment data eat ten view financial.
1386;11765;3;23/02/2025;Cultural face hope test relationship painting pick.
1387;18244;3;18/10/2023;Line success guy Congress explain person.
1388;5464;3;20/09/2024;White true high theory.
1389;14465;2;05/12/2023;Mention public special south you century significant.
1390;5276;2;13/12/2025;Minute stop beautiful.
1391;17532;5;02/09/2024;Analysis edge laugh exactly every old guy resource.
1392;19984;1;02/05/2024;Surface rule player low drive report administration.
1393;11793;3;06/07/2026;American where fund power.
1394;15822;2;13/08/2025;Catch form coach.
1395;7984;2;15/04/2026;Rule expect involve per.
1396;4390;5;06/01/2024;Threat friend like.
1397;7761;4;09/04/2024;Thousand low else spend agreement bit.
1398;9572;4;04/05/2026;Leave another management ever create.
1399;2191;2;21/02/2024;But include bar student.
1400;18882;4;23/05/2026;Who approach kitchen letter seem with almost.
1401;9240;1;29/09/2024;Small road especially address American unit.
1402;7605;5;10/04/2024;Others party newspaper create buy marriage.
1403;18768;1;22/08/2025;Evening professional leader.
1404;17753;1;08/03/2025;Future beat recently because father gun.
1405;10319;2;03/05/2024;Dinner really coach official because total apply down.
1406;14892;2;27/10/2024;Approach break wish security probably wear trial rate.
1407;14388;2;19/12/2023;Over listen smile hundred perform another.
1408;1797;5;13/04/2026;Your improve with behind rest peace physical.
1409;13241;3;02/11/2024;Visit president become determine pressure plant.
1410;11776;1;08/02/2025;Several stay maintain their.
1411;9555;3;18/09/2023;Lot stock policy certainly air class bad.
1412;10964;4;22/06/2024;Serve gun husband.
1413;909;5;13/03/2026;Even continue effort office pretty strategy light.
1414;3409;1;06/03/2024;Though different drop push purpose foreign.
1415;696;5;11/08/2024;Organization store audience than third response.
1416;19952;1;24/03/2025;Between option international success specific ok.
1417;11596;3;25/04/2024;In against matter by develop run phone.
1418;12270;5;26/05/2024;Example outside mean staff support middle.
1419;9938;5;20/12/2024;Test party idea same service region professional.
1420;16180;5;01/06/2025;Who tree available health now provide.
1421;2739;5;26/12/2024;Data yard far news form result his.
1422;18731;1;12/03/2026;Enter performance push organization.
1423;8738;4;02/03/2024;Because value Republican serve.
1424;18270;5;07/08/2024;Media few center our.
1425;16942;3;11/06/2024;Drug purpose second include charge forward.
1426;2125;4;13/02/2026;Word stage few represent fast oil edge.
1427;18008;3;27/09/2024;His young suddenly similar job four long.
1428;16385;3;17/07/2026;Remain medical care fund personal letter process growth.
1429;19730;4;01/12/2025;Deep husband too.
1430;12780;2;24/07/2024;Again in growth difference position.
1431;3619;2;12/11/2023;Meeting feel open commercial plan her size.
1432;8251;1;10/10/2025;Beyond unit sure effect only.
1433;629;2;13/07/2025;Half interest subject camera day.
1434;13609;3;23/03/2025;Executive through almost accept social care.
1435;4869;5;09/10/2025;Debate free including agree understand interest game.
1436;3296;2;19/04/2024;Media deep develop past enter same environment.
1437;4080;5;06/04/2026;Shoulder key find she stuff.
1438;18649;5;06/07/2026;Rock risk member of.
1439;18203;4;24/09/2023;Behind on any care attack letter increase.
1440;10759;2;04/06/2026;Rate activity employee seven risk form seem.
1441;8113;5;13/03/2026;Large body certainly threat up much like hair.
1442;1992;5;11/08/2025;Red as agreement green career.
1443;3034;5;15/12/2024;List civil someone hit offer.
1444;15126;4;10/08/2024;Early behavior board case rock.
1445;6633;3;14/08/2025;Its ability continue.
1446;12671;4;27/04/2024;Central agency health drop into discuss eye.
1447;5568;4;21/10/2025;Help knowledge suddenly remember.
1448;7346;2;07/06/2026;Ten board none wall card under.
1449;19171;3;14/04/2026;Through never value story produce little force face.
1450;11066;4;16/08/2026;Speak cup million more close first campaign.
1451;13401;5;11/11/2025;Produce traditional coach.
1452;6161;4;29/06/2024;Thought success police poor level.
1453;4498;4;10/11/2023;Structure difference former matter few after beat fact.
1454;11921;3;23/04/2026;Perhaps describe office news.
1455;7409;3;11/04/2024;South worker close kind government commercial.
1456;13509;5;07/12/2024;Peace single woman country clearly six what.
1457;7746;1;30/09/2024;Hotel book his lay position spend.
1458;16788;4;10/06/2026;Probably season coach coach.
1459;17568;5;04/05/2026;Within she yet set.
1460;7438;1;10/10/2023;Any a suddenly yet standard.
1461;5000;2;19/01/2025;Drop but major.
1462;5068;1;01/07/2024;Director enter current respond six firm.
1463;15672;1;11/06/2025;Up notice strategy last important ball program.
1464;1881;4;16/02/2024;Those step for foot fine full.
1465;18419;4;20/11/2023;Student bank democratic she star.
1466;3105;2;18/05/2026;Test the go adult.
1467;3968;2;06/06/2024;Decision final eat class.
1468;6867;2;15/09/2024;Pm condition behavior evening.
1469;2891;2;30/11/2024;Reality sometimes consumer market truth wear face present.
1470;10290;2;22/05/2024;School audience environmental democratic eight short reach physical.
1471;7168;5;25/03/2025;Message thing range weight contain health central.
1472;12262;1;04/10/2023;Federal its change scientist.
1473;17702;1;18/06/2025;Fight history cause single life pass.
1474;3296;2;25/02/2026;Fire door prevent interview whole state number.
1475;14415;4;20/10/2024;Type agree with education bar price condition stop.
1476;17140;3;14/04/2025;Benefit military rich student could than.
1477;1315;3;16/10/2023;Physical government again support.
1478;1691;5;17/07/2024;Where health check subject red rule special.
1479;6013;4;19/08/2024;Reflect spend seem green beat small particular under.
1480;1290;1;13/10/2025;Financial size identify stop support why.
1481;11655;5;24/02/2026;Answer wrong himself car movement yard media.
1482;2953;2;06/05/2024;Recently rate evening several goal as whatever.
1483;6958;2;25/08/2024;Adult most present ahead.
1484;9348;2;19/04/2026;Expert people me woman window.
1485;7481;1;01/11/2023;Staff cup station away new white.
1486;19627;3;27/11/2024;Market remain each.
1487;8896;4;10/01/2025;Culture cultural against green continue.
1488;3649;1;02/07/2026;Machine drug great former.
1489;18214;1;12/04/2025;Until owner century trade relate true trouble.
1490;14620;1;29/11/2025;Without which blue region church person brother.
1491;15174;5;02/11/2024;Stuff wife all.
1492;5458;5;06/12/2023;Author defense able think person while.
1493;9144;1;19/05/2024;Dog company public that.
1494;1915;1;05/06/2026;For have of especially degree story page.
1495;16142;2;25/06/2025;Series price say hear rather run.
1496;5935;2;18/07/2024;Begin number way look different accept close.
1497;13352;5;31/10/2025;Everybody exist money bank bar police.
1498;3592;1;20/04/2026;Make staff guy candidate board prepare.
1499;5771;5;05/07/2026;Bit program film.
1500;13709;5;28/05/2024;The direction benefit pay.
1501;16338;3;16/11/2025;Might notice realize say.
1502;7;2;18/05/2024;Listen everybody picture as task analysis event.
1503;12783;3;28/01/2025;Remember create world since notice ground company.
1504;6709;5;05/09/2025;Keep avoid various.
1505;4346;1;28/01/2025;Between expect specific true moment.
1506;3321;4;20/02/2025;Energy hour tree left.
1507;18361;2;06/02/2025;Author group plant human choice like there.
1508;12279;3;30/01/2024;National particular section result law source.
1509;15338;5;10/10/2025;They investment boy off stay general physical allow.
1510;12245;4;26/08/2024;Wind forward cut.
1511;17556;2;11/04/2025;Return social doctor owner minute heavy tell drop.
1512;3823;2;15/03/2025;Record commercial vote behind every.
1513;6263;4;09/11/2023;Within organization determine personal front cup.
1514;9852;3;01/01/2025;Coach one follow determine ok.
1515;2548;3;10/07/2025;Condition message easy piece manage true guess.
1516;3760;1;22/09/2025;Form follow tough through decade feel.
1517;2128;3;27/02/2024;Pm least wait use measure.
1518;4252;1;09/11/2024;Her any may much style.
1519;16820;1;28/01/2026;List space show property new expect.
1520;4039;1;23/02/2024;Hospital after call pressure big couple.
1521;4839;1;16/07/2026;Treatment wind hospital performance official home hard.
1522;14889;5;07/11/2024;Data traditional available identify soldier.
1523;12619;2;18/01/2026;Figure card common computer often cold design serious.
1524;14022;1;09/01/2025;Professor east debate company.
1525;18941;2;25/05/2024;Amount main eye film campaign defense identify.
1526;3830;3;13/10/2024;Third while various follow.
1527;7902;5;12/06/2025;Make white hundred near case report seek.
1528;4158;3;13/03/2026;Machine direction government young magazine make whatever.
1529;11766;3;26/03/2025;Actually five hold appear less travel manage.
1530;15752;3;05/09/2024;Lawyer either culture though tax share beat.
1531;19530;5;11/06/2026;Theory college before.
1532;4283;3;10/03/2025;Person card need try later collection free.
1533;4508;4;20/09/2023;Land over evidence executive set history.
1534;3635;2;19/03/2026;I off boy heart smile everybody.
1535;6086;1;03/09/2024;He road outside piece next too specific operation.
1536;2930;1;06/01/2024;Exactly capital at follow focus friend reduce.
1537;5918;5;02/01/2026;Open carry admit ago five truth operation themselves.
1538;17939;1;23/08/2026;Low according speak.
1539;3702;1;23/04/2024;Only place some.
1540;10606;4;24/12/2025;Good professional officer summer scientist however require.
1541;10396;4;26/03/2025;Same store least firm day.
1542;19272;3;24/01/2024;Rest reason culture since in off.
1543;13158;1;22/12/2023;Hold put girl occur big structure.
1544;11032;3;28/06/2024;Speak already subject trade these head.
1545;18567;1;11/11/2025;Kitchen commercial network.
1546;19674;3;14/05/2026;Majority court difficult catch.
1547;18829;4;03/03/2026;Suddenly effort country religious soon.
1548;14353;4;16/06/2025;Foot establish pull face.
1549;5817;2;01/03/2025;Drug concern painting agreement.
1550;532;3;08/03/2025;Large however try pattern.
1551;19881;4;07/02/2025;Include assume growth with.
1552;11712;1;26/11/2025;Stock worry important.
1553;12730;4;06/04/2025;Camera and husband land down address.
1554;18300;2;09/05/2024;Group hospital seven anything painting.
1555;18440;1;24/09/2023;Brother agency hospital age military.
1556;14665;5;16/03/2026;Since century experience.
1557;8999;5;24/07/2025;Them just huge push.
1558;2475;2;02/04/2026;Door standard article animal exist often do still.
1559;7558;4;24/02/2025;Camera relationship we.
1560;9080;2;28/10/2023;Majority stay inside range true individual difficult.
1561;2949;3;11/01/2025;By official coach week nearly.
1562;8131;2;17/05/2024;Generation feeling think heavy scene coach.
1563;13363;3;21/08/2024;Case research practice mouth every trade where.
1564;14824;3;18/03/2025;Federal cover soon century inside although.
1565;15341;5;28/04/2025;Reach them we leave.
1566;12914;3;11/04/2025;Evening stock piece rock wish buy must.
1567;10778;4;01/04/2026;Fill owner magazine nice nation have.
1568;18927;3;03/11/2023;Represent process message exactly impact often last.
1569;19214;1;25/09/2025;Up wrong center build cold author.
1570;2549;3;14/06/2025;Within stay talk certain.
1571;9204;4;30/12/2023;Common road by find professor.
1572;1066;5;24/01/2026;Do meet mother everybody staff.
1573;18200;4;04/10/2025;Against break green time number computer.
1574;1604;5;13/12/2024;Night attorney agency learn record.
1575;6754;3;05/05/2024;Tree air evidence risk like gas.
1576;15294;3;17/08/2025;Available bar science situation question member him.
1577;1305;2;03/09/2026;Represent TV someone society table fast.
1578;11988;4;19/11/2025;Discussion military second week upon again.
1579;1282;4;02/07/2025;Ready end choice power race could spend.
1580;7932;2;30/12/2024;Follow provide sing mention set.
1581;168;1;22/06/2025;Authority keep policy hundred industry her.
1582;18699;4;02/02/2026;Off pull use special must agreement.
1583;18897;4;20/04/2026;Sport shoulder must reflect.
1584;4284;3;21/10/2024;Election road sign realize college whom act.
1585;1644;2;14/12/2023;Option audience beat opportunity.
1586;11966;2;27/07/2024;More continue find particular.
1587;3099;2;18/12/2025;Week method west relationship expert.
1588;11234;4;08/03/2026;Yard goal positive head.
1589;8138;1;07/02/2024;Wear war figure help entire institution outside.
1590;3961;5;20/04/2026;Woman six condition cup region opportunity.
1591;7297;3;24/05/2025;Or individual land would.
1592;326;3;20/01/2024;Success three join television.
1593;18639;1;23/10/2024;Process six media increase firm voice lawyer.
1594;1046;3;27/04/2026;Dark after stock blood.
1595;19899;5;07/11/2024;Local mission network yes own hard.
1596;13287;5;22/02/2025;Glass attorney you drop try catch.
1597;7469;4;16/01/2025;Eye ahead new common this appear writer rich.
1598;12596;3;22/04/2024;Name sit improve should.
1599;7896;2;10/12/2023;True easy institution dog.
1600;13519;5;13/11/2024;Return many especially bag owner these.
1601;7385;5;15/03/2024;Condition carry at season.
1602;19152;1;02/10/2023;Learn single great detail factor nice just what.
1603;15338;5;04/06/2024;Discuss yourself read she computer.
1604;6232;4;24/01/2026;Participant major though change.
1605;4560;5;18/06/2026;Recently us north unit.
1606;4054;5;02/06/2026;Thousand its protect water scientist cold.
1607;456;1;01/04/2024;True look offer decade.
1608;19039;5;09/07/2026;Shake summer table relate economy foreign.
1609;8416;2;10/05/2026;Evening decision admit professor science here response.
1610;7668;2;07/11/2025;Piece wear decide today statement theory.
1611;12083;3;14/10/2024;Measure plant movement hit not son.
1612;14532;4;04/02/2025;Police south second sure table audience show.
1613;422;1;16/07/2026;Enjoy piece staff focus medical class.
1614;1333;4;17/03/2024;Case wind meeting way always executive event.
1615;15754;4;09/10/2025;Society break hope station decision least artist front.
1616;16513;1;09/02/2024;Direction your its town truth heart.
1617;13428;2;09/04/2026;And agency place structure girl.
1618;14786;3;07/11/2025;Picture I interest.
1619;7285;5;09/11/2025;Each production chair.
1620;16984;2;10/03/2026;Democrat great positive single wife morning old.
1621;15160;5;07/12/2023;Buy half first customer poor.
1622;10987;4;28/04/2024;Under him help rule information.
1623;11648;5;05/11/2024;Gun between son film second.
1624;15179;5;22/08/2024;Trouble how case should likely traditional first.
1625;12292;3;01/12/2023;Test song involve participant require character safe.
1626;19737;1;14/05/2024;Particular need will activity.
1627;4686;2;16/12/2023;Right political population relationship song industry work along.
1628;16836;5;07/05/2026;Vote though prevent alone radio.
1629;7550;3;27/03/2025;Partner figure guy whether view.
1630;5820;1;13/04/2025;Action quite discover beyond item check hour behavior.
1631;17051;4;29/04/2025;View game miss back dark if agent.
1632;11151;2;17/11/2023;Response smile throughout every church base other.
1633;12824;4;03/03/2026;Another economic network rise nice.
1634;1324;3;11/05/2024;Region will animal plant decision over four.
1635;2824;5;04/10/2025;Together heavy money require leg subject.
1636;16283;3;26/03/2024;Part those charge three.
1637;6848;4;26/04/2026;Hot well seem prevent score themselves model once.
1638;18576;3;03/02/2025;City myself skin a how none skill.
1639;15808;4;14/11/2025;Play everyone discussion camera more face unit improve.
1640;1704;4;01/07/2026;House suggest realize face.
1641;1844;1;25/12/2025;See watch common child.
1642;6871;1;09/09/2025;Baby size director environment.
1643;9662;2;09/07/2026;Lot green rate.
1644;8657;2;02/10/2024;Mind mission ever expect beyond.
1645;7930;2;14/05/2026;Certain history enough about three security game.
1646;19385;4;17/08/2025;Energy enough television because name.
1647;1267;5;18/04/2025;Throughout sort management reality with college.
1648;13568;2;23/04/2026;Arrive apply authority team star.
1649;9487;2;23/03/2026;Although true future national carry admit case.
1650;17622;3;26/04/2026;Firm sing large suggest national family finish scientist.
1651;3528;1;22/10/2025;Including us religious report across move.
1652;3293;5;27/05/2026;Bar dinner enter dark partner.
1653;5216;4;20/04/2026;Grow growth expect there name.
1654;2859;3;08/12/2024;Draw eight else agency social seven.
1655;2655;4;21/01/2024;Full others small form program program study.
1656;5923;1;02/10/2023;Republican book friend skin somebody measure theory.
1657;10673;3;09/12/2025;Surface performance best development history page.
1658;3396;3;20/09/2024;Letter finally stand turn draw race see improve.
1659;10981;4;21/06/2024;Child company month economy product benefit nothing ground.
1660;3621;5;18/05/2025;Best season fill to past property sometimes.
1661;13167;4;23/07/2026;Reflect tough citizen.
1662;9837;3;27/12/2024;Lot spend business prevent social operation rather practice.
1663;11498;1;27/02/2024;Involve letter gun land.
1664;6823;4;24/01/2026;Why under husband agree a.
1665;18413;3;14/09/2025;Win concern star deal free nice.
1666;6573;5;07/08/2026;Street from along ability scientist per social.
1667;18939;2;19/06/2025;Knowledge current perform perform.
1668;16768;3;21/03/2025;Its pressure control green main car share.
1669;18530;4;10/04/2024;Interest across agent.
1670;8287;4;19/12/2025;Chance between black do relate.
1671;1696;4;19/02/2025;One institution quality base ball.
1672;16095;4;28/07/2026;Without example a song among home.
1673;6906;1;18/03/2024;Occur help deal rich agree.
1674;18250;2;18/06/2024;Quickly us paper.
1675;10966;5;09/09/2026;Structure forget then character mouth catch.
1676;132;4;18/03/2026;Condition return with option food.
1677;17200;2;04/03/2026;Technology million also purpose each turn might.
1678;4579;3;31/05/2024;Since street process executive visit tree history.
1679;10559;4;06/08/2024;Worker serve against every senior.
1680;2879;5;12/10/2025;Increase civil shake ground election.
1681;12264;3;25/06/2024;Wife analysis try we force as.
1682;12876;1;08/07/2025;Floor fire win commercial must.
1683;7706;3;30/11/2023;They research away world.
1684;5799;4;19/04/2025;Represent language dark prove.
1685;4225;3;25/03/2025;Tonight suggest of child sound.
1686;4948;3;20/06/2025;American both over term forward technology measure about.
1687;4595;3;07/10/2023;Dark move range option management at opportunity.
1688;19972;3;16/03/2025;Quite perform blood product.
1689;8929;3;04/05/2026;Final military beautiful success wonder chance.
1690;19850;3;27/03/2025;Company opportunity bank try across.
1691;7650;2;08/03/2025;House smile year money loss.
1692;1254;3;04/02/2026;Kitchen lay upon maybe himself maintain determine.
1693;17350;5;21/05/2024;Expert guy style continue close.
1694;15087;5;23/05/2024;Law strong what quality care federal management.
1695;19850;2;29/08/2024;School trouble situation poor people.
1696;1921;3;30/04/2024;Product remain itself especially.
1697;8493;1;04/07/2025;Standard name choose.
1698;19429;5;19/09/2025;Middle during truth.
1699;9043;5;23/03/2026;Number upon address while city through.
1700;12405;5;02/01/2025;Tax bank focus should.
1701;16952;1;23/06/2026;Fund feeling through such he word star.
1702;8424;4;14/12/2024;She heavy suffer partner.
1703;17706;3;21/12/2025;Mention others mouth.
1704;3747;2;24/12/2023;Market ever American range.
1705;1711;5;25/05/2024;Able interview eat particularly.
1706;8496;3;11/03/2026;Deal cost near often everyone capital.
1707;19367;2;24/11/2024;Truth few concern fight company.
1708;17298;4;23/05/2024;Simple build heart moment.
1709;4327;4;29/12/2023;Though control sense necessary bill least wonder character.
1710;10195;4;04/11/2023;Real final change song college.
1711;16804;3;05/05/2026;Detail often claim believe.
1712;8412;4;03/09/2025;Through kid himself enough guy kind.
1713;573;4;18/06/2024;Pass soon good.
1714;10272;2;23/11/2023;Summer leader thing safe series huge.
1715;11337;2;24/09/2024;Modern thing item to no.
1716;401;4;10/04/2025;South fine toward only sign view cold.
1717;6665;3;24/02/2025;Go dream technology level home politics.
1718;13684;2;06/11/2023;Everyone health magazine.
1719;23;2;22/09/2025;Happen require clear shake.
1720;16026;2;18/02/2024;Color sometimes prove listen local.
1721;4071;4;27/07/2026;Adult defense race life.
1722;790;4;29/12/2024;Sit evidence trial drive sea treatment.
1723;4104;5;26/03/2024;Production myself radio treatment.
1724;19262;2;26/11/2024;Account morning central north sort very artist.
1725;1446;5;13/06/2026;Media up field test operation though rest experience.
1726;18768;1;01/08/2026;Reduce early often sort whose center collection hear.
1727;16178;1;16/03/2026;Bit rise between.
1728;14038;2;28/05/2025;Style future available once charge parent.
1729;9039;3;13/06/2025;Foot policy together enough.
1730;7940;5;11/10/2023;West rich recent thus network modern stay.
1731;5147;3;05/03/2026;Executive since possible across foreign.
1732;6522;1;11/02/2025;Such scene teacher son particularly.
1733;6391;2;23/06/2025;Citizen lot Congress again.
1734;14277;5;25/04/2026;Student share responsibility pressure financial machine.
1735;12629;2;06/05/2024;Grow career production seek.
1736;1329;3;23/10/2023;Truth despite school beyond cell common describe this.
1737;126;1;30/11/2023;Look already south.
1738;19164;2;18/04/2025;Different investment generation.
1739;5099;5;08/03/2024;Other direction dark weight hundred however upon.
1740;18542;1;17/06/2025;Shoulder listen only five.
1741;18709;5;20/10/2023;Exist summer water much design majority.
1742;2959;3;15/05/2025;Something risk owner hit.
1743;8519;1;25/11/2023;We television break trouble summer marriage down hot.
1744;2551;2;27/05/2026;Yard leg side mind staff town.
1745;18925;2;15/12/2024;Down more method senior doctor name us argue.
1746;6156;4;17/12/2025;Moment entire available mind out.
1747;18828;4;20/10/2023;Seven figure network government investment newspaper.
1748;14272;5;08/01/2024;Either technology wish husband road age foot.
1749;999;2;10/06/2025;Dream main could.
1750;13570;5;28/02/2025;Run poor draw war media low past.
1751;17959;4;11/01/2025;Responsibility be buy fine best.
1752;1547;2;09/05/2025;Mouth change week hand rise.
1753;13047;5;17/07/2024;Research wait tax for than rise.
1754;1439;1;03/12/2024;Fall that series social.
1755;10804;3;25/02/2025;Way day few soldier until.
1756;8095;2;20/02/2025;Admit check start support me.
1757;17316;1;17/06/2025;Yet executive community list.
1758;16295;5;21/01/2025;Rest sign economic some treatment perhaps production develop.
1759;13709;4;30/04/2024;Hour stock still suddenly mention audience.
1760;791;2;20/01/2026;Without age clearly material thousand professional.
1761;6261;4;27/11/2025;Wonder model four see audience building.
1762;8902;3;26/08/2025;Use still beyond toward east street.
1763;17379;4;05/01/2025;Base sometimes believe pretty pick card.
1764;1266;4;12/08/2024;Player go national herself.
1765;19523;4;20/11/2024;Try sea exactly well choice candidate mention.
1766;3740;1;17/03/2025;Future outside baby why season that response.
1767;11728;3;15/04/2024;Water to as use.
1768;7407;5;25/07/2026;Response everyone movie teach federal kitchen.
1769;19591;4;19/07/2024;Quite hot class crime bit indicate town understand.
1770;14219;5;22/09/2025;Because account Mr near section fight thousand.
1771;7405;2;16/07/2025;Of admit second church name scene worker plant.
1772;2425;3;31/01/2026;Four physical audience image just able stay.
1773;9575;2;11/11/2024;War even ago lead nation half result modern.
1774;10699;5;04/07/2024;Serve common necessary for hope.
1775;2007;3;04/05/2025;The but home health ready.
1776;3060;5;31/10/2025;Offer live television.
1777;4965;5;13/11/2023;Wonder table such assume democratic space lead.
1778;10593;5;02/07/2025;Special identify spring entire town score.
1779;15030;3;20/10/2024;Summer wife charge article city clearly sort.
1780;4262;4;17/01/2024;My newspaper choose can.
1781;2206;4;24/11/2023;Alone concern eye stuff successful skin.
1782;13958;5;27/04/2024;Determine few should strategy teach agent travel agent.
1783;763;1;12/10/2023;Modern marriage Congress simply attention role like.
1784;6663;4;21/08/2024;Door occur question mother expert into.
1785;9724;5;08/12/2024;Off this claim federal next.
1786;1836;3;21/08/2026;Life somebody others charge move.
1787;9164;1;06/11/2023;Try write respond method.
1788;19746;2;12/08/2024;Arm guess upon center result natural its.
1789;8294;4;26/09/2023;Better true consider war several care condition.
1790;11249;4;02/03/2025;Still enjoy other under available provide.
1791;12200;5;15/03/2026;Food dog medical.
1792;2009;5;23/08/2024;Agent keep imagine campaign least stay of.
1793;10027;2;31/10/2023;Price decide perhaps next century week officer job.
1794;13993;5;15/09/2023;Building movie consumer represent almost.
1795;2075;5;22/04/2024;Feeling woman ability part.
1796;447;1;26/05/2026;Memory personal magazine range debate window.
1797;8278;5;24/08/2024;Item structure national game economic somebody military your.
1798;6272;5;29/10/2023;Worry design call.
1799;8817;4;15/10/2024;Matter shoulder if will light.
1800;13953;5;05/10/2024;Any wife few receive more still adult.
1801;10504;3;15/12/2025;Dinner easy stage edge building think improve.
1802;655;3;19/10/2023;Seven positive full street.
1803;6044;2;18/11/2023;He try though as window media coach.
1804;3103;3;28/05/2025;Care quickly use his maintain move talk.
1805;17165;2;08/08/2025;Near economy become.
1806;15147;4;08/11/2024;Structure out oil memory receive physical down seem.
1807;13769;3;07/01/2025;Expect available left enter.
1808;4281;1;26/07/2025;Business interview affect continue Republican dream.
1809;4729;4;04/05/2025;Think its wind.
1810;10937;1;27/07/2026;Your spring onto affect.
1811;5306;5;12/05/2025;Much late girl almost operation enjoy.
1812;15147;4;27/05/2024;Great usually side soon food service morning.
1813;10026;5;23/05/2024;Gun of without school production become our.
1814;5973;4;16/08/2025;Story church political chance institution.
1815;4358;2;10/11/2025;Half those successful bed light within.
1816;4874;5;21/01/2026;Trouble amount rich out.
1817;9844;4;21/03/2025;Across scene end appear international.
1818;1637;4;15/08/2025;House cut lawyer home recently amount wear standard.
1819;1125;5;16/07/2026;Close difference nation method operation.
1820;3526;5;16/01/2025;Room into later listen.
1821;13217;2;29/07/2024;Interest performance process lose available occur.
1822;19213;4;22/12/2023;Most end memory idea provide black matter.
1823;16573;4;13/05/2025;Knowledge culture bit we.
1824;5469;3;10/03/2026;Newspaper talk morning occur development.
1825;8030;4;21/08/2025;Physical power trip Republican.
1826;12438;3;24/11/2023;Hit fall authority tonight yeah glass current.
1827;9552;5;29/10/2024;Six first fly.
1828;3382;3;17/01/2026;Leave few probably new.
1829;8529;2;23/11/2023;Again maybe often certainly age foot actually.
1830;4516;3;25/02/2024;Analysis point difference increase player boy.
1831;10392;4;26/01/2026;Real land say successful opportunity.
1832;4498;4;29/01/2026;Speech forward arm sign so.
1833;6870;2;23/12/2023;Public listen security number generation.
1834;11690;2;13/06/2024;They without develop area these.
1835;13676;2;19/12/2023;Response eight simple respond modern including draw.
1836;14528;2;24/04/2026;Design rich from garden style.
1837;11618;3;22/10/2024;Draw eye recognize.
1838;16498;4;02/04/2024;Responsibility fall friend decision process draw nor.
1839;3266;5;31/08/2025;Again fire artist.
1840;6632;1;18/12/2024;Specific plant blue art oil hand.
1841;18358;4;27/12/2024;Never least all despite image.
1842;3946;5;20/01/2024;Goal entire type catch future.
1843;4461;4;05/08/2024;Sit moment business heavy picture.
1844;13816;2;23/05/2025;Create interesting hard.
1845;5808;5;23/09/2023;Among almost class.
1846;17328;2;18/06/2026;That worker section.
1847;327;4;11/11/2023;Animal our best attack while approach road base.
1848;10493;1;22/03/2025;Throughout laugh final floor example series.
1849;8064;3;30/12/2023;Visit live growth traditional share tough wonder.
1850;9541;3;08/11/2023;Fear chair sort subject suddenly collection lay.
1851;7277;5;21/01/2025;View occur skill where.
1852;17109;3;23/04/2025;Federal laugh part war network meet night.
1853;10977;3;10/05/2024;Point trade cup.
1854;15030;4;23/09/2025;Reduce senior trade.
1855;11164;1;28/12/2025;Least before determine letter eat total open.
1856;5509;1;05/05/2026;Range lot any example benefit red.
1857;15355;2;21/04/2024;Price morning go cell recent.
1858;1142;4;06/07/2026;Movement view determine member certain phone hit.
1859;17865;1;15/01/2026;Skill dark thus central director.
1860;11329;5;01/06/2024;Rock there deep during animal say high.
1861;4481;3;24/10/2025;Remain difficult east great father Democrat.
1862;8257;2;05/10/2023;Carry record out spring.
1863;16123;3;15/05/2026;Campaign Mrs professional add.
1864;4255;5;12/05/2024;Per PM behind red.
1865;14424;4;17/03/2024;Natural still likely find marriage TV style.
1866;3013;1;04/12/2025;Police base opportunity brother.
1867;16468;2;03/07/2025;Ok speak major relate enjoy sure today.
1868;19965;4;05/12/2023;Or sea article bed mouth today street world.
1869;3013;1;18/05/2026;Happy either understand president represent.
1870;7551;2;09/07/2026;Recent media traditional who town.
1871;18482;1;07/05/2025;Professional run wind property must of partner.
1872;17343;5;10/06/2025;Though enter three firm white.
1873;14515;4;17/09/2024;Have green against like smile gun result worker.
1874;19842;1;05/01/2025;Nature worker how.
1875;11486;1;26/11/2024;End raise provide full activity establish.
1876;12052;4;04/12/2024;Audience toward cover interview.
1877;16621;1;15/04/2026;Thing stand size program.
1878;6116;2;23/06/2026;Fill particularly force program box relate.
1879;1637;3;01/07/2025;Economic account mission wind very three.
1880;1179;2;20/11/2024;New must above only.
1881;18728;3;25/12/2024;Across voice major.
1882;832;2;05/11/2023;Almost develop collection experience.
1883;11961;1;22/06/2024;Whom deep position.
1884;4248;1;20/06/2026;Foreign better wonder detail.
1885;14450;1;12/05/2026;Where detail religious bank.
1886;11083;3;26/12/2024;Project red career whose.
1887;9837;4;11/02/2025;Fast claim dog.
1888;2468;1;13/09/2025;Where choice those firm.
1889;2516;5;14/12/2025;Pay any either another fight.
1890;3000;3;28/10/2025;Market fine whom gun surface number.
1891;19679;2;20/04/2024;Serious require professional ask want see them.
1892;10395;5;23/01/2026;Apply establish about toward whether young right thousand.
1893;1877;3;30/07/2024;Win operation wide air ability stop Congress.
1894;10342;3;20/07/2024;Behavior senior standard education skill.
1895;17128;4;07/10/2024;Week gun up not structure pretty black news.
1896;9122;3;14/11/2024;Say carry chance participant from week make.
1897;16152;2;20/02/2024;Region finish according.
1898;17911;4;01/05/2026;Data pattern stage method.
1899;10683;5;23/07/2026;Size quite fund threat see center.
1900;2943;4;29/11/2023;Policy read many bad enter room.
1901;4543;1;07/07/2025;Affect walk require return almost.
1902;18466;1;17/10/2024;Free night help person.
1903;1068;3;04/02/2026;Stage factor house challenge especially.
1904;13171;2;19/04/2026;Democratic assume opportunity spend note plant.
1905;16038;1;03/08/2026;Out vote number church.
1906;8068;2;04/07/2024;Cover out method position whom buy and first.
1907;18971;2;25/10/2024;Figure after today prevent marriage before great.
1908;9924;2;28/03/2024;Region business deal study capital similar.
1909;18058;1;25/08/2025;By animal necessary have.
1910;9788;2;26/03/2024;Keep style magazine forget.
1911;7823;1;01/09/2025;Pull explain message campaign as concern.
1912;3568;1;10/06/2026;Both environmental add.
1913;18692;1;23/08/2024;Per beautiful left act.
1914;6929;4;01/12/2025;Let this safe start pretty.
1915;17333;3;30/04/2026;Finally paper single statement.
1916;3245;5;21/11/2023;Perhaps maintain act.
1917;8546;2;15/01/2025;Court particularly front father TV raise.
1918;9479;2;22/08/2025;Word drug music house able.
1919;1024;5;10/03/2025;Environmental out exactly place.
1920;11434;4;20/12/2025;Last media box place large fast single government.
1921;13769;4;26/08/2026;Loss study laugh share civil partner population.
1922;16389;4;02/11/2025;Career miss own morning.
1923;2717;4;01/11/2024;Me degree especially southern.
1924;13610;3;18/12/2023;Arm trouble strong of dog interest data.
1925;13935;3;25/08/2025;Main rock education laugh receive early.
1926;9662;5;02/12/2024;Deal would might southern mouth find.
1927;1856;2;28/10/2023;Seven employee enter first more soon.
1928;19283;3;18/08/2025;Onto race tough they him food.
1929;3646;1;24/07/2024;Only sit against over direction father law their.
1930;12406;3;03/05/2024;Large quite allow officer member no their.
1931;511;5;26/07/2025;End group brother past.
1932;4530;1;16/11/2025;Every network move local.
1933;5354;1;18/05/2025;Alone soldier table product.
1934;13254;2;14/06/2024;Exactly night spend may evidence exactly development.
1935;17203;2;25/05/2026;Join debate later.
1936;6144;4;01/05/2026;In must soldier election.
1937;13652;2;16/11/2025;Glass according pull.
1938;6603;4;05/05/2024;Teacher small series adult yet.
1939;8969;2;04/09/2026;Tv particularly prepare soon.
1940;5393;1;13/08/2026;Air from message summer project.
1941;14824;5;09/11/2023;Region Congress here talk maybe better visit carry.
1942;6964;3;13/06/2026;Him small available staff down reveal better.
1943;1639;5;12/04/2024;Others send benefit art agree.
1944;12696;4;12/12/2025;Open plan group.
1945;18696;3;03/10/2025;Nor about reduce feeling writer.
1946;6804;4;13/09/2023;Yes deep part theory mention.
1947;7324;3;02/03/2025;Country although nor official staff upon.
1948;12709;5;29/08/2024;Why third though thus resource.
1949;6058;3;25/11/2024;Stand big real eye citizen another imagine leg.
1950;14606;5;24/02/2026;Goal risk appear step responsibility.
1951;6493;2;16/10/2023;Record role hard base would part.
1952;17382;3;07/03/2024;Former instead represent energy forget factor professional.
1953;4180;3;28/08/2025;Minute bag here data policy level.
1954;10877;4;27/07/2026;Serve plan set away no its program determine.
1955;13128;4;01/07/2025;Exist population these history strategy help myself voice.
1956;3888;1;18/01/2026;Loss change environmental mind.
1957;7263;5;06/01/2026;Environment attention everybody hear common too owner.
1958;13116;4;09/01/2026;He quickly person rock window skin.
1959;2161;1;05/03/2025;Animal first light anyone night court a.
1960;12738;1;20/06/2026;Question usually car probably fine bag eat.
1961;10316;4;23/01/2024;Indicate person national apply building suffer morning network.
1962;18512;4;14/09/2023;Entire indicate it new sell become traditional.
1963;12115;3;19/11/2024;As medical this get base.
1964;1226;5;19/12/2023;Five soldier ok.
1965;709;4;26/06/2026;Blood he affect test certain.
1966;12743;1;21/05/2026;Develop art hope cold.
1967;18081;4;18/09/2023;May while anything happen record performance history.
1968;7387;1;21/03/2024;Sport so own town all low account ago.
1969;1937;4;25/03/2025;Make at environmental white.
1970;18251;1;13/09/2023;Different law western speech peace mention person.
1971;18917;4;07/04/2025;Home those each effect.
1972;6365;3;07/01/2025;About lawyer economy coach truth.
1973;15453;5;01/09/2026;Keep care class claim.
1974;16102;4;15/07/2026;Coach and pattern son anyone staff whether.
1975;14202;1;18/02/2025;Control leave herself individual evening.
1976;3759;5;15/06/2025;Kid fact computer.
1977;14025;4;09/06/2026;Fact ability artist.
1978;11759;5;04/04/2024;I seek huge class.
1979;14654;3;05/07/2025;High range successful chance military.
1980;16866;2;30/11/2024;Vote generation court mission in require.
1981;3921;2;11/01/2024;Simply turn behavior hit view employee wait.
1982;18175;4;29/03/2025;Mind decision bank pattern way performance.
1983;9815;5;29/03/2026;Should institution yourself than worry write.
1984;12783;4;06/11/2024;Hear education daughter smile relationship once common.
1985;6346;4;18/05/2025;Analysis trade theory appear.
1986;3532;5;16/01/2025;Peace new such price purpose two.
1987;5744;4;07/04/2024;Create necessary computer human manage probably man.
1988;12326;1;05/08/2026;Begin since whom hand.
1989;19564;3;28/09/2023;Throughout nation result power then itself own.
1990;489;1;04/06/2025;Food door major worker group including.
1991;2086;3;24/08/2026;Visit we evidence government.
1992;5439;5;24/10/2024;Direction spring art.
1993;404;3;11/10/2024;For though suggest edge work.
1994;17376;1;25/07/2024;Finish prove store local yeah.
1995;16532;5;04/08/2026;International central third.
1996;564;4;18/11/2023;Lawyer provide style total machine prepare.
1997;2718;1;04/05/2024;Say probably strategy do others six.
1998;2698;3;09/01/2024;Father worry bar light.
1999;3;5;02/10/2024;Hear seat certainly something.
2000;7398;4;21/11/2025;Analysis or firm image food.
2001;709;1;12/09/2024;Focus beyond officer.
2002;16271;3;30/10/2023;Behavior cut before instead final.
2003;14301;3;16/02/2025;Few deal summer yard two feel executive.
2004;13026;4;18/03/2025;Feel trouble stay thing.
2005;2056;1;25/11/2023;Reveal industry mean four effort success.
2006;10178;3;21/09/2025;Bring blood record style.
2007;15567;2;23/05/2024;Wear rich a catch ever.
2008;5096;4;14/09/2023;Ready when fall top place throw later.
2009;13405;3;09/03/2025;Air provide color ready per her.
2010;2428;2;19/02/2025;Appear different old growth themselves.
2011;10750;1;12/01/2024;Note total eat city central security paper beautiful.
2012;2409;4;22/11/2023;Yeah development pick enjoy industry.
2013;533;5;21/07/2026;Mind serve necessary middle value travel no.
2014;16491;4;06/02/2026;Another scene word listen song under.
2015;6130;3;09/03/2024;Far bag speak them.
2016;8455;4;05/08/2026;Money lawyer street fire management notice respond believe.
2017;8812;5;06/06/2024;Year investment available great resource.
2018;148;2;17/06/2025;Story where picture game line federal everybody.
2019;4599;4;12/07/2024;Source deep attack behavior.
2020;3145;1;19/11/2023;Scientist discover nature step hour difficult one.
2021;1214;5;30/07/2025;International page expert.
2022;5188;4;11/09/2026;Notice serious product success.
2023;5518;1;13/08/2024;Simple responsibility medical today hair economy.
2024;6584;5;15/01/2026;So interview choice right enter.
2025;8872;4;26/11/2025;Mrs owner six student lay spend.
2026;9834;3;18/08/2024;Write particular mission open.
2027;3916;5;06/05/2025;Level huge through break wall road decide.
2028;5569;2;19/12/2023;Rule wide I enough far.
2029;945;4;30/08/2024;Event painting model message wife case road power.
2030;9945;5;19/05/2025;Force very order blue experience pass.
2031;4979;5;29/10/2023;Number experience natural news manager relationship.
2032;12190;5;11/05/2025;Glass team among direction type serious control style.
2033;11993;1;31/03/2024;Book research argue catch director.
2034;12944;5;13/01/2024;Far total yourself base light season.
2035;19054;4;31/10/2025;Call church bank still Congress put station.
2036;4228;3;09/11/2025;So day nature truth just.
2037;13368;5;23/11/2024;Work together smile enter run partner pressure.
2038;17560;3;11/08/2025;Loss last art since scientist need.
2039;19145;5;14/04/2026;Himself decade stay many development.
2040;6056;1;20/12/2024;Suggest although fear security generation one civil.
2041;10245;1;01/04/2025;Home happen image hit theory fly at.
2042;17285;3;04/04/2025;Western worker main late morning.
2043;513;2;15/02/2025;Authority knowledge sure peace I notice.
2044;325;1;23/06/2026;Wonder citizen central model girl education study.
2045;9690;3;27/04/2026;Good land there what commercial too forget.
2046;11578;5;25/10/2025;Specific participant single catch occur.
2047;16951;2;23/09/2024;Suffer according discussion answer thank whole.
2048;5964;3;19/12/2025;Already force two south role hot life.
2049;9106;1;11/03/2026;Little green in voice hard the.
2050;7858;5;07/11/2025;A eat nice leave.
2051;3935;4;28/09/2023;Author scene various without end center.
2052;5269;2;08/04/2025;Represent us piece street technology work you else.
2053;12229;3;01/11/2023;Sea against draw.
2054;5202;1;13/09/2024;Candidate fact detail big discussion direction body election.
2055;5383;2;06/04/2025;Probably listen management into center case hit.
2056;19978;3;03/08/2024;Group hotel speech crime food.
2057;14602;1;24/10/2025;Number her PM though town.
2058;12516;5;25/04/2026;Position teach strong fine church.
2059;2414;5;08/08/2026;Must who green store health describe significant.
2060;495;2;17/06/2024;Reason political example dream bad.
2061;14618;3;07/05/2026;You decade without always scene stuff record.
2062;10881;4;05/07/2024;Girl describe thousand always.
2063;8877;1;11/02/2024;Chair film you either police administration.
2064;19171;5;04/09/2024;Return similar eye parent indicate.
2065;13581;1;06/05/2024;Concern official prevent allow or.
2066;4865;5;30/05/2024;Pass organization technology high.
2067;274;1;16/02/2024;Baby town woman analysis fight.
2068;14166;4;27/10/2025;Say open gas beyond surface Congress.
2069;3682;3;19/02/2024;Red think rich continue.
2070;9200;1;01/06/2025;Her concern share eight buy.
2071;700;5;05/06/2024;Want work view Congress within effort.
2072;5895;1;05/10/2024;Conference investment late sit visit along.
2073;6839;2;19/07/2024;How seat from life clear.
2074;9312;5;20/11/2024;Finish very agency class box.
2075;19806;4;24/08/2025;Positive best ahead market trouble range.
2076;19969;2;11/06/2026;Alone order front none along pick phone.
2077;19998;1;18/01/2026;Name industry relationship positive nice current reality account.
2078;10735;1;06/11/2025;Career live leave station.
2079;4432;1;18/05/2026;Voice study work school.
2080;11086;2;17/10/2024;List since like level might hot.
2081;109;2;26/07/2024;Step new public manage figure financial I clearly.
2082;8683;5;18/02/2024;Between last impact push art dinner pretty.
2083;19756;3;05/10/2024;Technology majority with.
2084;3778;2;01/09/2025;Final cause people expert before there.
2085;11716;5;05/02/2025;Century doctor area interest opportunity.
2086;7339;1;15/06/2024;Data thing since Republican.
2087;12191;3;28/01/2024;Available sing beautiful.
2088;13758;3;07/06/2025;Series according rich news against wait budget.
2089;13002;5;22/03/2025;Event language watch stay.
2090;18019;2;14/09/2025;Tree single concern agency.
2091;7907;3;10/04/2026;Treatment financial high store pay measure who.
2092;4888;3;22/07/2026;Goal quickly think particular under could.
2093;9638;5;19/12/2025;Necessary make set resource agency out catch her.
2094;14403;2;19/01/2025;Support apply month apply exist tough full.
2095;12055;5;12/09/2025;Pm detail first different.
2096;8975;4;23/11/2023;Exactly somebody foreign information.
2097;2049;5;03/02/2026;Believe serious onto sure individual member.
2098;18388;5;01/05/2024;Mrs cultural prepare agreement force voice wife.
2099;2616;2;05/09/2026;Reach read source lot wonder.
2100;277;5;26/06/2025;Father shake decision near here job.
2101;10720;5;04/06/2026;Home ok add health where.
2102;15793;2;26/12/2024;Seem meet baby cause we.
2103;10497;3;15/01/2024;Draw military yet record maybe.
2104;12717;2;10/01/2025;Religious couple for clearly doctor sister.
2105;16396;3;10/01/2024;Cup much thought oil quality consider.
2106;7208;2;12/03/2026;Structure message deep crime street.
2107;12590;4;07/07/2024;Kid the as south us.
2108;11189;2;29/01/2026;His star human somebody stop reason raise.
2109;11664;2;27/10/2025;Car visit some home color.
2110;6147;3;02/05/2025;Office enough agency.
2111;12066;3;29/08/2025;Crime almost many citizen.
2112;19517;3;04/12/2023;Miss buy dream course.
2113;16282;2;27/09/2025;Security home free public.
2114;19849;2;30/07/2026;Coach job argue senior figure start strong.
2115;17613;2;08/08/2025;Camera deal structure specific might bill very very.
2116;2066;2;11/10/2023;Bad box name his.
2117;19194;5;18/11/2025;Every visit certain coach she student effect.
2118;15092;5;13/02/2024;Expert agency such smile week.
2119;18273;4;20/05/2025;Small actually wonder top.
2120;1058;2;02/03/2024;Total fast drop.
2121;17388;1;17/04/2026;Opportunity war firm attack.
2122;17079;5;30/04/2025;Before see challenge morning market nothing detail.
2123;19984;1;18/05/2024;Finish successful often avoid ever fire.
2124;15702;1;17/12/2025;Field decide rest want campaign.
2125;13881;3;08/12/2024;Light wonder discussion son happen fill hundred.
2126;6610;5;24/11/2025;Soon themselves approach.
2127;15926;5;17/03/2026;Glass let begin in.
2128;19932;3;03/12/2024;Radio build mouth discuss strong.
2129;3249;3;24/09/2024;Investment small concern represent state board.
2130;7796;4;01/08/2026;Decision he almost product war quality serve.
2131;10139;5;08/09/2024;Myself artist just rate enter one model.
2132;15747;2;28/01/2026;Because standard guess.
2133;13602;1;23/10/2025;Later medical throw deep.
2134;13179;2;09/04/2026;Dark green easy head.
2135;2628;5;01/07/2024;Note wall cut house.
2136;9996;3;10/12/2025;Source game security born light hand arrive.
2137;19415;5;05/08/2026;Nearly him be arm safe.
2138;4091;3;15/04/2026;Size every in set stuff.
2139;12105;2;01/06/2024;Well care fear chance bit its hold very.
2140;10204;1;10/04/2024;Imagine employee nothing safe.
2141;14193;2;25/04/2026;Later her relate newspaper.
2142;19050;5;15/05/2024;Wall store seek role many Democrat me.
2143;5665;2;17/04/2026;Thousand right establish color them language rest.
2144;820;3;16/03/2026;Young forget past method clear.
2145;2511;1;23/02/2025;Past determine side mother performance perform.
2146;10191;3;22/11/2024;Teacher conference fact day return.
2147;12437;1;24/09/2024;By top rich through which direction true.
2148;13103;1;20/08/2024;Author large fine.
2149;6478;4;27/08/2025;Large try leg care.
2150;8847;3;17/02/2024;Find front take including during simply compare.
2151;7998;5;02/07/2024;Eye write hear difficult.
2152;1495;4;28/02/2026;Suffer rise source charge.
2153;7171;5;28/06/2025;Community trip account lawyer out individual science tend.
2154;11711;2;27/10/2024;Total number fly most audience young reveal.
2155;16900;4;03/12/2025;Anything at better start.
2156;16702;4;17/07/2024;Sea week model hour director.
2157;19153;5;01/08/2026;Likely wish garden travel.
2158;6119;3;06/10/2023;Room everyone serious technology nation.
2159;16716;4;01/02/2026;Allow himself just modern.
2160;7385;4;18/07/2026;Trial interview need home.
2161;6947;4;05/01/2025;Here investment hope agreement each south lose matter.
2162;8216;3;12/02/2025;Respond price charge positive even especially situation.
2163;15411;1;11/08/2026;Nor those industry president defense.
2164;12967;2;01/07/2024;Where kind series.
2165;12523;2;12/11/2023;Begin create early wear north series few want.
2166;9783;5;12/02/2024;Sea himself mean particular.
2167;12010;1;27/01/2026;Today minute worry mother remember.
2168;17312;1;09/05/2026;Chair couple economic since century instead.
2169;4336;5;02/06/2025;Meet best door might economy car.
2170;11072;5;10/08/2024;Like rule she nor each.
2171;1141;5;04/01/2026;Chance since decision.
2172;12349;1;30/01/2025;Team your environmental increase power her upon direction.
2173;15534;4;16/03/2025;Set happen population spend.
2174;4011;5;10/10/2023;Strong lawyer and talk too apply.
2175;17752;3;13/02/2025;Laugh positive light wear fine majority sit that.
2176;18493;1;27/04/2024;Prepare himself turn else the wait.
2177;14908;4;26/04/2024;Shake which spend hot apply discover film.
2178;19931;2;13/10/2023;Mention film behavior bad choose happen second.
2179;14837;4;25/10/2023;Manage amount walk skin.
2180;11499;5;23/12/2024;Film say season change medical very.
2181;5308;3;15/03/2024;During nature market explain.
2182;8218;3;01/07/2024;Style everything drop trouble quite professional everybody before.
2183;6654;4;11/06/2024;Matter structure dinner prevent beyond trip.
2184;2095;3;18/01/2024;Stop situation cost address another.
2185;1192;4;14/01/2025;Hospital long agency laugh per experience.
2186;6313;5;24/11/2023;Form hard west individual near reflect spring.
2187;16920;4;27/10/2024;Challenge ability friend condition party.
2188;9213;3;09/02/2026;Language myself hold eye leg.
2189;8143;3;28/09/2024;Arrive expert particular.
2190;15665;4;15/01/2026;Arrive art do clear.
2191;8163;3;28/06/2025;Lay to reveal international.
2192;10361;5;01/07/2026;Son attention win politics turn.
2193;4075;3;15/02/2025;Morning case old.
2194;2212;5;17/03/2024;Open animal career population.
2195;15614;3;26/03/2025;Pretty those include year.
2196;502;4;03/09/2025;Walk hard through clear long glass.
2197;9302;5;03/09/2024;Base quickly avoid institution interest western.
2198;3685;3;25/02/2025;Feel south table money central rest.
2199;3862;3;18/06/2026;Mission science every collection.
2200;6700;4;22/07/2026;Site ability accept direction develop employee few.
2201;12400;1;05/07/2024;Low officer every television several.
2202;16174;3;23/07/2026;Civil information notice until.
2203;7840;5;02/10/2023;Support number analysis discover.
2204;12751;1;07/08/2026;Ever put local security according put.
2205;10741;2;17/01/2026;Authority business someone education scientist body.
2206;3614;1;28/04/2024;Process laugh through friend.
2207;9524;4;01/05/2026;Off employee church miss.
2208;422;5;07/10/2024;Late prepare every side almost.
2209;11377;3;02/11/2024;Party serious visit water than fight feeling term.
2210;11670;5;16/08/2026;Stock eight improve.
2211;2318;2;28/04/2024;Firm assume recognize it nor yard mouth.
2212;17656;4;20/11/2023;Give difficult democratic cup go stuff officer environmental.
2213;12325;1;21/02/2025;Woman might by trial attorney deal performance single.
2214;5134;4;20/04/2026;Space young choose poor.
2215;9316;3;23/06/2024;Choose stock week wide recent score open provide.
2216;8225;2;03/09/2026;Treat feeling reason set send.
2217;9321;1;04/03/2024;Debate music end consumer allow imagine.
2218;12557;1;26/11/2025;Be power fire.
2219;12602;4;06/07/2025;Group very make charge light including visit any.
2220;12333;3;10/05/2025;Effect under Mrs really not.
2221;2052;5;08/04/2024;Type social rather type when difference speak.
2222;9892;1;08/08/2025;Claim happy energy property middle evidence protect.
2223;16482;3;10/03/2024;Ahead behind exist reach black next discuss.
2224;6318;1;16/01/2024;Team human specific alone difficult.
2225;2845;4;17/01/2026;Art day place worry term.
2226;17169;5;02/07/2024;Go if him different.
2227;5107;5;19/02/2024;Run surface effect establish ahead hand indicate them.
2228;16663;3;27/07/2026;Both difference little material assume.
2229;17660;5;28/11/2023;Top such song physical matter.
2230;18040;3;14/03/2025;Reduce head significant could next opportunity imagine.
2231;16735;2;30/06/2025;Federal middle race upon.
2232;19925;2;24/05/2024;Child hope change few couple.
2233;3545;3;01/10/2025;Fear themselves behavior perform.
2234;18040;3;05/07/2026;Skill order plant prepare let form.
2235;3528;1;13/08/2025;Work on century allow one.
2236;14867;3;30/09/2023;Better grow lose wear.
2237;3578;2;21/08/2024;Up herself wind much turn fly street.
2238;13579;3;15/09/2025;Audience defense create leader accept work.
2239;10565;5;26/02/2024;Economic black travel wrong hospital think TV.
2240;3728;2;23/10/2024;Thus production wrong.
2241;15107;4;17/10/2024;True specific collection go top.
2242;4133;5;25/06/2024;Culture Democrat green movement age performance.
2243;12083;1;10/10/2024;Begin civil past either phone cause.
2244;8401;5;20/11/2025;Ahead walk from even sense sell try.
2245;3282;1;27/10/2024;However try south idea woman down kind.
2246;16322;1;06/07/2026;Continue amount dinner attack table.
2247;1781;5;13/02/2026;End lay degree artist.
2248;12886;5;05/08/2025;Present parent church quickly similar.
2249;5186;1;12/06/2025;Mention tell fact market.
2250;7591;5;12/02/2025;Attention third until down.
2251;11015;4;01/07/2026;Indicate close major home city forward way crime.
2252;8635;2;02/08/2024;During rock special everyone current.
2253;15863;2;14/06/2025;The simply different already room space.
2254;15034;5;08/08/2026;Stand site doctor capital.
2255;16101;3;23/10/2024;Bring half reflect heart million easy.
2256;15176;4;16/10/2024;Network care exactly back seat meeting.
2257;11856;2;28/04/2024;Structure throw interesting design scene process.
2258;10272;4;14/04/2024;Feeling physical like guy read.
2259;19376;2;22/12/2023;That many like few should interest accept.
2260;17304;4;13/08/2025;Still edge only vote compare religious.
2261;5375;3;16/03/2025;Day now no everyone language use.
2262;12052;3;20/08/2024;Series break fact direction.
2263;10373;5;28/08/2026;Herself similar future responsibility production.
2264;6773;1;27/01/2026;Probably degree his option something concern.
2265;15568;5;13/12/2023;Stand especially inside production.
2266;4444;5;12/08/2025;Buy color physical sometimes peace bag most including.
2267;13856;1;28/05/2025;Improve policy someone.
2268;11580;5;27/06/2025;Relationship behind probably.
2269;8387;5;15/11/2024;Opportunity two seek quickly catch ahead.
2270;10166;4;11/01/2026;Left share nation year reveal consider others really.
2271;3818;3;13/05/2025;Quite bar local school.
2272;1161;1;22/01/2025;People kid research like after treat.
2273;11563;2;15/06/2024;Religious condition plan see office best knowledge.
2274;19804;3;03/06/2025;Effort edge school.
2275;2929;4;21/02/2025;Daughter police fall peace possible along.
2276;5173;1;12/12/2023;Wait open serve where against and but.
2277;1469;3;23/12/2024;Office fear care front within data believe into.
2278;15377;2;12/02/2024;Think place cost prevent cup.
2279;7115;2;06/05/2025;Wife owner prevent clearly future.
2280;6753;2;26/11/2024;Claim management anything look me use.
2281;10486;5;23/09/2024;So approach method although.
2282;3565;2;04/07/2025;Option art guy.
2283;4193;5;19/02/2024;Social matter heart just listen.
2284;12431;2;25/06/2024;Traditional defense short.
2285;19104;3;11/03/2025;Friend leave coach statement walk system.
2286;17115;1;04/06/2026;Body line whole great write.
2287;6796;4;23/03/2024;President just while maybe through.
2288;13708;1;04/12/2025;Culture doctor little full hit.
2289;950;4;15/11/2023;Why lay image view water music energy.
2290;113;3;14/12/2024;Today certain somebody hair something law perhaps.
2291;14222;2;16/06/2024;Position kitchen idea help card able course.
2292;2848;2;21/04/2026;Reach front bill really perform scientist know.
2293;2488;4;01/07/2026;Again reason carry poor themselves.
2294;432;2;31/03/2026;Hair economy nor program consumer ground.
2295;18712;3;13/02/2026;Officer play least too opportunity hot include.
2296;6575;4;31/08/2026;Bad case space compare.
2297;8845;5;03/11/2025;Success feeling require major born term natural.
2298;11959;2;27/02/2025;Hotel me under through feeling.
2299;6553;2;21/07/2026;Father significant order wind camera capital.
2300;151;1;04/04/2026;Could instead hard democratic budget possible activity.
2301;17578;2;08/11/2025;Sort former here show grow.
2302;14597;3;27/11/2023;Protect name hair list own.
2303;8464;5;07/07/2024;Enough staff name order low today fire.
2304;1528;4;22/03/2026;Environment statement politics hand candidate.
2305;3620;3;02/01/2025;Should smile current each upon note think.
2306;17297;1;20/07/2025;Return as every.
2307;700;4;11/05/2024;Pretty subject rise second author.
2308;2286;2;29/08/2024;Offer bank bit way time.
2309;691;4;20/08/2026;Off pay especially begin if about south.
2310;13587;1;14/10/2025;Expect society perform.
2311;9222;2;12/11/2024;Two our under foreign write thousand.
2312;11572;1;01/04/2026;Send political field bag.
2313;10305;3;01/09/2025;Majority weight kid official point general rise.
2314;14514;5;15/03/2024;Would much bit property offer cold tonight.
2315;12660;1;01/07/2024;About shoulder director star purpose once degree.
2316;17878;1;02/02/2025;Thank off part use government hear.
2317;16088;1;07/05/2025;Crime house sure my picture set voice.
2318;2306;3;04/11/2024;Set rule should.
2319;10872;5;04/01/2026;Pm experience approach business.
2320;894;2;14/08/2024;Lay within great easy real side thought.
2321;10106;3;07/08/2024;Bill computer build eat town decision technology.
2322;15522;1;06/11/2023;Industry strong Congress key.
2323;11503;2;28/08/2024;Accept son pay matter.
2324;15917;5;22/06/2026;Hard put couple.
2325;707;1;25/02/2025;Modern over great book maintain.
2326;3238;2;12/03/2025;Cost somebody foreign suddenly success able group.
2327;8025;1;15/07/2026;Matter bank parent your down.
2328;5229;3;27/09/2023;Guess ground partner central whatever lawyer worry.
2329;4278;1;09/06/2025;Enter place arrive hotel usually benefit.
2330;16040;1;17/02/2026;Same alone include color movement.
2331;19492;5;18/08/2025;Mission air nation state simply here city.
2332;862;1;04/03/2026;Take prevent program drop city traditional discover.
2333;16547;5;14/05/2025;The worry hour development especially house low.
2334;9396;3;14/05/2025;Past people step reason.
2335;10983;5;06/03/2026;Trial course reason few.
2336;3884;5;14/07/2024;Impact customer challenge sing.
2337;6577;1;18/12/2025;Everyone about reach factor fund clear husband.
2338;15818;5;16/01/2024;Candidate simple instead cut open chance each.
2339;7534;5;31/07/2024;Modern key party decide.
2340;19906;1;24/09/2025;Business yet nothing culture wall themselves describe.
2341;16891;4;19/04/2026;Road base art determine different.
2342;13348;4;03/02/2025;Event six image card writer difficult prepare.
2343;19425;4;26/05/2025;Decision finally reach describe mother.
2344;1500;3;31/05/2024;Summer anything use little.
2345;13425;1;21/04/2026;Item entire note entire agent society about.
2346;4332;4;18/07/2025;Cause book try.
2347;14556;2;16/11/2024;Officer old defense force indicate officer church sort.
2348;13796;4;15/12/2025;Finish majority continue do down full girl.
2349;733;1;15/05/2025;Become ready some about kind.
2350;11729;4;17/05/2026;Yes become Mrs cost talk reason especially.
2351;7331;5;24/05/2024;Factor leg almost position station less.
2352;698;1;27/07/2025;Not more dinner single name writer best.
2353;6353;4;08/11/2024;Whom likely push purpose where worry.
2354;10978;4;21/02/2024;Child near we those.
2355;908;1;15/03/2026;State performance government get.
2356;18087;2;08/12/2024;Into player game.
2357;19095;3;13/01/2024;Teach movie yard discuss window recent when.
2358;17005;1;29/10/2023;About treat situation much direction finally lead.
2359;8131;2;26/06/2025;Through sea almost company expect far.
2360;14344;3;29/01/2026;Every your maintain movie issue cell toward.
2361;17677;2;12/08/2025;Recognize performance whole less itself.
2362;13429;4;29/08/2026;Whose college watch.
2363;12150;1;30/09/2023;Itself join score surface single.
2364;11391;2;04/11/2023;Medical close cost later hospital.
2365;12210;4;07/09/2025;System already peace late.
2366;19429;4;26/10/2023;Southern from floor near situation attention.
2367;5374;1;17/12/2025;Sign station become do eight trade drive.
2368;609;1;06/03/2024;Contain institution radio research.
2369;2883;5;24/08/2024;Role mean room consumer.
2370;15321;4;19/12/2024;Body firm line player.
2371;2749;3;27/03/2025;He out relationship official.
2372;18225;3;11/12/2025;Color threat really at.
2373;2429;1;09/06/2024;Fill future why begin Mrs.
2374;11498;1;08/01/2026;Last whether large.
2375;9404;2;03/03/2024;Performance usually hundred imagine save nice.
2376;8840;3;08/11/2023;Property consider walk painting.
2377;11745;5;31/05/2026;Begin player evidence far.
2378;11972;5;30/04/2025;Create according common.
2379;7911;1;02/06/2024;Half peace miss image listen.
2380;496;5;02/03/2026;Audience break about add letter move position popular.
2381;13044;5;08/09/2026;Probably appear various.
2382;5855;3;31/05/2024;Fund edge young can opportunity forward important.
2383;1074;2;06/02/2025;State personal technology anyone red.
2384;11343;5;28/09/2024;Eye her price or safe.
2385;15926;2;07/01/2026;Political man soldier piece perform discussion.
2386;2584;1;08/07/2024;Action arrive without look guess discussion.
2387;12903;2;14/03/2024;Ground affect fine.
2388;12375;4;01/12/2024;Now local chair age.
2389;2599;3;11/01/2026;Debate concern analysis class material.
2390;14189;5;22/08/2026;Ground ten history international.
2391;18756;3;02/06/2024;Arrive phone again color ten those establish.
2392;2418;3;26/06/2026;Until Mrs sure bring push risk.
2393;1481;3;16/02/2026;Think require someone fine two available speak.
2394;2491;3;21/08/2025;Space at economy official.
2395;373;2;25/01/2025;Western on television protect certainly wish example among.
2396;9225;2;26/09/2024;Authority design entire notice better particularly fish.
2397;19640;1;26/05/2024;Nation mission find medical know option.
2398;2280;5;09/04/2026;Keep general difficult everything.
2399;2072;5;30/04/2024;Above side issue choose yeah move site.
2400;12646;3;16/03/2024;Debate probably worry.
2401;7059;5;07/06/2025;Character social check himself pressure everyone.
2402;16691;4;13/12/2025;Student training certainly film region inside.
2403;421;4;08/02/2026;Head person career space expert source agent.
2404;18285;1;28/01/2025;Work future next into cut either science.
2405;13109;5;02/12/2025;Account there agent dinner able people environmental.
2406;4186;4;02/02/2025;Seem candidate hard wonder manage.
2407;15342;1;12/01/2025;Wish executive evening white record person unit.
2408;19885;5;09/08/2024;As ball similar have blood partner major.
2409;2791;5;07/01/2024;Alone power usually toward community good concern.
2410;10575;2;11/11/2025;You car try trial upon base minute grow.
2411;1375;2;21/08/2026;Possible partner outside care.
2412;8012;2;10/06/2026;When interesting hot paper authority reality ability.
2413;11115;1;11/04/2025;Dream hear serious nothing fear defense couple.
2414;15453;5;26/07/2026;Skill memory science factor.
2415;1449;5;03/07/2026;Election forget from present create buy.
2416;19252;1;13/11/2023;To few from.
2417;962;2;07/07/2024;Become hit car keep environment price cell.
2418;19627;1;18/03/2024;Couple important everyone.
2419;1750;1;02/05/2026;Young bring trade although identify.
2420;15874;2;09/10/2025;Necessary window hope lead hour key.
2421;11638;4;28/07/2025;Like from would perhaps necessary family.
2422;2195;2;09/01/2025;Behavior in spring current report any campaign.
2423;19230;2;10/09/2026;Religious us medical near reflect firm.
2424;12910;2;29/08/2026;Film player find mention not likely.
2425;19893;5;18/03/2026;Civil how explain may about full fly charge.
2426;12314;5;07/10/2025;Chance now ever free.
2427;19488;3;06/12/2023;May study personal see front well.
2428;15689;4;11/06/2026;Figure sister concern and indicate.
2429;427;5;27/02/2025;Pm his leave voice.
2430;15436;3;30/08/2024;War different carry new ball.
2431;6416;1;03/11/2024;Summer eye imagine five term boy whole.
2432;6347;4;10/08/2024;Very student may also spend any score hear.
2433;4345;1;07/11/2024;Themselves attention court hope class.
2434;3965;3;25/01/2026;Stay every opportunity technology.
2435;9063;2;30/05/2024;Understand minute what never small soldier.
2436;12415;3;13/04/2026;Physical teach senior prepare important.
2437;11444;3;14/06/2026;Red city cover require have.
2438;14849;4;04/01/2026;Figure girl while hot common.
2439;2219;3;28/04/2026;Page speech easy heavy company analysis clearly else.
2440;17200;2;12/04/2025;Test senior history send.
2441;7892;4;07/06/2024;Girl new foot action travel another daughter.
2442;7157;1;04/02/2025;Its myself player.
2443;10885;3;13/10/2025;Sound figure feeling second.
2444;10952;2;29/07/2024;Imagine visit anyone form decide accept maybe.
2445;5166;4;16/11/2024;Per party return able.
2446;146;2;16/12/2025;Side value where heart.
2447;15439;4;06/12/2025;Task any TV process hold evening likely.
2448;11248;3;07/05/2026;Sense along long head.
2449;15042;1;10/12/2024;Girl art structure treatment thus benefit.
2450;8400;2;06/01/2024;Between author magazine billion price physical.
2451;3534;1;19/04/2026;Provide environment oil action return father.
2452;17979;1;09/09/2024;Party charge think message possible line summer million.
2453;6022;5;06/09/2024;Difficult bed measure artist for knowledge through.
2454;3351;3;07/04/2026;Act past both stage.
2455;18330;1;06/08/2026;Population training easy institution.
2456;13535;2;13/07/2026;Husband receive visit.
2457;2211;3;16/01/2024;Smile hold staff painting set condition well.
2458;7878;5;05/06/2026;Out total tough picture account consider.
2459;3000;3;01/07/2025;Interest arrive hot war later sound so.
2460;10333;3;08/11/2024;With generation represent sit per hotel goal idea.
2461;2708;1;30/12/2023;Accept worry us board could.
2462;8628;2;10/05/2026;Against low home resource.
2463;2901;1;19/09/2024;International decision guess outside dinner factor.
2464;14296;5;13/11/2023;Include two clear former.
2465;8158;3;27/11/2025;Statement eight bit.
2466;10612;1;17/04/2026;Blood bed team herself describe soldier.
2467;12382;5;18/09/2024;Finish factor great enjoy mind add.
2468;8137;5;15/05/2026;Next point thousand power movie.
2469;3885;3;29/10/2023;Process building what amount place personal.
2470;9111;5;26/02/2025;Likely outside nice performance break.
2471;19370;1;10/02/2024;Particularly body allow class blood to.
2472;5469;3;15/12/2025;Minute president foreign.
2473;12065;2;19/03/2024;Safe few charge them experience structure.
2474;6484;2;18/03/2025;Test arrive gas really sometimes difference stuff.
2475;5001;2;30/03/2026;Not partner word summer.
2476;11594;1;14/03/2024;Southern hotel begin response.
2477;12040;1;04/07/2026;Music course on she she.
2478;16657;4;21/09/2025;Election matter card if heavy involve rich.
2479;6819;1;01/12/2023;Heart rock federal our figure local.
2480;10895;3;24/09/2023;Class point say deep.
2481;17038;3;21/08/2025;Land than forward put deal in.
2482;1634;1;02/12/2023;Candidate model model.
2483;12126;3;10/07/2024;Mission true ever management them product than fill.
2484;19035;2;01/10/2023;Democrat nor memory.
2485;3054;2;16/08/2025;Country evidence decision clear.
2486;11462;4;12/06/2026;Short short teacher read campaign night social claim.
2487;2205;2;01/10/2025;Mrs few question note.
2488;16811;1;15/09/2024;Only rather where area town environmental check economic.
2489;10448;5;09/03/2026;Week sport reduce successful employee seven soon.
2490;18523;3;30/08/2025;Military before too central cell appear dark ability.
2491;12004;1;18/06/2024;Audience up imagine stop particularly others.
2492;18625;3;15/10/2023;Street let door certainly yourself stay.
2493;5611;4;14/06/2025;Speech because star deal apply approach yard reduce.
2494;6300;4;30/03/2026;History break behind choice their reveal statement.
2495;16948;1;27/04/2024;Trial customer him unit.
2496;14698;5;14/09/2024;Prepare cut fish into business south.
2497;10386;2;03/03/2025;Be able once.
2498;6306;2;06/02/2026;Perform drop sing similar.
2499;3357;2;30/10/2024;Region laugh another nothing discussion.
2500;18826;4;20/07/2026;Their picture financial major sit management lose.
2501;11691;3;25/03/2026;Return part mother see.
2502;8410;5;18/02/2024;Indicate yourself interest plant.
2503;7660;4;21/04/2025;Serve down news.
2504;4715;3;18/02/2024;Only none soldier war allow create understand.
2505;4158;1;03/06/2024;Without truth across amount.
2506;9855;5;07/12/2023;Candidate grow spend pattern focus beyond activity during.
2507;9800;4;19/12/2025;Next dog include wonder old include control director.
2508;6516;2;29/07/2025;Left design movement hair section.
2509;12739;1;22/12/2025;Listen letter but ago store.
2510;8002;2;25/02/2024;Cultural technology area president law your.
2511;18558;5;01/11/2023;School point include management account for.
2512;2173;4;30/01/2025;Really example reach rule where.
2513;15059;4;12/02/2024;Attack she the will without.
2514;8582;5;09/01/2026;Pretty former Democrat product small agreement Mr.
2515;17357;3;04/09/2026;Ground control big assume.
2516;12125;5;13/12/2023;Food visit entire available.
2517;10550;2;15/07/2026;Moment standard event particularly.
2518;17853;3;08/02/2026;According test crime know.
2519;19615;1;22/07/2024;Television remember heart material executive million her.
2520;10287;3;01/06/2025;College fire teach enjoy.
2521;19564;3;01/07/2025;Finally speak better wear peace event national.
2522;15537;1;14/03/2026;Peace daughter member contain old.
2523;15802;1;27/04/2025;Activity between economic eat.
2524;10950;4;27/03/2024;Home rather realize lay ball.
2525;17393;5;01/03/2024;Quickly note boy whom store board pay.
2526;18091;3;25/09/2023;Option relationship economy seat themselves bed.
2527;3680;5;16/05/2025;Inside that product employee from the candidate.
2528;17303;1;18/06/2025;Civil treatment marriage election avoid.
2529;12958;5;10/09/2024;I rate cell tend our.
2530;19372;1;16/09/2024;Arm better happen production.
2531;18526;4;09/02/2026;Democrat to serious food stop.
2532;16167;5;02/08/2026;Drop into morning test.
2533;3544;1;23/12/2025;Court another he.
2534;5392;1;30/07/2025;Tough fast easy campaign might.
2535;11459;5;05/10/2023;Indicate pressure its relate.
2536;17635;4;28/05/2026;Box hit along.
2537;4165;2;30/03/2024;Coach not produce bed most.
2538;2618;2;13/10/2025;Although worry energy.
2539;11511;1;30/03/2024;Similar behind because face none.
2540;1706;2;28/01/2024;Commercial child bill.
2541;15404;1;26/05/2024;Special none trial fast provide treatment.
2542;11830;2;05/07/2025;Just position ball me fly reach right.
2543;8309;3;26/06/2026;Reduce drug south open see treatment success.
2544;808;4;07/05/2026;Security source wait future create actually ready.
2545;13505;5;01/11/2023;Make standard big model store then.
2546;4638;2;03/06/2026;Hard common say right.
2547;13676;4;29/01/2026;Will research water become while space add by.
2548;3372;4;13/04/2026;Away author at.
2549;18525;4;27/11/2024;Process interview real but state.
2550;10267;5;19/06/2026;Take art degree from then.
2551;9419;4;14/08/2026;Seven west laugh dinner summer here activity.
2552;2202;2;06/08/2025;Partner doctor military always message film news scientist.
2553;18945;3;28/04/2024;Other modern major heart up between news.
2554;18408;4;23/04/2026;Everybody use movement through subject economic.
2555;17618;3;02/01/2025;Arrive fine book building each thus likely.
2556;12712;5;12/06/2025;Buy of matter amount.
2557;5173;4;04/02/2024;Job page wall usually.
2558;9269;5;20/04/2024;Blood form program.
2559;11058;3;18/10/2025;Still production he impact board.
2560;7417;1;24/08/2025;Land general role.
2561;10601;5;08/05/2026;Computer foot popular public cell against argue.
2562;2721;1;05/08/2026;Stand share single front time dog today.
2563;13170;3;07/09/2024;So plant ok minute set community.
2564;18047;5;01/09/2024;Learn focus I charge organization how issue.
2565;15519;3;16/12/2024;Speak strong radio big.
2566;17640;5;21/12/2024;Person various garden generation theory reveal.
2567;2642;1;07/04/2026;Plant question sing court sit financial bank.
2568;14916;5;11/07/2025;Give spring far choice attention.
2569;1837;1;14/09/2023;Enter off world so call team.
2570;8760;2;11/07/2026;Smile partner can goal buy person clear.
2571;5710;1;08/06/2025;Goal hot local certainly.
2572;18129;3;19/03/2024;These daughter thus others.
2573;13672;2;04/12/2023;Language because coach reflect kitchen wrong trade pattern.
2574;14748;4;20/03/2026;Information medical quickly understand talk.
2575;10075;3;06/02/2025;Treatment site let parent their.
2576;15508;3;23/02/2026;Local line knowledge statement out analysis left price.
2577;3260;4;10/01/2024;Instead together wide however common entire.
2578;12427;2;08/05/2026;Term claim owner support including.
2579;19543;3;13/02/2024;City best only perform current wait serious majority.
2580;13272;5;06/07/2026;Operation personal employee over in institution rather.
2581;17228;2;12/11/2025;Art world address behavior clearly.
2582;18527;1;17/07/2024;Second page movie majority thing help two.
2583;1016;2;10/12/2025;Behind author according man white.
2584;7358;1;10/08/2026;Bag something product father everything enjoy wonder.
2585;371;1;26/03/2026;Mean particular he.
2586;9699;2;08/03/2026;Have prepare behavior unit south.
2587;15742;2;12/04/2025;Everyone safe show part reflect read as.
2588;889;2;28/02/2024;Black decision enter boy list fly.
2589;19117;2;08/12/2023;Generation set picture away charge process order.
2590;17141;2;20/02/2026;Break nothing hour the learn.
2591;6917;5;16/10/2025;Find probably growth.
2592;11985;1;18/02/2025;Sure tough trouble learn trouble rich.
2593;253;3;21/09/2023;Moment expert never offer.
2594;14035;4;27/02/2025;Note contain himself radio act.
2595;16400;2;16/01/2025;Product support quality language all.
2596;2407;5;20/01/2026;Yourself wait south per catch total event dog.
2597;11097;4;02/08/2024;Partner degree plant score positive language street.
2598;9545;3;01/04/2026;Environment build thought whole.
2599;15056;4;05/05/2026;Occur make bag cultural notice president throughout.
2600;6806;1;06/10/2023;Policy wall Mr theory summer song general.
2601;1997;3;01/10/2024;Involve candidate Republican drug your.
2602;12642;3;14/09/2024;Way space same who.
2603;3787;3;23/03/2024;Half door fact argue.
2604;7920;4;27/06/2026;Without civil television pattern product feel including.
2605;6020;4;14/03/2026;Face property story interest notice way.
2606;19160;4;13/11/2025;Say program leader at name break discussion could.
2607;6928;4;11/12/2024;Nothing quality citizen family event clearly treatment.
2608;19450;1;01/11/2025;Protect think big page value audience.
2609;14046;1;02/05/2026;Learn some respond unit official apply.
2610;14339;2;12/03/2026;Board clear quite finish increase physical bag.
2611;3657;1;02/09/2024;Recognize statement significant them bar.
2612;18913;5;30/09/2025;Language discover must prove.
2613;18912;4;09/03/2024;Either down north read dark.
2614;1910;4;07/07/2024;Large central consider voice.
2615;12027;1;07/01/2024;Activity prevent kid business page.
2616;15496;4;19/04/2024;Also road Mr score red ask.
2617;6538;1;07/10/2025;Get simple laugh data our.
2618;1464;2;17/07/2025;Doctor share team nature upon.
2619;14002;3;09/03/2026;Everyone out left us your.
2620;19409;3;24/08/2025;Herself music interest happen common use group.
2621;3206;3;02/01/2025;International site few participant modern dark shoulder.
2622;11831;5;12/10/2024;Color though rich accept base.
2623;11841;2;06/09/2025;Sort story music bill sell late.
2624;2007;2;21/03/2026;Media show whether detail natural.
2625;17373;3;03/11/2024;Pick his resource fall reach.
2626;16362;5;28/01/2024;Four commercial anything page.
2627;2131;2;07/11/2024;Through down sign.
2628;11497;3;22/07/2025;Read seek writer price.
2629;3110;1;08/12/2025;Work than sound course.
2630;593;4;31/12/2025;Price attention bank about force might trip.
2631;8661;5;28/10/2025;Seat mean item add.
2632;3373;4;15/08/2026;Could phone fish data hand war.
2633;10253;1;02/04/2026;Make person yet shoulder weight.
2634;2097;4;07/08/2024;Blood himself huge scene.
2635;13162;4;24/10/2023;Official idea law chair continue firm true.
2636;13091;4;06/11/2024;Want crime one yard prepare cause character.
2637;4223;3;08/10/2024;Behind sure color help eat event view.
2638;9293;2;15/09/2025;Age situation listen model speech.
2639;14038;1;16/01/2025;Detail head camera skin force special.
2640;8396;3;10/10/2025;Either culture light air.
2641;2888;2;03/02/2025;Charge defense those rule minute value fly.
2642;15714;1;10/04/2024;Treat weight yourself American now notice human down.
2643;6708;1;26/05/2026;Left that week natural behind increase peace.
2644;7032;3;30/06/2025;Nor church yourself doctor Congress ok somebody.
2645;10933;3;15/01/2025;See meeting son design here.
2646;19085;2;29/08/2025;Majority upon age energy hand wonder.
2647;15388;2;24/10/2023;Hour raise charge figure.
2648;3877;5;16/08/2024;As business seven business bring.
2649;16126;1;27/06/2024;Among wind per happy plant board because.
2650;16047;1;10/04/2025;Tough employee radio represent gas summer term.
2651;16552;3;11/10/2023;Summer ball experience computer cost suffer.
2652;7274;5;25/02/2025;Food time scientist huge address help might sign.
2653;13454;3;06/02/2026;Job six rock building service.
2654;16687;1;02/11/2023;Head phone pick rather let section father first.
2655;18492;1;29/05/2026;Today together from democratic development.
2656;16162;2;02/09/2025;Cut remember debate control new.
2657;15436;4;24/09/2024;Magazine pattern star model become today.
2658;19319;2;13/11/2024;Raise impact later kitchen class.
2659;14603;3;02/01/2025;Outside assume certain sense save son dark plant.
2660;7701;5;02/09/2025;Share experience upon radio investment result impact.
2661;9184;2;18/06/2026;Nice answer magazine mention.
2662;15537;1;07/04/2024;Concern go street imagine trade.
2663;14625;3;08/01/2024;Certain because again sort.
2664;3678;3;30/11/2025;Later huge establish party.
2665;11984;4;28/06/2024;Production book theory half.
2666;13904;1;05/12/2023;Enter between mean article future cell white group.
2667;6725;5;03/09/2025;Environmental central laugh four same resource.
2668;9019;5;08/10/2024;International generation current miss rich speak lead.
2669;16948;1;21/03/2024;Article concern reveal buy support I.
2670;17202;3;13/03/2024;Free eight begin six market base.
2671;3394;3;25/09/2024;Today child chair admit term education.
2672;6270;2;07/11/2025;Movement attorney factor add.
2673;5095;4;13/05/2026;Address same economic glass author resource.
2674;19321;5;17/08/2025;Stock attack society rather.
2675;3200;3;16/02/2024;Clear should event next maybe.
2676;13821;4;12/08/2026;Reality but list west.
2677;9137;2;08/11/2024;Discussion toward plan relationship per agent business threat.
2678;15736;5;06/09/2024;Increase to develop young treatment tell sister.
2679;8440;3;20/08/2026;Financial room child six eight little weight.
2680;2959;1;11/05/2024;Air newspaper station note occur.
2681;11213;2;19/11/2025;Push rise doctor nation remain.
2682;13368;2;25/04/2024;Marriage behind foot just.
2683;10188;2;10/02/2024;Traditional according court result picture often age.
2684;178;4;29/05/2024;Give right what near hand political.
2685;3344;3;24/12/2024;East entire bad particularly.
2686;15192;5;02/07/2026;Executive available ten win for smile.
2687;7270;1;27/10/2024;Product poor finally include strong easy.
2688;7809;4;03/04/2026;Character reality practice model remember pretty.
2689;19078;3;28/05/2025;Product give money on medical big.
2690;6234;5;01/05/2025;Add cost attorney daughter herself.
2691;19704;2;12/02/2025;Morning state herself difference between fast let.
2692;10220;4;13/03/2026;Reflect official professor receive approach.
2693;10762;1;11/07/2026;Along citizen ok affect travel not hospital.
2694;19415;4;16/01/2025;Shake court tonight down.
2695;1818;3;08/10/2024;Clearly reflect easy trade green stand experience air.
2696;12461;1;13/10/2024;Two in red media discover future shake.
2697;9940;1;08/12/2024;Real several fear maybe election.
2698;11129;4;15/07/2026;Risk go cut alone.
2699;18822;3;28/08/2025;President end learn true person listen develop.
2700;17066;2;30/09/2025;Majority collection next.
2701;3610;1;09/07/2024;Mean strong until enjoy sound together theory.
2702;10596;4;12/02/2026;Country both professional voice month never top.
2703;2438;2;22/02/2025;Character clearly police huge news east five.
2704;3052;1;20/03/2025;Show live next approach agency garden result.
2705;3337;4;17/06/2026;Soldier join idea yet vote born door.
2706;2922;2;12/03/2024;Standard strong leader reduce.
2707;889;1;23/11/2024;Fact prepare address rich fund hundred general.
2708;10129;4;09/07/2025;Tax many stop present federal ten.
2709;12547;2;05/07/2025;Simple suddenly study on until.
2710;3556;2;17/05/2024;Keep weight really hour player.
2711;8644;3;17/07/2025;Dinner skin describe themselves.
2712;5509;1;13/02/2024;Style method hope identify.
2713;299;3;11/06/2025;Build rest might ten well over final.
2714;7809;4;27/01/2026;Give car agent tree entire.
2715;5402;3;20/06/2026;Figure nearly mean by enough early trouble carry.
2716;16116;2;26/08/2024;Any week true special those agree shoulder.
2717;19310;3;07/05/2026;Fish agent type industry we.
2718;10205;5;04/05/2024;Small gun someone.
2719;19775;2;11/10/2025;Certainly turn could similar.
2720;11488;2;14/06/2024;Election hotel size quickly information bar opportunity.
2721;16340;2;14/09/2024;Myself trip we walk size company car act.
2722;6350;1;10/04/2025;Live reduce like level always near whom.
2723;1636;1;30/10/2023;Long front soon respond.
2724;15064;1;18/05/2026;Special probably your us could.
2725;9951;4;30/04/2025;Democratic chair must.
2726;15597;1;09/10/2025;Body that life hit east.
2727;7538;5;09/09/2025;She truth where three character.
2728;8726;1;06/12/2023;Discussion firm daughter shoulder glass organization small whatever.
2729;6422;3;29/06/2025;Prove beyond leader allow.
2730;18850;3;07/11/2023;Expert him for minute practice.
2731;11146;1;01/01/2026;Remain each everyone prove then.
2732;253;1;29/03/2024;Bit produce probably difficult close matter radio move.
2733;3211;1;16/01/2025;Level watch blood job consumer church six.
2734;12474;2;25/08/2024;History sometimes share executive only between piece.
2735;2437;4;25/03/2026;Can through fire responsibility.
2736;14283;2;12/05/2026;Fire story recent they sister face far.
2737;5622;3;04/02/2026;Floor these beyond reveal huge inside social.
2738;6589;2;02/09/2024;Born culture example white teach blood any.
2739;17878;4;09/09/2024;Eight more however must.
2740;4614;5;23/10/2024;Ground ask school husband each.
2741;19589;2;03/10/2024;Sign must almost seat guess Democrat city.
2742;12732;5;09/03/2024;Quite people beautiful material work area.
2743;11814;1;09/08/2026;Clear find have bit spring service require.
2744;5388;1;07/07/2026;Ok then major hair above.
2745;10124;4;19/04/2025;Become put share.
2746;18054;2;15/11/2025;Gun hope establish.
2747;7578;3;13/12/2023;Right his your four make entire recognize.
2748;5298;2;20/11/2025;Force sport think admit brother air throw little.
2749;7031;3;08/12/2023;Back Democrat marriage know explain.
2750;7148;1;23/03/2025;Voice former item agree staff.
2751;13294;4;20/02/2026;Entire grow message prove man easy deep.
2752;13271;1;29/10/2024;No prepare view agree worker little.
2753;5907;4;13/11/2023;Industry grow field government position billion else.
2754;411;4;28/06/2026;Find management section above ahead pass data.
2755;9837;4;30/09/2023;Real drug college create society age dinner.
2756;10538;5;14/01/2025;Plant radio source couple song.
2757;12704;5;19/10/2025;Reason leave owner pull size.
2758;16318;1;29/12/2025;Idea or keep all.
2759;13086;1;19/08/2024;I father see about contain race man.
2760;18554;3;05/09/2026;Relationship hear whom late shake.
2761;4832;2;06/01/2026;Huge consumer scientist space.
2762;804;5;06/08/2024;Even morning wait concern day.
2763;4840;1;25/03/2024;Force pass culture huge check company.
2764;18995;2;30/11/2025;Detail available pick field but.
2765;13591;2;14/03/2026;I letter half same.
2766;11411;2;27/11/2024;Camera method behavior TV join.
2767;9344;3;16/01/2026;When per threat mean finish debate voice.
2768;13960;2;27/08/2025;Case million spring authority brother draw couple kitchen.
2769;3108;4;29/01/2025;Else push range capital economic scene.
2770;2076;5;22/02/2026;Consumer board study coach consumer.
2771;9456;1;30/11/2025;Really anything important floor.
2772;19613;1;19/03/2024;Newspaper such future identify candidate.
2773;7976;3;30/08/2025;Day military task garden than learn alone.
2774;2801;3;17/09/2025;Movement decide six good.
2775;19283;3;22/08/2025;Avoid development list upon one.
2776;10758;1;25/04/2024;Lead fact when feeling day.
2777;5893;2;17/05/2024;Rock its even record pressure.
2778;3448;5;09/04/2024;Often bill we.
2779;15050;4;13/07/2025;Brother physical throw season staff another.
2780;19856;1;01/08/2025;Close soon summer cut sign have.
2781;12344;5;07/03/2025;Down tree I some able floor real.
2782;5698;4;30/05/2024;Door environmental he none the put soldier.
2783;15543;3;17/05/2024;Enjoy vote eight over Democrat individual source.
2784;14242;4;31/05/2026;Fine knowledge quite anyone author.
2785;3805;4;06/05/2026;Social notice music know.
2786;14892;3;06/03/2025;Hair reach strong alone sing live pretty.
2787;8217;2;05/04/2024;Enter degree rather economy doctor international.
2788;16429;4;28/02/2025;Which friend official arm.
2789;18759;1;13/01/2024;Help voice while policy family indicate.
2790;19718;1;26/06/2024;Government total indicate just drive television.
2791;6507;2;02/05/2025;Little school require despite generation night.
2792;5429;3;09/07/2024;Create available their industry American wish information.
2793;6576;4;10/09/2025;Behind development water president man.
2794;8508;4;03/01/2026;Remember condition throw believe.
2795;16962;2;14/02/2024;Along especially church listen morning threat run.
2796;12078;5;03/06/2024;Watch music difference level join fine choose.
2797;4452;5;31/01/2025;Structure agency fish.
2798;13299;4;03/01/2025;Heavy nature or if short per prepare.
2799;19144;1;05/03/2025;Society newspaper course.
2800;2102;4;30/03/2026;Great as director race.
2801;11305;4;23/12/2025;How large difficult perform response story painting.
2802;17804;2;24/07/2024;Discussion only know security marriage politics.
2803;6151;4;30/05/2025;Big process hope grow.
2804;298;5;04/05/2026;Maintain less put.
2805;9760;3;05/11/2025;Foot difficult conference simple upon.
2806;8551;4;12/12/2024;Practice decision class current gun government.
2807;1499;4;10/07/2024;Decision safe school fact end certainly decade since.
2808;828;1;21/06/2025;Method spring beautiful everything.
2809;10280;1;29/08/2024;Miss white available stuff.
2810;1027;1;21/08/2025;Likely even impact sure beyond.
2811;10610;4;09/01/2025;Oil current owner.
2812;2957;5;18/07/2024;Power will tree agency.
2813;17240;5;13/08/2024;Simply go whom benefit.
2814;11679;5;10/05/2024;Southern relationship southern under hit moment available assume.
2815;11230;2;21/04/2026;Present system ball recognize help possible whatever.
2816;17944;4;27/11/2024;Last future everything site example bed.
2817;12044;2;14/01/2026;Read must true.
2818;13624;4;23/12/2025;Event herself between accept water budget cell you.
2819;11047;1;20/12/2024;Fact tree artist simply.
2820;9582;5;16/10/2024;Technology walk parent trouble understand far car.
2821;4131;4;28/02/2024;Kid international forward.
2822;19399;1;26/11/2023;Support lay west prepare five standard either.
2823;15802;5;02/12/2025;To behind difficult soon matter.
2824;17840;4;02/11/2025;Instead interview service almost card.
2825;6439;2;01/07/2025;Discover save participant single cover.
2826;2485;5;06/10/2024;Red any same.
2827;6804;4;17/06/2025;Night throughout born language wonder make.
2828;11331;4;04/05/2024;Note movie himself one ask.
2829;5436;5;29/05/2025;Analysis even state.
2830;1050;5;09/08/2024;Again site quickly college western about.
2831;14262;5;12/11/2025;Similar even foot leave crime citizen two particularly.
2832;2981;1;06/07/2024;Occur story not including majority guy same.
2833;17809;4;16/02/2026;Able he though early color provide.
2834;14052;5;05/03/2025;Budget wall glass.
2835;16942;4;26/02/2025;Start our no daughter information.
2836;14356;2;13/04/2024;Mean peace young reality choice.
2837;18205;2;19/01/2024;Single great now firm real.
2838;5916;2;08/12/2023;Week meeting determine responsibility.
2839;14789;5;25/03/2024;Oil young indicate reduce security.
2840;9295;2;25/01/2025;Natural anyone out partner rate party too.
2841;18773;2;30/03/2026;Suddenly financial foreign there effect building could.
2842;2763;2;25/04/2024;Your single step no eat.
2843;12430;5;26/10/2023;Economy water sell position shake guy.
2844;13423;4;30/03/2026;View right take arm air tend.
2845;7167;4;06/01/2026;Past western white drive leader office this.
2846;7802;4;25/01/2024;Behavior marriage example miss north answer range lay.
2847;995;5;23/04/2025;Throughout north side.
2848;10895;1;19/02/2025;Thousand defense hour.
2849;3070;3;17/02/2026;Seek tonight have line cover win.
2850;9561;2;07/01/2026;Pressure instead day material study official remember.
2851;18390;3;10/02/2025;Standard husband it never nice short pretty.
2852;4708;4;11/07/2025;Beautiful look network wish.
2853;16978;4;16/04/2026;Skin radio agreement major.
2854;3886;2;17/06/2024;Big term open just happen claim scientist.
2855;3936;2;26/04/2025;Believe couple a series collection card.
2856;13658;3;14/04/2026;Follow leave respond federal onto if.
2857;5680;4;30/12/2024;Describe us ready fall.
2858;14252;1;02/10/2024;Child couple option Republican.
2859;10412;3;13/03/2024;Available sure person forward down night within herself.
2860;1351;5;09/11/2024;Season current ability.
2861;9802;3;06/05/2026;Program them customer.
2862;1696;5;08/01/2026;Music drug seek pull child.
2863;15884;4;08/07/2025;Hear year detail everybody week.
2864;25;5;03/10/2023;Eight degree business collection effort country economy game.
2865;10926;3;06/02/2025;Task everything all organization investment.
2866;5785;3;20/10/2024;Movement star us behind law point officer.
2867;2991;1;20/11/2024;Law dark notice strong girl maintain question detail.
2868;6786;1;11/08/2024;Safe just part off.
2869;11946;5;04/06/2025;Performance science question realize sound risk history.
2870;3733;4;04/03/2026;No act animal entire other stock.
2871;8124;3;22/09/2024;The animal onto writer from.
2872;16981;4;26/05/2024;Region single particular mouth building until head however.
2873;1213;2;03/01/2025;Center professor eye ever think few.
2874;8374;3;11/05/2024;Generation question none probably include upon.
2875;11045;3;29/05/2026;Decade piece guess over address necessary program.
2876;7399;3;21/05/2026;Letter federal young.
2877;8019;5;28/02/2025;Light type rise identify product begin.
2878;10951;1;19/07/2025;Ability office cut area risk white yourself.
2879;11088;3;27/07/2025;Paper respond yard firm full.
2880;4850;2;22/08/2026;Bad property magazine.
2881;19809;3;01/02/2024;Consider adult also risk cold eight.
2882;17223;3;11/03/2025;Trouble instead visit someone peace marriage.
2883;9688;1;13/12/2025;Section contain bring attorney.
2884;9702;4;21/02/2025;Son itself say vote.
2885;16302;2;23/09/2024;Fine every guy check score PM or very.
2886;19831;1;04/08/2026;Instead type hospital everyone.
2887;3231;1;08/07/2025;And peace all plant.
2888;9807;3;14/03/2025;Avoid skill community relate top.
2889;11145;4;30/05/2026;Notice only late account.
2890;14029;2;03/06/2025;Style sign partner meeting position media mind.
2891;5305;2;28/07/2026;Establish sport vote since.
2892;16645;1;16/05/2025;Assume low analysis try century.
2893;15911;1;02/11/2025;Describe manager car change memory message poor.
2894;7461;5;06/01/2025;Establish per newspaper interest majority sometimes benefit program.
2895;5015;2;03/01/2026;Real management audience discussion.
2896;7796;5;07/11/2023;Suffer still step.
2897;16370;3;19/06/2024;Western treatment difference local think could put.
2898;4661;3;09/05/2024;Away draw continue several involve section.
2899;2594;4;20/04/2024;Professional run car foreign.
2900;1965;1;08/12/2025;Order politics traditional identify.
2901;12031;4;08/09/2024;Score election one guy.
2902;15311;1;10/02/2025;Mission each yourself let perhaps technology white.
2903;14773;5;27/01/2025;Rise goal summer early.
2904;16826;2;16/03/2025;Generation serious commercial never computer another.
2905;17266;3;13/08/2024;Decision bar argue lose model style rock.
2906;5670;3;28/02/2025;Fact our occur fill certainly indicate standard throw.
2907;17817;3;31/05/2025;Among such character history at responsibility environment out.
2908;12492;4;24/07/2026;Yeah technology enter.
2909;4437;4;27/03/2026;Expect hope area report north else.
2910;10953;2;29/10/2024;Loss store bill there.
2911;18423;3;29/10/2025;Subject evidence even performance character.
2912;3355;2;18/01/2025;Its reduce focus serve chance put.
2913;12071;1;03/01/2024;Add majority career.
2914;10621;5;02/10/2024;War every kid country.
2915;2644;2;11/12/2024;Pattern any sense feel fact real woman home.
2916;2930;4;30/01/2025;Nearly add century should movie floor.
2917;10337;3;13/07/2024;Field strategy fast.
2918;13242;1;04/05/2026;Generation let discuss should answer.
2919;9732;3;26/06/2025;Likely feeling pass standard decision.
2920;6741;5;16/09/2025;Cultural old line any.
2921;15888;1;10/09/2024;City think he above as also method.
2922;440;2;11/04/2025;Card certain happy organization world.
2923;6886;4;17/01/2024;Very boy order wife.
2924;9519;1;11/02/2024;Coach cut speech tax really ago.
2925;3412;5;09/08/2025;Wait draw fire especially.
2926;4685;3;24/09/2025;Authority into cold I.
2927;19883;4;20/07/2025;Into fear benefit practice summer close.
2928;743;2;19/07/2025;Hard nation think table vote room cultural.
2929;19239;2;30/08/2026;Together already other.
2930;4621;4;10/09/2026;We new study.
2931;11620;1;22/09/2024;Especially can executive individual simple.
2932;1458;2;22/12/2025;Sea expect your should.
2933;7473;4;10/02/2025;Too rather important better.
2934;14284;3;14/06/2024;Bill way off free.
2935;12315;4;26/11/2025;Wide billion take affect.
2936;14597;5;28/02/2026;Crime boy strong rather not.
2937;17182;1;23/05/2026;See sea light financial other.
2938;2121;3;17/06/2025;Piece organization factor adult hand successful order.
2939;16703;5;28/05/2024;Building catch nor message no mother authority.
2940;11443;5;14/07/2025;Too second window financial trial professor training.
2941;12819;5;03/10/2023;Remain son call.
2942;8306;4;24/10/2025;Improve perhaps great pattern.
2943;15251;1;31/07/2026;City back grow especially yard matter treatment.
2944;4560;1;06/12/2024;Thing along dark serious thus ten.
2945;14109;2;03/05/2026;Shoulder even trade offer.
2946;2045;4;21/07/2026;Represent especially likely window democratic seek set.
2947;15496;4;23/10/2023;Purpose letter person as teach production benefit.
2948;18774;5;18/08/2026;Forward daughter girl then well already.
2949;1870;2;28/02/2025;Mention maybe suddenly.
2950;8903;5;11/08/2024;Personal but environmental response land also.
2951;19449;2;07/10/2023;Heavy unit she whose thousand.
2952;2916;3;26/07/2025;Knowledge its around participant face save.
2953;1473;3;19/01/2026;Claim name lawyer fear near apply.
2954;13334;5;15/11/2025;Dark PM different on such.
2955;12470;1;12/12/2024;Three what when lead team often particularly.
2956;18564;5;18/07/2025;Certain statement list current.
2957;576;3;04/05/2026;Whose yeah five themselves it trip step.
2958;11665;1;11/06/2024;Southern statement only miss all argue interview spring.
2959;6723;2;26/03/2026;Great protect catch water service answer.
2960;3373;2;13/04/2026;Teacher drug firm.
2961;2558;5;11/08/2026;Eye military though bank push station do morning.
2962;2251;1;27/11/2025;Themselves company approach leader.
2963;9384;2;15/05/2026;Guy treat trial home.
2964;1797;1;03/09/2024;Least individual stand great defense.
2965;7077;1;13/02/2025;According by feel key grow hit.
2966;2941;5;03/07/2025;Bag even available owner.
2967;11056;1;21/09/2024;Know run artist eat.
2968;18264;4;06/01/2025;Local leg weight character mean society rise.
2969;12641;3;27/11/2024;I notice second others because among.
2970;16637;4;28/04/2024;Director ahead exactly arm where now network information.
2971;2046;4;24/04/2025;Movement pick relate pattern.
2972;15059;2;27/08/2026;Challenge professor miss help.
2973;14809;1;07/09/2025;Figure act mean another show.
2974;16379;1;29/05/2026;Go both marriage value onto tell behind.
2975;3708;1;18/01/2024;Sound prepare decision general wish fine avoid.
2976;17874;2;26/03/2026;Left Republican of play activity ground.
2977;14673;1;30/08/2026;Recently design human concern.
2978;11349;3;14/09/2024;Get have tonight area have forward.
2979;12829;4;13/09/2024;Particularly radio daughter look agency budget.
2980;15959;4;15/12/2023;Whatever agency team sense discussion still remain happy.
2981;15167;1;12/12/2025;Process tree interesting right coach affect.
2982;9593;5;24/08/2025;Create simple lead game enjoy.
2983;2223;1;29/05/2026;Unit investment hold serve born possible opportunity.
2984;10064;1;27/05/2026;Author put result hope but wrong find.
2985;8560;2;04/12/2025;Animal point later fast own budget successful.
2986;10197;1;05/09/2026;Hospital out safe upon.
2987;9399;5;09/07/2025;Whom office of change.
2988;5695;5;03/09/2026;Whatever relate fine organization describe decision use.
2989;19742;5;06/03/2025;Hear argue knowledge any when pressure tonight pattern.
2990;7887;1;21/04/2024;Reflect level company condition west reflect market also.
2991;12491;5;08/11/2025;Who physical art.
2992;13208;5;16/01/2024;Yeah name let win meet.
2993;1737;5;29/12/2024;Certain maintain discuss dark.
2994;6226;2;08/08/2025;Personal purpose field five several marriage paper.
2995;7365;1;13/01/2026;Increase century another discussion.
2996;5447;5;17/08/2025;Run candidate already artist part.
2997;5424;5;18/05/2026;Return much order executive.
2998;17898;4;04/05/2026;Still poor film.
2999;363;2;04/12/2025;Occur maintain might same team war few.
3000;15060;3;17/09/2025;Police bag detail general.
3001;17119;4;17/10/2025;Forget total here service such.
3002;7127;5;13/12/2024;Pull ball pick idea likely.
3003;17449;5;07/05/2026;Television ok behavior nice statement dinner camera.
3004;5030;4;10/06/2026;Movie according season her.
3005;15585;3;19/12/2025;Travel begin executive accept.
3006;533;5;23/12/2023;Challenge suddenly occur.
3007;18938;2;12/05/2025;Say key one network rate.
3008;7902;1;22/08/2026;Appear whole attorney number than door student.
3009;16081;2;29/12/2025;Traditional themselves team may mother movement.
3010;10178;3;02/04/2025;Talk stuff member top.
3011;7194;4;25/06/2025;Feeling exactly way seat author thank yourself.
3012;10608;1;07/04/2025;Rule suffer six production anything major.
3013;5356;4;24/01/2026;Coach within scene statement.
3014;3589;5;03/02/2025;Still call its similar.
3015;16426;3;09/04/2024;Loss sport then close course seem responsibility.
3016;16568;4;20/01/2026;Yard dark on recognize live.
3017;9455;4;08/07/2026;Hospital religious cup and easy.
3018;9850;1;11/06/2026;Worry plant no perform catch practice suddenly bill.
3019;1052;3;03/09/2024;Help receive wear war start young.
3020;12696;5;15/08/2024;Subject notice control spend professor.
3021;7733;2;12/11/2024;Enter music black would reach stop.
3022;6807;2;28/02/2025;Nice prepare woman day garden subject fill.
3023;18114;2;03/09/2026;Tv region energy thank its.
3024;9752;1;26/02/2025;Decision reach chair use store.
3025;18780;4;22/05/2026;Step politics father value face include.
3026;11548;4;25/12/2025;Want year feeling kid.
3027;12153;5;21/02/2024;Because method decide these form per.
3028;17929;4;03/01/2026;Economic no suggest candidate.
3029;5955;5;19/03/2024;Network require forget painting amount last economic.
3030;3075;3;21/05/2025;Campaign others probably capital sing cost.
3031;6095;2;20/08/2025;Foot animal best concern age provide half.
3032;13848;3;09/08/2026;Rate expect director hundred range.
3033;2717;5;23/10/2023;High rock call.
3034;8987;2;22/12/2023;Hot west exactly institution happen.
3035;9569;1;26/04/2026;Include thing shoulder successful administration.
3036;17570;1;26/09/2025;After trade natural doctor.
3037;6562;3;16/09/2023;His easy national shake despite home number.
3038;16506;1;30/09/2025;Report blue paper ability get.
3039;161;3;19/01/2024;Thus federal hope network remember position ahead set.
3040;1237;1;30/03/2025;Open simple day rest.
3041;10682;4;01/01/2026;Stop court behavior.
3042;19316;1;01/10/2025;Evidence none artist reduce but.
3043;13482;3;17/12/2025;Fear specific dog analysis mean.
3044;9607;4;18/12/2023;Out painting few true role PM.
3045;9699;5;13/11/2023;Class onto either if institution rule.
3046;17116;3;14/10/2024;Somebody south allow son check blood.
3047;11270;4;23/11/2025;Drive clear guy stuff stock wall give rather.
3048;10527;3;31/08/2024;Cover assume movement participant line.
3049;960;1;05/07/2026;Morning free away.
3050;972;2;28/11/2023;Perhaps choose central major.
3051;9873;5;05/05/2025;Them current fight democratic near level.
3052;6651;2;14/01/2025;Tough career camera wonder forward.
3053;2098;4;02/10/2024;So land team machine thus.
3054;12310;2;16/01/2025;So them ability cover.
3055;4673;2;09/09/2025;Common teach machine school maintain class significant attack.
3056;6360;1;16/04/2025;Social story chance daughter structure able.
3057;17774;2;08/04/2024;Environmental a official response cultural themselves television.
3058;12011;2;29/06/2024;Step cause idea road push common.
3059;1191;4;22/08/2025;Sing son my.
3060;8306;5;21/06/2026;Source should born learn mouth performance.
3061;16612;1;27/04/2026;Several which media eye.
3062;5850;1;30/10/2025;Prepare stage often behavior issue.
3063;14658;5;16/10/2023;Ok the bed religious sense government drug.
3064;12759;1;12/10/2023;Evening court for.
3065;10046;3;19/01/2026;Road unit agreement measure.
3066;15104;3;22/09/2025;None knowledge miss reality day right.
3067;19293;5;27/11/2025;On data imagine.
3068;10616;4;19/04/2024;Allow bad should court various whole.
3069;15470;4;19/09/2024;Enter from commercial she.
3070;9872;1;25/10/2024;Section outside fight.
3071;7657;3;29/11/2023;Every seat better growth team result and.
3072;16793;4;06/01/2025;Eight cultural pretty consumer source.
3073;127;1;03/01/2026;Develop check scene big environmental writer management push.
3074;6981;4;26/02/2025;Baby charge show step camera tree election full.
3075;18853;1;10/10/2025;Pass property high PM particularly nation join other.
3076;16146;2;26/12/2024;Should very there word indeed.
3077;8918;4;17/02/2024;Garden wonder take its follow.
3078;8880;4;04/05/2024;You simply take require probably now stay.
3079;2761;3;06/09/2026;Interview might game feel.
3080;16221;2;11/02/2026;Attack cup myself happen nation group.
3081;14196;1;28/02/2025;Long economy trade have opportunity chance.
3082;11562;4;25/06/2024;Friend hit miss and once executive pass.
3083;11018;5;23/01/2024;Article long contain space information moment identify to.
3084;18729;4;16/01/2024;Race model time talk hair.
3085;2762;4;01/05/2025;Write bit he which subject property.
3086;1094;5;11/05/2025;Certainly phone risk across employee.
3087;1987;3;23/02/2026;Forward several story its beautiful sit friend.
3088;2861;3;26/07/2024;Participant deep camera spend.
3089;4792;1;29/08/2024;Ask inside lot full miss support police.
3090;14858;2;19/04/2026;Eat television while discuss fact growth charge.
3091;1098;3;18/02/2026;Meeting house parent character special.
3092;11962;4;18/08/2024;Thing just purpose activity foreign take.
3093;1451;1;22/10/2024;Look statement anyone newspaper fill.
3094;10984;5;21/10/2023;Wall tell who sign hope meeting.
3095;484;1;04/05/2024;Book poor research possible seat record.
3096;12078;5;10/04/2024;Energy I also probably.
3097;15747;1;30/04/2025;No standard hit quite yourself more himself first.
3098;18878;5;27/10/2024;Main expect himself strategy young side economic.
3099;19993;3;29/01/2024;Field get just class consumer environmental Republican.
3100;17888;5;04/03/2026;Foot against southern animal military movie.
3101;5632;3;08/02/2024;Total difficult surface represent fight project cut.
3102;8084;2;09/12/2024;Bag election become mind.
3103;5389;1;11/03/2025;Positive lot agency candidate.
3104;8603;5;14/01/2024;Energy born page share summer.
3105;10534;4;27/07/2026;Use politics agent attorney.
3106;16559;2;26/07/2026;Certainly myself idea news however body.
3107;2120;3;20/08/2024;Scientist night instead.
3108;15271;5;11/05/2026;Least note manage glass final politics join.
3109;494;4;17/11/2023;Good program site decision.
3110;446;2;05/07/2025;Me situation assume official defense well.
3111;514;4;18/07/2026;Wall mouth subject arm Mrs live hour.
3112;1180;2;22/02/2024;Would public bill.
3113;17310;3;24/03/2026;Above but control quickly product blood rather call.
3114;6525;2;09/09/2026;Area likely involve idea pattern around.
3115;15204;5;04/09/2025;Difference for market nation.
3116;923;2;25/10/2024;Be civil clearly trade seek mind ready visit.
3117;13516;1;19/03/2026;Inside it report test art society.
3118;15184;1;29/03/2025;Either full opportunity box authority.
3119;13840;2;24/10/2024;Out as recently direction task on.
3120;11920;4;09/04/2024;Fly money look bar tax officer.
3121;10401;3;25/02/2026;Allow keep dream however whom crime give want.
3122;2673;1;28/01/2026;There ten teacher common situation.
3123;8250;5;29/03/2026;Cause star general stuff business full any.
3124;3291;3;26/01/2024;Teach or section know teach material.
3125;8305;3;05/06/2025;Watch present front main.
3126;13103;1;17/06/2024;My Mr so allow mind threat.
3127;14916;1;12/12/2023;Unit decision grow administration month alone recent.
3128;2426;1;13/02/2026;Data culture imagine fall machine south table.
3129;17178;2;18/02/2024;Reason task our travel type natural stage.
3130;15888;3;25/01/2025;International another road upon sound he tend leader.
3131;4369;4;24/02/2024;Need change health sing.
3132;2488;1;26/11/2024;Discuss some guess issue more.
3133;16323;4;09/09/2024;Anything offer admit agent rate decision.
3134;4621;4;29/07/2025;Gas four require brother.
3135;2271;2;28/02/2026;Team human actually know safe.
3136;4333;1;11/05/2025;Window reality dinner perhaps both.
3137;19411;5;23/07/2025;Music measure leader use reason rather.
3138;13983;5;13/01/2025;Federal stay inside professional however.
3139;5304;4;14/06/2026;Shoulder have different president tonight market public alone.
3140;8609;2;26/01/2025;Amount car believe green which call free.
3141;15751;2;05/07/2024;Itself join art just fund imagine.
3142;18567;3;21/05/2026;Pass easy leader health gun news art.
3143;5459;1;02/05/2026;Memory give end boy evening.
3144;38;4;23/07/2026;Either nothing education.
3145;17460;1;27/05/2026;That nor positive.
3146;10678;2;28/03/2024;Own available lay cut share.
3147;2869;1;13/03/2026;Anything where activity true parent.
3148;11491;1;06/12/2023;Mother seat kitchen goal.
3149;13034;1;16/09/2023;Because boy live.
3150;9152;4;28/01/2025;Every determine lay my exactly happy south.
3151;14015;1;12/12/2023;Social speak speech especially stuff ahead turn experience.
3152;8736;1;29/10/2025;Game voice yet suffer consider customer.
3153;8757;2;08/02/2026;Wear almost forget hit son.
3154;5387;5;08/08/2025;Create lay follow pretty floor.
3155;5382;4;16/12/2025;Tonight several four everything behind.
3156;10080;2;13/03/2026;Future wish president interview or.
3157;16308;4;16/02/2026;Story nearly job just.
3158;10160;4;07/09/2025;Beyond born how specific industry gas result clearly.
3159;3439;3;10/06/2026;Away nothing both spring.
3160;15615;3;12/11/2023;Large than recognize.
3161;16720;1;16/02/2026;Thank threat value product enjoy bill.
3162;8408;4;16/05/2025;Ahead kid enough they.
3163;14554;2;20/02/2024;Indeed pretty certain weight company worker.
3164;1611;5;04/04/2025;Sport off those ever school.
3165;17260;1;14/06/2024;Month already see plan.
3166;5365;2;08/02/2026;Before art worry poor rise writer.
3167;12641;5;05/10/2024;Government service role star her fund.
3168;11437;2;06/11/2025;Similar young executive which billion owner they pay.
3169;16853;1;20/07/2026;Coach author however store air tonight.
3170;18854;5;16/01/2025;Standard work serve teach.
3171;19287;2;08/02/2025;Station today his successful church.
3172;5969;3;27/01/2026;Various view walk far spend whatever have.
3173;1435;1;11/07/2026;Especially project situation decade there billion.
3174;2282;4;30/11/2025;Traditional speech involve reality seem its throughout change.
3175;16196;2;12/12/2025;Purpose worker use military newspaper recognize.
3176;18207;3;02/04/2025;Plan day world able benefit result important.
3177;449;4;12/01/2025;Campaign south listen wear.
3178;4134;3;03/10/2024;Author now value run edge.
3179;16327;3;18/09/2024;Learn artist film large.
3180;5518;1;25/04/2026;Write evidence second top.
3181;538;5;12/02/2024;Face true his campaign set.
3182;6603;3;02/03/2024;Let evidence language teacher light son PM.
3183;7831;4;16/02/2024;Case thing even people oil send.
3184;18751;4;17/04/2026;Picture listen sea final.
3185;17196;3;24/10/2024;Gas we house want thank.
3186;1475;2;05/07/2026;Responsibility phone especially bag marriage focus.
3187;6527;3;11/01/2025;Later exist commercial ten institution.
3188;11086;2;27/03/2025;Huge nothing event guy choice.
3189;18384;5;24/10/2024;Side visit look young when court individual.
3190;13268;5;07/12/2023;Test service stop policy get teacher miss my.
3191;5813;5;06/11/2024;Position nature to agreement themselves consider source discover.
3192;19426;4;30/11/2025;Fear least certainly act size young least.
3193;7784;5;26/05/2025;Administration charge easy east.
3194;6654;1;22/12/2023;Tree sell staff arm available.
3195;17550;5;07/05/2026;Physical former start can talk clearly help outside.
3196;14493;2;30/09/2023;Player its that data generation develop bar.
3197;4992;5;14/09/2025;Leg its phone owner go.
3198;5466;1;13/05/2025;Debate help cost others talk.
3199;509;3;21/04/2025;Find across run whom each million lead.
3200;15739;5;10/07/2024;Candidate western nice political its information power.
3201;12875;2;24/09/2024;Study task most never near leg option.
3202;6777;5;22/10/2024;Again month wear.
3203;8592;2;20/01/2025;Window final black season.
3204;55;4;25/05/2024;You experience modern listen us finally outside away.
3205;5880;1;26/07/2024;Ahead situation exactly sit.
3206;5404;4;26/01/2024;Enough culture side deal hot theory expert.
3207;1682;2;13/03/2024;Require remember behind play later involve defense.
3208;17217;1;24/07/2024;Weight reach kid own east behind affect animal.
3209;12247;3;10/10/2024;Art above fish feeling above example.
3210;17294;5;01/02/2026;Data all body suggest eat one thought.
3211;17356;5;25/05/2025;First middle especially.
3212;17945;4;14/03/2024;Vote oil TV.
3213;18074;1;29/10/2025;Anyone avoid condition among color item data.
3214;14881;4;10/01/2025;Challenge a program difficult party house difficult.
3215;13781;3;11/07/2024;Conference blood pass trial evidence century enter.
3216;9023;4;29/11/2024;Herself dinner finally skin necessary wait.
3217;6215;2;26/02/2024;You adult point occur old develop position thought.
3218;14548;2;17/11/2024;Time economy ready hospital writer change however about.
3219;1541;5;06/02/2025;For able accept body.
3220;13813;4;18/08/2026;Four around claim north rock.
3221;11713;4;12/08/2026;Western only improve opportunity stuff.
3222;11516;5;28/11/2024;Dog tonight pattern.
3223;19964;1;24/12/2024;Marriage long would human others.
3224;12322;2;04/08/2024;Son nation treat everybody.
3225;16110;1;01/02/2025;Each poor affect group.
3226;18506;1;26/10/2024;Single situation quite page center responsibility.
3227;4868;3;03/08/2026;Commercial opportunity per speech.
3228;8104;4;11/11/2024;Seem decide door down claim actually.
3229;17689;4;17/11/2024;Ahead consider most support add quite.
3230;7506;2;24/12/2023;Employee worry decision popular ready floor.
3231;12071;5;02/07/2026;Person other so behavior.
3232;9676;3;21/02/2024;Hotel reason project wall.
3233;6137;4;15/03/2024;Son two thank material each.
3234;206;4;24/05/2024;Last none door traditional.
3235;10891;2;04/05/2026;Year but glass guess north its charge.
3236;11350;2;10/06/2025;Camera take something speech put.
3237;8911;1;14/05/2026;Law southern effect author.
3238;3800;4;14/02/2025;At this hope.
3239;4390;5;13/06/2025;Year meet film decision require.
3240;19822;5;13/03/2026;Name note movie Democrat fund box instead.
3241;2931;3;09/08/2024;Should first must and friend public.
3242;7133;2;06/09/2025;Example similar music including firm.
3243;2956;5;29/05/2024;Rather somebody late true lead hear.
3244;12922;3;11/04/2024;Add on report serve foot.
3245;538;1;19/05/2024;Nature road population election little imagine book during.
3246;16973;2;03/05/2026;Character public theory thing glass.
3247;7394;4;07/07/2024;Century nation community travel me hand gun.
3248;1656;1;13/07/2024;Sell happen mission whatever standard add.
3249;11454;5;27/08/2025;Even mind big laugh suggest.
3250;4342;1;14/11/2025;Road left nice simply.
3251;18534;3;19/04/2025;Hope address activity decision network.
3252;5455;3;02/11/2023;Arm sense even.
3253;8570;3;15/12/2025;Morning people range voice condition way measure.
3254;4275;4;10/03/2024;General husband age team often.
3255;18100;3;10/12/2023;Anyone degree discussion window mission debate of.
3256;15020;1;09/12/2025;Positive different authority each worker population also.
3257;2749;5;30/05/2025;Join among deal sign that international apply.
3258;1293;1;17/10/2025;Activity start father star foot toward draw.
3259;8627;1;07/07/2024;Edge charge just enough purpose assume.
3260;2029;1;16/10/2023;Challenge see heart group turn.
3261;6674;1;13/03/2025;Beat listen present edge marriage why career.
3262;7272;2;29/09/2025;Identify build mind customer.
3263;19882;4;31/03/2026;Prevent these sit should onto.
3264;5572;2;13/06/2024;Just agreement among war drug nothing over.
3265;12883;5;02/08/2024;Never mention his sometimes well.
3266;6736;1;25/03/2026;Reduce history case face girl.
3267;11738;4;21/06/2024;Over itself alone program cut sense question.
3268;1430;5;13/10/2025;Newspaper various play continue sometimes case.
3269;9077;2;16/05/2026;Choose similar concern audience ago hospital boy just.
3270;1729;1;05/03/2026;Note have effect public difference so key.
3271;909;2;19/06/2025;Weight important game be vote expert watch.
3272;17067;3;30/07/2025;Open size partner population country.
3273;16833;3;30/09/2025;Chair growth yet executive wife.
3274;237;1;16/08/2024;Car among present want rich data.
3275;3598;2;02/08/2025;Authority hour oil health.
3276;18938;2;22/08/2024;Top I threat everybody moment.
3277;743;1;05/07/2025;Report great end identify.
3278;11652;4;04/09/2026;Use let resource blue discover feeling.
3279;1424;3;30/12/2024;Cultural chair recognize economy area happen quite.
3280;15529;1;21/12/2025;Figure where like seem site a.
3281;10186;5;05/10/2024;Floor work surface region fight.
3282;17256;1;25/04/2025;Teach mention fund moment its order.
3283;17566;4;18/11/2025;Worry note just decade protect option.
3284;2352;4;06/02/2024;Modern positive past the.
3285;4185;4;23/01/2025;Operation situation listen question.
3286;1241;5;08/02/2026;Hundred collection maybe brother.
3287;10373;5;06/12/2024;Rich onto serious real possible process.
3288;13928;4;05/03/2024;Allow also as hospital like term.
3289;7409;1;30/09/2024;Style parent sort type attorney.
3290;18307;3;31/10/2025;Scene partner heavy just east travel.
3291;5354;3;18/05/2024;Ago government responsibility miss.
3292;4735;3;04/11/2024;Thing morning partner peace whatever collection past.
3293;5340;1;22/07/2026;Rest hospital I evening back entire.
3294;3498;5;29/11/2025;Eight operation should main.
3295;10752;3;17/12/2024;Part attack treat million others.
3296;17651;3;28/01/2024;Cup marriage sit ask.
3297;13020;2;29/06/2026;Quite actually career area national.
3298;10173;5;19/03/2026;They live keep financial culture professor conference.
3299;6588;3;10/06/2026;Positive cover chair we ahead.
3300;4929;2;15/03/2024;Sister brother alone mouth into.
3301;19980;2;02/12/2023;Difficult road now quality wife.
3302;13763;5;30/03/2024;Chance middle another order as whether.
3303;14487;3;09/04/2024;Manage step expert all bag himself successful report.
3304;10662;5;05/07/2024;Option specific attention already picture protect.
3305;4844;5;19/10/2024;Wind threat put doctor natural none order.
3306;10700;4;12/03/2024;Moment across world building.
3307;3701;4;24/08/2025;If someone hospital compare.
3308;12550;5;08/05/2024;Give want western artist prove only.
3309;7507;5;03/08/2025;Husband upon peace.
3310;7300;3;28/10/2023;Produce night pull adult itself rate environment.
3311;16974;4;12/01/2026;High brother employee identify hard year.
3312;7750;5;19/05/2024;Medical since child its market soon experience least.
3313;12545;2;29/06/2024;Page name network page up where.
3314;3539;2;19/02/2025;Include fall pass probably.
3315;12565;5;17/07/2026;Military project policy guy least current.
3316;6444;4;14/06/2026;Spring who this film center act.
3317;6012;1;11/10/2023;Decade statement system difference.
3318;6640;2;09/08/2026;Blue continue for catch.
3319;15396;3;18/07/2025;Yes either professor magazine management.
3320;15477;1;22/01/2025;Make parent message should.
3321;7032;4;23/10/2025;Ability tend indeed dark.
3322;14954;3;17/08/2025;Weight economic type kitchen cost ability I.
3323;18572;5;05/08/2025;Eye short road important up west.
3324;4179;1;23/10/2024;If see message public politics thank easy.
3325;17785;2;04/08/2024;Account see ready best watch agreement drop.
3326;7014;2;01/11/2024;Explain season type citizen machine network hope.
3327;13241;4;04/03/2024;Cultural may man behind more side young policy.
3328;10383;2;07/11/2023;Thought information along throw course.
3329;5346;2;02/11/2025;Student trade situation add.
3330;16281;3;31/07/2026;South building fill certainly.
3331;13929;5;30/11/2025;Test likely may sit provide.
3332;14940;5;08/04/2026;Much item eight expect.
3333;18337;2;21/06/2024;Machine appear easy through point.
3334;351;2;14/08/2025;Bed generation loss section certain.
3335;18116;4;19/11/2024;Ok attorney author light.
3336;8003;3;07/09/2024;Night author oil.
3337;18441;2;11/10/2024;Culture worker cut group citizen subject.
3338;2602;3;10/12/2023;Stuff challenge matter public western push.
3339;8762;4;07/11/2024;Him population cup model.
3340;6371;5;10/10/2024;Probably wife early fill quickly natural parent.
3341;14907;1;08/10/2025;Girl audience less along may fact.
3342;822;1;05/10/2024;Manager admit affect population same several nice.
3343;8524;3;02/07/2024;Find father wait commercial way rise heart.
3344;16813;1;22/02/2024;Third now career eye.
3345;12141;1;15/07/2026;High summer maybe thousand.
3346;8293;4;13/12/2023;Do claim then.
3347;19075;1;04/04/2024;Budget occur nice recent blue fire.
3348;6881;2;23/08/2026;Suddenly wait space worker tend way.
3349;14286;3;26/06/2024;Imagine position coach low should traditional one skin.
3350;9618;1;21/07/2024;Better check others game after enough.
3351;1048;1;04/11/2024;Size represent somebody why.
3352;5823;3;02/06/2026;According animal forward then sort state.
3353;4076;4;21/09/2023;Mission choice prove behind indeed.
3354;14113;4;03/06/2026;Collection drop investment that everybody too computer.
3355;9449;1;01/09/2026;Enjoy mean make agree.
3356;16347;5;20/09/2025;Bag kid indicate three.
3357;6564;1;24/02/2025;Focus agent stand line.
3358;17882;4;14/05/2026;Goal father of range past under against.
3359;14400;3;05/11/2023;Often share today.
3360;5870;1;18/06/2024;Manager fight office second.
3361;16390;3;22/05/2026;Myself serious wide wait.
3362;5796;3;17/08/2024;Education well activity beyond.
3363;6051;2;31/08/2025;Lot effect cause line.
3364;7701;4;04/02/2025;Site represent most difference.
3365;19781;2;15/09/2023;Follow our type radio customer sea north top.
3366;17346;4;20/04/2025;Work option least.
3367;13413;2;28/09/2024;History reach leave fill their court.
3368;16463;4;30/01/2024;Do civil continue work staff third just.
3369;268;3;15/12/2023;Much type size public.
3370;648;1;29/03/2025;Show energy response until.
3371;10569;5;16/01/2025;Than product example price someone.
3372;16319;1;28/10/2025;Generation technology something character.
3373;10915;4;22/02/2026;Support be peace left finally.
3374;2656;1;27/01/2026;Day wall million visit eat behind activity.
3375;9632;4;07/09/2025;Stay administration short maintain item turn.
3376;10645;3;12/03/2025;Key little guess pass next fire.
3377;13563;1;05/02/2024;She nature bank baby provide half.
3378;14660;2;27/03/2025;Trouble brother left middle population form.
3379;11767;3;26/12/2024;Rest behavior middle report must.
3380;19927;3;22/05/2024;Debate rest follow world then church stock.
3381;1244;2;29/08/2026;Development member hard.
3382;2420;5;19/04/2026;Follow ahead believe sign floor.
3383;18249;4;25/02/2026;Pretty benefit floor can situation of.
3384;6594;3;28/05/2024;Church relationship place different manager.
3385;18104;1;05/08/2026;Year chance personal debate.
3386;9;5;04/12/2025;I direction near.
3387;9318;5;29/03/2026;Interest sea type total cause.
3388;8745;5;22/06/2025;Time more price couple expert management town also.
3389;15615;2;13/02/2026;Site forget great piece very action work rate.
3390;18025;2;02/09/2026;Would you buy.
3391;9212;1;17/05/2025;Yet world discover glass save.
3392;8547;4;31/07/2026;Population bank investment want treatment present open.
3393;744;5;19/03/2024;Daughter among however message.
3394;18464;3;05/01/2026;Sort strong author house feel.
3395;11633;3;13/01/2024;Himself without leader keep.
3396;12430;5;31/12/2023;Would thank think wife.
3397;1403;2;30/04/2025;Arm decade enter.
3398;825;3;09/01/2024;Lead above just none.
3399;675;5;05/06/2026;Get recent its can.
3400;11302;4;21/01/2026;Usually quality figure position training.
3401;2549;5;28/12/2024;He second week consumer cost realize story.
3402;12328;5;08/11/2024;Identify up dark real.
3403;18157;5;10/02/2025;Gun class do network bed bad.
3404;1402;4;21/01/2024;Risk feeling future throughout pay responsibility.
3405;1883;1;26/06/2024;Too action seem tend major.
3406;16913;4;06/10/2025;Nature century late strategy them activity may.
3407;2284;1;30/09/2023;Beat effect decide nature.
3408;4015;3;17/07/2026;This yes culture attack north.
3409;3301;2;10/08/2026;Scene himself guess many operation.
3410;14112;1;02/01/2025;Talk issue letter movement remember will.
3411;13912;1;27/01/2026;We stage indeed she medical.
3412;8699;5;26/03/2025;Field instead maintain staff during social pressure.
3413;15063;1;05/07/2025;Participant again charge play.
3414;6655;4;15/11/2025;Off every movement manage science cover everybody.
3415;15856;5;08/10/2024;Market area knowledge model.
3416;9953;2;22/01/2024;Science arrive top space good.
3417;5833;2;06/03/2024;Low arrive prepare part media door record.
3418;7532;3;07/02/2026;Store make person now away peace.
3419;6425;2;04/02/2024;Team what issue forward.
3420;14719;1;01/11/2023;Power themselves wonder federal probably himself movement.
3421;12677;2;19/10/2024;Go poor establish finish relate good.
3422;19107;1;03/08/2026;In improve thousand later up.
3423;709;5;20/09/2024;Performance special son career.
3424;11240;2;11/07/2024;Would gas wrong culture rise a.
3425;3993;2;11/12/2024;Less beyond away Republican assume.
3426;10377;5;03/04/2024;Produce between rock meeting magazine as.
3427;7137;3;05/06/2026;Which concern check leave risk season.
3428;19666;1;21/10/2024;Break whether generation these either base.
3429;13057;1;09/01/2025;Cut election site leg.
3430;9253;5;28/09/2024;Despite whatever current plan.
3431;13867;4;01/04/2026;Area life continue most trade couple training.
3432;3481;4;29/03/2026;Mrs major service budget third plant.
3433;7213;5;22/05/2025;History member oil have.
3434;19583;3;16/03/2026;Against by letter.
3435;3455;1;15/06/2024;Movement might early design born area cut.
3436;3207;3;13/06/2024;Range cut nature chair moment leader.
3437;15658;3;13/09/2023;Family wait per voice case act sit.
3438;16895;1;10/12/2025;General major also far story media.
3439;11398;3;10/07/2026;Appear compare for family seat continue.
3440;16792;2;22/04/2025;Yourself baby trouble low ok throughout sure.
3441;18671;4;12/01/2025;Give really study.
3442;582;2;25/10/2024;Region despite trouble factor dark necessary leg product.
3443;19920;5;11/02/2024;Than note standard seat sing heart whatever month.
3444;7550;2;08/05/2024;Name government series.
3445;1761;1;04/08/2026;Wind leg after interesting necessary.
3446;12497;5;01/10/2024;Evidence chance suddenly.
3447;3830;5;03/11/2025;Least economy several billion middle.
3448;3359;3;29/08/2024;Effort next town boy affect.
3449;3705;5;24/09/2025;Audience son fact word discussion training.
3450;17602;2;05/04/2026;Position wind identify democratic decade system.
3451;13375;3;13/09/2023;About stock and mouth point.
3452;6760;4;08/08/2026;Attorney enough mind begin candidate clear.
3453;6503;3;28/03/2026;Tend skill goal certain bring.
3454;11481;3;23/07/2024;Represent food charge.
3455;18686;1;19/05/2024;Way drive administration page.
3456;7684;2;20/08/2026;Difficult raise cup heavy student product teacher.
3457;3340;4;26/01/2026;Second hard cover church look still worker leader.
3458;15113;4;15/05/2025;Drive word work someone.
3459;5977;2;10/09/2024;Before measure technology ground allow.
3460;3991;1;26/02/2025;Receive or food organization.
3461;9053;4;25/05/2026;Section create spring head water.
3462;3627;5;04/10/2024;Key upon paper.
3463;6332;1;06/08/2025;Four try fine voice.
3464;8460;3;28/04/2025;Catch law western food law.
3465;6446;5;18/01/2026;National least pressure standard tax lead.
3466;18509;5;26/09/2025;Cost should stage product entire whom.
3467;8097;1;26/03/2025;Final soldier clear soldier defense.
3468;6495;4;19/11/2025;Person either third no kid.
3469;16470;4;09/11/2023;Degree everyone discuss case push.
3470;983;3;06/05/2026;Enjoy suffer building economy some.
3471;405;4;26/10/2025;Same garden value.
3472;7775;4;09/11/2024;Million executive cover section.
3473;17946;5;02/02/2025;Every note yard evening note actually.
3474;6036;3;16/12/2024;Him choice card.
3475;12639;4;19/09/2025;Unit director in in color value brother.
3476;6935;5;03/05/2025;She must worker.
3477;16793;3;30/07/2024;Be economy finish a less leg bar.
3478;19633;4;08/01/2024;Hope all later thing.
3479;8475;1;29/09/2024;Paper experience area story word exist response.
3480;3536;3;26/11/2024;Single shoulder speech approach exist.
3481;16229;4;10/11/2025;Skill whom rock even different with.
3482;5500;1;17/07/2025;Republican according staff five.
3483;15;1;26/04/2026;Member so population instead interest by family.
3484;13288;3;23/04/2024;Song onto be success different.
3485;4585;3;09/03/2026;Spend which yard manager hot check operation.
3486;3673;4;29/12/2025;Listen want usually current find realize plan Mrs.
3487;9627;5;09/11/2023;World interview little significant success speech lay.
3488;12449;4;06/06/2024;Tell hour beautiful teach this laugh.
3489;19766;3;12/08/2026;Subject traditional man will call through.
3490;5105;2;28/02/2025;Provide write effort democratic.
3491;6634;1;06/07/2025;About maybe international mother over you source.
3492;6152;3;16/07/2025;Top miss case race laugh six.
3493;17208;1;13/06/2025;Task because real along catch kid enter.
3494;7645;3;24/10/2024;Southern choose local student discover some fire.
3495;10069;3;06/11/2023;Today artist attention take.
3496;18666;3;20/04/2024;Box game election.
3497;5891;3;31/07/2026;Trip floor must field.
3498;9226;1;07/07/2026;Tree material idea mouth kitchen past.
3499;10936;3;03/07/2026;Central official wear.
3500;5288;2;26/01/2024;Relate far available campaign hair.
3501;16405;2;10/03/2026;Put here middle white plan charge.
3502;9884;5;06/08/2026;Live course than former choose happen.
3503;4182;4;29/08/2025;Analysis drive especially occur many.
3504;7180;1;05/01/2024;Month learn say common true baby.
3505;7576;2;24/06/2024;Within site brother shake start.
3506;18168;5;19/01/2025;Step modern than know least scientist hear.
3507;4750;2;08/04/2025;Red miss hope risk against.
3508;8420;3;05/06/2026;Administration red trip look dark occur.
3509;5675;3;09/01/2024;Likely plan south direction.
3510;9815;5;24/07/2024;Kitchen staff return.
3511;2042;4;11/09/2024;Alone simple visit half goal they.
3512;11173;5;14/11/2024;Theory age word ago start prepare drug.
3513;13908;4;05/12/2023;Out win great weight.
3514;8873;4;11/05/2026;Student hard south stand guess.
3515;18939;2;16/05/2025;Heavy another end describe.
3516;11807;5;24/12/2023;Hotel word hot life political help phone number.
3517;7213;3;20/07/2025;Really defense room why.
3518;14841;3;02/01/2026;Reveal social firm forward law.
3519;15514;2;14/04/2026;When table continue.
3520;9487;5;03/06/2025;You nature officer PM option nearly stay.
3521;9409;3;12/08/2025;Summer his source usually you.
3522;6775;3;02/01/2026;Various book serve claim.
3523;1564;2;18/03/2025;Pm individual certainly within.
3524;2138;4;21/11/2025;Health edge piece same.
3525;8985;4;06/01/2026;Teach score message.
3526;6036;3;23/02/2026;Yard mind Democrat agent treat.
3527;4222;2;01/05/2024;Whom table pick factor actually school.
3528;8374;2;13/10/2023;Campaign window design the.
3529;15842;2;05/08/2026;Plan system soon area each wonder product.
3530;9203;3;12/08/2026;Feel life single if writer yet list.
3531;2310;3;18/03/2026;Kind open tough business successful her.
3532;16798;4;03/04/2024;With including medical whatever picture need mother.
3533;3487;4;28/06/2024;Which create myself stock growth democratic page.
3534;9720;3;31/10/2023;Learn market which clear.
3535;4288;4;20/11/2024;Million others push Democrat rise.
3536;10578;1;04/07/2024;Rate season while great when organization.
3537;13569;3;05/12/2024;Friend social able north.
3538;12538;4;22/10/2024;Weight force idea true him.
3539;6650;3;12/06/2025;Low generation western but station inside water.
3540;17457;2;23/08/2024;Theory grow involve well part identify.
3541;13064;2;01/11/2025;Cost citizen more administration.
3542;6797;5;28/10/2025;Meet itself ability role relate officer.
3543;7833;1;04/01/2026;Good color manager might over effect part.
3544;13053;1;07/05/2024;Partner policy have might matter.
3545;19789;4;31/10/2024;Too international red little.
3546;11901;3;17/04/2024;Clear remember difference remain citizen involve those.
3547;4085;5;12/03/2025;Protect professor material research or deep.
3548;7676;1;24/02/2025;National you trade clear history note.
3549;6193;5;05/06/2025;Bag top would number present.
3550;4813;2;17/07/2024;Significant care number push.
3551;6312;4;02/06/2026;Under thought race support participant great medical.
3552;13824;3;05/08/2024;Think affect center likely discussion school.
3553;18093;2;08/07/2025;Skill important long.
3554;13025;3;04/12/2023;Impact better father summer.
3555;12101;3;11/03/2026;Something room song.
3556;2336;5;27/08/2025;Available oil article live floor federal discussion.
3557;13741;5;23/03/2024;Recent stay develop view.
3558;7636;1;14/09/2024;Town within medical treat discussion us lose.
3559;12823;5;26/04/2025;Way unit watch pick ground factor us couple.
3560;4490;5;14/05/2026;Very really might site nice international several.
3561;71;5;04/02/2026;Necessary ok stop recognize.
3562;144;3;15/03/2025;Century report major prevent.
3563;17833;4;21/10/2025;Itself discuss build might cell anything.
3564;16994;3;01/04/2025;Sound model candidate mother hit still she house.
3565;15299;5;24/11/2024;Tax move admit east.
3566;7268;5;05/01/2026;From art main certain line morning.
3567;8554;3;23/04/2024;Be middle a former so.
3568;10312;3;20/04/2026;Make area table writer indeed race time.
3569;9060;4;04/06/2026;All tonight subject hold character find message.
3570;7245;2;29/03/2024;Heart course ability standard century appear collection head.
3571;6290;5;18/08/2026;His be believe month necessary.
3572;15118;3;17/07/2026;Government bad away floor benefit along kind.
3573;303;1;07/02/2024;Stock probably probably outside I reflect.
3574;18572;1;31/05/2025;Level decision upon effort force on talk father.
3575;14716;1;28/05/2026;Boy girl hospital.
3576;9713;3;13/05/2025;Fly yes relate right staff do open.
3577;1684;4;08/04/2026;Blue about statement guess network book.
3578;18086;5;05/07/2024;Sea sense role nature later according hit.
3579;7835;1;27/07/2024;Time room nice man their front course.
3580;7681;2;09/04/2026;Cost either player beat throughout.
3581;13423;4;26/08/2026;Carry claim security.
3582;13540;4;07/06/2026;Probably base speak deep perhaps model.
3583;14548;4;02/06/2026;Society money everything strong gun open.
3584;12651;4;11/04/2024;Think especially Congress.
3585;3261;5;31/03/2026;Citizen popular tax hundred heavy fill five you.
3586;11590;5;08/07/2026;Imagine low effect north stop standard recognize.
3587;6863;3;14/12/2025;Field inside sure new clear town not.
3588;1413;2;27/05/2025;Car against ever.
3589;1913;3;03/02/2026;Activity represent act control culture house experience.
3590;11160;3;03/06/2026;Best lead effect near.
3591;15632;1;25/08/2025;Benefit information put program recognize girl.
3592;1864;1;14/05/2025;Bank fear while simply.
3593;2567;1;29/10/2025;Establish sister trial weight above hot on.
3594;17542;4;12/07/2026;One sound under detail thus drug might.
3595;18970;4;01/04/2024;Record whom only or power.
3596;18408;5;09/04/2025;Memory senior run professional.
3597;19263;5;08/06/2024;Lose quality level.
3598;16298;3;29/03/2024;Class among whether recognize against example.
3599;12843;3;21/09/2023;White PM nothing service.
3600;13627;5;29/03/2026;Front particular space teach reflect.
3601;17863;3;19/06/2025;Way country every everyone.
3602;15015;2;13/11/2025;Voice through play seat team imagine action let.
3603;19032;5;19/07/2026;Least political next wonder ball glass.
3604;16669;4;19/12/2025;Film agency hope American.
3605;17328;1;30/03/2024;However along information eye sense.
3606;10675;5;04/05/2025;Pass surface yeah.
3607;3924;3;06/04/2026;How subject likely drive authority bag source.
3608;8805;3;14/02/2026;Meet determine window.
3609;7410;2;23/06/2024;Age pick remember nation thank expect show.
3610;9142;5;07/03/2024;Worker word product example figure.
3611;5594;3;04/02/2025;Him nearly health send maybe last.
3612;10709;4;17/06/2026;Model finish prevent.
3613;5463;3;16/04/2025;Staff easy still fall assume himself.
3614;18477;2;09/09/2026;Poor young collection save conference light sort.
3615;6366;3;30/05/2024;About six nation.
3616;4427;4;21/04/2026;Sense pick wife back thank life.
3617;17561;4;21/05/2025;Bill on buy quickly conference.
3618;12767;1;07/09/2025;Training run popular various wish.
3619;15766;1;07/04/2025;Own certainly system situation hear hold majority trouble.
3620;4816;5;16/08/2024;Crime today view ahead pay brother want.
3621;16837;3;10/11/2023;Around third establish last fire them.
3622;17044;1;08/12/2024;Dream prevent cell single church rest religious attention.
3623;8553;2;20/01/2026;Property east remember across street while world.
3624;16874;2;01/08/2024;Test memory full poor laugh to.
3625;7791;4;10/04/2026;Pay senior local may within recognize.
3626;1054;4;25/01/2025;Senior plant no teacher run sense stop.
3627;12343;4;08/05/2024;Room word around former writer behavior story.
3628;5127;2;28/04/2024;Here industry be sport.
3629;19083;1;26/08/2026;Over question Republican address shoulder pass.
3630;3523;3;06/02/2026;Month appear entire prove attention institution.
3631;5772;4;07/07/2024;Eat sea civil no step value difference.
3632;18146;4;28/11/2023;Paper buy suddenly.
3633;13085;5;10/12/2025;Continue push above television large happen tough.
3634;17521;4;16/07/2024;Generation hot significant off somebody improve ask.
3635;15911;3;27/01/2025;Condition program actually say itself.
3636;18299;5;25/08/2025;Again happen executive on successful gas.
3637;19407;3;05/01/2024;City his increase method above control tend data.
3638;11621;3;25/10/2023;Sure others happen organization research make beyond some.
3639;10174;5;30/09/2024;Reflect available peace themselves consider stop call.
3640;392;5;25/11/2023;Direction eye real energy likely particular laugh million.
3641;3171;3;01/12/2023;Red where to between house may main.
3642;1708;5;07/10/2024;Card material hair million cut.
3643;10073;3;14/09/2023;Road institution feeling first investment now bar society.
3644;13;4;30/11/2024;True include church including central reality make.
3645;4785;1;02/09/2025;Nor suddenly effort among bar.
3646;2593;3;02/03/2025;Three sport career job view recent.
3647;992;2;01/07/2025;Seat amount child fact tough draw.
3648;12665;2;08/11/2025;Sign southern involve include clear interesting.
3649;13482;2;13/09/2024;After coach effort dream catch cover continue.
3650;11536;1;11/05/2026;Break film shake.
3651;13542;4;29/08/2026;Among indicate glass high travel particularly.
3652;7022;5;05/07/2025;Should become exist simply research even key.
3653;7492;3;27/08/2026;Her serve interesting even nice finally simple.
3654;481;5;31/01/2026;Tough make order guy affect.
3655;4177;1;18/09/2023;Coach type human talk.
3656;17484;2;04/02/2024;Expert near begin describe.
3657;18435;2;21/06/2026;Teach already table receive need.
3658;6757;5;11/04/2025;Worry prevent box deep successful this result.
3659;17143;4;24/10/2023;Eight wait oil leg fine result camera.
3660;19021;2;27/01/2025;Fact minute speech hear PM into student.
3661;14562;2;29/12/2024;Deep to want these and get.
3662;6694;5;18/06/2025;Story great single note since material fish.
3663;129;1;17/10/2024;Ground direction thank college.
3664;140;1;08/08/2026;Ok wall future thing soon speak.
3665;13796;2;11/10/2024;Protect certain involve around.
3666;14032;2;15/03/2026;Enough among understand return least.
3667;15284;4;09/09/2026;Movie there have seven.
3668;7843;5;22/06/2026;Brother few how least.
3669;5202;1;08/05/2025;Note attention investment difference happy treatment.
3670;3521;4;24/12/2023;World ground wife think case reality.
3671;15265;1;19/04/2026;Turn bill parent help rather consumer.
3672;1075;3;22/01/2025;Fall like wonder real local.
3673;8850;5;20/10/2024;Middle create peace necessary.
3674;2870;5;22/12/2024;Space happy forget nearly art environment outside their.
3675;4473;1;10/02/2026;Suffer shoulder treat speak.
3676;6824;2;09/01/2024;System matter various challenge your.
3677;13143;4;26/12/2024;Or city contain direction pressure newspaper.
3678;18952;3;31/08/2026;Fight result star oil.
3679;16097;4;20/08/2026;Over Republican health left would father.
3680;11556;1;13/08/2026;Standard energy everything majority build quality mean.
3681;11356;1;16/08/2025;Management wife level free report of after notice.
3682;3034;2;03/10/2025;Stuff movement store say city.
3683;17550;3;26/06/2025;Same law song concern move important fast natural.
3684;13348;5;15/07/2024;Experience amount five together.
3685;12294;3;11/03/2025;Tv nation thought reason home.
3686;10931;2;17/03/2024;Believe speak glass.
3687;14856;5;22/11/2025;Pressure talk mention newspaper.
3688;410;3;21/04/2024;Issue never meet nature benefit look.
3689;2022;2;10/05/2026;Seem hundred road spend attention.
3690;3269;1;20/10/2024;Hotel history guess might million audience.
3691;11946;3;19/03/2024;Long fight picture chair.
3692;12136;4;26/09/2023;Will likely stay bad always.
3693;9126;1;14/10/2023;Top offer of prove mouth seat size.
3694;7569;2;30/01/2024;Later medical thing.
3695;14039;1;05/02/2024;Claim choose each future paper wide life.
3696;6314;5;21/06/2024;Future fire Democrat institution price.
3697;10570;2;04/12/2025;General goal time apply crime.
3698;19812;2;02/03/2024;Reveal wide range.
3699;18352;1;01/08/2026;Include turn many coach range skill drive.
3700;4660;3;11/08/2025;Close item song tonight key trial.
3701;1245;4;27/11/2023;Board win get news you spend.
3702;10875;4;22/04/2024;Move by rate.
3703;4009;2;04/07/2026;Forget gas eye thought only three staff.
3704;5354;2;12/06/2024;Writer partner ok resource much site reveal become.
3705;10598;3;07/02/2024;Forget last mention director contain.
3706;17300;3;28/10/2023;Never pressure compare.
3707;15671;1;30/09/2024;Sometimes church project ago item.
3708;5535;4;08/07/2025;Natural great fact even specific change.
3709;3220;2;15/11/2025;Opportunity company maybe.
3710;11258;5;30/05/2025;Other whatever attack keep.
3711;16366;2;04/04/2025;Month simple she tell consumer yeah.
3712;15722;4;03/08/2024;Final million bit seem.
3713;10504;1;10/02/2024;Themselves often prepare play audience ever try human.
3714;9084;4;07/04/2025;Leader add me few after think kind.
3715;11682;2;27/06/2024;Type reason station necessary.
3716;14513;2;26/09/2024;Small draw can full likely.
3717;4033;3;19/03/2026;Night international a society hit.
3718;17050;4;27/11/2025;Ok when stand wide.
3719;4488;4;23/01/2024;In TV house serve officer.
3720;8447;1;06/12/2024;The any leg face long within.
3721;14273;2;22/03/2024;Believe very story black list.
3722;11212;4;25/03/2024;Citizen according factor opportunity wish probably hour.
3723;13415;1;17/08/2025;Build believe miss anything.
3724;2713;5;16/06/2025;Build sign yourself.
3725;12550;5;08/08/2026;Air successful worker inside among fine.
3726;3045;4;05/01/2024;Prove training television interesting wind about.
3727;2141;3;14/02/2024;Fight science recent responsibility like foot.
3728;8407;2;15/06/2025;My well white.
3729;11608;1;12/03/2025;Break participant type none.
3730;14610;2;13/09/2023;Better media general former sit cost.
3731;3928;5;19/08/2026;Room person will including career show activity.
3732;10610;4;18/05/2025;Hundred meet account billion.
3733;9204;2;16/11/2024;Why policy front.
3734;3444;4;02/01/2025;Tend me operation news.
3735;14300;1;27/12/2023;Reason across among across cause.
3736;5444;2;23/06/2024;Reality society thousand none world first.
3737;12079;1;18/07/2024;Admit concern old movement walk.
3738;16329;4;30/08/2025;Window sense allow size everybody.
3739;6104;2;16/03/2024;Senior century large campaign agency shoulder table.
3740;11912;4;22/09/2023;Mind argue stay debate affect where political.
3741;18142;5;13/04/2024;Manager maintain money with knowledge within.
3742;17794;4;14/07/2026;Upon expect today.
3743;1822;3;28/02/2025;Themselves experience this.
3744;3431;5;20/05/2024;On fall because either community factor almost difference.
3745;375;4;02/10/2024;Service suffer nation score specific.
3746;6376;5;10/10/2025;Likely shoulder subject morning friend matter measure establish.
3747;5379;3;22/09/2023;Her parent suddenly his camera image world half.
3748;8849;5;02/07/2025;Eight choose during loss factor note land.
3749;5520;4;24/01/2024;Job among force tax capital.
3750;2537;2;11/06/2026;General democratic break analysis history peace.
3751;9425;3;15/01/2024;Enough name control same participant off.
3752;10396;1;22/03/2026;Opportunity ground music alone baby.
3753;3139;5;16/03/2024;Discuss success like now.
3754;9896;5;26/12/2023;Candidate else dog environmental owner.
3755;16638;3;08/07/2026;Sound population south collection offer finally individual.
3756;3664;5;12/07/2025;Smile each minute speak.
3757;2203;1;02/09/2024;Site guy lose trip author use.
3758;14079;1;29/12/2024;Animal building current activity pretty discover.
3759;19527;2;21/01/2024;Everything either culture per relationship.
3760;15326;3;25/10/2025;Price building itself general so series staff.
3761;17818;3;23/06/2025;City then mind this change over.
3762;6367;5;20/01/2025;Similar dinner good run accept she.
3763;5348;4;27/10/2024;Ever section rest find.
3764;11451;5;13/03/2025;Thank half bank.
3765;4329;4;02/04/2024;Meeting executive full area.
3766;18816;4;20/06/2025;Spend rule other safe anything man increase drive.
3767;2956;1;01/09/2026;Half media miss guess major large.
3768;4136;3;17/09/2024;Might woman town describe none.
3769;7492;5;12/08/2026;Share help since chance relationship significant across.
3770;19264;2;01/04/2024;Home tonight girl none increase would rise.
3771;12482;4;05/09/2025;Talk recent hour.
3772;2270;4;20/02/2026;I live fill sit stop white.
3773;11633;3;10/05/2024;Radio appear on effort win trade in.
3774;14109;4;26/02/2024;Movie begin heart up point think stay.
3775;18351;4;12/06/2024;Model situation main opportunity care break art.
3776;6396;4;10/11/2025;Fund whether the course produce allow fast.
3777;5957;1;23/01/2026;Tv medical some home nothing world.
3778;11040;1;15/08/2024;While movie again music expect.
3779;13780;4;20/08/2026;Friend college service home stay choose agreement property.
3780;3110;5;01/11/2024;Dinner serious close enjoy something thus music.
3781;5095;4;01/05/2025;Bad soldier take ability.
3782;10323;5;07/10/2024;Although left follow life administration most.
3783;10035;4;18/08/2025;Million improve like computer.
3784;19086;3;08/07/2026;Available three nice.
3785;12014;1;14/07/2025;Blue team want let.
3786;17839;1;25/07/2025;Life effort sister head consumer opportunity fill.
3787;8336;3;31/01/2026;Own individual course air hotel.
3788;14875;1;11/06/2024;Stop assume wrong ball body official.
3789;15645;1;18/08/2025;Billion everybody father great government food onto.
3790;19282;2;14/01/2026;Put baby act play arrive.
3791;7627;5;19/07/2025;Analysis cultural garden high.
3792;11923;1;29/11/2024;View gun pull book your.
3793;3442;1;08/12/2024;Whatever size across movement teacher he all.
3794;7008;4;03/11/2025;Anyone better read.
3795;3955;2;09/11/2023;Begin family condition.
3796;3511;5;12/07/2024;Case lay also TV without wait.
3797;6370;1;17/10/2023;Including wall smile unit where always.
3798;2280;1;28/04/2026;Effect drug enter her.
3799;15813;2;21/02/2024;Degree sport country let stop hold employee show.
3800;4463;4;28/12/2023;Key medical measure policy fund.
3801;19395;3;25/10/2025;Serious only trial suggest ready yet above.
3802;8875;5;11/07/2026;Strategy energy sense.
3803;2599;3;21/06/2026;Rock would happen onto drop.
3804;8651;4;04/03/2025;Consider leg order cause can.
3805;7209;3;01/08/2025;Individual future gas suggest assume travel quickly.
3806;6396;5;23/11/2024;One better but seem direction new yet site.
3807;11165;3;19/11/2025;Culture debate daughter claim know which impact.
3808;12424;2;16/09/2025;Table door effect study seat catch.
3809;2207;1;08/03/2024;Myself parent around both learn what buy.
3810;19168;2;06/12/2023;They situation list effort step.
3811;18651;5;25/03/2025;Major field usually great represent.
3812;4388;4;07/04/2026;Life consider ground yourself eye.
3813;6075;3;05/02/2026;Ready describe culture section produce poor.
3814;3915;4;08/04/2024;Firm like force parent.
3815;14224;3;16/08/2026;Movie force identify.
3816;10626;2;22/10/2024;Treatment manage national say there.
3817;12795;3;15/08/2024;Piece guess hit it stock.
3818;15371;1;21/06/2024;Man remember maybe cause drop.
3819;1315;2;13/08/2025;Hand national teach trial.
3820;4084;5;13/11/2024;Technology administration outside policy issue face different.
3821;8500;4;01/01/2024;Law level most me white environmental quickly.
3822;14799;4;11/08/2025;Similar special yard society quickly.
3823;19662;1;19/11/2023;Her manage PM newspaper.
3824;14040;3;01/06/2024;How very writer often.
3825;2678;2;01/07/2026;Leader current response hard.
3826;12132;3;30/11/2023;Daughter black land fine.
3827;6849;4;15/01/2026;Song hit industry especially week.
3828;7127;5;12/09/2024;Head middle student sing.
3829;14384;5;03/08/2025;Teacher certainly out watch clear set want.
3830;7320;2;18/03/2026;School significant business attack decision.
3831;19476;2;22/11/2025;Probably majority set let him source picture.
3832;19959;5;11/05/2024;Always company keep someone decide wind actually.
3833;9653;3;14/04/2026;Surface heavy lawyer remain understand girl resource.
3834;14010;4;05/01/2026;According raise security specific him.
3835;19622;2;24/09/2024;Support major yourself wear meeting however friend always.
3836;5159;2;22/11/2024;Space hour other perhaps.
3837;7390;2;03/11/2024;Over must explain family.
3838;2625;5;28/03/2026;Who them most audience fly experience this.
3839;14157;4;09/12/2023;Church list various language say enough black.
3840;7192;2;07/11/2024;Fund member forward there.
3841;1916;2;28/09/2024;People return brother too admit garden together.
3842;7807;2;08/04/2025;Up open hour method stand.
3843;6535;1;29/10/2024;Usually every when.
3844;669;2;06/08/2024;Mean area television how get give.
3845;2416;2;30/07/2025;Building seek true today off worry.
3846;7901;5;19/01/2026;Plan already network way far eye court.
3847;4324;2;02/01/2025;Magazine public student across say option newspaper.
3848;3488;5;25/08/2024;Say give paper growth behind maintain lead.
3849;14809;4;07/04/2024;Positive mean open today.
3850;14820;2;24/08/2024;Thought civil option question middle already if article.
3851;3047;1;12/06/2024;Note enough strong we eye station.
3852;10640;1;24/09/2023;Use inside scientist sing lead make when center.
3853;18913;5;29/05/2024;Relate movie beautiful poor here you spend.
3854;9132;3;04/08/2026;Deep tree lead young marriage.
3855;6328;5;31/07/2025;Though quite pick beat although structure action what.
3856;15516;1;14/12/2023;Somebody former avoid.
3857;12257;5;22/07/2026;Represent more official chance.
3858;9965;1;28/06/2026;Half magazine soldier goal.
3859;3117;4;23/07/2026;Social hundred newspaper move however.
3860;17303;5;24/06/2024;War listen western light foot trouble five.
3861;1244;4;24/02/2025;Court almost base too.
3862;4890;2;05/06/2026;Although give draw.
3863;5967;3;15/11/2025;Occur training either authority leader woman.
3864;1725;4;19/12/2025;Always big which door.
3865;2397;4;13/09/2023;Action least sound part chair matter unit occur.
3866;7270;3;01/07/2025;Continue player concern figure dog nothing.
3867;15019;2;05/07/2026;Close father themselves support foot usually throw.
3868;12617;1;03/08/2025;Minute four teach member customer.
3869;17376;5;01/05/2026;Actually yet capital major air agency.
3870;11529;3;04/08/2025;Under physical would rather forget would role maybe.
3871;19441;5;03/08/2024;Travel civil general task church act exactly reality.
3872;126;4;29/08/2024;Information go job sport weight.
3873;8743;2;06/02/2026;Popular general west you.
3874;12763;1;02/12/2023;Risk husband name issue language.
3875;7815;2;14/06/2026;Born situation poor quickly shoulder difficult.
3876;19996;5;03/09/2025;Give pattern air much some most role.
3877;15830;3;28/05/2026;Blood source city find decision else about.
3878;5935;5;19/01/2025;Heavy project never teacher claim lawyer much.
3879;13845;4;15/10/2023;Pm produce company.
3880;15525;1;25/01/2024;Ago level serious ok without trip build.
3881;16594;2;12/08/2024;Especially huge close strategy stage.
3882;3242;4;26/06/2024;Cut keep all material painting son.
3883;13124;3;07/02/2025;Town campaign drive song city interview all still.
3884;15219;3;16/05/2026;Mouth radio live interest.
3885;1583;5;13/03/2026;Piece activity south pay inside local for significant.
3886;9369;4;02/10/2024;Building second yet case street.
3887;16871;1;22/08/2026;Tree include wish where daughter state.
3888;11080;2;26/08/2026;Before food challenge finally part.
3889;9032;4;26/02/2025;Strategy forget prevent decision.
3890;2284;2;07/07/2024;Week wrong vote art matter blue.
3891;4220;3;09/10/2023;Allow doctor back me manage.
3892;18491;3;12/05/2026;Who certainly image evidence develop.
3893;10994;3;22/08/2025;More their full arm else attorney.
3894;19126;5;13/09/2024;Wrong laugh main model magazine.
3895;15896;3;20/03/2026;Agreement painting great effort knowledge east religious.
3896;1856;4;17/05/2026;Property sign market pretty.
3897;156;3;18/02/2025;It president home central expect figure by.
3898;14568;1;19/02/2024;Success top under student then wide.
3899;12231;4;24/02/2025;Yes matter however Congress future car.
3900;3708;1;12/04/2026;Without instead teacher deep central daughter apply.
3901;6885;1;21/02/2025;Us fund budget want.
3902;532;4;10/08/2024;Seem see most loss affect bar.
3903;8045;2;30/01/2026;Tv federal order practice animal water return.
3904;692;4;08/11/2024;Bit brother today million.
3905;17502;5;05/02/2024;Marriage item citizen change amount feel church.
3906;6359;5;06/01/2024;Drug series natural against.
3907;18978;1;10/07/2026;Another answer traditional evidence.
3908;15492;2;04/07/2024;Little voice experience top.
3909;7128;3;23/02/2025;Wonder girl health whether per through.
3910;10189;1;13/06/2026;Mean beyond life remember size.
3911;18645;4;16/06/2026;Thought force explain whose line growth.
3912;18595;4;09/01/2024;Inside parent forward election plan in behind.
3913;17887;2;19/01/2025;Get detail training thousand.
3914;2891;4;15/05/2026;Behavior change though entire Congress herself.
3915;15014;3;11/02/2025;Section suddenly tonight way health this over.
3916;2286;2;10/12/2025;Wonder respond reflect approach.
3917;19063;5;09/03/2024;Few call draw table science interesting.
3918;5571;5;18/04/2025;Himself near son nature start billion father interest.
3919;4330;5;01/11/2025;Measure any on.
3920;16159;4;25/10/2024;Team situation onto available.
3921;649;3;14/10/2023;Four example would claim nation.
3922;18439;2;25/10/2023;Much lawyer cause consumer trouble issue past.
3923;17158;3;18/10/2025;Class lead street serve you group.
3924;18185;1;07/08/2026;Cultural prevent deal sense lawyer either.
3925;1796;1;28/06/2024;Staff hit voice then.
3926;13699;5;03/09/2025;Form purpose deep view hundred run however.
3927;7856;1;04/02/2024;Site what standard democratic.
3928;18014;1;26/03/2024;World hotel write campaign.
3929;7637;4;22/09/2025;Writer trip sound.
3930;16581;1;26/01/2025;Base own rock reason cold.
3931;17886;3;13/12/2025;Certainly claim soon relationship where data yeah north.
3932;5540;3;28/07/2025;Discussion into blood concern phone society.
3933;19983;1;21/11/2025;Enough road investment million eat seem.
3934;4234;3;02/08/2024;Memory so summer near front why prove.
3935;9774;4;16/11/2023;Situation dinner party magazine ten.
3936;2288;3;20/07/2025;Color remain morning specific dream major three.
3937;14249;1;03/10/2023;Success election soldier though plan.
3938;4193;2;28/06/2026;Age traditional anything final government ready.
3939;1614;5;08/08/2024;New interest remember.
3940;14366;2;01/02/2024;Skill business cause food fast change address.
3941;12071;2;07/03/2026;Table better memory traditional easy head record.
3942;5379;1;30/09/2023;Value travel be through form trade.
3943;8583;5;17/05/2026;Director their build.
3944;12750;2;12/11/2024;Air per check.
3945;3648;5;13/01/2025;Practice whole dream cold bit may.
3946;12996;5;09/05/2025;Office particular door support put official full help.
3947;17045;3;05/04/2024;Morning area so skin blue yes adult play.
3948;11895;5;20/02/2026;Model write artist various.
3949;19549;5;27/02/2024;Hotel ability image instead.
3950;19834;2;07/04/2024;Your yourself him eye main debate watch.
3951;1926;2;10/12/2023;Effect world smile young suffer.
3952;16473;5;27/10/2023;Painting southern fund scientist crime.
3953;13036;3;30/09/2025;Relate happy although order few relate.
3954;5545;5;06/03/2025;Project list event budget.
3955;11162;2;01/01/2026;Identify TV newspaper beyond.
3956;11974;5;27/10/2025;Another mean very man central move.
3957;13046;4;13/01/2026;Long add build year movement play house space.
3958;16615;5;10/08/2025;Father official think fire coach.
3959;3996;2;11/01/2026;Morning foreign price avoid.
3960;10398;4;09/12/2025;Forget begin themselves paper degree indicate.
3961;18518;4;22/03/2026;Because feeling build eat fund term feeling.
3962;257;1;18/10/2025;Decade serve behind alone guess quickly treat middle.
3963;11999;2;06/09/2024;Now name everyone.
3964;9397;1;20/07/2024;Purpose participant check picture condition task call.
3965;9810;5;09/10/2025;Consider term you detail deal dark while.
3966;17095;2;19/01/2026;Word resource old responsibility low.
3967;2153;3;26/08/2025;Surface body child peace.
3968;10302;3;15/07/2024;Area article such same.
3969;13238;3;27/12/2025;Medical market at suddenly use year key list.
3970;3788;3;02/09/2025;Vote tree ask break.
3971;15984;4;24/10/2023;Kitchen news ever television.
3972;19877;1;25/10/2023;Recognize better bit.
3973;796;3;18/02/2024;Future box difference tonight development politics sound if.
3974;15047;5;29/11/2024;Drop unit energy cause certain hold statement.
3975;15521;5;19/11/2025;Work take far.
3976;17201;3;19/09/2025;Analysis guy form learn.
3977;5436;5;20/11/2023;Coach bill few.
3978;17018;2;29/05/2024;Wind nice sense oil.
3979;18343;1;30/03/2024;Long one food clear early social recognize marriage.
3980;11771;1;30/08/2026;Bed loss lose safe.
3981;8284;3;07/10/2025;Moment interesting method day.
3982;2394;2;12/03/2026;Beat into account recognize.
3983;16380;1;02/11/2024;Radio help education business wall feeling north produce.
3984;15190;2;16/03/2024;Green tell every or would whatever hope.
3985;8698;1;09/02/2026;Surface image strong stay anyone.
3986;16633;1;30/01/2026;Message reflect so PM their his benefit.
3987;2169;3;09/07/2024;Report cause follow that enough present.
3988;16348;4;08/12/2025;Indeed answer article without defense question.
3989;16844;2;14/07/2025;Other race show southern.
3990;14430;2;04/03/2024;Take himself one.
3991;8850;1;28/12/2025;Score but white religious fast put.
3992;12825;4;13/06/2026;Memory up admit walk onto.
3993;4017;3;28/06/2024;Gas right plant police expect risk.
3994;6027;1;15/03/2025;Movie coach though save.
3995;17153;3;07/02/2026;Pick deal home player deal.
3996;14613;4;17/06/2025;Machine focus property president.
3997;5320;4;08/01/2026;Wear energy from whose concern.
3998;15010;5;17/04/2026;Conference none sport animal summer.
3999;15158;5;20/09/2023;Couple deep civil trial.
4000;19725;2;18/05/2026;Over once to interest owner.
4001;13174;4;20/01/2024;Number half time strong heart.
4002;15617;1;29/09/2025;Difference sing growth rock exist.
4003;15766;1;30/06/2026;Second trip hospital.
4004;18986;2;10/04/2024;History people similar again.
4005;19260;4;08/01/2025;East continue under throw star.
4006;12859;1;07/09/2024;Sign Congress language happen project require moment.
4007;9634;5;26/11/2024;Firm really pattern all member blue model.
4008;186;1;28/07/2024;Medical how reflect agency approach begin mind.
4009;1533;2;10/11/2025;After career agency start.
4010;5056;1;07/06/2025;Stand voice though beat within mouth.
4011;15216;5;05/07/2026;Song expert suggest event get everyone happen.
4012;10024;1;04/03/2025;Agent east total street discover night.
4013;5738;1;10/12/2025;Something role study eye.
4014;8164;1;15/10/2025;By day commercial include result.
4015;2874;5;15/08/2025;Concern fly produce fall lead leader week.
4016;3899;3;12/02/2025;Ahead federal particular despite director.
4017;1778;1;19/09/2023;American during face discussion thing then.
4018;303;1;15/07/2024;Always effect understand through.
4019;17675;5;25/06/2025;Must throw picture study he apply.
4020;10493;2;13/10/2023;Summer data require professor.
4021;284;5;16/09/2023;Member woman policy difference but.
4022;6733;1;03/06/2026;Former always unit threat.
4023;3155;2;01/01/2024;Laugh when game open.
4024;6742;4;08/02/2025;Forward success speak better none.
4025;6006;3;18/08/2025;Well number teacher result.
4026;4694;2;30/07/2026;Star political stop their act over.
4027;19430;3;12/10/2023;Rich take worker lay economy.
4028;9323;5;21/06/2025;Third popular third.
4029;13638;4;24/04/2024;Us hold capital can something house although thus.
4030;8549;5;10/04/2024;Base meeting expect natural each pick everything lay.
4031;18894;4;22/10/2024;Game ready year who majority main long.
4032;3671;3;26/12/2025;Yet nature land many daughter upon weight.
4033;13974;3;21/05/2026;Water happy take create church make right radio.
4034;17779;1;29/12/2024;Painting pressure live answer.
4035;8525;5;05/06/2024;Show suffer contain describe policy hair base.
4036;12229;5;14/10/2024;Teach game interesting accept yet.
4037;5053;5;09/01/2025;Year sign may off.
4038;16208;2;01/04/2025;Break look we whatever.
4039;18625;5;29/01/2024;Another bill table economy.
4040;16479;5;05/12/2025;Religious protect simple education price.
4041;663;1;08/09/2025;College plan remember arrive someone many four.
4042;9774;2;25/05/2024;Weight allow front.
4043;17624;5;28/01/2025;Section state lead space billion hand.
4044;18386;4;24/02/2025;Challenge contain minute million.
4045;12655;2;13/09/2025;Some show she big.
4046;4143;2;15/11/2025;Recent cut appear put rule woman none write.
4047;9864;5;08/09/2026;Increase close TV reflect paper.
4048;18080;3;25/10/2024;Suggest seem help glass car behavior.
4049;13348;1;29/03/2024;Most cover product little role course reach.
4050;17722;4;17/02/2024;Price boy bit meeting organization.
4051;16364;5;24/12/2023;True open despite nothing wall open.
4052;18832;1;05/08/2026;There local again social fund or avoid economic.
4053;2004;2;29/11/2024;Network less low.
4054;17612;3;11/12/2025;Responsibility talk model.
4055;14258;4;09/07/2025;Picture piece defense continue program way song.
4056;12912;5;12/08/2025;Fine rest friend material.
4057;19834;3;19/03/2025;Take top building above people.
4058;9146;1;30/03/2024;Woman anything discover wind glass drop.
4059;10439;3;24/09/2023;Away could each within sit.
4060;2632;5;30/07/2024;Sister finally his pay.
4061;13806;2;18/05/2024;Recent at baby wait north argue report federal.
4062;3794;5;18/04/2024;Second race happy special sound others.
4063;2382;4;07/12/2024;Film fly skin learn work and shake.
4064;3613;5;03/06/2024;Hotel white wrong behind kid.
4065;3983;5;06/08/2026;Firm place share standard back hot us.
4066;5165;5;13/12/2025;Value million still concern.
4067;14994;2;04/03/2026;Process travel help send five north team.
4068;14781;2;20/03/2024;Me anyone traditional ahead hot majority enough for.
4069;10874;1;08/02/2025;Pretty mean newspaper professor local song minute.
4070;17216;2;05/06/2024;That possible special.
4071;804;5;18/06/2026;Involve together issue personal.
4072;1346;4;04/07/2024;Save general decision.
4073;19637;1;31/10/2024;Require might lot behind issue west year.
4074;18797;3;28/04/2025;Apply kind successful positive approach.
4075;13665;5;09/10/2024;Keep certainly space evening hour.
4076;7147;4;29/09/2024;Fine security how chance language.
4077;17289;1;23/06/2024;Until state result doctor.
4078;19858;1;12/03/2026;Compare thought know similar until.
4079;4950;4;18/03/2026;Major opportunity chair drug bit.
4080;14647;2;16/12/2025;Everybody reality design must.
4081;4873;4;04/01/2024;Discover reality drive choose measure like such.
4082;9673;5;30/07/2024;Fish push business mention.
4083;4306;4;28/05/2024;Consider mean little but.
4084;6925;5;10/09/2026;Picture me entire include.
4085;5547;4;04/06/2026;Him home western music become.
4086;10744;5;18/07/2024;State bring music style happen moment treat.
4087;6936;3;30/04/2025;Value magazine store same.
4088;2250;4;17/09/2023;Plan whole consumer.
4089;5599;2;21/03/2025;Main resource factor able fear gun stay.
4090;4104;3;08/04/2024;You keep provide dream character we indicate.
4091;15598;3;01/07/2026;First north carry another.
4092;922;4;06/08/2024;Cover and conference Democrat.
4093;1785;1;12/06/2024;Bed management dog way.
4094;13726;4;22/11/2023;Daughter south where tonight something bill write improve.
4095;13109;3;24/12/2024;Remain spend onto hundred citizen share consider.
4096;7028;1;27/07/2026;Daughter president purpose down environmental.
4097;10357;5;14/05/2025;Office together control create suddenly story.
4098;12816;2;10/04/2024;Enter ball program relationship industry outside beautiful.
4099;4852;4;17/10/2025;Summer up quickly conference decision community.
4100;14771;2;07/11/2023;Blood whether us reveal course author.
4101;5819;1;20/08/2024;Past rule billion draw music there magazine.
4102;1861;5;27/06/2025;Hot again together seek brother character.
4103;11797;3;30/12/2025;Star rock main other identify little important.
4104;12191;4;24/10/2025;Go cup arm knowledge.
4105;16508;5;25/12/2024;Her technology event around material grow beyond final.
4106;4915;3;01/02/2026;School audience reveal try.
4107;16642;2;30/09/2025;Arrive plant mention fast hot sell.
4108;10578;5;19/06/2026;Traditional energy each represent sometimes occur.
4109;9209;5;25/02/2025;Long lead skill no.
4110;7471;2;18/07/2025;Hour sort also Republican take door.
4111;6062;3;27/04/2025;Represent tough capital young international address reveal.
4112;12454;3;25/03/2025;Street Mr about leave member girl.
4113;7495;3;02/08/2025;Environment care line interview arrive.
4114;18069;4;16/06/2025;Fight maybe though.
4115;12338;2;19/05/2024;Plant third maintain room house small lot.
4116;10943;1;27/10/2024;Pay relate particular course beautiful half.
4117;4062;4;03/12/2025;Leader any follow point power.
4118;2125;2;21/12/2025;Experience expect team major base nature weight.
4119;14261;2;12/09/2026;Approach consumer mission more president visit.
4120;17702;5;20/06/2025;Serious especially practice remain.
4121;18561;1;01/07/2025;Subject ground various bag.
4122;16422;1;09/05/2025;Better clear how blue response.
4123;19568;2;21/11/2024;Civil woman campaign they wrong.
4124;8164;5;01/09/2025;A edge not see fast reveal.
4125;10371;3;04/10/2024;Trade theory investment Mr.
4126;8438;1;24/06/2024;Include it fine their.
4127;9259;1;01/02/2024;Fight method business national month real.
4128;2432;3;23/04/2026;Mother expect share.
4129;13714;2;02/05/2026;Number believe education lead.
4130;19388;3;17/02/2024;Late American where score pressure follow personal.
4131;4309;1;25/07/2026;Entire maybe happy focus these son.
4132;6260;2;13/08/2026;Poor entire market modern color major nation.
4133;7807;1;17/03/2024;Line those off program we from to.
4134;19938;5;07/10/2024;Fine technology add wish often.
4135;10448;2;13/10/2023;Wall never people more power.
4136;15918;3;17/05/2026;One by too.
4137;9327;5;02/01/2026;House government only now sell senior face daughter.
4138;10476;2;23/12/2023;Store big born kitchen area theory.
4139;10291;5;16/06/2026;Weight entire type other.
4140;1669;2;15/06/2025;Poor ahead surface your.
4141;7098;5;03/02/2026;Republican really this by.
4142;15710;4;04/05/2025;Computer still soldier happy under.
4143;13224;3;30/01/2024;Lawyer reveal him bank one away.
4144;19309;4;30/05/2025;Each word large.
4145;10299;1;04/02/2026;Coach resource author mean same economy.
4146;16060;4;23/06/2024;Beyond difficult simple stage reflect.
4147;10065;3;03/08/2026;Than music hotel officer performance again many.
4148;16442;1;17/10/2023;Door bill mouth decade audience lead purpose.
4149;1373;5;20/03/2024;Size worry majority right term cup bag drug.
4150;16998;2;19/08/2024;Memory doctor certain data probably.
4151;17828;2;29/03/2026;Position couple particular international any brother look yard.
4152;10464;2;18/06/2025;Court fast mention exactly what course.
4153;13635;1;06/03/2026;Pattern on under special key they.
4154;5000;2;24/03/2025;Foot describe citizen class product sing.
4155;18167;5;20/07/2026;Resource choice national computer sea.
4156;14898;5;23/11/2023;Strategy environmental us reach major deep personal take.
4157;14271;3;07/07/2026;Growth enter deep including art.
4158;6105;5;28/04/2025;Stop real early movie.
4159;4160;4;02/11/2023;What account develop necessary pick environment put.
4160;6052;5;12/05/2026;Floor now significant matter most mind.
4161;13948;2;02/04/2024;Argue have each speak him.
4162;9155;4;08/06/2025;Would size institution protect.
4163;11984;2;16/03/2024;Network phone order fire likely.
4164;9102;4;24/06/2025;Watch price similar better protect even.
4165;9718;4;11/10/2024;Across country instead expert teacher race know.
4166;14735;3;11/09/2026;Be us relate still else tax check mission.
4167;19049;2;14/03/2025;Talk financial style.
4168;18060;1;05/03/2026;Response training low drive speech guy high.
4169;12045;4;30/01/2025;Later good decide unit century bit time.
4170;9601;4;07/03/2025;True case clear example concern provide.
4171;19379;5;14/05/2026;Bag others personal man young among over.
4172;195;3;24/03/2026;Before send his issue teach.
4173;17221;5;18/08/2026;Pretty weight court song society energy fall.
4174;15710;5;14/03/2024;Drive leader audience nature with sometimes least.
4175;17918;4;26/03/2025;Challenge size evidence exist ten.
4176;5135;1;08/05/2024;Third tend rest organization her strategy get likely.
4177;11006;4;31/08/2025;Film move mouth yet often analysis.
4178;3524;4;04/12/2025;Able will these another what.
4179;3544;5;04/04/2026;Style agency build evidence society.
4180;15728;4;25/07/2026;Ever any matter out future.
4181;5279;2;14/05/2026;Stand audience American bag huge rate.
4182;19235;3;13/01/2025;Relationship off you new environment.
4183;13771;2;21/09/2023;Test parent national this get out.
4184;5008;1;14/01/2026;Radio wear beat.
4185;13583;3;21/09/2024;Evidence outside professor price no debate matter table.
4186;14653;4;12/07/2026;And must level money field reflect.
4187;16056;5;29/12/2025;Director three include support husband stay wife.
4188;14955;4;03/03/2026;Dream player how picture with.
4189;5007;4;22/10/2023;Through record hotel.
4190;5194;4;26/05/2026;These strong treatment allow general.
4191;10782;5;19/03/2025;Political way ever director.
4192;5083;1;14/06/2024;Gun example popular.
4193;17012;3;23/11/2024;Local off attack thing high standard ground.
4194;1511;2;24/10/2024;Others nothing wind term wind yourself hit here.
4195;2894;2;13/06/2024;Religious wide society financial beautiful.
4196;18890;5;05/10/2024;Paper material paper hundred.
4197;3707;4;11/11/2023;Gun recognize return decade security notice big month.
4198;14632;5;07/11/2023;Contain until question information leader sport also education.
4199;457;2;07/04/2026;Boy necessary stay usually as mind.
4200;1914;5;23/08/2025;Add strategy usually turn budget home.
4201;2527;4;23/12/2025;Painting race pretty play nation sister fall.
4202;10789;1;30/10/2023;A condition avoid game trip after us.
4203;2517;3;21/06/2025;Give else goal able.
4204;16191;4;18/12/2025;Them area candidate born then food determine.
4205;3266;1;10/05/2026;Use series against body purpose walk true already.
4206;1525;1;17/09/2024;Heart establish wish exist building some family.
4207;9743;1;09/07/2026;Business since land chance boy.
4208;221;4;21/01/2026;News window home reduce their yes research.
4209;16785;1;11/10/2023;Gun we table free.
4210;4195;4;24/02/2025;Indeed nearly agree information.
4211;8310;1;11/02/2024;Debate pattern matter understand baby spring.
4212;17980;3;08/04/2024;Article treat serve issue detail early.
4213;12101;1;15/05/2026;Raise try Mr another.
4214;17281;1;01/11/2023;Ready area into would inside response doctor.
4215;15845;1;22/09/2024;Suddenly figure address administration establish him.
4216;13973;1;29/08/2026;Care want price allow war speech.
4217;1971;3;02/07/2024;Help item nothing actually here remain.
4218;3604;3;03/08/2026;After necessary create care class guy.
4219;11629;3;03/09/2025;Social one house.
4220;14464;2;02/09/2025;Yet very former Congress situation return.
4221;3000;4;28/02/2026;Home citizen maybe then involve war scene.
4222;10147;5;05/04/2024;Easy huge imagine successful.
4223;15044;4;28/12/2024;Movie commercial main religious adult rather officer soon.
4224;18693;5;31/12/2023;Attack prepare success.
4225;5380;2;18/06/2024;Space coach whether recognize report water.
4226;5132;2;04/04/2025;National draw vote hope sport.
4227;18694;1;23/01/2024;Fact keep ago movement.
4228;1847;2;24/01/2026;Street listen physical player impact even.
4229;7357;5;20/11/2024;Practice state feeling.
4230;16341;5;06/09/2026;Hot foot bit amount risk.
4231;6777;2;22/10/2025;Television audience figure task western throughout.
4232;2357;3;10/10/2024;Number argue another artist.
4233;2990;1;20/02/2026;Drop stay politics head.
4234;8313;1;25/02/2024;Serious listen however himself theory parent.
4235;13306;5;15/01/2024;Operation world fire might white ready.
4236;7474;3;29/02/2024;Middle morning dinner vote whole.
4237;6280;4;11/01/2024;Market break scientist action in.
4238;3557;5;11/07/2025;Into her heavy wish capital real lead their.
4239;15925;4;04/05/2026;Her stock most case explain.
4240;3723;3;19/09/2024;It late democratic exist decision city old hair.
4241;11730;5;18/06/2024;Institution glass recent camera.
4242;14667;4;29/10/2023;Maintain mention age.
4243;9097;1;18/05/2024;Here he although modern something economy really.
4244;4752;3;07/12/2023;Who teach safe allow.
4245;10689;1;12/12/2024;Finish deal individual even.
4246;17586;5;24/11/2023;Right can another case particularly.
4247;17584;4;16/02/2025;Remain draw front guy cover large.
4248;14023;2;24/06/2026;Chance catch officer exactly again thing.
4249;18620;2;03/04/2025;None least piece performance kid usually.
4250;7290;4;12/05/2026;Less film five loss save conference.
4251;15640;4;30/08/2025;Pressure affect tend understand catch perhaps entire.
4252;16079;2;05/06/2026;Church bar hot board than rule pressure.
4253;19568;4;22/06/2025;Thank meeting child democratic father successful quality while.
4254;2145;3;03/11/2023;Read enjoy than lay.
4255;4217;4;04/02/2024;Important some phone condition car leader.
4256;19598;4;02/05/2026;Into or ground when idea enough again.
4257;10426;4;10/06/2026;Notice want word research sound nearly couple guess.
4258;566;1;22/06/2026;Computer glass response wall staff.
4259;2129;5;26/07/2026;Direction single item nor.
4260;1104;3;20/06/2025;Reality seek middle determine human ready seek.
4261;8993;1;23/03/2024;Whom themselves marriage body.
4262;14559;2;04/03/2025;Fast company run travel scene until.
4263;7206;3;07/08/2025;Force involve know join near.
4264;16266;2;02/09/2026;She thought six city power.
4265;1965;5;05/09/2024;Throughout room claim whose.
4266;3500;3;07/07/2026;Factor exactly value mind despite.
4267;17441;4;25/08/2025;Size employee production stop statement.
4268;7396;4;09/10/2024;Attention task nearly product impact.
4269;9251;3;17/07/2025;Officer as test window about next play professor.
4270;5744;5;18/09/2024;Friend carry local.
4271;2626;2;15/02/2025;Large so program I learn.
4272;18724;1;24/01/2025;Size me in town box.
4273;12097;5;08/04/2025;Point wonder final government crime.
4274;17454;4;13/10/2023;Service measure positive decide thus.
4275;16532;3;05/04/2025;Whatever bad look support and.
4276;1571;2;09/07/2026;Spend sport education TV practice leg.
4277;1484;3;12/05/2025;Executive political often which term.
4278;15262;5;18/05/2024;Usually travel laugh.
4279;16001;5;11/03/2026;Scientist ask several suffer clearly shoulder participant.
4280;312;2;25/06/2024;Voice could benefit factor benefit.
4281;8171;4;12/03/2024;Employee stock knowledge while.
4282;12868;4;24/09/2024;Event trade happen just it.
4283;13498;5;30/01/2024;Stuff meet agree hard owner.
4284;19300;3;09/04/2026;Close her trade it security discover truth.
4285;3687;2;24/12/2024;True spring top wonder sister.
4286;10449;5;06/04/2024;Never point now address wife action.
4287;11798;5;03/06/2024;It fill send politics economic occur its anything.
4288;17116;3;21/04/2025;Build sell ready really study sport.
4289;19732;3;16/02/2024;Next now its.
4290;19086;5;27/01/2026;Pull per bring Republican recognize arm side professor.
4291;1549;2;03/01/2025;Education everyone green water during just.
4292;3807;1;03/02/2024;White thousand seven investment go end.
4293;8813;3;19/10/2023;Color west two lawyer.
4294;18615;4;24/01/2024;Artist discover entire company charge.
4295;17564;4;18/08/2024;Difficult she write.
4296;6332;3;29/07/2026;Magazine morning me allow.
4297;16608;3;01/10/2025;Heavy hit data player.
4298;2166;5;09/04/2026;Live around quickly.
4299;15836;2;12/03/2025;Including hear key care window.
4300;1655;2;28/12/2024;Grow seat already feel ask.
4301;384;5;20/11/2024;Buy west fire minute second theory.
4302;10428;1;25/02/2025;Force speech give think young tend.
4303;11204;3;29/06/2026;Near win fear.
4304;14768;1;23/01/2024;Price without whether per right.
4305;14627;4;04/10/2025;Certainly agency suffer four collection.
4306;16163;4;29/09/2023;Whether dark present.
4307;9175;1;10/06/2024;With answer argue prepare bag him.
4308;244;3;10/09/2024;Happen pick day name score agree scientist.
4309;2340;2;23/08/2025;Recently give special group call he value.
4310;5358;1;01/04/2024;Chance talk visit behind point reason number ball.
4311;15392;1;23/08/2026;Product cell sit ask point more expect.
4312;16836;1;09/11/2025;Grow cold company real party hear.
4313;7264;4;01/01/2025;Several way difference mind my.
4314;15357;3;26/12/2023;Nature west daughter family.
4315;2001;4;21/04/2026;Many ask garden with.
4316;12810;4;30/10/2023;Society behavior seven produce soldier pretty ahead help.
4317;8109;5;30/03/2024;Board style yet traditional daughter.
4318;18829;5;04/09/2026;Deal TV public author.
4319;9936;3;04/03/2026;Less century sometimes officer artist more after.
4320;16744;4;14/12/2024;Similar yeah yet method idea talk.
4321;6690;3;02/01/2024;No forget energy every.
4322;16863;3;04/08/2025;Discuss ready ok more increase.
4323;14362;5;02/02/2026;Girl manager return side leg.
4324;17635;3;10/07/2025;Trial material including raise.
4325;5335;2;23/11/2024;Turn guy still cold crime fine different.
4326;14709;4;07/01/2024;Yet field call international imagine act.
4327;2458;3;20/01/2025;Himself pressure development rise citizen.
4328;7442;5;20/04/2026;Machine each western those above right.
4329;13558;1;07/04/2026;Such radio kid yes.
4330;9256;2;02/07/2026;Mrs rate make word.
4331;16556;3;29/03/2025;Follow sit table social style.
4332;14827;3;08/04/2026;Important visit fact third age exactly.
4333;10278;4;12/11/2024;Fill product already know modern medical effort daughter.
4334;19675;1;07/06/2026;Pressure garden phone opportunity above.
4335;3716;3;16/05/2025;Military message enough already open radio.
4336;8943;1;18/02/2026;Black account available near news local.
4337;2179;2;04/04/2026;Add stage month hold.
4338;17052;5;26/03/2024;Gun read mind lose it.
4339;5088;4;12/08/2024;Entire better make pass.
4340;13343;2;01/04/2024;If community middle foot quality yet.
4341;5838;2;14/12/2023;Memory summer student stock goal ready name small.
4342;1794;5;17/07/2026;Before voice Congress accept field spend price indeed.
4343;10609;3;01/03/2024;Last cultural onto turn arm end old.
4344;4439;3;16/09/2025;Ahead record than operation standard policy despite.
4345;12157;5;09/10/2025;Happen itself interview.
4346;7711;2;27/12/2025;Say though new.
4347;18238;1;11/01/2026;Court positive center.
4348;16188;2;01/04/2026;Minute different north laugh commercial finally high.
4349;17245;5;07/01/2025;Think energy account can purpose.
4350;14347;4;02/02/2025;Add memory opportunity song scientist century.
4351;8025;1;23/04/2024;Still simply like shoulder spring ground teacher.
4352;17805;4;13/10/2025;Several name nation there.
4353;2204;3;13/04/2025;Product follow financial.
4354;5546;4;27/09/2023;Meet list real line simple.
4355;6967;1;05/02/2024;Customer agent reduce far.
4356;9671;5;15/07/2026;Risk return question serve nothing.
4357;4927;3;27/12/2024;Buy especially poor.
4358;7746;2;31/05/2025;Many current region religious.
4359;5758;3;05/05/2025;Road money stay Republican capital.
4360;13251;4;10/06/2025;Manager local listen arrive deep dog international.
4361;1093;3;02/02/2026;We car federal among around industry.
4362;7620;1;03/09/2024;Bank several require only store.
4363;5238;3;22/12/2025;Heavy move fire.
4364;3501;3;26/12/2023;Region bar spring within face your.
4365;9882;1;31/05/2026;How discussion miss necessary difference cultural affect international.
4366;3138;1;20/10/2023;Community leg night draw produce manager quickly follow.
4367;1705;4;14/12/2025;Find agreement clear once lay spend.
4368;12610;4;26/10/2023;International southern appear again Mrs smile.
4369;14149;2;18/12/2023;Generation long strategy.
4370;2220;4;13/07/2024;Final bill picture laugh add letter control.
4371;4718;5;14/08/2024;Imagine require property your decade game attorney hit.
4372;14079;5;15/01/2026;Office wife difficult late loss executive room.
4373;1659;5;23/05/2024;High condition collection TV.
4374;8371;2;14/06/2025;Player pay million former parent short.
4375;12520;5;31/03/2026;Eat kitchen feeling.
4376;3303;5;27/05/2024;Executive term every security sound never.
4377;18010;1;13/01/2026;Shake trial fill our finish.
4378;17451;1;01/06/2024;Under voice word whether specific.
4379;11375;5;12/02/2024;Final treat ground action increase part.
4380;4728;5;25/11/2024;Plant rest artist threat offer perhaps.
4381;10954;3;30/09/2025;Activity several arrive daughter structure defense buy.
4382;10304;5;06/04/2025;Can hour modern car half area.
4383;5509;3;20/12/2024;State hard also reach.
4384;1911;3;16/01/2026;Prepare person not such bag child character.
4385;11434;1;12/02/2024;Single defense understand coach charge decision.
4386;6585;4;07/10/2025;Relate social blood protect street rest federal.
4387;7908;4;18/04/2024;According next score ever candidate.
4388;8288;1;17/03/2025;Son challenge draw threat.
4389;9861;2;21/05/2024;Save popular ability strong form piece everyone.
4390;15674;2;21/11/2023;According but fall certainly real Congress most.
4391;9637;3;19/06/2026;We happen course water environment tough trial sister.
4392;12141;2;27/09/2024;Cover decision order wait.
4393;12093;3;17/12/2024;Environment others quite hard buy same.
4394;18895;4;30/05/2024;Brother not through husband agent.
4395;12482;5;19/06/2026;Significant fall score last clearly others.
4396;10660;4;22/02/2024;Value style vote also edge within modern.
4397;9616;1;07/10/2024;Result loss develop home.
4398;16041;2;03/09/2025;He trouble adult four world allow word listen.
4399;19099;5;19/06/2026;Matter shoulder spring citizen.
4400;4835;1;02/07/2025;Just down book night.
4401;1920;5;21/09/2023;Expect drop someone.
4402;13233;3;15/07/2026;Education assume cell break decide health.
4403;18184;5;05/03/2026;On always yeah PM condition with bar.
4404;15005;5;11/10/2024;Executive statement politics return today.
4405;4895;1;24/02/2026;May star thought visit go government.
4406;15777;2;07/05/2026;No candidate why number just since.
4407;15524;1;16/08/2025;Focus laugh traditional skin.
4408;13392;1;24/03/2025;Back more certain energy our serve enough soon.
4409;13299;4;01/06/2025;Daughter affect state today.
4410;4320;2;11/01/2024;Hotel old hard will scene anyone pretty health.
4411;8568;2;07/04/2025;Discover simple member economy.
4412;6967;3;09/10/2023;Single music top despite itself.
4413;13806;3;21/10/2025;Charge minute well within letter perform.
4414;1699;5;26/02/2024;Receive film top moment person order.
4415;14794;3;04/07/2025;North really course worry treat degree.
4416;17835;5;02/12/2024;Under our door.
4417;5878;4;03/03/2026;Already allow list fire serious middle source ever.
4418;8523;3;20/04/2026;Lead at cost check close always.
4419;11774;5;21/12/2023;Age why class dinner face most.
4420;1973;5;06/11/2023;Project change couple company bag new.
4421;2637;3;21/04/2024;Believe director quite campaign type smile.
4422;2463;2;11/12/2024;Large produce treatment bill method.
4423;14664;1;07/01/2025;Present my leg similar table especially.
4424;18411;1;29/01/2024;Who southern anything computer day story.
4425;18719;1;14/07/2026;Drop better read strong.
4426;15514;3;31/08/2024;Fact seven human training.
4427;7887;2;27/07/2025;Trip this feeling hand late.
4428;5432;3;13/05/2024;Remain some current note job who avoid.
4429;19223;3;07/04/2024;Middle society young the.
4430;17018;4;07/01/2026;Reflect conference threat explain dinner general Democrat.
4431;7459;1;17/03/2025;Program carry sense simply defense foreign attack.
4432;7705;1;20/08/2025;Back million foreign seek.
4433;17529;2;22/12/2023;Teacher national yard produce health know weight image.
4434;7839;3;12/07/2026;Yes generation security or push very head.
4435;15402;5;09/12/2024;Partner Democrat free try.
4436;4984;3;31/10/2025;Turn available station raise else.
4437;2386;3;12/07/2024;Theory cold kid plan agent rise.
4438;12617;5;31/12/2023;Certainly fly evening politics policy none read.
4439;9647;4;15/11/2023;Expert air issue nature business including lawyer individual.
4440;19734;5;23/08/2026;Federal much spend hot difference heart send.
4441;12406;3;11/04/2025;Final outside close night see young.
4442;14034;2;16/03/2025;New side condition father seat anyone character.
4443;10522;5;12/06/2025;Per green remain middle another we.
4444;18642;3;29/11/2025;Find last dream off bad.
4445;1056;5;13/12/2023;Series traditional laugh early.
4446;3871;1;27/08/2024;Culture box state attorney five.
4447;8773;1;19/08/2026;Together particular any my fear dark worker.
4448;15412;5;01/12/2024;Certain result customer stop democratic letter purpose.
4449;15707;3;14/03/2024;Manager both best parent the.
4450;7999;2;05/03/2026;Visit trial indicate side interview dinner friend finish.
4451;10175;1;05/05/2026;Couple class wall save particular list bad the.
4452;8101;5;26/03/2024;Really point western increase week whom.
4453;2287;2;05/01/2024;Environment kind prepare effort two after develop and.
4454;12956;1;31/10/2025;Trouble successful number here activity.
4455;2563;1;14/02/2024;Weight thought factor arrive single nothing.
4456;15708;3;06/04/2025;Off seven power foreign.
4457;6837;3;23/02/2025;Rate to change shoulder focus vote.
4458;5301;1;11/02/2026;Rule perform able cut receive.
4459;8822;1;29/03/2026;Ready power if research product call.
4460;13132;5;14/02/2025;Believe ground hit.
4461;18257;1;13/11/2025;Authority blue training note star this.
4462;168;3;01/10/2023;Wife family economic final.
4463;4751;5;10/03/2025;Visit well onto talk.
4464;10408;3;04/04/2026;Window fast sing.
4465;4518;2;19/11/2024;Successful interesting we particular born car.
4466;13182;4;11/04/2026;Along chair into north onto night.
4467;9952;2;19/07/2026;Specific area nature single increase contain.
4468;12298;1;21/11/2023;Beat ready kitchen interesting know question tough position.
4469;2964;5;26/08/2026;Listen remember meet trouble none.
4470;19170;1;14/10/2025;Several at shake indicate million strategy.
4471;11943;5;21/06/2024;Authority apply return term.
4472;10635;2;30/08/2025;Himself past run note maintain generation.
4473;12290;3;06/09/2026;Someone at his hundred modern home.
4474;550;4;05/03/2025;Difficult five all relationship prove woman.
4475;2829;2;17/06/2024;Term lead save today beautiful window sure.
4476;9751;5;11/06/2026;Suggest close catch determine bed degree board.
4477;9209;2;21/10/2023;Interesting market enough site mention level indicate.
4478;3853;5;05/11/2023;Hour choice watch local boy but.
4479;14184;3;22/12/2023;Pattern loss fast.
4480;12799;3;16/08/2024;Green stand including stop.
4481;13480;4;08/04/2025;Relate describe foot score sea.
4482;5957;1;03/07/2025;Yourself stuff because six.
4483;9876;2;24/07/2024;Any road season.
4484;14149;5;22/01/2026;Reason key there cut fish language.
4485;4300;1;03/07/2024;With travel dinner him sense put possible.
4486;13887;4;23/10/2024;Worry election difference fish physical put.
4487;19987;5;24/11/2023;Why song on change short exist.
4488;9734;2;09/12/2023;Soldier quite executive relationship our.
4489;1707;3;17/09/2023;Science how help plant staff mean.
4490;17957;5;31/10/2025;Discuss article bank cup work.
4491;13608;1;06/05/2024;Similar north number begin real certainly how family.
4492;8592;1;27/07/2025;Very star least identify vote large research.
4493;9634;5;25/05/2026;Newspaper at fly but decide.
4494;11443;3;20/04/2026;Into officer agree system also trouble tend purpose.
4495;13763;5;17/06/2024;First prepare successful evening what.
4496;13903;2;29/04/2025;Stuff husband painting try animal foot.
4497;12774;1;06/04/2026;Professor page real hear.
4498;10499;1;22/01/2025;That economy they.
4499;14988;3;28/09/2025;Floor break boy itself.
4500;4152;2;23/04/2024;Single would anyone mention.
4501;9699;5;14/05/2024;Huge agree ahead culture watch morning southern sport.
4502;15302;5;02/03/2025;Resource room sound man suggest minute.
4503;13760;1;26/03/2025;Identify recently ability election.
4504;2594;3;23/05/2025;Somebody activity everyone turn executive.
4505;6451;3;03/05/2026;Lawyer piece feel several sport indicate story.
4506;6333;2;07/07/2024;Win two reason beyond wind.
4507;14908;3;12/07/2024;Everyone simple contain consumer.
4508;11245;1;18/09/2023;Listen quality vote ten job.
4509;15784;4;06/03/2026;Citizen order physical decide end statement.
4510;15560;4;10/01/2026;Tv research pattern care describe.
4511;14464;5;12/05/2024;Thought risk now.
4512;1956;5;06/08/2024;Ok fine finally always.
4513;4409;4;06/02/2026;Security yeah feeling and spring brother what cause.
4514;10907;3;15/06/2024;Mention general face since.
4515;8614;3;05/08/2025;Result certainly response with.
4516;14779;1;30/01/2024;Really than practice.
4517;9571;4;12/11/2024;Represent change actually vote always hundred family beautiful.
4518;8019;5;05/12/2023;Significant office join tree.
4519;11154;4;19/03/2024;Who significant environment concern unit should simple hold.
4520;1201;2;15/05/2026;Teach whole forward administration myself since sure.
4521;13208;1;21/06/2026;Let price outside condition.
4522;4009;4;10/03/2026;Find fire other relationship table see.
4523;16963;5;28/12/2025;Republican maybe challenge.
4524;18309;2;02/06/2026;Government it study candidate large building rate.
4525;16701;4;27/01/2025;Training start news drop.
4526;17864;3;25/02/2025;Me customer image ever other.
4527;4765;1;13/08/2026;Car other college tonight race value argue.
4528;207;2;20/05/2026;Defense pick short kind.
4529;18844;3;30/08/2024;Summer go building world good film executive.
4530;16650;1;09/12/2025;Truth minute seem face everything green ok care.
4531;5878;1;09/11/2023;Point for hope discuss decision ball behind stuff.
4532;9418;3;12/10/2025;Rich make newspaper despite room fly.
4533;393;3;21/01/2024;Ask quickly whole spring subject into.
4534;5979;4;26/06/2024;Project himself four spend.
4535;3947;1;03/09/2024;Health yourself manager son magazine usually evening.
4536;17197;4;26/04/2024;Believe low test.
4537;17480;4;21/02/2024;These radio southern out might.
4538;17280;1;04/12/2023;Which above drop foreign accept parent source choice.
4539;9317;4;06/08/2026;Or strong great follow.
4540;9071;4;04/07/2024;Run kind ready determine culture represent president better.
4541;12169;1;03/02/2025;True age you feeling war really research.
4542;12400;4;09/01/2025;Agent brother quite concern opportunity.
4543;13152;4;20/08/2024;Case fish center kitchen he.
4544;12444;4;24/09/2024;Certainly assume rise standard.
4545;14642;4;29/06/2025;Until support its since.
4546;18339;3;07/08/2025;Safe large marriage trade budget former one task.
4547;15367;5;16/04/2026;Result product safe position media majority successful.
4548;17067;1;05/01/2024;You eye former each now total soon two.
4549;6632;4;21/03/2025;Place west night hear.
4550;12211;5;21/01/2026;Former possible area.
4551;510;5;20/08/2026;Sense some thus ready far point.
4552;7064;3;31/12/2025;Especially number worry.
4553;10127;3;31/07/2026;Data reason boy there.
4554;2544;5;22/05/2026;Step history can mention easy possible.
4555;10183;3;24/10/2023;Interest bank offer order any too attention science.
4556;6571;1;15/08/2025;And discussion us may.
4557;10386;4;20/06/2025;Ready fight hour.
4558;19232;4;26/09/2023;List when describe we receive far.
4559;8169;2;28/10/2025;Carry someone safe seat per believe training.
4560;1894;4;29/12/2024;Improve friend party above design.
4561;3735;4;21/03/2026;Both through during possible per whatever art.
4562;13038;1;05/08/2024;Mrs card decision huge unit onto long.
4563;2170;5;20/12/2025;Thought here break camera purpose specific.
4564;5981;5;03/12/2025;Specific Democrat hundred amount.
4565;18168;5;31/03/2025;View factor another plant similar former police.
4566;1000;5;24/10/2024;Population career month break news focus simply him.
4567;3182;4;16/09/2024;Respond management half crime water.
4568;8666;1;09/04/2025;Name measure unit tonight.
4569;5808;5;01/12/2024;Lead personal few generation successful.
4570;19367;1;21/03/2025;However dog standard former life turn.
4571;11411;1;17/02/2026;Cold pull team fish include.
4572;16964;2;02/04/2026;Music light those.
4573;19673;4;13/10/2025;Tough fear reality play reveal food chair.
4574;4792;2;21/04/2024;Next fund identify improve candidate.
4575;4554;2;16/02/2026;Herself should baby easy discussion.
4576;3016;4;12/03/2026;Mention product simple laugh nothing inside.
4577;18778;5;12/02/2025;Half major its discuss yes.
4578;4056;5;24/01/2026;Involve baby others customer nature manage respond.
4579;11342;1;12/02/2025;Situation easy number born safe.
4580;1850;1;24/03/2024;Just member spring they.
4581;17246;5;01/01/2025;Statement PM behavior thing just student model.
4582;16362;4;15/03/2024;Series option shoulder.
4583;13401;3;15/10/2025;Standard bill tonight probably product.
4584;17284;1;03/07/2026;Method ability sort writer cut necessary.
4585;11204;1;18/07/2026;Audience lay model red drop worker south.
4586;19993;2;10/09/2024;Health degree rather each wear full center figure.
4587;17611;1;17/08/2026;Nice however yourself maybe finally.
4588;11813;4;28/11/2024;Difference reason laugh card suggest collection must.
4589;17166;2;11/09/2026;Decision few visit subject.
4590;6967;3;28/07/2024;Dark run during window.
4591;500;1;18/01/2024;Section training public face.
4592;4763;3;09/04/2025;With PM forward fact west statement.
4593;680;1;10/07/2025;Face ahead sign Mr many.
4594;6260;3;24/04/2025;Receive player own book manage morning offer.
4595;17813;4;18/01/2026;Wife hair why.
4596;515;4;15/08/2026;Effort course spend improve similar.
4597;7435;4;13/04/2025;Seven test phone ready forward risk.
4598;5299;1;10/10/2024;No already remember may PM over.
4599;6389;5;21/10/2023;Shake work bed.
4600;14526;1;26/05/2025;Mrs book again huge industry.
4601;1730;2;02/10/2023;Recently find box would.
4602;11424;5;09/02/2024;Include effort forward quickly consumer.
4603;13896;3;11/05/2025;We can country issue report.
4604;13866;1;12/08/2024;Anything challenge nearly article.
4605;10949;5;30/10/2023;Family language discover whom reality common.
4606;4879;1;11/08/2024;Under story recent him.
4607;15623;5;20/01/2026;Southern star significant to audience out.
4608;14235;2;10/07/2024;Like market score me partner defense.
4609;537;1;25/12/2023;Pull think off where knowledge.
4610;16919;2;04/10/2023;Big become would stuff.
4611;18351;2;28/08/2025;I trade race about room.
4612;15468;3;05/06/2026;Thought everything lot so.
4613;9927;3;30/12/2025;Song model rest word service.
4614;8796;3;20/11/2023;Above positive true respond into fine of.
4615;17835;5;06/06/2024;Live ten pretty hold.
4616;2842;1;15/12/2023;Picture in free society tonight indicate.
4617;19077;2;30/09/2024;Sell throughout conference worker environment.
4618;1897;5;09/01/2026;Memory loss either.
4619;13476;4;01/02/2026;Game indeed the sign relate.
4620;10509;2;30/03/2025;Politics discuss first experience watch director.
4621;17878;2;18/01/2025;Attack hair bill would election.
4622;4241;5;14/10/2024;Project health ever student.
4623;17698;4;03/11/2023;Security after have nice goal future chance.
4624;17249;3;05/06/2024;Pretty become clear spend sell.
4625;13642;3;04/07/2026;Course democratic accept my less appear carry.
4626;13366;2;30/09/2025;Strong customer beat road happy.
4627;2445;4;21/06/2024;Figure organization Democrat big nation establish sell.
4628;11559;3;06/10/2024;Throughout special news.
4629;114;4;12/09/2024;Me end into.
4630;516;5;19/02/2026;Present market defense miss hold never.
4631;7450;2;16/05/2024;Travel indicate hotel cover policy.
4632;5143;2;22/01/2024;Science note five professor low.
4633;17232;1;14/04/2024;During author help water edge professor.
4634;3793;1;10/03/2025;Reach speak make government can former read.
4635;17091;4;12/05/2025;Accept should some professor eat court.
4636;7223;4;23/03/2024;Lot practice dog.
4637;264;5;31/07/2025;Himself already recently through.
4638;6710;1;18/04/2024;Heavy bad term number world likely place.
4639;18519;1;06/05/2026;Suddenly together shoulder home.
4640;9321;2;12/08/2024;Cut least poor available purpose blue.
4641;4440;5;19/08/2024;Condition inside answer fall pretty.
4642;14828;1;19/04/2026;Player pick affect science lot feel within time.
4643;3867;1;31/01/2025;Last every quite firm phone.
4644;5645;1;30/04/2026;Five score pay specific Mr true executive.
4645;6600;2;30/10/2023;Structure politics trouble key data resource nation.
4646;11068;2;30/01/2025;Full process discussion process.
4647;11851;5;06/10/2023;No now hold happen.
4648;10911;3;22/06/2026;Card throughout yes quality tell conference table training.
4649;17181;5;12/03/2025;Life while true great teach this society about.
4650;7205;4;14/09/2023;Call instead partner enter.
4651;9117;2;04/05/2025;Unit really series media.
4652;2395;2;24/08/2025;Manage energy often guess.
4653;3792;2;11/05/2024;Friend coach quickly concern safe.
4654;5719;2;21/12/2024;Fine difficult political agree plant.
4655;7513;5;18/07/2024;Girl matter go floor line support.
4656;1723;5;09/05/2026;Safe direction reason available exactly.
4657;13777;2;24/08/2025;Himself culture happen crime safe I her film.
4658;625;5;14/10/2024;Quality be parent note.
4659;15099;5;21/05/2024;Open seat authority true dog those.
4660;18708;5;21/05/2025;Agreement leader hundred play up call.
4661;10844;3;18/06/2026;Response participant door around check establish discussion.
4662;2187;1;13/06/2025;Candidate hour figure which site national data.
4663;3342;1;15/08/2025;Material foot teach candidate floor.
4664;3064;5;30/04/2025;It option almost right.
4665;8474;5;12/01/2026;Mr summer race probably.
4666;11261;1;19/07/2026;Reason leg individual religious information themselves.
4667;9718;1;10/03/2024;Spend call staff usually mother throughout treat.
4668;977;5;08/05/2026;Explain history forget country including rich western.
4669;5737;3;14/07/2024;Hard especially least charge strategy.
4670;4960;4;05/04/2024;How quality head whose past.
4671;735;1;21/06/2026;Time some community performance break catch step.
4672;13051;2;02/10/2023;Agency nation rule or say nature reflect likely.
4673;12995;1;01/05/2024;Claim walk next might.
4674;10034;1;01/10/2024;Heart win staff increase food.
4675;6270;2;14/05/2026;Show respond understand everything.
4676;6670;3;05/10/2025;My debate hour well why safe.
4677;12118;5;22/07/2026;Institution car always like.
4678;15081;5;13/11/2025;Major center price do project store street Republican.
4679;2979;1;22/07/2024;Their reach decide run example.
4680;9237;3;23/02/2025;Anyone more unit include.
4681;15444;2;15/12/2024;Local world however any eight sister rather.
4682;2138;3;09/04/2026;Give loss eat cell.
4683;19549;3;16/02/2025;Machine at head write statement top.
4684;9597;2;08/04/2024;Born source rather wall Mrs away a environmental.
4685;2155;2;07/02/2024;Vote kind watch deal remain.
4686;3806;5;14/04/2025;They result now figure.
4687;4215;4;02/12/2023;Would film work.
4688;398;4;07/01/2024;Own commercial land each yes use candidate.
4689;2273;3;01/06/2025;Pattern season method tree challenge.
4690;7941;4;02/01/2026;Space political million everyone crime my job.
4691;12017;5;13/11/2025;Hand culture anything.
4692;4639;4;29/11/2025;Stage create cup much.
4693;9623;5;31/12/2025;Including before challenge serious end air.
4694;1704;4;09/11/2025;Security have parent throw.
4695;13364;1;12/02/2025;State car activity animal.
4696;11131;5;19/06/2025;Politics work wrong billion high.
4697;8233;3;03/09/2025;Piece color street window small none factor.
4698;3849;5;09/04/2025;President soldier watch travel.
4699;5155;3;17/12/2024;Give should draw available his.
4700;16725;4;03/01/2026;Born moment center.
4701;3245;1;11/10/2023;Difference hotel away technology present require than authority.
4702;5974;2;08/11/2024;Strong modern new.
4703;8;5;29/09/2023;Beyond majority economy air exist marriage.
4704;3193;5;24/02/2024;Surface quite hundred form production feeling program.
4705;4078;1;07/08/2025;Arrive difficult science.
4706;390;3;21/08/2024;Ask moment next ago.
4707;19774;2;02/06/2026;Expect baby both never explain subject show.
4708;12979;4;05/12/2023;Country choice traditional.
4709;17040;4;08/11/2024;Response modern act moment speak else piece.
4710;19219;2;29/04/2026;Major give war however American itself.
4711;18659;3;07/11/2025;Middle street past certain.
4712;9758;1;30/11/2025;Area he religious wrong.
4713;13953;5;21/11/2023;Operation building major.
4714;7774;5;26/05/2025;General hotel account thousand.
4715;15481;4;21/11/2025;Exist nation so student cell white not.
4716;9964;3;30/03/2024;Above pressure author fall soldier leg.
4717;1017;5;03/01/2024;Weight use forget view green.
4718;15497;2;11/08/2024;Involve suffer level seven deep both.
4719;10103;4;30/06/2025;City economic else threat old boy most.
4720;15989;2;05/08/2026;Population sure plan federal investment beat.
4721;19411;2;05/04/2024;Year prove produce walk third themselves.
4722;8654;2;13/05/2026;Federal wait day part forget.
4723;9776;2;23/11/2023;Those gun one top near president when.
4724;18269;1;30/04/2026;Easy whom news difficult tell.
4725;11126;4;25/02/2024;Industry them case level main not.
4726;5667;2;23/06/2024;Relate body than treat.
4727;18784;3;06/02/2024;Much free cost hotel simple.
4728;10132;3;27/06/2024;Kid special suffer write Mr.
4729;12078;4;17/06/2025;Trouble also lay nation.
4730;18512;4;03/05/2025;Attack example federal chance director executive others.
4731;6073;3;02/12/2023;Street natural service represent up current body.
4732;16778;4;06/08/2024;Sea as industry here one newspaper.
4733;1525;3;15/11/2023;Decision yard shoulder paper mean race determine.
4734;5244;3;15/11/2025;Trip east air team around.
4735;3111;3;25/06/2025;Field produce environment it minute if team.
4736;13469;1;12/11/2025;Front address finally young although will.
4737;7878;5;27/02/2026;Generation serious finish one play central training.
4738;16408;3;26/01/2026;Throughout matter front special week capital address.
4739;18358;3;05/07/2026;House official fund parent that.
4740;8007;1;01/08/2024;Move organization claim even forward place follow.
4741;16232;4;07/05/2024;Style guess approach reduce here trouble season.
4742;8726;3;20/02/2025;Old write audience seem team rule property.
4743;1423;1;21/08/2024;Issue although source city.
4744;4148;5;21/11/2025;Effort increase hundred you firm.
4745;8059;4;12/07/2026;Responsibility stage daughter hotel continue safe.
4746;6172;4;23/06/2024;Toward coach those.
4747;10128;5;30/04/2024;Daughter support look recent.
4748;191;3;03/08/2024;Pick loss cell deep society here make.
4749;17626;2;03/07/2024;Player claim political.
4750;302;2;08/07/2026;Measure blood check four hold.
4751;8173;2;10/09/2026;Fear claim test whom book.
4752;4453;1;16/04/2026;Reach lead successful prove condition.
4753;13345;4;06/03/2026;Defense will memory place its consider choose.
4754;13927;3;19/09/2025;Individual industry moment risk.
4755;14165;4;15/06/2024;Meeting economic cost increase according establish future.
4756;1553;3;30/11/2024;Poor must activity available spend win point.
4757;19612;5;25/09/2024;Attention many ability power.
4758;5975;4;09/04/2026;Four one though democratic cover.
4759;6926;5;14/06/2025;Parent call time star visit movement.
4760;1204;5;03/06/2026;Style most study suggest.
4761;10452;2;25/12/2025;Former than school oil effect drive story alone.
4762;19435;3;06/03/2024;Man worry piece enter.
4763;19628;3;05/11/2023;Go ask sometimes actually by.
4764;2869;1;19/09/2024;List course modern program.
4765;16638;2;06/03/2024;Ability fire buy.
4766;5517;5;22/12/2023;Your offer red approach fine agent three.
4767;17917;3;14/02/2026;My start true game.
4768;5188;4;15/04/2025;Ask parent have maintain step decade from.
4769;4953;2;07/10/2025;Western his subject affect thought military might.
4770;7456;3;27/04/2025;Amount science girl truth place seat type paper.
4771;4582;5;12/01/2024;Huge spend deep white area institution.
4772;9319;2;04/01/2024;Fact what book part upon relationship by prove.
4773;14283;3;13/07/2026;Join star indicate positive.
4774;1490;5;26/02/2026;Lead main it collection save miss make.
4775;5858;3;07/01/2026;Interest traditional son beautiful image tonight rate protect.
4776;13312;3;23/08/2026;Environmental especially oil life.
4777;2733;5;14/05/2025;She more end blood water ask player husband.
4778;4224;5;21/09/2023;Different I point same responsibility price school.
4779;5253;5;21/05/2025;Theory me she usually could.
4780;8979;5;31/12/2024;Past good know ok money.
4781;16414;2;23/03/2024;Politics think wait picture total.
4782;9637;2;16/06/2024;Remember discover station agree cultural indeed.
4783;3758;2;28/02/2025;Act place understand understand place movie record thus.
4784;10830;2;17/09/2023;Some message rest similar open.
4785;9644;5;17/02/2024;Skill lot bag religious yourself social.
4786;18515;3;05/08/2024;Early director recognize should happen strong report.
4787;19709;3;09/02/2026;Fine blood hear.
4788;13154;1;08/07/2025;Study child field he herself.
4789;7029;5;11/11/2023;Quality else land money American strategy stage from.
4790;3628;4;24/04/2024;Act guy natural thought.
4791;5111;5;13/04/2024;Change message recognize student statement entire.
4792;16942;2;11/03/2024;Food law do source method ready recently.
4793;18907;1;06/04/2025;Such event stuff right technology share leg rest.
4794;12594;4;05/08/2026;Wrong seem conference fast heart arrive.
4795;7480;2;26/02/2024;He third truth around none.
4796;16148;2;31/10/2024;Music foot information young live woman five.
4797;16470;5;27/07/2025;The should center gas contain.
4798;6060;2;21/06/2025;Protect song charge trouble resource market country short.
4799;14045;4;24/02/2024;Join soon open growth where they.
4800;6624;1;30/07/2026;The carry medical laugh.
4801;9546;2;01/04/2026;Economy store soldier treat.
4802;18099;1;07/09/2026;Surface watch hotel minute relate party respond who.
4803;10439;4;11/12/2023;Identify trial recent concern.
4804;1040;3;01/09/2024;Compare many baby among positive.
4805;9713;3;11/10/2025;Base class call view late happy already.
4806;7128;3;10/06/2026;Owner establish within.
4807;4375;4;11/06/2024;Character they dinner society goal picture.
4808;4637;3;25/08/2024;Become cultural guess soldier court have what.
4809;3269;2;05/08/2026;Anything left list assume.
4810;10086;3;12/07/2025;More behavior example tree arrive sell.
4811;16839;1;26/11/2025;Deal authority single seat authority.
4812;13070;3;30/09/2024;Fact chance often discussion without contain Congress.
4813;8688;4;22/05/2025;Skin prepare receive control some.
4814;11445;3;05/05/2025;Name still force pattern name find.
4815;18076;3;01/04/2025;Employee Mrs people themselves population situation end.
4816;17881;1;14/07/2024;Bag owner recent somebody despite culture card.
4817;2535;4;27/05/2026;Right job task specific season most.
4818;9602;2;21/12/2023;Stuff fast show.
4819;8437;2;10/07/2024;Treatment challenge hear firm I point.
4820;15056;2;13/04/2026;Hope protect television expert.
4821;15459;2;23/05/2024;Series letter campaign form itself positive.
4822;14388;3;15/04/2026;Family although natural good affect indeed result.
4823;5902;5;18/11/2024;Enjoy technology since yeah.
4824;11859;4;19/06/2026;Theory foot through fish early then.
4825;1688;5;19/05/2024;Reach raise police century indeed black perhaps.
4826;4803;5;17/01/2024;Indicate before himself whose their.
4827;8334;3;13/09/2023;Special policy past speech these pick.
4828;12532;2;04/08/2025;Lead trial win act.
4829;15858;3;08/06/2026;Serve speak not cup success.
4830;13713;5;08/07/2026;Reveal standard then concern democratic door week.
4831;3079;5;25/04/2024;Push manage American significant myself book citizen.
4832;13804;3;28/08/2026;Whatever imagine four.
4833;3060;2;28/01/2025;World possible whole Republican operation they lawyer group.
4834;837;2;25/10/2024;Foreign tough mention force huge.
4835;4802;5;10/12/2024;Outside data project culture loss method.
4836;1934;1;29/08/2026;Between beat lawyer Mrs fly able under.
4837;8423;1;19/02/2024;Specific throughout win perhaps bar his.
4838;11948;3;02/10/2025;Hospital face attorney company keep difficult.
4839;10545;2;06/12/2025;Drop thousand walk.
4840;6236;5;08/07/2025;Tough week out dark election practice.
4841;12545;1;29/04/2024;Trouble how break thousand thought.
4842;19255;1;29/06/2026;Leave item voice near challenge buy media example.
4843;14827;4;22/10/2025;Gun travel return right back.
4844;502;4;27/07/2026;Mouth cold summer region probably involve husband enough.
4845;12369;3;02/01/2026;Condition purpose include thank expect professor down.
4846;2869;1;23/12/2025;Example determine parent miss natural under.
4847;708;4;03/08/2024;Only provide fact stock me marriage professor significant.
4848;10585;5;18/03/2026;Real little arrive service left sell.
4849;3762;2;20/03/2025;Just company produce example character cause.
4850;4730;2;01/05/2026;Pull guess season fire.
4851;4696;2;12/05/2025;Dog card return collection.
4852;17262;1;16/08/2026;Those health effort clearly.
4853;9375;1;26/04/2024;Eat billion vote surface glass.
4854;17949;5;13/08/2025;New explain once night meeting production.
4855;6953;5;19/05/2024;Mother station show minute style road.
4856;8695;1;29/11/2024;Board need out to fear stand board.
4857;3036;4;09/12/2025;Cause campaign since course mouth now.
4858;15048;2;27/07/2024;Order general light name right.
4859;13779;2;26/02/2024;Sea prove what again pull night voice.
4860;12389;2;12/03/2025;Matter staff hit account president analysis nothing.
4861;17642;2;02/10/2023;Pick bed college much.
4862;1529;1;21/03/2026;Could resource system thousand buy sure will agreement.
4863;10861;5;11/06/2026;Bring service leader authority.
4864;14483;5;29/06/2026;Clear opportunity notice none American.
4865;6555;1;02/08/2026;Father impact work Mrs sell reduce box.
4866;10734;2;07/02/2025;Represent born hotel play election challenge relationship professor.
4867;8465;1;12/06/2024;Travel off structure box central peace last.
4868;2946;1;06/08/2024;Head partner together center while.
4869;7907;1;28/09/2023;Rather force station they cold.
4870;12589;4;05/05/2025;Decide this church measure customer.
4871;18505;4;18/07/2024;Thank draw get cover commercial attorney west realize.
4872;1447;1;01/01/2026;Magazine performance section how.
4873;795;4;09/01/2024;History different very or.
4874;11952;4;07/05/2026;Quite instead direction live type nature.
4875;1417;1;12/08/2025;Serve gas deal.
4876;11943;4;04/04/2025;Loss despite religious difficult.
4877;7171;4;07/10/2024;Gun because term collection.
4878;11651;3;22/10/2024;Subject capital skill long certain.
4879;3415;3;06/05/2025;Friend east its less order system decade.
4880;18993;5;28/02/2024;Should firm take federal history within guess.
4881;7550;2;13/05/2024;Physical during guy ground easy.
4882;14085;1;22/08/2026;When blue push shake approach assume.
4883;1123;4;09/12/2024;Yourself special plant maintain new.
4884;13579;5;16/05/2025;American positive need step company begin.
4885;3796;3;13/06/2024;Government third of according beat nearly training cause.
4886;7753;1;25/01/2024;Film teacher available benefit.
4887;10317;1;16/10/2024;Small hear unit anyone many entire position.
4888;562;2;07/07/2026;Only ready produce.
4889;6444;2;07/05/2026;Shoulder discover benefit tonight city.
4890;17704;3;05/09/2025;Soon various by lay why would bring.
4891;9519;3;23/03/2024;Face evidence thing movie face soldier.
4892;1616;3;30/09/2023;Lay interest home material.
4893;37;5;12/09/2024;As together education live office film.
4894;435;2;11/02/2026;Finally after wrong particular take letter worry.
4895;5193;1;15/09/2024;Increase opportunity manage building whose quality.
4896;12781;4;31/01/2024;Commercial base thought marriage method effect they.
4897;12243;1;19/01/2025;Her do let and source answer.
4898;14616;4;22/12/2025;Sound somebody actually report executive class still investment.
4899;3172;5;22/05/2026;Leave wonder buy other.
4900;9110;3;20/11/2023;Three trial college final.
4901;15305;1;24/01/2025;Level trouble picture sound since conference dog.
4902;19153;5;11/09/2025;Actually he total stage miss listen game.
4903;10337;4;26/11/2025;Series leg not music relationship rich.
4904;11411;2;29/07/2026;Good now experience whom education late cell.
4905;18683;2;20/10/2024;Pull see get hair region assume less.
4906;8781;2;23/12/2025;Response whatever cold management local.
4907;18450;5;11/09/2024;Money behind require.
4908;12274;3;05/06/2025;Least central lose shoulder reduce top nature especially.
4909;13860;3;19/02/2025;Focus beat father rest record edge during.
4910;8987;3;30/09/2023;Evening during career hair.
4911;7616;3;05/01/2026;Move eye over pressure system himself.
4912;8842;5;30/06/2025;Sea likely soon marriage.
4913;6552;2;12/04/2024;Especially money can really.
4914;859;4;12/11/2024;Evidence lose just.
4915;19439;3;30/03/2024;Raise that deep behind family property.
4916;595;5;07/09/2024;Hair able ground common remember down yet.
4917;18477;5;29/09/2025;Factor away must next nice agree.
4918;16650;1;10/12/2024;Car political appear in.
4919;15602;2;18/01/2026;Whose ever room young from could fight us.
4920;18655;4;10/04/2026;Available both return point number hundred voice skill.
4921;7217;1;26/05/2024;Budget yes image music.
4922;8093;2;18/05/2024;Have its light size part.
4923;13264;3;14/03/2025;Agree truth ball few today figure.
4924;4249;3;23/09/2024;Economy arm machine product close line.
4925;1264;1;09/12/2023;Those clearly stand while against.
4926;5231;4;17/05/2024;Choice without out case pattern lot.
4927;5860;1;13/09/2025;Throughout research there affect.
4928;11055;1;26/10/2024;Level fall administration.
4929;14244;1;05/11/2024;Hit pretty build various purpose factor lot.
4930;18921;3;23/01/2026;Trade visit Congress.
4931;1690;5;21/03/2025;Happy score manager issue picture have important.
4932;1653;2;07/12/2025;Dream develop page difference firm since senior police.
4933;2207;2;06/06/2024;Interview may house course claim should husband seat.
4934;2849;1;01/01/2025;Exactly pass actually machine study.
4935;1890;2;27/09/2024;Color main mouth charge star wish.
4936;15074;4;07/05/2026;Probably south can against rock program floor.
4937;8881;1;27/04/2024;Possible believe nice serve behavior look customer.
4938;18803;4;13/07/2025;Wide center serious kid economy visit weight.
4939;16075;4;19/01/2025;Not answer so teach too guy.
4940;728;1;13/09/2025;Strong product someone hundred represent from of.
4941;8921;2;19/09/2025;It fear physical either.
4942;6679;1;01/08/2025;During participant of TV.
4943;14757;3;04/01/2026;Chance factor outside ready important fall.
4944;17300;2;26/04/2025;Set analysis glass ever authority what director safe.
4945;16673;4;22/03/2026;Subject stay exactly research check care ability magazine.
4946;16540;3;25/01/2026;War well kind stuff.
4947;16954;1;04/10/2025;On population accept least scientist.
4948;391;1;28/09/2024;Major understand learn it view year fact instead.
4949;16240;3;09/03/2026;Police strong human green wear.
4950;3547;5;07/11/2025;Arm after development mouth building price break central.
4951;2204;5;03/10/2025;Lot decide keep still possible.
4952;8822;5;19/11/2023;Another participant require enough chair become.
4953;14034;2;29/03/2026;Financial test appear brother.
4954;15972;1;28/09/2023;Rock discuss specific night.
4955;15018;4;14/11/2024;Else send born.
4956;10946;3;21/06/2026;Turn common catch church must attention.
4957;16655;2;29/08/2026;Law myself mouth sign field.
4958;14690;2;04/06/2025;Side now name early.
4959;13665;4;04/03/2024;Always account list must in protect.
4960;12910;2;27/05/2025;Civil live reality TV technology door number.
4961;11651;5;28/06/2024;Save none deep full choice school party.
4962;6589;2;28/11/2023;Key dark final lead our kid parent.
4963;328;1;17/06/2024;Yard learn just ok.
4964;12639;2;05/06/2025;Every west board risk.
4965;19003;4;12/09/2026;Significant development painting direction spend.
4966;1435;4;15/11/2025;Whatever seem gas media leave mind election special.
4967;10312;2;07/06/2026;Anything right admit a his tax institution.
4968;229;4;19/04/2025;Employee item peace assume.
4969;213;2;17/08/2026;Story nature hand head opportunity pass.
4970;7918;1;23/06/2024;Report particular hotel very set serious.
4971;14329;2;08/06/2026;Fine religious Congress discussion forward.
4972;5276;3;03/07/2026;Next Mrs approach professional how sit.
4973;15505;3;22/12/2025;Court room sea mission smile sometimes prove interview.
4974;16480;1;06/11/2023;Above employee from it attorney condition already.
4975;7256;5;08/08/2025;Entire change view wish news turn analysis.
4976;19867;4;16/10/2024;Century customer in state generation top.
4977;9940;5;04/04/2025;Soon he heavy yes.
4978;16729;1;13/04/2026;Individual exist see surface certainly.
4979;11030;4;20/04/2024;Glass sell wrong that fire.
4980;9296;3;21/01/2026;Choice seat kitchen well believe.
4981;19978;4;18/05/2024;Start free free sister.
4982;1269;3;25/07/2026;Your my fire.
4983;9818;3;20/02/2025;Less happen dinner only protect.
4984;9476;3;01/12/2023;Environmental consider page traditional include control business somebody.
4985;8404;3;23/02/2025;Win whose bag music so present trouble.
4986;6940;3;24/01/2026;Happy wall development use federal market ready.
4987;1373;5;14/05/2024;Coach so today method section sister.
4988;8754;1;13/08/2026;Education suddenly down.
4989;810;4;17/08/2024;Job between respond rest class movie.
4990;6692;3;05/11/2025;Western business car nor organization.
4991;14078;5;30/03/2025;Impact on today yard in almost late.
4992;12554;5;31/05/2024;However number house page.
4993;19132;4;15/05/2026;Dream federal them cup rate mouth key physical.
4994;18558;5;21/07/2025;Tell throughout candidate threat.
4995;13921;2;11/11/2025;Area program yet performance what final.
4996;13996;5;07/09/2026;Always Democrat new before money.
4997;14672;2;09/03/2025;Evidence speech help field exist ready send.
4998;10545;5;13/08/2024;Indeed western kid small thing officer dinner.
4999;10920;2;13/09/2023;Cold a help reveal network already onto.
5000;9802;1;04/08/2026;Whose grow study government movie business.
5001;15565;4;31/07/2026;Sign wear war cost model debate majority fine.
5002;8522;5;22/12/2025;Common them return health value cold skin.
5003;14028;2;22/09/2024;Production player several find natural.
5004;19904;2;30/09/2023;Goal letter green special appear cultural budget oil.
5005;4928;1;01/01/2025;Range science building indicate family rate author.
5006;2096;2;01/04/2025;Heavy surface yard opportunity.
5007;11506;4;31/03/2025;Design price resource gas much their medical.
5008;8605;1;29/07/2025;Range off avoid.
5009;10648;1;19/01/2024;Sometimes push be several position paper.
5010;4507;4;21/06/2024;World must four strategy cover statement play.
5011;14659;4;26/02/2024;Camera certain also.
5012;10528;1;30/10/2024;Walk civil unit very word leave.
5013;7248;2;09/07/2024;Or build sign measure.
5014;3127;4;21/03/2025;Result not stock ahead fight modern.
5015;14026;3;16/04/2024;Stop city measure choose place meet.
5016;12741;1;12/04/2024;Run hot television culture.
5017;17457;5;18/11/2023;Part similar worker physical top special.
5018;5989;2;22/12/2025;Act final table find.
5019;14246;1;07/12/2025;Do common know another room produce song.
5020;10985;1;01/01/2025;Approach relationship however majority.
5021;14596;4;16/03/2026;End far tend movie floor direction.
5022;2399;2;17/06/2026;Include staff few capital leg former.
5023;17722;5;17/03/2024;Account sound increase writer alone lay.
5024;12298;3;15/06/2024;Nor scientist dark real write set I.
5025;12994;5;15/03/2024;Attention start available bank system.
5026;16134;5;04/05/2025;Through civil century rich try story company western.
5027;11896;5;02/06/2025;Development run guess phone sport mean owner.
5028;9111;1;12/07/2024;Middle staff say cover.
5029;14891;2;29/09/2025;Finish American source evidence here significant beautiful.
5030;7959;2;13/10/2025;Any position federal fact improve pull indeed American.
5031;3501;1;06/11/2023;Decide class water throughout.
5032;19276;3;16/11/2023;Woman no yourself campaign community that election.
5033;10596;2;25/08/2025;Perform stay personal economic.
5034;10321;4;16/05/2026;Rate group region professional industry blue glass.
5035;12543;3;11/05/2026;Meeting blue medical.
5036;12549;1;26/03/2025;Kind few real under.
5037;19327;4;12/06/2026;Walk pass little mention fund.
5038;5212;5;14/03/2024;Heavy few early population agency.
5039;2302;1;17/04/2024;Quickly score plant.
5040;3289;5;28/04/2025;Economic close student fast tend.
5041;4400;4;24/07/2024;Fall campaign friend way help when.
5042;8301;4;21/07/2025;Finish build lot sometimes develop short.
5043;17454;3;15/01/2025;Small size it move here low.
5044;15264;4;11/08/2024;System case social.
5045;9558;5;16/11/2025;Southern item point do section stuff.
5046;15874;4;04/10/2025;Edge point show wonder.
5047;6608;1;08/09/2024;Me maintain worker break hotel.
5048;12824;1;15/03/2025;Yes end after present learn forget resource.
5049;15569;1;27/04/2024;Former mind either ground run name indeed.
5050;12449;4;15/04/2024;Soon production husband lay significant.
5051;5375;1;16/08/2025;Assume budget require item commercial such.
5052;19311;2;30/12/2025;Have offer office need.
5053;19496;5;15/10/2025;Source everyone support poor step boy.
5054;10693;4;13/09/2023;Deep question no card.
5055;18893;2;27/08/2024;Lay southern carry staff.
5056;17957;2;15/08/2024;World whatever building.
5057;13328;4;22/07/2026;Choice nearly feeling third form race.
5058;3069;2;20/02/2026;Mouth explain call Mr right film.
5059;13038;2;18/05/2025;Everything parent cell.
5060;12871;3;21/10/2023;Glass along beyond blood.
5061;12350;5;27/01/2024;Method might couple project nature mention gas.
5062;2176;2;14/03/2024;Discover election practice artist whole.
5063;6734;2;18/01/2026;Democratic sea store police affect beyond environment.
5064;6467;2;07/11/2023;Yet rock reflect student home rather mention.
5065;3194;2;25/07/2024;Political bill you air push finish budget help.
5066;19891;2;11/01/2024;Onto guess produce present loss leader various.
5067;4387;2;12/02/2025;Large lot while we current not.
5068;18130;2;13/01/2024;Three check company piece owner face guess.
5069;8604;2;10/10/2023;Almost stuff market century do.
5070;8225;3;29/05/2026;Capital check husband break.
5071;15798;3;24/06/2024;School response after television.
5072;12863;5;13/09/2023;Billion story voice first consider mother.
5073;15787;4;25/09/2024;Nor among majority stay.
5074;5811;2;30/07/2025;As set traditional structure charge entire there agent.
5075;19856;4;14/01/2024;Factor situation scene outside whose.
5076;1999;4;11/04/2025;Environment form spend chair.
5077;5892;4;06/07/2026;Impact society buy model direction past ok.
5078;12582;3;30/05/2025;Behavior successful daughter have.
5079;12299;3;20/12/2023;Difficult continue interview here player maybe.
5080;16364;4;22/04/2026;Foreign dinner yet cover memory measure.
5081;1508;5;28/11/2025;Husband skin second surface.
5082;787;2;21/12/2024;Person middle rise.
5083;14339;3;01/07/2025;Each area writer more exactly too hospital.
5084;13743;5;13/05/2026;Gas school really reality become group.
5085;16644;4;04/06/2025;Simply effort safe attorney car.
5086;5748;4;11/02/2026;Believe scene firm become sure add.
5087;19245;4;26/09/2025;See whole rock whatever.
5088;2535;3;07/05/2026;Glass value do thousand front.
5089;10562;1;24/09/2024;Thousand team impact cause board reach must.
5090;18291;1;27/11/2024;Season all term not.
5091;2606;4;05/12/2025;Toward onto bit price say usually debate.
5092;2795;1;03/06/2024;Where help machine new along picture.
5093;13945;4;19/01/2025;Tend skin source prove.
5094;1605;3;15/11/2023;Book leg head none.
5095;15772;1;13/02/2026;Edge president make yourself.
5096;10736;2;26/02/2024;Us series strategy author nearly type.
5097;10677;4;15/12/2023;Whatever win successful.
5098;5516;4;31/03/2025;View such foreign close great over.
5099;7288;4;21/05/2025;Ball participant direction point art according ever.
5100;13867;2;19/08/2024;Consumer argue team region take.
5101;19608;5;28/10/2024;Check he just next might a half edge.
5102;18792;1;04/07/2025;Reveal audience region do leader learn society.
5103;16030;1;01/03/2026;Congress military learn big.
5104;19320;1;31/01/2026;Could particularly money by box indicate.
5105;18403;4;19/04/2025;Southern here significant without single fund pretty.
5106;1584;5;16/05/2025;Guy who make rich age out movie.
5107;19015;1;12/10/2025;Fly walk five table charge attack strong.
5108;1721;5;23/02/2024;Space could nearly others without.
5109;9270;2;30/03/2026;We always change.
5110;9124;1;08/09/2024;Teach company name might.
5111;1015;4;15/06/2025;Late then receive might state hard force.
5112;16341;5;14/02/2024;City against what office adult lawyer top growth.
5113;2388;4;11/07/2024;Wind finish data sport force different approach cultural.
5114;9704;4;11/12/2025;Crime particularly long relationship beyond foot.
5115;11835;4;16/08/2026;Good worry impact rich example billion control.
5116;18251;4;27/03/2026;Rest at season hospital identify prove.
5117;19245;3;17/09/2023;Able wish top along any two.
5118;16156;1;12/12/2025;Close hear feel pick resource industry development.
5119;17229;2;22/06/2026;Discover ago activity other.
5120;19368;1;16/12/2024;Structure tree knowledge.
5121;17917;4;04/10/2023;Current fast idea general yes away white to.
5122;3055;3;16/06/2024;List if current citizen sense similar good.
5123;10220;3;07/07/2024;Edge visit identify indicate court money read character.
5124;15047;5;29/05/2024;Difficult up whom seem discover toward base movie.
5125;16612;4;06/08/2025;Our lay according throughout.
5126;4478;4;05/05/2026;Tv bank market huge rise simple.
5127;1690;4;14/06/2026;Room police develop may TV stay yes.
5128;3689;5;27/10/2025;Order card suddenly involve sister manager.
5129;5703;1;04/12/2023;Minute friend song several.
5130;15206;3;18/09/2024;Eat herself guy sort.
5131;7516;1;28/02/2025;Its national must.
5132;12722;1;09/04/2025;Since age beat week pressure son dream.
5133;5395;3;19/10/2025;Attack under analysis event morning throw.
5134;3252;4;02/07/2026;Natural responsibility page.
5135;11833;5;15/02/2026;Cup resource teach region.
5136;2577;5;02/05/2026;Day land general own term kind.
5137;10227;5;04/08/2025;Start type nearly road detail perform.
5138;13266;3;04/10/2025;Start our name ball.
5139;4480;2;02/07/2025;Recent pull party indeed they partner six.
5140;16616;3;07/04/2025;Deep something same stand player special.
5141;5459;5;20/11/2023;Senior eight middle evidence for against.
5142;9252;4;28/12/2024;Rather myself look reduce husband vote.
5143;7682;1;08/09/2026;Paper understand movie drop.
5144;10767;1;09/02/2024;Position chair say represent.
5145;13376;4;10/12/2023;Stop home of.
5146;8352;3;17/10/2025;Provide fly information charge.
5147;14776;4;15/03/2025;Manager time dog suddenly many.
5148;13957;4;23/10/2025;Simply school human often whether.
5149;14011;5;10/12/2025;Contain president live piece.
5150;8845;1;10/10/2023;Movement natural leg case risk.
5151;12584;4;30/03/2026;Throw probably treatment rest politics hot.
5152;16411;4;23/07/2024;Peace use create night.
5153;2215;1;29/07/2025;Although particularly if example success able.
5154;15960;5;07/09/2025;Agree group challenge way fall enough past.
5155;6605;5;24/08/2026;Other computer bit cup week.
5156;5561;4;05/12/2023;Her it read interesting.
5157;7037;3;13/07/2024;Series poor line movement.
5158;17337;5;28/05/2024;Could true partner maybe many fear eye.
5159;3805;5;28/11/2024;Tend letter above side.
5160;427;2;04/09/2024;Nearly another room here.
5161;16691;1;03/12/2023;Large arrive teach.
5162;4088;4;05/03/2024;Usually position common candidate figure after lay.
5163;16763;4;22/04/2024;Vote person how east nor training fire.
5164;8509;5;08/10/2025;Worry quality itself those leg those.
5165;11535;5;08/04/2026;Peace understand win few first usually bed remain.
5166;15551;4;04/10/2024;No project individual walk moment who turn.
5167;19915;5;06/12/2023;Condition guess medical chance beyond season.
5168;14196;5;22/11/2023;Every environment both gas fly artist control.
5169;13309;4;25/12/2024;Wrong reduce yet up.
5170;10603;1;06/02/2026;Various management government.
5171;6821;5;26/03/2024;Provide clearly employee design area.
5172;13495;3;06/03/2025;Challenge value appear modern consider too.
5173;19914;5;16/01/2025;Woman first because defense brother would near.
5174;14500;1;09/05/2026;Imagine investment positive now thought.
5175;14430;3;21/08/2026;White strong suggest board others account real type.
5176;18706;1;17/07/2025;Mind travel continue economic.
5177;7110;3;09/04/2024;Spend brother up laugh station theory.
5178;1702;3;28/05/2024;Issue significant maintain federal north.
5179;19443;1;24/05/2025;Others southern already reach player reduce forget.
5180;9362;5;25/06/2024;Personal opportunity language large mission.
5181;2464;1;27/11/2024;Window staff themselves for sister.
5182;14299;2;25/03/2024;Their person pretty one director couple feeling purpose.
5183;9684;3;20/10/2024;Adult worker couple term wonder them charge dinner.
5184;10059;2;23/12/2023;Because house miss easy.
5185;16065;4;28/02/2024;Itself beyond guess let safe line per.
5186;19637;3;28/10/2025;Source red let book sea.
5187;4896;5;12/09/2026;Policy administration try of this shake military.
5188;13981;3;30/11/2024;Kid meet do also purpose customer peace.
5189;6708;3;30/07/2026;Toward who list season.
5190;16358;2;16/06/2024;Her once than police exactly.
5191;4006;2;03/10/2024;His many late activity describe reduce enjoy off.
5192;9546;1;27/11/2024;Quickly place someone.
5193;7574;4;18/03/2024;Other bar office benefit care.
5194;19475;1;26/10/2025;Exist stay election two.
5195;16280;4;29/12/2025;Happen popular hotel capital behavior change.
5196;10036;2;18/07/2024;Social sense floor result various on.
5197;5362;3;08/08/2026;Growth start back adult effort ok.
5198;11152;2;23/07/2026;Room simply surface learn.
5199;12247;5;30/12/2023;Defense political something read.
5200;3795;1;24/12/2024;Commercial institution know computer cell several.
5201;9489;1;09/08/2025;Pay rise condition magazine cost.
5202;1506;5;30/03/2026;Night our today five include because according.
5203;18002;2;19/12/2023;Rock thousand reveal late strategy.
5204;14408;1;14/10/2025;Prepare week far common yourself.
5205;2925;4;19/04/2025;Company business once show.
5206;18688;2;06/09/2025;Effort future account contain finish.
5207;7907;1;01/08/2025;Good full provide probably sell soon into.
5208;7421;1;27/02/2026;Structure color say likely claim out recognize.
5209;5140;3;21/02/2026;Camera blue recent painting.
5210;258;1;22/04/2026;Candidate collection beautiful.
5211;4410;3;17/12/2024;Want simply letter as wife month.
5212;3119;2;26/09/2025;Maybe give collection difference.
5213;18447;4;14/11/2025;Name result paper figure.
5214;14591;2;07/09/2025;Seek now president.
5215;7535;5;30/01/2025;Join better result.
5216;7836;1;27/04/2026;Himself serious president rule.
5217;1637;2;24/09/2025;Figure space official skin sure president particularly.
5218;13899;3;18/10/2023;Course oil agreement capital air.
5219;8934;3;31/03/2025;American include nature within.
5220;15675;2;30/01/2026;Available pay tree question later.
5221;3690;4;12/10/2025;Most lot school look gun minute.
5222;18;5;14/04/2025;Risk return bar senior including.
5223;5223;3;27/03/2024;Evening according these.
5224;16537;3;05/09/2024;Large entire item cup ahead decade.
5225;17622;2;24/02/2024;Month down green central thousand drug worker.
5226;12559;4;24/03/2024;Time they animal tell talk.
5227;14295;3;24/04/2025;Maintain dream drop sign.
5228;6392;3;09/11/2024;Collection up meeting community value.
5229;4269;5;13/02/2026;Affect wonder happen people.
5230;7346;4;08/07/2024;Personal find audience firm.
5231;1501;3;26/01/2024;If property specific also Congress.
5232;9314;4;03/01/2026;Clear state argue occur cup.
5233;15878;4;26/01/2025;Truth human stay per.
5234;16162;3;07/08/2026;West as likely.
5235;13701;1;12/04/2025;View meet fish type population.
5236;8601;5;05/06/2026;Full memory oil ask real.
5237;8055;3;17/12/2023;Near and head entire.
5238;3430;2;21/01/2025;Least plant design everybody leg great.
5239;12756;2;02/08/2026;Yard specific course argue go employee.
5240;6420;1;02/07/2024;Around detail arm piece situation herself rich.
5241;15061;1;21/12/2023;Lay north both poor piece theory.
5242;16103;4;06/06/2026;Recently back policy during their author short feeling.
5243;4185;3;07/11/2023;Risk individual party.
5244;19014;3;02/03/2026;Size various politics but rock exactly.
5245;14648;2;19/11/2024;Environment any all feel manager issue political western.
5246;939;1;04/06/2025;Whom house old man law to vote.
5247;10340;4;21/02/2024;Successful plan benefit probably institution.
5248;10903;3;13/11/2023;Word care art laugh.
5249;15341;3;27/04/2025;Those final until risk.
5250;9329;2;13/02/2025;Conference care can guy consumer whom contain.
5251;3418;3;01/06/2026;Any such rest service.
5252;3789;5;11/08/2025;Ability somebody with arm forward south performance occur.
5253;19681;5;21/08/2024;Know finally raise again identify member its.
5254;19761;2;23/01/2026;Character bar social blue.
5255;17803;5;24/03/2026;Cause go amount he where have.
5256;14613;2;24/05/2024;Discussion own daughter others.
5257;16117;3;28/06/2026;Race capital play truth whose high.
5258;1832;3;30/08/2024;Wall research lot agency side.
5259;11774;3;08/01/2026;Never wrong policy party level positive.
5260;10623;5;29/03/2024;Week major cause brother dinner.
5261;13052;5;11/02/2024;Factor few drug response.
5262;5853;1;06/06/2026;Maybe star agent recently event.
5263;9516;1;15/03/2026;Yard government they speak study buy much card.
5264;17732;2;25/04/2024;Head individual sit perform as finally increase will.
5265;17214;5;28/08/2024;Try item issue human language.
5266;5524;4;12/01/2024;Son ok story year after your.
5267;16367;2;09/07/2025;Pull price speech have.
5268;271;4;28/12/2025;Beautiful pattern set property board.
5269;3946;5;22/06/2026;Specific charge it similar your drop teach.
5270;11588;1;26/03/2024;Determine professional election move forward.
5271;3316;2;21/02/2024;Go economic growth sister seat look.
5272;19299;1;13/12/2025;But may season feeling music its.
5273;18828;5;07/02/2024;Agree minute indicate suggest record role country do.
5274;3794;5;24/12/2025;Scientist threat financial think.
5275;7560;5;25/09/2023;Population race green public.
5276;10286;4;09/07/2025;Structure power support shoulder produce sort from.
5277;6626;2;09/02/2024;Example size if us be edge.
5278;17999;2;04/04/2025;Respond point produce for hundred white.
5279;15528;5;06/04/2024;Generation anything recent.
5280;11235;4;02/04/2024;Side cause fly bring check respond tree toward.
5281;13045;5;16/04/2026;Police ago across face bit still receive.
5282;189;4;02/07/2024;Adult answer voice.
5283;6566;1;08/05/2024;Group teach pretty claim trial cause move.
5284;16336;1;20/04/2024;Run pretty whether water.
5285;7173;1;05/11/2025;Medical happen particularly both cut.
5286;3077;4;13/10/2023;Treat team power large.
5287;4084;4;15/01/2026;Ten do important power after why.
5288;17358;2;27/01/2026;Network control push discover set heart.
5289;14664;3;19/09/2025;Dog project kitchen inside prove.
5290;14628;1;21/01/2024;Yard meet wind floor manage interest.
5291;8781;4;01/03/2024;Space environmental continue glass adult ever.
5292;2226;4;17/07/2026;Wait tough home alone long star spring.
5293;2020;1;11/02/2024;Within difference final many according somebody where.
5294;3449;2;21/03/2025;Pull everything may sense investment.
5295;955;1;21/07/2026;Lose nor expert expert sort case health get.
5296;17834;5;02/02/2026;System imagine better size enter least face.
5297;9881;5;17/03/2026;Bring book I all brother mind.
5298;13175;4;26/09/2023;Serious contain statement physical.
5299;14292;1;07/06/2025;Middle news sure eye.
5300;6752;4;15/11/2023;Technology you account four.
5301;8690;5;03/03/2025;Interest foreign leave half medical authority other.
5302;18636;5;29/08/2026;Begin staff teacher Democrat any officer.
5303;10023;5;08/10/2025;Soldier successful will night would toward.
5304;15475;5;10/08/2026;Heart capital decision than break.
5305;8157;1;24/09/2024;They stay improve that activity.
5306;2734;1;04/08/2025;Investment TV would day attorney member candidate from.
5307;15145;5;16/02/2024;Name need company personal start radio capital heart.
5308;17105;4;11/03/2025;Look must site.
5309;5224;5;06/07/2026;Machine production time.
5310;14245;3;02/01/2025;Pick difference relate who may bad back.
5311;12568;4;26/01/2024;Mission grow because his will.
5312;8996;2;21/02/2024;Poor summer range poor.
5313;10183;1;05/07/2024;Civil under left book.
5314;18222;4;01/01/2025;Should human laugh design race value follow song.
5315;7972;2;06/12/2024;Drive home section describe.
5316;16349;5;13/06/2024;Arm result single expect receive.
5317;2371;1;23/10/2024;Total growth travel lot order summer government.
5318;12853;4;05/04/2025;Usually direction summer may position successful term interest.
5319;11963;5;21/04/2025;Month him ago.
5320;13502;2;03/01/2024;Child glass accept season already fund right.
5321;8205;4;15/07/2025;Sing shake Congress break will position cost.
5322;5401;4;11/03/2026;Item attorney truth.
5323;3965;4;21/04/2024;Among maybe sense technology fear may.
5324;19717;1;20/12/2024;Floor must create focus memory ever fill.
5325;10316;3;10/07/2025;Pressure what today unit even not.
5326;16984;1;27/12/2024;Heavy could way strategy accept.
5327;12654;4;25/07/2024;End true subject feeling hard food chance.
5328;19865;4;28/10/2023;Maybe note bag after so while camera.
5329;794;5;02/11/2025;Kitchen read expert upon wait.
5330;16618;5;28/10/2025;Reflect capital recently.
5331;1109;1;04/02/2026;Young environment as minute wrong.
5332;11511;3;21/08/2024;Catch different change myself.
5333;6808;2;24/08/2024;Rise see value son whatever operation difference too.
5334;8526;2;02/09/2024;Entire no throughout bank unit.
5335;18209;1;24/09/2023;Very television size instead fact.
5336;16147;3;28/01/2026;Allow child budget middle.
5337;4515;5;19/01/2025;Else fast listen movement general your body develop.
5338;15115;1;20/02/2026;Reason know sport new.
5339;17933;2;26/10/2025;Far make least important use amount.
5340;16454;4;11/03/2025;Read necessary remain ago nearly although.
5341;13758;5;11/12/2025;Book full resource century.
5342;8085;2;01/10/2025;Unit similar like clearly be explain year.
5343;3620;2;24/07/2025;Language your nor above trouble claim onto.
5344;13322;1;20/01/2025;Argue tonight red green guess specific moment model.
5345;18723;4;17/11/2025;Boy message PM.
5346;7705;3;07/09/2026;During decide line challenge.
5347;15913;4;12/09/2024;Interesting quickly provide bit cold.
5348;15714;5;22/02/2026;Everything cut book sort.
5349;15851;4;25/09/2023;Sound someone attention.
5350;15829;4;09/09/2026;Instead drop goal.
5351;1162;2;17/05/2024;What glass those trip.
5352;17029;1;10/08/2024;Far threat offer particular hospital foot suddenly gas.
5353;5373;3;20/06/2025;Mouth fire finish item.
5354;14009;3;18/01/2024;Often and even suddenly produce keep mother road.
5355;6884;4;26/07/2025;Could while seven it particularly particular.
5356;9576;3;12/06/2026;Step heavy letter.
5357;15;2;15/10/2024;Out view poor well tax kitchen plant.
5358;10690;2;06/07/2024;After standard when rich prepare interview step.
5359;2359;5;24/03/2026;Stay mention its cover mother sing.
5360;19320;1;27/02/2026;Cause fear while practice tough.
5361;14174;3;14/01/2024;Clearly pretty conference bed own detail some.
5362;10979;5;29/09/2024;Tend budget nature participant physical.
5363;2035;1;29/08/2024;Receive hold fine matter nature.
5364;19251;3;19/08/2024;Politics difference because during we relationship.
5365;15966;5;16/01/2026;Southern see word soldier side war.
5366;8658;5;21/10/2024;Plan purpose lay.
5367;4669;5;18/08/2024;Style fire need improve new ability your.
5368;19905;4;12/01/2026;Beautiful rich agreement protect note young.
5369;4365;5;14/11/2025;Seem major environmental thousand throw stage property sign.
5370;7795;5;07/08/2024;Represent see of simply lose discover throughout firm.
5371;6123;5;08/10/2024;Message hotel possible perhaps plant method should never.
5372;5551;1;05/07/2024;Own phone be moment choice.
5373;934;2;18/02/2025;Truth company matter make a time vote star.
5374;10782;3;07/05/2025;Table force laugh major.
5375;19397;1;27/11/2025;Focus sign meeting allow player federal to.
5376;18898;5;12/12/2023;President him few change chair focus.
5377;11374;3;30/11/2023;Soldier recognize according if will.
5378;19083;4;19/07/2026;Support read approach agency.
5379;102;5;02/08/2026;Organization apply tend animal over believe.
5380;3127;1;30/10/2025;Much these economy rest north.
5381;12990;3;26/08/2026;Gun simply notice environment him century ever.
5382;16560;4;06/12/2025;Sound improve hand western clearly method current specific.
5383;11971;2;19/06/2026;Couple worry after.
5384;4116;2;23/12/2024;Staff economic life.
5385;5123;1;05/02/2026;Draw experience ahead price commercial car event.
5386;12288;4;06/09/2024;Hotel education first happen plant catch exactly.
5387;1104;3;21/08/2024;Lose other during treat wind both.
5388;5787;1;16/11/2024;Agree skin know upon college system because.
5389;10785;4;12/12/2025;Hope do risk guess appear.
5390;4450;2;28/08/2026;Save sense several point three part they serious.
5391;11835;4;15/12/2024;Yourself rest policy film life.
5392;16892;5;27/10/2023;While entire customer father bring eye.
5393;15426;3;07/06/2026;Already easy stuff just cold single.
5394;9524;2;30/08/2026;Environment affect fund democratic.
5395;8721;2;09/08/2026;Range edge lawyer which evidence whatever.
5396;9871;3;13/06/2025;Push network brother section wife car both.
5397;8638;5;08/03/2025;Part total contain activity else.
5398;6344;4;01/02/2026;Degree sure treat cover quickly direction idea.
5399;5713;1;29/05/2026;South see manager positive or dinner.
5400;14584;5;18/02/2025;History or shake lay road what speak.
5401;16785;1;21/11/2025;Herself yes life play discuss course design project.
5402;12390;2;06/01/2024;View audience thought open check animal worry.
5403;9360;3;27/03/2025;Take indicate campaign.
5404;17098;5;26/01/2026;Training blood laugh model.
5405;1811;2;29/03/2024;Spend Republican camera social apply expect.
5406;5186;4;02/08/2026;Happy enjoy professional of page remain.
5407;7217;1;31/10/2025;Describe agree various strategy claim scene remember.
5408;12644;5;08/08/2026;Knowledge value around charge laugh administration.
5409;13538;1;07/09/2024;Drop wear science environmental policy note mother medical.
5410;14268;4;24/02/2026;Cultural position gun read mouth he.
5411;19093;4;20/06/2026;Only spring stay baby.
5412;1296;3;24/04/2026;Conference want continue it notice.
5413;6916;4;03/07/2026;Able must mind hard sell network name.
5414;18962;1;24/04/2026;Decide policy theory especially.
5415;17817;4;20/01/2025;Teacher learn necessary night.
5416;8829;2;09/07/2024;Treatment prevent local.
5417;9748;5;19/02/2026;Involve media image security challenge.
5418;7854;3;08/12/2025;As something board something success rule reduce.
5419;3385;2;27/09/2025;Act beat actually camera.
5420;607;2;16/05/2024;Tough yard happy themselves create bank high.
5421;17918;3;11/03/2025;Item yeah government son skin possible action age.
5422;6758;4;06/10/2023;Guy necessary chance special song hear accept.
5423;15258;1;04/11/2024;Trouble paper where firm.
5424;8993;1;27/06/2025;Detail your vote agreement night he resource.
5425;8250;1;19/03/2026;Occur worker its lead.
5426;18097;1;24/02/2025;Many country smile century high recently.
5427;687;1;21/07/2025;Far start question hair.
5428;18260;2;30/11/2025;Attention show night mind.
5429;19580;4;28/03/2024;Best drop mind certain.
5430;17413;5;17/03/2025;Name down any attention system support education.
5431;3084;5;11/07/2026;Watch brother institution mind authority.
5432;3857;2;01/05/2026;Determine light report parent.
5433;17493;1;05/09/2024;Take fear vote benefit.
5434;13511;2;17/09/2024;Candidate walk bad head.
5435;4535;5;10/07/2026;Edge size can behind nature difficult forget.
5436;15431;4;23/09/2023;Model since daughter.
5437;16724;3;08/04/2024;Maintain help fire produce anything.
5438;5271;1;14/02/2026;Yeah spend six body.
5439;14312;4;04/01/2024;International game star all could white.
5440;7256;2;09/05/2024;Product bank any American sea real.
5441;6517;2;02/11/2024;Despite thank but food all hour economic.
5442;7028;3;11/11/2025;Coach PM heart long small drug have.
5443;11595;3;28/03/2025;Southern responsibility so produce religious ever sport.
5444;619;1;26/12/2023;Will leg author race church role picture animal.
5445;19206;1;16/06/2024;Always forget early left consumer process.
5446;7584;1;08/06/2026;Kind information film final most eat everybody yourself.
5447;9230;2;30/12/2023;For perform manager customer company lawyer.
5448;18185;1;27/10/2025;Suddenly personal middle edge baby.
5449;9172;4;21/01/2025;Him out impact partner I general television more.
5450;12942;3;10/07/2024;Large may company key record force three scene.
5451;13365;1;03/09/2025;Also case cover people.
5452;7153;1;08/07/2024;Baby option leader series.
5453;16895;2;03/10/2024;Short how tell he challenge civil.
5454;1364;3;25/05/2024;Benefit also school.
5455;4083;2;16/09/2024;Pass current investment woman between drive.
5456;9736;1;22/05/2024;Have quickly official artist attack how population.
5457;2565;3;05/02/2025;Sign account office worker pattern.
5458;16428;4;20/11/2023;Blue animal hot final.
5459;15209;5;26/01/2026;May argue camera avoid.
5460;4239;2;13/06/2026;Heart book under again anything they.
5461;2675;2;28/12/2024;Figure late process sure service already.
5462;17597;3;21/04/2025;Main prove those light.
5463;19795;2;05/02/2026;Task relate deep short similar.
5464;18798;3;19/12/2025;Together agency director during deal small.
5465;15258;4;19/06/2025;Because list conference party even sense concern.
5466;6149;5;08/11/2025;Others director pattern enjoy.
5467;14698;4;27/05/2025;Suggest yourself light born wide.
5468;9371;1;08/09/2024;Matter street role stand base to local son.
5469;10583;5;11/08/2026;Effect us section million.
5470;3147;2;20/11/2025;Yard shake resource task.
5471;5100;4;05/02/2025;Line subject traditional challenge teach your.
5472;17959;1;19/02/2024;Amount successful politics look ago.
5473;5098;5;27/10/2024;Possible theory vote himself.
5474;11055;5;04/07/2025;Treatment series several food continue energy long difference.
5475;10778;4;27/12/2023;Fine large western example indicate sense produce.
5476;19884;5;05/07/2025;Name party approach Mrs.
5477;15667;4;07/09/2025;Effect population west office American as director image.
5478;302;4;27/10/2023;Tax remain bar meeting.
5479;12153;4;17/08/2026;Science somebody others myself.
5480;10804;3;16/07/2026;Knowledge thousand defense.
5481;9282;5;04/05/2024;Enter job represent discuss.
5482;6327;3;10/12/2024;Government book manager exist nothing ground.
5483;14086;2;21/08/2024;Change her note short hundred work.
5484;10575;1;15/03/2025;Forward detail that financial focus.
5485;7437;2;21/08/2025;Drop economic item begin series.
5486;16210;3;20/09/2025;Hold themselves learn point cause parent knowledge ability.
5487;1894;3;05/07/2025;Beautiful on ground remember even help.
5488;3002;1;27/10/2025;Provide debate machine analysis.
5489;14592;4;24/02/2026;Then gas already upon along fear.
5490;13736;1;10/03/2025;Group kid attention son practice.
5491;17405;2;28/10/2023;Stage particular people seat pay better rest.
5492;3976;1;10/03/2026;Ball his group gun former kid gas.
5493;14976;1;21/03/2026;Past as will capital manage maybe able be.
5494;14580;2;11/01/2025;Threat difficult never unit.
5495;9791;5;22/03/2025;Positive director then green mean.
5496;3985;2;12/11/2023;Cut try the until through car.
5497;11530;1;27/03/2026;Somebody believe employee thousand level ready over.
5498;3614;1;16/01/2024;Through data foot national bag.
5499;14119;5;03/05/2025;Week wind everything heavy two.
5500;12203;2;27/08/2025;Thank arrive tax.
5501;8727;2;22/01/2024;Simply positive something low action movement.
5502;14688;5;07/05/2025;Strong mouth side also certain ready.
5503;7542;3;14/05/2026;Including thousand and similar recently.
5504;2132;2;06/07/2024;Four behavior sense today often skill.
5505;16470;3;11/08/2026;Recent sound I place still.
5506;2322;1;17/07/2025;Center place eye.
5507;18101;4;14/02/2025;Book book fall sit able involve go stand.
5508;8594;3;30/06/2026;Shoulder customer paper western arrive event few speech.
5509;94;1;05/08/2026;Cultural power those billion.
5510;4928;1;25/11/2024;Paper appear writer.
5511;10050;4;08/07/2024;House rock he upon factor.
5512;15661;4;25/04/2025;Out today see shoulder thousand.
5513;15527;1;11/10/2023;That identify bring left news.
5514;12001;3;17/02/2026;Amount center task raise institution well.
5515;11619;3;23/04/2026;System rate letter floor student smile.
5516;17355;3;24/10/2025;Sign model continue remember employee learn.
5517;11541;2;14/05/2024;Item food glass.
5518;5922;2;12/07/2026;Already continue American team.
5519;6107;4;24/04/2026;Result fall statement more response.
5520;18203;3;12/12/2023;Account around message.
5521;16810;3;06/12/2024;Three future add.
5522;6853;1;11/11/2025;Trouble several give side child.
5523;777;2;20/04/2024;Nothing best control house several.
5524;1342;2;27/07/2024;Say whether listen room vote song daughter.
5525;15428;1;15/10/2024;Degree less change.
5526;3677;4;26/03/2025;See difference them produce address start possible.
5527;10024;5;06/06/2026;Front weight cold business dark manage game.
5528;6553;1;23/11/2024;Past however different avoid door.
5529;11938;1;27/10/2023;High rather those accept room police mouth.
5530;8310;5;04/09/2024;We growth case issue modern get.
5531;103;1;06/11/2023;Detail hard result note instead travel back call.
5532;19768;1;14/07/2025;Hit increase example old large.
5533;9814;4;19/06/2024;Probably maintain create table later second we.
5534;34;3;28/01/2024;Become save short moment character team.
5535;16151;5;24/07/2026;Hard wall language available time learn forward pay.
5536;14384;3;05/10/2023;List by cultural never chance those by good.
5537;19406;5;02/11/2024;Daughter subject information.
5538;15438;4;13/07/2024;Go table onto ready identify discover.
5539;18371;4;23/06/2024;Money game cold hard.
5540;13858;4;20/07/2025;Believe as more great shake skin myself.
5541;8559;4;12/08/2026;Democratic forward war research trial pay.
5542;10766;4;14/03/2025;Crime lot water hotel politics production.
5543;6216;5;14/03/2026;Tree yard certain quality.
5544;10639;3;23/08/2025;Of second maybe floor without gas business.
5545;6902;2;07/01/2024;Book let concern investment opportunity land mouth.
5546;14420;1;23/11/2024;Long commercial energy.
5547;4502;3;18/01/2025;Customer several water situation tax would be.
5548;2345;4;30/07/2024;Green gas any despite camera hundred writer.
5549;2400;4;12/08/2026;Represent live town.
5550;2498;1;20/02/2026;Character scene strategy really kitchen cultural.
5551;2246;2;10/04/2026;Project whom minute line performance return.
5552;2540;4;04/06/2024;Contain itself box deep let pattern born.
5553;1005;5;30/06/2026;Now across debate system.
5554;5753;2;07/07/2025;Lot cause star week reach.
5555;9930;1;14/10/2025;Work well their become place television price.
5556;44;1;06/04/2026;Society check maybe include public.
5557;416;3;04/11/2025;Yard age run much.
5558;1374;4;20/09/2025;Fund notice glass return team professor tough.
5559;10615;5;27/02/2025;Party water its management child brother bed.
5560;12475;2;31/05/2024;Take may Democrat stop buy student.
5561;17392;3;03/06/2025;Wear themselves stuff process data.
5562;18878;3;14/09/2025;Trip prevent own most.
5563;11300;2;15/12/2024;Have let political give best item.
5564;2893;2;14/02/2026;Study arrive bed less kind outside dinner he.
5565;13636;2;07/09/2024;Just avoid sound itself.
5566;14401;4;10/12/2023;Response feel represent either pattern.
5567;11359;2;17/05/2026;Ball like service word record parent.
5568;3617;5;31/08/2025;Pretty black statement note out.
5569;10658;4;04/02/2026;Rate others until herself machine all ever.
5570;12914;2;09/11/2025;Area strong body maintain soon enjoy memory.
5571;11807;3;25/07/2025;Baby middle building without industry us.
5572;19300;5;26/10/2025;Education fire where must party.
5573;11419;3;05/07/2026;Whose question arrive me.
5574;15703;2;01/03/2024;Candidate well letter news sell worry low.
5575;13419;5;05/07/2024;Clear rate enough dog.
5576;2492;1;12/08/2025;Space step teacher sort.
5577;18500;2;05/09/2025;Them too politics evening catch every nation.
5578;13586;3;10/02/2025;Care attorney address.
5579;1979;1;02/02/2025;Watch stop step professional.
5580;4377;4;09/02/2026;Agent international quality.
5581;14070;5;26/11/2023;Action many party big out radio medical.
5582;2229;5;30/07/2026;General baby high energy than.
5583;19122;4;12/11/2025;Seem general someone over recently citizen.
5584;303;4;24/06/2026;Explain democratic explain staff focus.
5585;8967;4;02/09/2025;Have evidence cup arm always cut.
5586;1906;5;05/01/2026;Group TV heart risk consider answer.
5587;13369;3;20/06/2025;Scientist not official contain.
5588;4227;4;05/07/2026;Result your between key represent building dog.
5589;12175;3;09/08/2026;There war peace thus.
5590;6690;5;05/04/2026;Exist move guess growth design either.
5591;7538;1;23/03/2026;Conference plant shake site.
5592;18299;1;11/03/2024;Alone worker single weight.
5593;16321;5;15/10/2023;Cultural single dark least network spring.
5594;8621;4;15/01/2025;Artist establish house protect research note field cause.
5595;18878;5;19/08/2025;Take include story behavior.
5596;13539;1;25/04/2025;Coach will professional in across risk.
5597;18902;5;29/05/2026;Fine go toward heart life property.
5598;8457;2;15/06/2025;We with customer.
5599;17986;3;19/08/2024;Full occur laugh charge girl.
5600;2181;3;20/06/2024;Here try when event.
5601;4580;5;25/05/2024;Every usually story build surface to.
5602;16172;5;01/04/2026;Follow leader free indicate note style politics.
5603;6032;1;02/01/2025;Concern help smile statement prove board.
5604;8519;2;06/12/2023;Small heavy arrive mission.
5605;2583;2;30/08/2025;Sort too three plant institution.
5606;12991;2;05/08/2025;Tonight world personal because order.
5607;2077;1;21/05/2026;Five early beat speak seat.
5608;15288;1;01/10/2025;Citizen appear forget their head stand.
5609;18916;1;19/03/2024;You computer it ready sure star statement.
5610;19927;2;22/11/2024;Skill way note specific stock wish.
5611;10033;5;14/03/2025;Along recent leave see threat.
5612;12390;5;14/06/2024;Arrive under south weight decide.
5613;7336;5;13/10/2023;Mind rise agreement outside.
5614;3911;3;18/03/2024;Prevent check myself music their customer.
5615;9831;2;03/01/2026;Significant factor expect huge response thought true.
5616;16653;5;25/09/2024;Pretty fine certainly own.
5617;1713;2;13/02/2026;Red road thus himself to.
5618;7970;4;11/04/2024;Note term reach.
5619;3993;4;27/04/2025;Take dark financial blood half.
5620;18406;5;31/01/2025;At manage and everything all recognize past.
5621;17600;2;07/11/2023;If end military ahead contain try himself.
5622;18842;4;07/05/2024;Attack at picture.
5623;14176;2;14/09/2025;Main try cold its book right well girl.
5624;12280;1;21/05/2025;They food scientist wrong win issue.
5625;9695;3;20/03/2024;Special seven class increase total turn test.
5626;17398;2;02/07/2026;Clearly sign camera rest her.
5627;10330;4;25/09/2023;What sort business open.
5628;16314;2;12/07/2025;Plant fall be difference reflect.
5629;16972;4;12/04/2026;Where which total continue oil learn.
5630;18724;3;15/01/2025;Compare have reality realize maybe strategy blood.
5631;4415;5;04/06/2025;Style long free.
5632;2073;1;06/12/2024;Crime worry partner care build.
5633;1243;4;26/08/2026;Pretty change career very contain stuff human citizen.
5634;1976;3;20/09/2023;Among above soldier painting identify.
5635;6499;2;10/12/2023;Physical make when condition.
5636;13191;1;07/03/2026;Card your consider painting practice daughter director.
5637;18072;3;23/04/2025;Different laugh similar trade fall.
5638;4121;5;08/04/2025;Food notice through candidate chair cut.
5639;14905;4;07/09/2025;Media appear after.
5640;6439;2;21/01/2026;Speech pretty story community score.
5641;7153;2;05/06/2026;Former financial challenge food away economy edge.
5642;17728;3;09/04/2025;Item store sing speak.
5643;11685;3;20/09/2025;Pretty area once bag picture newspaper.
5644;8251;3;18/07/2026;Management character play political reason wrong.
5645;13246;2;18/02/2025;Scientist again meeting star agree.
5646;3034;4;04/05/2024;As also nearly each traditional yard wish.
5647;16066;4;01/12/2025;Realize very indeed special peace.
5648;246;3;12/02/2026;Ask eye rate home official.
5649;14718;3;19/02/2026;Feeling business mother lead stock mother.
5650;8365;3;31/01/2026;Require professional ten condition between.
5651;5761;2;04/04/2025;Statement authority maintain phone professional spring.
5652;15182;5;02/01/2025;Become near debate government Congress design.
5653;10922;4;29/12/2023;Rock baby share real peace analysis south.
5654;12942;1;22/12/2024;Walk language court position weight.
5655;3818;5;30/08/2026;See eye trade sister yourself.
5656;12953;5;21/06/2025;Media trial training wish far bar interesting.
5657;5864;4;28/02/2026;Less goal sport town wonder.
5658;13210;2;02/01/2026;Whole consumer decide rest occur guess.
5659;10099;5;11/03/2026;Send smile husband realize artist.
5660;10165;5;26/09/2024;Blue final management week into PM experience.
5661;14520;5;30/04/2025;Avoid effect address success.
5662;7214;5;29/06/2024;Thank can point dog something these home.
5663;11978;2;30/10/2023;Until mouth family enter.
5664;4736;1;11/12/2023;Receive strong what population bank control act without.
5665;15816;5;23/08/2026;Relate song oil someone win.
5666;1365;5;21/01/2024;Always miss question rule.
5667;1176;1;02/08/2026;Point positive history note.
5668;16809;4;25/09/2023;Laugh senior purpose ok.
5669;2945;1;28/06/2026;Since feel practice with society responsibility left matter.
5670;10344;1;18/10/2024;Meet half run.
5671;11988;3;16/03/2025;Discussion modern difficult stage save.
5672;11421;1;11/09/2026;Prevent wait bag and son.
5673;12207;4;18/06/2024;Stock owner whom benefit.
5674;18885;5;19/05/2026;Detail hand reason.
5675;3231;4;01/12/2023;Brother above camera leave nor guess month.
5676;13135;2;12/07/2026;Age cup certainly ground glass model weight.
5677;17679;2;15/02/2026;Energy level science though.
5678;1985;4;29/11/2023;History wish bill might.
5679;5995;5;05/01/2026;Third but half into.
5680;18866;2;13/02/2024;Action impact bit capital behavior environmental.
5681;9167;2;27/02/2024;According develop your end.
5682;14979;4;27/09/2023;Carry than too population fly tend protect.
5683;13882;2;29/06/2024;Often environmental huge common.
5684;11412;2;04/04/2025;Pressure television degree.
5685;6811;1;29/03/2025;Nor Mrs along herself apply air.
5686;11525;2;15/08/2026;Wait sign coach big result good improve reality.
5687;9196;4;09/06/2026;Piece think set job step gun.
5688;5831;2;02/01/2025;Ok society successful.
5689;1526;2;25/06/2024;Media if different information cut glass.
5690;11435;3;22/08/2026;Best report material make.
5691;9172;3;28/04/2025;Building commercial fine window.
5692;11874;5;27/03/2024;Story religious tax two deep city.
5693;14904;1;23/02/2025;Mother customer industry mind beautiful.
5694;2020;4;11/11/2023;Fine history too exist soldier with teach.
5695;5163;3;30/10/2023;Lay bed although certainly drug enter realize.
5696;17415;3;28/10/2023;Growth project ever write home.
5697;14332;4;19/02/2026;Want practice already person citizen somebody threat southern.
5698;15742;4;09/02/2026;Available environmental support light investment able wait.
5699;3343;4;03/07/2025;Give million bill entire main why capital.
5700;2734;5;12/08/2024;Appear risk rich choose.
5701;1818;2;08/11/2024;Kitchen make line political never firm.
5702;3547;4;11/01/2026;Half effort back try.
5703;19265;3;11/04/2024;Task shake very.
5704;8170;4;07/10/2024;Successful another dog.
5705;13468;2;25/02/2025;Movement me tell between effect important fight.
5706;7119;1;20/12/2025;Indeed report defense just white show.
5707;19434;3;04/09/2025;Answer imagine politics.
5708;17009;5;22/12/2024;Upon sing Congress him gas night performance.
5709;9422;1;21/05/2026;Pass research mind institution item fight huge difference.
5710;6613;2;23/05/2026;Religious everybody size interesting month way.
5711;19967;4;03/06/2024;Mother specific local sure economy matter big nature.
5712;6849;1;30/12/2023;Consider and share everything concern glass its.
5713;13494;5;26/10/2025;One PM what ever say red magazine able.
5714;13372;1;12/06/2026;Open long foot director scientist life method.
5715;18212;2;28/03/2025;Experience low likely challenge charge.
5716;1323;1;05/10/2025;Shoulder deal truth hear instead.
5717;1486;1;03/12/2024;Leg person necessary quickly above.
5718;2710;5;04/03/2024;Some serious camera ten company method bar.
5719;12951;3;31/07/2024;Walk none majority smile hundred.
5720;18706;1;12/06/2025;Consider by would step agent opportunity.
5721;18769;3;20/06/2026;Human his night.
5722;3269;2;13/01/2024;Around future specific drop born.
5723;19028;1;22/04/2025;Kind heavy current sell likely friend medical.
5724;1866;5;31/07/2024;Very character both gas opportunity president.
5725;9248;3;06/11/2025;Others mean owner between may surface section.
5726;16252;2;20/05/2026;Guy result behavior see show strategy.
5727;2658;5;10/07/2024;Without if street catch nothing model.
5728;826;5;03/08/2025;Toward behind others between investment quality.
5729;19757;1;10/12/2025;Industry yeah great use kitchen relationship.
5730;19969;2;16/06/2024;Career many pick into.
5731;9311;5;07/12/2024;Lot spend study issue industry research democratic.
5732;14049;5;19/11/2023;Begin see raise person week recent skill.
5733;10;5;03/02/2026;Real space must.
5734;4695;2;22/06/2024;Hair director much nature nearly nor possible.
5735;6980;5;04/06/2026;Realize another beautiful real defense value four outside.
5736;9675;5;09/05/2026;Pick learn floor remember throughout oil.
5737;7631;3;16/03/2025;Population popular think human assume hour.
5738;3079;2;06/09/2025;Our big kid maybe.
5739;8308;4;14/07/2024;Quickly various number race no expect type.
5740;7794;5;08/10/2025;Guess finish because answer right property walk.
5741;934;4;26/04/2026;Girl nature baby century compare.
5742;1601;1;03/12/2024;Nature role conference subject pull sign or.
5743;17676;5;06/08/2025;Seem threat or opportunity family western Mrs win.
5744;12739;2;27/09/2024;Sure leave health medical.
5745;4157;2;08/03/2026;Follow Mrs every manage.
5746;4026;4;18/08/2025;Sometimes lawyer better describe seem bad her.
5747;6661;4;02/11/2025;Wind money everyone.
5748;2017;3;06/02/2024;Listen push particular out stuff.
5749;5668;4;19/09/2023;Condition ask across.
5750;11838;2;12/02/2025;Tough draw claim.
5751;18334;4;06/12/2024;Improve reach form system form.
5752;13274;1;08/04/2025;Fine site thank keep suggest technology.
5753;368;5;13/05/2025;Exist top almost level hour senior party.
5754;193;1;14/06/2025;Life size score cut smile focus firm rich.
5755;3326;5;23/09/2025;Year measure activity customer lawyer culture.
5756;10691;5;31/07/2025;Lay according music left population record then offer.
5757;5689;3;14/12/2023;Section key establish officer.
5758;10753;3;06/11/2023;Scientist either country radio.
5759;4626;3;03/01/2024;Feel section memory public remember always concern.
5760;17893;4;08/12/2023;North summer take than nearly.
5761;5593;1;22/11/2023;Administration small analysis although condition wish.
5762;8199;5;26/10/2024;Measure watch inside beat.
5763;849;2;28/01/2026;Political reality popular.
5764;4118;2;07/07/2024;Score still go since.
5765;5665;1;22/04/2025;Career another there sort.
5766;9149;2;28/09/2025;Democratic tax bar power staff.
5767;17264;1;04/05/2026;Field theory claim own one performance.
5768;9195;1;24/06/2026;Capital least after west huge simply.
5769;15343;3;01/02/2024;Reason lose reflect assume third.
5770;210;3;19/11/2025;Glass ask message throughout well pick space morning.
5771;19046;1;15/06/2026;Opportunity focus national run entire a.
5772;4471;2;07/11/2023;Street most yeah gun food nor hour.
5773;2777;4;28/02/2026;Add activity company another hundred tough get.
5774;16325;3;06/03/2024;Challenge last dream onto first.
5775;15811;1;20/10/2023;Drive establish year every face.
5776;6605;1;16/12/2024;Leg often something car.
5777;11280;4;30/06/2026;Degree sea white style involve.
5778;11145;2;22/03/2024;Moment become science student role out organization.
5779;10482;3;29/06/2024;Despite participant mind its game seven yes wonder.
5780;8382;5;11/11/2023;I us draw several him price American.
5781;4066;1;08/03/2026;Tough culture boy relationship new.
5782;9960;1;18/04/2026;Share truth clear.
5783;19039;3;22/09/2024;Charge maintain study method capital free father quite.
5784;16323;1;02/11/2024;Environmental young senior example sometimes.
5785;8801;4;18/11/2024;Create until future into building kid.
5786;14661;4;05/09/2025;Girl can decision system light choice weight.
5787;19140;5;17/02/2026;No station book state big campaign.
5788;16667;1;03/11/2024;Wonder anything certain address.
5789;5705;5;16/07/2024;And only American spring between attack operation baby.
5790;9442;3;23/08/2026;Window per lawyer employee suggest must message.
5791;15513;3;06/08/2025;Keep truth control important perhaps.
5792;9104;5;30/12/2023;Direction crime analysis current far able example.
5793;15540;4;14/03/2025;Simply son explain huge newspaper.
5794;17663;2;19/07/2026;Same hot lead sit.
5795;1638;2;08/01/2025;And start government month.
5796;4058;4;22/01/2025;Front point popular avoid.
5797;17445;4;22/09/2024;Opportunity century court media.
5798;14397;2;19/10/2023;Person add remember third form respond use.
5799;6031;3;05/08/2024;Rich figure finally country peace day author.
5800;19376;1;18/11/2023;Different age benefit late just machine.
5801;17784;3;03/02/2025;Play person arrive Mrs.
5802;10556;4;19/06/2024;Institution office daughter with table chair.
5803;2784;3;02/05/2024;Staff young approach ever with new.
5804;17804;5;27/08/2025;Key walk he discover management almost.
5805;14791;5;16/07/2026;Team on foreign probably class tend.
5806;10665;1;01/12/2023;Kind in themselves its local mean few economic.
5807;16654;4;07/11/2024;Floor future president.
5808;3444;4;03/03/2024;Free democratic open law late friend.
5809;15859;4;25/12/2024;Trade really near.
5810;3780;3;16/03/2025;Red rise finish.
5811;13916;4;07/12/2024;Play action country member likely successful.
5812;14209;3;12/02/2024;Account simple often.
5813;3635;4;17/02/2025;Produce government around light.
5814;16887;4;17/01/2025;Main pretty performance decision role range interest.
5815;17176;1;17/03/2026;Well view history Congress marriage.
5816;315;2;08/01/2024;Strategy nor board program word represent specific.
5817;9763;5;06/02/2025;Newspaper well gas computer.
5818;12771;4;06/06/2025;Speak admit economic business attention.
5819;1665;4;06/12/2023;Doctor current series interview nation.
5820;8185;2;01/09/2025;Many find media goal already type.
5821;11341;4;09/03/2025;Cut growth since probably place sometimes white.
5822;6661;2;02/07/2024;Anything section per one prevent politics dog.
5823;15327;2;27/02/2024;Save share pressure nearly occur affect.
5824;3803;4;30/11/2025;Simple office consider concern.
5825;7515;2;05/04/2026;Travel learn school seat.
5826;519;5;04/01/2025;Morning learn must century bill recently account still.
5827;14135;2;19/02/2025;Strategy arm recent single sister big.
5828;3733;4;15/07/2024;Far indeed full happy point.
5829;11945;1;10/01/2026;Finally black meet pay.
5830;10440;2;20/05/2025;Firm approach choice personal.
5831;480;1;05/08/2024;Protect must agency animal.
5832;7566;5;09/04/2024;Including national himself low.
5833;15308;2;14/07/2025;At system science see management.
5834;10259;1;12/06/2026;Pm total bed author other international civil.
5835;5058;3;12/04/2025;Remember director everybody region.
5836;8862;4;21/12/2025;Like them all nation choice run half reach.
5837;8295;5;05/09/2026;Market fill special answer culture scene spring.
5838;19237;1;27/10/2025;Price I color develop reach everyone member.
5839;17924;5;10/12/2025;Medical bar think yeah on friend.
5840;14591;3;25/11/2024;Friend professional little decide.
5841;7193;2;19/03/2026;Try debate stop near politics walk this.
5842;4408;5;07/02/2025;Large important significant college certain.
5843;10166;4;10/06/2026;His help material college car huge its number.
5844;662;1;06/06/2026;Morning see occur although police but attack.
5845;18750;5;03/01/2026;Ok history road himself society throughout worker.
5846;11537;4;22/03/2024;Remember own player happen.
5847;9827;3;23/01/2025;Bank box describe choice.
5848;11656;5;04/11/2025;What friend natural.
5849;18745;3;14/08/2025;Food night lawyer close.
5850;13959;2;29/10/2025;Dark simply themselves generation fight herself.
5851;13115;4;01/02/2024;Food forget relationship against team.
5852;758;2;05/11/2025;Sell experience vote at control yet focus.
5853;8303;2;27/07/2024;Whether reveal subject special general.
5854;2219;4;08/07/2024;Late capital who understand nor appear.
5855;7681;1;24/09/2025;Close power bad benefit.
5856;1059;3;03/12/2025;Newspaper factor suggest point involve people ago school.
5857;3615;3;23/09/2025;Phone personal feeling yes various prove however month.
5858;8840;5;15/06/2026;Tree into he meeting minute.
5859;4089;3;30/01/2026;Consider everyone peace to we western.
5860;13841;5;07/10/2025;Yeah head let face practice idea.
5861;15034;4;16/09/2025;Story both agent decide.
5862;559;2;19/01/2025;Character budget bank when.
5863;17890;5;10/07/2026;Either between those health away turn.
5864;8772;1;03/03/2024;Mean collection set store whether appear.
5865;16926;3;06/07/2025;Some gun actually cultural measure law describe.
5866;9438;3;08/02/2025;Raise work value per.
5867;15996;3;12/06/2025;Peace enough event medical form exactly big evening.
5868;10487;3;10/01/2024;Fly discover character night day seem three put.
5869;7231;4;01/12/2023;Company station beat.
5870;15924;1;05/02/2024;Reach night glass close hard create.
5871;2183;3;11/10/2023;Piece design road either environmental scientist even.
5872;1394;1;20/07/2026;Foreign bill turn wall rise rate.
5873;19281;4;16/01/2024;Painting police both anyone very.
5874;13314;3;18/08/2024;Until sense mean should along newspaper.
5875;3558;3;22/02/2024;Indicate information heart out during be manage.
5876;16630;2;06/12/2025;Move leg hand table.
5877;4999;2;27/05/2025;Soon least everybody production president.
5878;6364;1;13/04/2025;Spend well wide.
5879;12315;4;08/09/2024;Special leader almost head.
5880;16444;4;09/12/2024;Still accept left while generation plant.
5881;16253;3;21/02/2024;Light herself across including enough necessary cause.
5882;4460;3;28/10/2024;Same party public who common.
5883;3883;5;06/05/2026;Treatment care their fund.
5884;17567;1;19/10/2024;Those tree word him their.
5885;18663;2;25/08/2024;Very all red information material strong.
5886;19409;1;07/03/2024;Around detail product matter hot yeah her.
5887;15867;1;11/12/2024;Civil culture boy.
5888;15984;2;20/02/2024;Part sense ahead.
5889;15462;5;20/01/2024;Want argue green now Democrat assume.
5890;15813;3;02/02/2025;Since power else take physical both already.
5891;689;3;21/11/2023;Rise thus piece member activity spend.
5892;16704;4;20/02/2026;That give run change season dinner result.
5893;14142;2;06/12/2024;Want blood rest economic rock issue former.
5894;18000;2;22/01/2026;Order behind wish only technology.
5895;1530;5;25/06/2026;Message wonder man interesting around.
5896;8275;3;16/11/2023;Force above simply individual question.
5897;15361;1;07/08/2025;Federal camera billion short throw answer.
5898;1364;1;11/02/2024;Price because though tell.
5899;5346;2;19/06/2026;To more since because story management respond international.
5900;16496;2;07/04/2024;Audience lead produce name table plant.
5901;3095;1;06/03/2026;That deep attention series thought.
5902;11908;4;31/10/2023;Us believe why field indicate minute think.
5903;12955;4;02/01/2026;Special water least why think.
5904;18415;5;14/06/2024;Growth hear the that new.
5905;12149;1;04/09/2025;Wife mission theory.
5906;15980;4;03/02/2025;People worry affect charge debate.
5907;9184;5;13/03/2026;Or nation stand phone trip east teach either.
5908;13789;2;22/02/2024;Hear debate data adult major.
5909;19871;5;07/12/2023;Become majority seem military general treatment.
5910;3882;2;27/09/2025;Small successful music.
5911;7556;2;09/05/2025;Hair condition receive.
5912;13417;4;03/07/2026;Rich trade many to space throughout.
5913;136;5;25/11/2025;Old sometimes fill value.
5914;9890;3;29/09/2024;Television continue evening.
5915;4995;1;06/06/2025;Population mind audience industry.
5916;1506;1;28/05/2025;Lead fill rate foot already picture.
5917;18137;1;04/07/2024;Enjoy share something economy body civil western.
5918;9693;4;13/06/2026;Hot able rock actually marriage along operation.
5919;17741;5;01/08/2025;Republican only dog since pick not write.
5920;5128;4;28/08/2026;Professor financial show billion environmental perform force.
5921;12024;3;26/05/2026;Never claim send believe other.
5922;14932;1;22/11/2023;Pull pull son television teacher tonight eight outside.
5923;11209;2;20/11/2023;Similar per fly nature find.
5924;9937;2;12/12/2025;Ago we administration minute shoulder mean whether.
5925;7940;5;02/11/2025;Physical director suddenly most scene state each.
5926;1824;4;03/03/2024;Watch camera picture little those.
5927;12710;5;01/11/2025;Site someone sometimes few we small.
5928;13230;2;12/11/2024;Step a trouble morning.
5929;15542;5;11/06/2026;Certain low professional board.
5930;9327;1;21/07/2026;Compare foreign point tax four million.
5931;13804;1;14/10/2025;Catch manage civil thing reality effort test.
5932;5537;4;08/02/2026;Phone sure standard think benefit each.
5933;13865;4;09/08/2025;President age late officer as identify kitchen learn.
5934;3330;5;28/06/2024;Cut total herself me.
5935;14460;2;08/05/2026;American certainly future provide.
5936;15849;2;05/03/2025;Big notice success bit professional century skill continue.
5937;18181;5;16/08/2025;North poor price once to movement always.
5938;14466;2;19/06/2026;Fall civil daughter open response federal.
5939;12313;1;08/04/2024;Far wish range lawyer significant save.
5940;1026;4;21/12/2025;Example authority usually miss financial school them.
5941;16892;4;15/06/2024;Air walk much every protect.
5942;14458;4;16/02/2026;Walk mind score pull because.
5943;2976;1;11/04/2024;Almost smile minute open enjoy.
5944;7329;1;11/09/2024;Where our space set phone.
5945;16744;2;18/10/2025;Analysis any buy yet goal until entire too.
5946;2721;4;03/12/2024;Left line able point source enjoy consumer such.
5947;6594;1;05/10/2025;Plant so consumer player boy fill light.
5948;17273;3;05/02/2026;My meeting quality big.
5949;19466;1;02/03/2024;Skill forward national four system stay value.
5950;9670;4;12/10/2023;Those cause enjoy college student check usually.
5951;15844;4;05/01/2024;Election perhaps head summer budget.
5952;17069;2;20/08/2024;Believe town party friend walk.
5953;19673;3;10/09/2024;Mention agreement put recent cut.
5954;3500;3;16/09/2024;Weight already allow trip better play.
5955;4619;2;26/06/2024;Fall ago exactly good pay involve can.
5956;12123;3;15/05/2025;Week each guess.
5957;4502;3;27/06/2025;Green difficult left.
5958;1688;3;24/08/2026;Goal hotel skin key become.
5959;7262;3;27/10/2023;Garden talk degree pick might parent.
5960;5248;5;21/04/2024;To popular chance consider then.
5961;16898;5;13/06/2025;Today know show foot begin learn.
5962;10149;4;09/09/2025;Account president hundred after.
5963;17697;2;12/08/2025;Entire own both develop because cold energy require.
5964;5186;4;16/10/2024;Rich change life military agreement security here office.
5965;13642;5;29/09/2023;Only after two area.
5966;6213;1;13/03/2026;Card save response industry role.
5967;17040;2;27/08/2025;Small reduce word land authority on.
5968;11168;3;23/09/2024;Market fund drop impact administration.
5969;8587;3;07/06/2025;Reach order laugh discussion physical I.
5970;2431;1;01/03/2026;Risk soon process can throughout.
5971;18444;4;06/08/2025;Page cold science explain up.
5972;1754;1;09/09/2026;Toward listen idea sea.
5973;17710;5;26/09/2025;Eat population heavy lawyer report special government.
5974;2435;2;27/01/2025;Off it top ago light everybody property plant.
5975;19200;1;26/03/2025;Low three food cultural mother whom.
5976;5560;2;20/01/2025;Save skin chair radio born leg produce.
5977;16403;1;21/09/2024;Begin president west partner feeling else.
5978;6825;4;20/05/2026;See animal article president.
5979;180;3;01/07/2024;Ability can single arm behind pass compare.
5980;5935;1;24/01/2025;Traditional alone box president.
5981;13169;2;09/08/2024;Best resource window five herself explain safe.
5982;2217;5;06/05/2025;Own describe available trial lay wall.
5983;17804;5;04/05/2024;Floor hope whom until product.
5984;2492;1;05/05/2026;End believe meeting clearly low.
5985;19627;4;19/10/2025;Either meeting whom.
5986;4541;5;29/12/2025;Care board pretty feeling find poor worry focus.
5987;2825;2;14/03/2024;Crime me may international him.
5988;4127;1;16/07/2026;Knowledge lose those wrong.
5989;18227;2;31/10/2024;State my risk.
5990;15084;5;25/07/2024;Investment hundred even others at not.
5991;16964;2;24/03/2026;Thing consider foreign middle.
5992;15362;5;06/05/2025;Mother above right company term other exactly phone.
5993;11906;5;11/04/2026;Bed service church suddenly such drive.
5994;3598;4;28/09/2024;Treat capital issue fish determine sit scientist learn.
5995;9283;5;31/10/2023;Product top it change small with.
5996;4450;4;12/12/2025;Ahead itself piece happen what still.
5997;5500;4;26/02/2024;Trip item fill international.
5998;8760;5;15/08/2026;Several hospital tell so ten.
5999;1183;4;30/11/2023;Memory education government history will example worker for.
6000;441;1;07/09/2024;In event general theory.
6001;11476;1;31/03/2026;Could in analysis remain standard.
6002;15333;2;15/08/2024;Media put seven short trouble road teacher.
6003;1026;3;22/09/2024;Political true bar mean note between public.
6004;7938;2;08/10/2024;Foot yes important do military huge baby wear.
6005;18314;5;09/04/2024;Imagine detail agency left change he.
6006;17022;1;04/05/2024;Must hair technology organization raise address.
6007;1426;4;01/03/2025;Industry card fast PM paper.
6008;13143;5;04/09/2026;Record later fill discover fall authority Republican.
6009;17478;1;23/09/2023;Shake already none pattern.
6010;7526;4;05/11/2025;Provide begin order create.
6011;4987;5;26/10/2023;Involve set necessary plant type end share.
6012;12648;3;14/10/2024;Activity amount south keep bill generation rest.
6013;12715;2;25/11/2025;Green address decision contain.
6014;8674;3;26/10/2025;Meeting once quality those under standard.
6015;3203;3;04/12/2025;News now brother modern like.
6016;19136;1;06/03/2024;Learn hundred include dinner prevent goal cause help.
6017;10935;3;29/06/2026;Type make course game lay office official.
6018;2311;4;29/08/2025;Economy yes baby child table put.
6019;1098;4;31/12/2025;Game discover onto cultural forward.
6020;13107;5;25/11/2024;Would cell meet skill hand suffer.
6021;18094;1;28/10/2023;Police benefit dream part front brother.
6022;8733;3;15/07/2024;Little according arrive.
6023;10058;4;17/12/2023;East down image require military feeling effort check.
6024;1155;3;26/12/2023;Require still decade forward.
6025;15040;3;09/06/2026;Him reality step low relationship.
6026;11166;2;23/04/2026;War clear worry number especially stuff never.
6027;1975;4;11/03/2026;Debate recent this direction clearly.
6028;15998;5;24/12/2023;Be prove knowledge energy seek democratic.
6029;14527;2;11/11/2024;Part itself ability sing.
6030;3270;3;09/03/2025;Up effort population forget bring.
6031;11290;5;07/11/2023;Tax forget the.
6032;6303;1;23/07/2025;Three growth fund view generation face.
6033;11876;3;02/08/2024;Three rock service week.
6034;9641;3;10/06/2024;Generation down executive up baby.
6035;10500;2;24/05/2026;Condition head hundred name easy seek get.
6036;6595;4;09/09/2025;Support action budget continue.
6037;2770;1;11/04/2025;Offer under father maintain.
6038;14244;1;22/12/2023;American road age clear course he national.
6039;19965;3;16/02/2026;No occur buy at.
6040;2183;4;28/07/2024;Beyond newspaper cover.
6041;10263;5;22/04/2025;It others hair all expert poor agency reduce.
6042;4614;5;17/11/2024;Direction work various recent.
6043;59;5;03/08/2024;Red treat own responsibility always.
6044;14748;4;21/12/2023;These car drop else.
6045;14924;5;21/05/2024;Travel clear foot both husband firm.
6046;13318;3;16/11/2024;Single suddenly trouble no protect walk.
6047;9127;5;06/07/2024;City month vote effect.
6048;413;4;23/08/2025;Morning foreign marriage collection.
6049;8184;5;06/02/2026;Enough off admit show room response many.
6050;12416;3;04/01/2026;Carry career rule wide way night cold you.
6051;12749;5;19/09/2023;Work Mrs everybody cell road.
6052;13961;2;04/10/2024;Glass sometimes tax produce.
6053;8282;2;13/07/2025;Onto three painting management even wish lot.
6054;17972;2;22/06/2026;Dog add after.
6055;6919;1;03/01/2024;Step political structure ten stay including.
6056;19230;1;17/04/2025;History guess skill over.
6057;9329;1;29/07/2026;Least five hear.
6058;7972;2;08/10/2024;Sing opportunity commercial phone somebody become country lead.
6059;12841;3;01/10/2023;Girl which possible.
6060;8115;1;01/10/2025;Leave car age be provide let teach.
6061;15511;4;07/05/2024;Sign already save gun up short strategy.
6062;16809;4;07/02/2026;Money simple figure pretty nearly year next start.
6063;9755;5;10/02/2025;Themselves eat they hear.
6064;7697;5;18/01/2024;Fish exactly seek gun show interview administration.
6065;17470;2;14/07/2024;Floor dog evidence chair first.
6066;19496;2;07/09/2025;Morning think allow resource growth born.
6067;7377;4;23/10/2025;Republican approach by radio describe.
6068;893;4;19/02/2024;Break democratic friend offer that ago any.
6069;7637;2;15/12/2023;Among everybody family.
6070;16927;1;24/05/2024;Heart maintain call figure.
6071;13294;1;10/09/2026;Myself miss keep level.
6072;14959;4;15/05/2025;Miss item company brother war scientist behavior.
6073;9317;2;25/10/2023;Population plan evidence upon ready feeling.
6074;13023;3;17/06/2026;Long memory of market tell address.
6075;17582;5;06/04/2025;Send about animal.
6076;11647;4;20/01/2026;Science son stage garden skill under difficult.
6077;14061;1;20/01/2025;Smile season turn physical.
6078;18704;3;22/03/2025;Each leave ask return color population place ok.
6079;14336;3;21/02/2026;Right establish event save force mind.
6080;18762;3;23/06/2025;Building thank sister entire computer care that break.
6081;4304;5;01/09/2024;Treat good conference control.
6082;6213;2;19/12/2023;Almost push against bar teacher.
6083;9981;2;01/10/2024;Low hard radio trouble here dark third quickly.
6084;16462;4;16/11/2024;Rich however often for involve unit.
6085;19696;3;26/09/2025;Role or west receive read.
6086;7392;5;28/02/2025;Physical food four nice oil water training.
6087;15114;4;23/04/2026;Serve race most play health tree station.
6088;17633;3;17/06/2024;Suggest treatment foreign box hotel.
6089;19572;2;22/03/2026;Source true blue letter.
6090;6290;5;13/08/2024;Decide establish join society.
6091;19214;5;23/12/2023;Computer technology how happen when television.
6092;3741;3;21/07/2024;Wonder never summer face book guess brother.
6093;4789;1;15/09/2024;Never we mother travel outside open seven.
6094;723;4;26/05/2025;Huge as finally want during cultural.
6095;11576;5;08/01/2024;Sea story ask week center town if.
6096;14074;1;01/04/2024;It stay hour scene government.
6097;5924;1;05/06/2024;Resource such rather father.
6098;15778;2;09/11/2023;Indeed low how democratic.
6099;7560;5;03/03/2024;Home go floor others exist.
6100;10030;4;18/07/2024;Argue life late.
6101;822;2;06/12/2025;Foreign fight find by card have.
6102;8677;2;22/05/2026;Environment wide democratic which both participant.
6103;12014;2;10/01/2026;Hot hair computer lot personal.
6104;10844;5;07/06/2026;Employee list imagine key.
6105;2653;4;12/11/2025;Fish popular seek bring.
6106;5642;3;18/02/2025;Present president citizen professional successful win phone.
6107;10249;4;04/11/2024;Brother as card responsibility enter ground.
6108;10854;4;12/02/2024;Away reach director child share may.
6109;8703;2;03/12/2024;Resource once finish medical number.
6110;12169;5;03/12/2023;Current wall community great clearly month wind.
6111;7949;5;12/02/2024;Difference science rate.
6112;15235;5;26/10/2023;Yet natural concern choose bar.
6113;6718;2;01/07/2025;Million body hard price station.
6114;4211;3;31/12/2023;Oil add performance.
6115;4150;2;06/07/2026;Fund free ability end benefit.
6116;1626;4;08/08/2025;Floor attention second star both use.
6117;7426;3;31/07/2026;Quite hard where against already interesting affect.
6118;8522;3;19/10/2024;Chance per push sense.
6119;1942;5;18/03/2024;Technology left remember fall add far.
6120;4095;2;16/04/2025;Miss impact society without result scene technology economy.
6121;19926;3;20/05/2024;Art present its fly early heart.
6122;11549;2;21/01/2024;People actually week.
6123;11300;4;05/08/2025;Thus trial special prevent girl kind interesting.
6124;19883;5;21/02/2024;Near each modern a local only.
6125;16954;3;26/01/2025;Loss chance pick research myself book.
6126;4866;4;06/07/2026;Avoid behavior if national gun.
6127;1129;5;02/03/2024;Movie yet through.
6128;8894;2;28/05/2025;Society human drug above.
6129;6247;3;27/05/2024;Town today out task after game nor five.
6130;1292;4;08/01/2025;Toward travel audience small.
6131;1319;2;10/06/2026;Rich game different performance.
6132;8371;4;05/03/2024;Possible nothing quite night despite culture.
6133;2220;3;21/02/2024;Husband including cover generation dream.
6134;13715;5;25/01/2026;Dog company wrong those game night.
6135;7447;4;23/06/2026;Cover leader might least.
6136;15958;3;01/01/2024;Hold out mission away upon candidate.
6137;1025;5;14/12/2023;Identify campaign trade school drive.
6138;10899;2;21/02/2026;Size buy interest feeling game.
6139;1653;1;07/10/2025;Book place stock impact politics southern.
6140;4068;5;05/07/2024;Management federal allow effect upon.
6141;10622;2;14/07/2025;Have against court risk reduce.
6142;14150;2;10/01/2025;Spend offer base affect citizen day cause.
6143;18445;2;01/01/2026;Board worker keep challenge force save.
6144;1589;4;04/07/2024;None anyone however discover.
6145;10247;1;29/11/2025;Do policy else model myself indeed.
6146;7632;2;16/06/2024;Trip music shake authority pay lose ball.
6147;15642;1;22/09/2025;See even ability director early serious film couple.
6148;10458;2;21/05/2026;Through politics member executive soldier.
6149;13245;3;10/10/2023;Commercial little fast discover authority project.
6150;5308;1;30/11/2025;Scientist like beautiful although.
6151;10592;1;29/05/2025;So daughter part central everyone.
6152;15055;5;14/08/2025;Little young including.
6153;19711;1;26/06/2026;According high approach available this news financial apply.
6154;9173;1;18/08/2026;Husband executive add how place relationship sometimes right.
6155;3795;2;15/01/2026;Every upon suddenly industry.
6156;14556;2;29/06/2026;Natural by actually behavior tonight girl a drop.
6157;2721;1;30/07/2026;Test throughout somebody record.
6158;7199;5;15/10/2023;Contain show question she.
6159;7274;5;10/10/2025;One table large pressure size Mrs possible.
6160;1238;5;16/03/2024;When material serve.
6161;10446;4;15/07/2024;Support fact direction themselves.
6162;14547;4;27/08/2024;Commercial administration join number.
6163;17677;4;03/11/2024;Why marriage interview training teach.
6164;13592;2;09/05/2024;Seat tonight enjoy feel letter likely opportunity your.
6165;6292;3;04/01/2024;Win measure become.
6166;846;5;09/03/2024;See do information machine know this money.
6167;17872;1;10/10/2023;Field opportunity open speak exactly piece.
6168;17264;5;09/03/2025;Fear though room whose thus my child.
6169;10;5;04/11/2023;Quality attention health artist hold store speak morning.
6170;19630;1;03/01/2025;Base wish degree involve.
6171;7725;1;04/09/2026;Nice hope leg family factor management on.
6172;3807;4;03/11/2023;Capital process hospital policy radio clear.
6173;14443;4;22/07/2026;Agency industry suggest agreement late.
6174;17487;5;20/06/2024;Win paper maybe officer discuss.
6175;18112;2;22/05/2024;Line enjoy seat evidence seven age church.
6176;18595;5;24/01/2026;Receive free PM outside.
6177;16052;5;21/11/2024;Night learn certainly lot surface stage.
6178;18543;2;18/09/2024;Organization born your box player.
6179;14886;5;03/08/2025;Specific begin draw trouble.
6180;3362;3;22/01/2025;If rest serve miss.
6181;3764;2;21/09/2024;Send level gas culture apply go.
6182;6008;5;10/12/2025;House foot southern night word manage.
6183;16799;4;27/02/2025;Production north seek bring.
6184;15824;4;06/05/2025;Pm hot local into.
6185;2050;4;07/07/2024;Fund short measure itself left actually understand.
6186;5926;1;10/02/2025;Accept building carry around eat.
6187;16754;4;30/08/2025;Good next mission town indicate career live.
6188;7019;4;09/09/2025;Tonight offer control partner situation blood a.
6189;6000;5;30/08/2026;Team job information fire reduce realize.
6190;3467;2;30/01/2026;Issue happen pick probably.
6191;7828;4;21/08/2025;Attorney offer work up education.
6192;11027;1;15/07/2025;Find itself often go million field.
6193;19364;5;24/02/2024;Star member development Republican attention star program.
6194;15081;1;06/10/2024;Opportunity include church.
6195;13912;1;20/03/2026;Page although must hot action sound.
6196;2817;4;04/01/2024;Beyond your less inside.
6197;16432;3;21/07/2024;Yourself he organization daughter glass.
6198;3502;5;06/09/2024;Put want exactly all least figure control just.
6199;18766;1;23/06/2025;Safe shoulder claim push positive kitchen professor.
6200;6352;5;15/05/2024;Instead accept support tend.
6201;19386;1;13/09/2023;Unit star significant level brother approach pass.
6202;17513;4;28/08/2026;Phone knowledge run arrive six sister right number.
6203;4139;3;22/09/2025;Another another cut police.
6204;4245;2;09/09/2026;Amount say arrive.
6205;9322;4;31/03/2025;Beautiful organization card one marriage eight girl.
6206;5449;5;07/05/2026;Manager matter face carry.
6207;4578;2;02/02/2024;Tv even their new.
6208;4448;4;31/10/2023;Seat medical discover.
6209;18726;2;10/05/2024;Prepare decade section this they.
6210;2822;2;12/02/2026;Sea scientist role state.
6211;1819;1;25/02/2025;Glass arm gun almost relationship.
6212;4698;4;08/11/2023;Produce center not enter meet land.
6213;14290;4;14/05/2026;Military attorney recent commercial lawyer.
6214;17794;3;12/03/2024;Within until send commercial investment perform.
6215;8471;5;29/08/2026;Among reason what lawyer seven.
6216;19628;2;05/11/2025;Behind late lead history tax home end.
6217;8133;2;19/07/2024;College girl truth mission.
6218;15754;3;15/12/2024;Any country wrong say effort anyone.
6219;11583;4;20/03/2024;Buy short conference radio they bill million.
6220;4372;1;10/09/2024;Thank very south later.
6221;5345;1;05/08/2025;Few nature say think.
6222;1996;4;25/08/2025;Interesting federal summer employee.
6223;15731;2;28/08/2026;View last figure.
6224;3239;3;12/11/2025;Cost agency four summer.
6225;11767;2;24/01/2024;Big may able majority but evidence.
6226;610;1;08/12/2023;Defense goal modern early debate land occur ever.
6227;13037;5;25/06/2025;Officer star social house option.
6228;8852;2;24/10/2023;Rock cause food sport laugh young require.
6229;16492;5;17/09/2023;Ball power life car will eye.
6230;14438;4;30/11/2025;Require remain in just.
6231;13501;2;10/09/2024;Picture our manager course what name of.
6232;15531;4;05/03/2025;Board trouble than who look nearly good.
6233;5928;5;30/03/2026;Take including born determine character chair who.
6234;18650;4;28/09/2024;Eat start growth.
6235;10667;1;28/10/2025;Tell certain six guy anyone.
6236;10529;3;31/08/2024;Write brother answer doctor school religious off join.
6237;8745;4;01/08/2024;Catch serve give though skin capital.
6238;15161;1;13/02/2024;Share others detail though treatment before.
6239;7869;1;30/07/2026;Simple watch despite other.
6240;9313;5;02/01/2024;Color power soldier material up effort.
6241;9475;3;26/04/2024;Help simple believe play.
6242;4818;5;02/06/2026;Forget together want likely development police beat.
6243;1558;2;21/06/2026;State something blue important.
6244;3017;3;11/09/2025;Yard test partner unit group wear guess.
6245;18757;2;05/09/2025;Cost shoulder build table organization.
6246;7766;2;12/03/2026;Win themselves financial recently with ago.
6247;104;4;25/10/2024;Analysis break game message they court.
6248;11181;5;22/02/2024;Onto try leader garden feel beyond.
6249;2081;1;15/09/2025;Think cut try family free field.
6250;12858;2;02/10/2024;Cut short such audience interview.
6251;13531;2;25/12/2025;Important as should moment others recent fine.
6252;5193;5;21/10/2025;Without any someone agreement remember tell cut television.
6253;3804;2;01/10/2025;Simply easy collection poor certain.
6254;11811;4;26/01/2025;Throughout determine total compare game Mr hand.
6255;5659;4;24/09/2025;Rule clear hospital hot control.
6256;13856;3;06/02/2025;Admit then evidence however.
6257;12196;1;30/06/2026;Step describe bank top chance anyone natural.
6258;7224;1;22/12/2025;Throw son foreign animal really cost scientist.
6259;4594;3;21/09/2024;A development together attention.
6260;3534;1;11/12/2023;Practice myself push everybody every.
6261;11204;2;26/01/2025;Do husband economic attack soon from green.
6262;2050;4;20/11/2025;Officer student drop nation picture.
6263;14525;3;10/10/2025;List to participant traditional.
6264;2508;4;20/05/2025;Resource account blue car.
6265;1043;1;29/07/2025;Popular person difficult see law really know speech.
6266;10504;3;13/08/2024;Still send instead value.
6267;7972;1;17/08/2025;These agency exist meet.
6268;8029;2;16/10/2023;Class bed form soldier.
6269;13391;5;06/02/2025;Class although hear feel just view.
6270;18879;2;24/10/2023;Difference sense whole television small say wide mind.
6271;19925;1;09/10/2025;Account east indeed yourself expect society action.
6272;92;4;21/06/2025;Rate theory both participant here.
6273;221;5;23/11/2025;Police expert great fund owner seek.
6274;12586;1;15/07/2024;May major firm.
6275;17916;1;25/11/2023;Per wife top attorney major field similar.
6276;11574;2;22/06/2025;Represent us whether knowledge large do.
6277;1510;3;11/10/2023;I wind who Congress way.
6278;13864;3;29/12/2024;Order skin easy factor bar about certainly.
6279;2776;3;24/04/2026;Suffer claim eye major young religious.
6280;8222;3;13/01/2024;Indeed break black population child head identify watch.
6281;1619;4;08/05/2026;However dark Congress majority family.
6282;8668;2;02/08/2026;Second law ball and hope assume decade.
6283;5445;5;26/05/2026;Religious then expect career.
6284;4706;1;04/06/2026;Leave spend maybe instead hundred strategy option across.
6285;2228;5;12/11/2023;Pretty true take edge able hotel.
6286;16871;1;01/08/2025;Seek scientist collection enough energy situation.
6287;19187;3;04/06/2025;Left front vote gas town bill late.
6288;2659;5;23/11/2024;Hundred none world behavior stage mean yet weight.
6289;4951;4;11/01/2025;Enter table machine government.
6290;1015;3;12/09/2024;Leg it author.
6291;19649;3;28/07/2026;All be test month.
6292;13189;2;20/03/2025;Civil available charge.
6293;12464;5;14/10/2025;Issue until ball special.
6294;17619;2;16/12/2023;Describe interview difficult other.
6295;13887;3;17/06/2024;Story data deal still still capital teacher west.
6296;1138;2;10/01/2025;Really inside future push including yeah head.
6297;9451;2;16/01/2025;Affect light consumer.
6298;11410;1;28/08/2025;Half provide begin necessary camera.
6299;280;5;18/10/2023;Yeah care teacher college top physical student ahead.
6300;10838;3;20/04/2024;Over world wide success provide yes off.
6301;14811;4;19/08/2024;Dog worry method especially explain standard.
6302;9805;5;27/01/2025;Huge security election force direction through wrong.
6303;5491;2;15/12/2024;Sign nice generation price.
6304;2211;5;16/07/2024;Popular movement final sense also these institution.
6305;19028;2;20/02/2025;Either important all raise heavy their could.
6306;18001;1;27/02/2026;Threat improve those create evidence special crime.
6307;19060;1;07/09/2025;Himself lose mouth college rate sport star.
6308;16951;1;30/05/2025;Trouble past political drive fall institution play.
6309;10528;5;21/11/2023;No south begin some four.
6310;2035;5;12/02/2024;Man allow page science.
6311;17568;1;24/12/2025;Pull continue pattern research blue.
6312;12212;1;05/08/2026;Although industry character according fill suddenly.
6313;1377;1;24/06/2026;Visit sport in audience Republican last.
6314;19682;5;16/02/2025;Approach from consumer whom.
6315;18747;3;25/12/2023;Late only catch card step serve nearly.
6316;14139;2;17/10/2025;Daughter red ability how because six.
6317;16343;3;12/10/2025;Door air body player.
6318;16472;5;06/11/2025;Employee situation now never particularly child.
6319;10928;4;19/01/2025;Fast part feel color fast contain people.
6320;14296;3;26/07/2026;Apply make couple cultural.
6321;3040;5;09/10/2024;Positive five these land peace race.
6322;720;2;31/10/2025;Look notice tree.
6323;17030;5;12/06/2025;Quality Republican hold way anything song.
6324;18705;3;05/09/2025;Likely here American but I prove system.
6325;821;3;01/08/2024;Mr film general.
6326;3811;4;21/10/2025;Similar option often nice know concern.
6327;13070;4;28/01/2026;Vote identify professional former.
6328;19585;1;19/12/2023;They feeling indeed especially.
6329;17135;1;06/07/2026;Range example control nature cover.
6330;13219;5;27/11/2025;Relate during maintain tree chance.
6331;2778;1;20/03/2025;President help each open agree last.
6332;17443;5;23/01/2025;Race statement protect practice member.
6333;13411;1;12/01/2024;Ten front environmental speech day.
6334;13532;4;29/06/2026;Treatment mouth follow money.
6335;11225;4;18/08/2024;Themselves among technology idea.
6336;2623;2;17/09/2025;Recently available will field myself lay.
6337;5755;5;04/11/2024;Modern employee report different only feeling.
6338;15845;4;01/07/2024;Arm he claim score husband remember.
6339;11715;5;14/04/2026;Fight want chance phone big statement window.
6340;2178;5;15/02/2026;Authority huge I try rather five change.
6341;14561;2;20/01/2025;Lose why whether success these sure professor.
6342;12560;5;21/02/2024;Benefit course million early standard everyone wife.
6343;10616;4;30/09/2024;Business able that public.
6344;15498;5;03/03/2024;Myself agree card woman on another over agent.
6345;4337;1;09/03/2025;Growth huge heart member mission story.
6346;17979;4;25/09/2024;Or role ten.
6347;13188;2;05/02/2026;Half list each meet thought drop yet.
6348;16291;3;17/08/2026;Author happy production available center I amount.
6349;11457;1;14/08/2024;Yourself scientist sound camera two.
6350;3657;4;30/08/2025;Return where have onto option prevent consumer gun.
6351;9969;3;02/04/2026;Clear election garden much professional nice protect.
6352;4806;2;20/10/2024;Race control common war seem sign.
6353;17237;5;30/05/2024;Against that yard plan.
6354;16357;2;28/02/2026;Hear without much ground industry dark.
6355;19327;2;08/09/2026;Rise network still hotel entire memory partner.
6356;18814;2;28/04/2026;Pattern director play country red recognize PM.
6357;7103;2;19/01/2024;Never second hand wrong.
6358;6421;2;30/12/2024;True hour field check certain political cut.
6359;14845;3;02/08/2024;Reason piece quite north.
6360;3882;2;10/07/2026;Deal herself six level movement century.
6361;13478;2;26/12/2025;Prevent she safe film customer page.
6362;14515;5;23/09/2024;Degree keep him old.
6363;4481;3;11/05/2024;Old ask develop city although strategy personal.
6364;13611;3;10/02/2024;Number method man laugh miss.
6365;11033;4;24/05/2026;Seven happy price federal method defense.
6366;19281;3;14/04/2025;Concern Mr art mother population understand.
6367;9415;4;02/04/2024;Me last newspaper environmental born.
6368;4325;4;26/09/2023;State far Mrs dark.
6369;9731;2;04/11/2024;Culture police discussion question sport wife mother.
6370;14974;5;01/08/2026;Then decision beautiful along.
6371;19876;1;31/10/2025;Rest will sort hold in.
6372;19102;4;05/11/2025;Including teach think economy decide.
6373;1059;4;01/05/2024;Arm attorney home field similar management finish organization.
6374;3290;4;09/03/2025;Arm begin camera.
6375;4300;4;30/01/2026;Onto heart child machine.
6376;1931;5;19/08/2026;Century capital magazine most pay.
6377;8262;3;06/06/2025;Message raise likely dark present opportunity.
6378;7278;3;03/08/2025;Rule eye report account town.
6379;370;3;19/02/2024;Woman evidence citizen.
6380;6947;4;18/03/2024;Line these military environmental.
6381;8821;4;23/05/2025;Treat their nature air discover few wrong.
6382;18076;3;01/02/2024;Fly month expert form company scientist change conference.
6383;9317;1;30/06/2024;Same health enough fly beautiful later including.
6384;2815;1;22/06/2024;Skin loss administration money western force.
6385;6417;4;23/04/2024;Phone pattern the since usually financial.
6386;5117;1;23/09/2023;Usually lose school everything quality generation charge.
6387;15186;5;25/09/2024;Claim choose more agent.
6388;16894;2;22/05/2025;Organization rock indicate American voice personal.
6389;4549;3;26/01/2026;Mouth think role response player vote career star.
6390;4389;1;11/10/2023;Like alone even.
6391;15730;4;27/08/2026;Song hard TV meeting we.
6392;8405;4;08/02/2025;Thought glass forget far service.
6393;6080;2;18/10/2023;Performance rest garden into build.
6394;808;5;31/05/2025;Rise friend too wind try.
6395;3895;1;14/01/2026;Myself stop off.
6396;4532;5;24/05/2025;Song manager then way today score.
6397;19342;5;19/07/2025;Yes difference subject pretty wind pretty.
6398;9197;5;16/09/2025;Wear drive research about fill.
6399;13721;2;09/01/2024;Fire over anything option.
6400;8734;2;21/01/2024;Society attack race.
6401;11126;3;28/09/2024;Since pattern receive protect open consider.
6402;8896;2;06/10/2023;Dog field fight season.
6403;14204;2;28/09/2023;Financial sing job term.
6404;4775;3;04/02/2024;Hold weight marriage fire suffer security.
6405;13399;2;10/02/2025;Receive recently hot training style kind.
6406;6367;4;08/09/2024;Game standard itself return matter road.
6407;13330;1;14/05/2024;Message measure white open.
6408;18079;5;14/05/2026;Poor anything assume audience bank job.
6409;14767;2;21/04/2024;Who whom nation bring consider capital feeling.
6410;9009;4;21/04/2026;Nation find per fast base.
6411;12179;3;05/09/2025;If develop audience lay two series police moment.
6412;12118;2;17/08/2025;Fill sell build writer.
6413;10626;5;26/12/2024;Fund sit good.
6414;7114;5;29/07/2026;Keep name including admit.
6415;18819;1;22/05/2024;About ok heart why modern human.
6416;675;5;12/09/2026;Serious off myself south real west.
6417;13774;3;28/06/2024;Itself under vote practice fight person one.
6418;14187;2;01/08/2025;Bank network apply.
6419;2376;4;29/03/2025;Send four any here try worry any.
6420;6704;1;08/04/2025;Miss your international control mean southern.
6421;8980;5;10/12/2024;Certainly several think involve author.
6422;8679;3;25/03/2024;That either individual follow group rest.
6423;15482;4;13/02/2025;Final unit spend field laugh use size.
6424;3402;5;21/07/2025;Teacher assume because field turn station.
6425;7243;1;04/12/2024;Blue poor responsibility line after.
6426;9856;1;28/09/2025;Picture home face direction media total tell.
6427;5619;3;10/09/2026;Whatever fly officer career listen.
6428;2225;5;06/05/2024;Drive property improve especially.
6429;15863;5;06/06/2026;Else series produce first can.
6430;285;3;18/03/2025;Type talk above each pressure outside through outside.
6431;14779;4;16/05/2025;How when series recently.
6432;17744;3;23/06/2026;Property interesting far itself trade war up.
6433;9626;1;25/02/2024;Own prevent time difficult.
6434;10387;4;06/07/2025;Single be thousand house since.
6435;18353;1;25/01/2026;Deal appear road American.
6436;11603;2;26/07/2024;Over can course oil three kitchen.
6437;16113;4;20/10/2024;Factor time up one seat.
6438;18619;2;11/11/2025;Around seek fast nature may.
6439;4716;3;05/07/2026;Research exactly if couple study.
6440;2056;2;30/04/2024;Reality view instead this world.
6441;11811;3;26/05/2024;Cup child here serious guess third bag party.
6442;8896;3;04/02/2025;Effort democratic whatever action.
6443;3075;2;31/08/2025;Reduce cell while trip.
6444;19406;3;05/06/2026;Structure in many a.
6445;13654;2;24/12/2023;Trouble house east down owner grow ever.
6446;5041;3;15/11/2024;Color oil mind Democrat training exactly.
6447;11292;2;03/08/2024;Military table feel level.
6448;16292;3;01/07/2025;Gun upon return officer technology become sister.
6449;12833;3;05/02/2025;Never enough past wish.
6450;14066;4;01/05/2025;Father side think age establish imagine.
6451;7884;1;25/05/2025;Position deal prove especially.
6452;18911;5;02/05/2024;Main there out choose seven test level.
6453;9389;3;28/01/2025;Factor want help turn one investment station campaign.
6454;4273;1;01/01/2024;As long next none book building so.
6455;8623;4;01/05/2025;Each east his everybody.
6456;1939;1;12/01/2024;Catch ok one place left head line.
6457;18204;1;03/03/2025;Administration budget can the yourself simply table.
6458;12244;5;06/04/2026;Report sort week through quite present.
6459;14500;4;14/12/2024;Response conference safe police have theory.
6460;4095;4;26/07/2025;Unit affect build sure war.
6461;16132;3;25/03/2025;Doctor push fight remain agree him home.
6462;17333;3;05/01/2025;Star point its.
6463;4445;3;01/02/2024;Anything more across myself.
6464;346;5;05/06/2025;Same investment however build whole car.
6465;18281;2;12/02/2026;Project generation represent magazine save fear operation.
6466;12404;5;29/09/2023;Center in follow agree.
6467;7486;2;11/02/2026;Risk within represent they agency effect sense.
6468;13482;1;11/12/2025;Land leader arrive reach hit hotel her such.
6469;17275;1;26/09/2023;Mr open college player left.
6470;4031;5;04/06/2026;Them she happy center billion deep candidate.
6471;13740;4;26/11/2023;Miss similar finally fill past term.
6472;17162;5;23/09/2024;Answer also respond board bring.
6473;16408;5;30/10/2025;Reason specific source shake adult identify.
6474;16669;4;10/02/2024;Where draw clearly strong something especially.
6475;2250;1;03/03/2025;Police recognize along red figure already.
6476;8890;2;16/12/2024;Of national seem poor.
6477;8182;5;11/03/2025;Good candidate generation fly difficult painting.
6478;15585;4;23/01/2025;Green such put other fact.
6479;7121;1;09/10/2024;Teacher serious likely prevent available room.
6480;10420;5;14/07/2025;Discuss talk generation ball.
6481;158;1;11/04/2026;Help out meet various can study.
6482;3951;4;11/08/2026;Field company deal much woman million.
6483;5684;5;03/12/2024;Meet growth resource because opportunity local tree.
6484;5276;4;09/05/2025;Election father expect rather score late will.
6485;4323;4;17/08/2024;Serious stand network PM.
6486;3267;4;10/01/2026;Administration thousand seat television training difficult yeah play.
6487;16931;2;16/01/2025;First management someone I make daughter.
6488;19640;2;27/04/2024;As process learn sea.
6489;7536;5;29/07/2024;Everybody a leave.
6490;9577;5;25/05/2025;High late book will daughter.
6491;2529;3;15/10/2023;Wait soon remain often play protect benefit.
6492;18648;2;18/05/2026;Fine fact poor future.
6493;16222;1;20/03/2025;Chance heavy to concern.
6494;14980;2;03/02/2026;Crime possible environmental floor wait friend two.
6495;16976;1;31/01/2024;Away these draw audience sing.
6496;12174;2;28/08/2025;Race order actually such on.
6497;1972;3;02/02/2025;Imagine low point law.
6498;986;1;06/12/2024;Field step meet focus describe.
6499;7256;1;27/10/2024;Short simple look.
6500;11654;2;10/08/2025;Glass start clear far film cover nor short.
6501;11774;4;23/12/2024;Spring ground why public us draw.
6502;11041;4;18/08/2025;Section also church agency never arm.
6503;17303;4;08/03/2026;Carry officer court it somebody.
6504;6924;1;09/07/2026;Adult which when family.
6505;234;4;22/06/2025;Learn perhaps range yeah newspaper expect research.
6506;7153;1;23/06/2025;Away sister from off military throw.
6507;19394;4;13/04/2025;Security whether blood campaign leader.
6508;87;3;23/12/2024;Modern glass go song hit civil bit cold.
6509;5999;1;25/11/2023;Tax investment enjoy nor including.
6510;15718;5;02/05/2024;Our set them activity reason.
6511;15062;2;10/08/2025;Two practice hour girl time.
6512;887;4;20/01/2025;Building time wish range.
6513;4713;5;10/10/2025;Until lawyer always design require.
6514;17293;3;24/03/2026;Energy join save PM.
6515;3886;1;05/06/2024;Color down author course real picture.
6516;9506;2;19/05/2024;Discover despite share position culture else significant.
6517;5285;3;15/03/2026;Per gas place foot kind physical difference.
6518;15965;5;15/10/2024;Push away information executive if air hear.
6519;4181;2;11/01/2026;Economy education understand town.
6520;16969;3;20/05/2025;Road of large.
6521;584;2;05/01/2024;Work experience score will.
6522;43;1;23/11/2023;Us student appear safe floor.
6523;13541;1;04/02/2025;Impact although seek figure.
6524;2706;4;26/11/2025;Wish whether Mr system air raise including as.
6525;10438;3;01/02/2026;Perform throughout note live listen north physical.
6526;17178;5;16/05/2026;Goal mission threat forward.
6527;5640;1;31/08/2026;Face sure morning responsibility remain fine one.
6528;1723;1;31/07/2026;Best church side another.
6529;13204;4;05/01/2024;Strategy level behind she lawyer Congress perform.
6530;16018;2;18/12/2025;Image son wide foot.
6531;18225;1;07/08/2024;Six rule force rise could Mrs.
6532;6167;2;03/10/2025;Reveal establish themselves language onto.
6533;3141;1;10/06/2024;Plan crime style production.
6534;7286;1;11/03/2026;According west theory partner.
6535;11046;1;09/01/2025;Me gun work piece.
6536;2301;5;06/08/2024;Occur yes despite out country look key.
6537;5176;3;20/04/2026;Enjoy financial beautiful professional movement add system.
6538;5127;2;22/01/2026;Return west fear actually quickly.
6539;12048;2;15/07/2025;Together type relationship pass perhaps affect choice.
6540;6285;5;15/09/2025;Voice require quality bed.
6541;18010;1;14/09/2025;Four station seem amount.
6542;15064;2;16/05/2025;Forward easy risk itself.
6543;12374;5;18/04/2026;Improve trade laugh fill same.
6544;17416;3;21/06/2026;Bank wall fund sell catch rock.
6545;9417;1;25/03/2026;No word natural concern time.
6546;3517;2;25/05/2025;Ability likely team note.
6547;17302;4;09/10/2023;True box old business kid seven central.
6548;5671;4;30/11/2023;Human customer across computer.
6549;780;3;31/01/2024;Back power eight recent listen population soldier.
6550;4572;5;30/01/2026;Strong building lay heart style example away such.
6551;13491;5;25/09/2024;Relationship grow exactly against cause foot.
6552;18659;4;05/09/2025;Task indicate both major consumer.
6553;7693;5;13/02/2024;Reveal eat stand ability town.
6554;13047;2;23/07/2026;Major tree activity hope billion.
6555;876;5;17/01/2025;Various now surface instead join option yes.
6556;4236;2;20/01/2024;It drop recent.
6557;18181;5;22/03/2026;Low cultural hold receive stop.
6558;15269;1;18/09/2024;Before oil scientist.
6559;2866;2;26/01/2025;Network behind firm goal miss hot.
6560;17606;4;18/08/2025;Model interesting couple budget interest series need.
6561;10062;4;06/07/2026;Recently agency Mr last pick language step.
6562;19029;1;08/09/2024;Compare fish their art little.
6563;9823;2;15/05/2025;Tv today perform doctor beat year whether.
6564;5975;3;16/06/2026;Stop life yes must.
6565;1331;1;25/12/2025;Both discuss themselves magazine evening among.
6566;8633;3;08/12/2025;Too life lose use drop.
6567;15033;5;22/03/2026;Style throughout in air issue strategy total.
6568;15642;3;11/06/2026;Up choose range.
6569;16319;1;23/07/2024;Run speech art.
6570;2238;1;07/10/2025;Increase mother news easy health avoid.
6571;3385;5;30/11/2023;Able me job begin agent arrive painting.
6572;9540;1;23/05/2026;Into feel matter more require could.
6573;1936;4;27/12/2025;Senior high notice.
6574;4766;4;03/04/2026;Expert day consider happen.
6575;12926;2;31/01/2025;Might truth girl yourself project student less.
6576;13150;3;14/08/2026;Free cut machine.
6577;15341;2;08/05/2026;Small wait character two.
6578;14393;5;25/12/2025;Everyone word world site citizen fire physical.
6579;12605;5;18/06/2026;Level unit eat education occur me.
6580;2255;4;22/05/2026;Only environmental strategy here address cut threat.
6581;12445;2;29/12/2023;Involve need attention economic recently.
6582;9835;2;26/03/2024;Table southern away book.
6583;3834;3;27/02/2026;Single clearly option.
6584;7534;5;16/09/2024;Finally describe responsibility.
6585;3858;5;05/02/2024;Rise which accept campaign successful act break.
6586;1743;1;30/04/2025;Their theory everything moment.
6587;3718;4;31/12/2023;Effort simply finally edge wife decide Democrat.
6588;4597;1;14/04/2026;Politics me carry office yeah boy hit until.
6589;291;4;19/11/2023;Ability data land foreign as follow.
6590;9401;1;22/08/2024;Seem probably class artist.
6591;12466;3;21/03/2025;Possible our pick.
6592;11325;5;22/09/2024;Cup office image seat full behind.
6593;19890;1;25/02/2025;Something people finally page.
6594;14605;4;16/02/2026;Shake color then information agent.
6595;15583;1;03/01/2026;Wear Democrat field policy.
6596;1;3;10/11/2024;Above lead four.
6597;4418;3;17/03/2025;Class sometimes wear.
6598;50;2;28/02/2025;Subject moment early note remain.
6599;4330;5;26/02/2024;Out house month start generation and whatever floor.
6600;8228;1;15/01/2025;Five authority move heart message fire process.
6601;1916;2;18/05/2026;Enjoy recently large letter.
6602;9340;4;05/06/2025;Especially research eight national home sit admit.
6603;18258;2;11/12/2024;Bag key war before kid fly process.
6604;14146;1;01/12/2024;Wife build other notice.
6605;1026;4;25/08/2025;Live take keep he writer let.
6606;12011;3;20/03/2026;Send ask century will dream crime.
6607;14275;4;29/10/2025;Term partner build lay suffer second.
6608;16713;4;07/03/2025;Leave people pull community theory network study allow.
6609;2137;5;27/04/2026;Attention radio contain than that within.
6610;17473;1;19/10/2025;Matter require put front.
6611;13041;3;09/12/2023;Bar against to place necessary child newspaper.
6612;4214;2;15/02/2025;Mouth kind production son himself.
6613;3150;1;29/09/2024;Door himself stock education process.
6614;16845;5;13/10/2024;Even admit thing like former also.
6615;4985;1;17/09/2024;Agent painting American bed claim easy past.
6616;4817;2;12/01/2024;Start letter before person play fund establish.
6617;6812;1;10/12/2024;Put field camera.
6618;2082;3;10/10/2024;Money how plan central step everything wonder.
6619;3095;1;16/12/2023;Record administration white democratic.
6620;16194;3;23/07/2025;Enough stay church film catch buy.
6621;2719;1;13/03/2026;Now test religious boy.
6622;10589;5;30/08/2024;Seek message miss side fire.
6623;10066;4;26/10/2025;Why performance employee office friend.
6624;19978;4;14/03/2024;Brother deep plan network sure reflect hot.
6625;14649;5;13/11/2023;Physical turn vote opportunity computer idea.
6626;12221;3;28/12/2025;Financial else special.
6627;6378;5;29/03/2024;Site hit small wrong.
6628;18245;3;07/03/2026;Account anything hour between participant source.
6629;16280;4;20/03/2025;Science care back big.
6630;14547;4;11/03/2026;Simple happen smile address within consumer laugh.
6631;6385;2;07/03/2024;My parent church.
6632;16182;4;01/09/2025;Find suggest media decade travel right.
6633;9459;1;12/09/2026;Treatment together member born sometimes.
6634;6485;2;05/06/2025;Little develop gas minute.
6635;7927;4;16/02/2025;Seem share red follow keep must represent.
6636;649;2;22/11/2025;Finish sort moment.
6637;11774;3;17/11/2025;Discuss trade art including war.
6638;16607;2;19/01/2024;Offer major area police business court training.
6639;6691;4;10/09/2024;Congress site just model project back.
6640;9867;1;17/03/2025;Several body receive fund.
6641;7333;5;02/10/2025;Employee blood indeed finally.
6642;11676;4;01/03/2024;Its common son then tax direction cultural.
6643;5632;4;12/02/2025;Big whatever trade threat.
6644;11594;1;09/07/2026;Relate store appear very social her.
6645;9112;3;27/02/2024;First you these prepare.
6646;3358;1;14/06/2026;Mission arm child develop.
6647;1082;3;09/08/2024;Physical well benefit question.
6648;9383;5;09/08/2025;Some push member fill worry someone detail.
6649;12134;1;19/07/2026;Beautiful whom medical treatment might return never personal.
6650;14136;4;15/06/2025;Value standard quite real.
6651;4990;5;16/05/2024;Step around there data company these action.
6652;19731;1;23/04/2024;Service production their green direction prepare.
6653;1600;2;21/02/2026;Away market laugh.
6654;18154;1;16/08/2025;Also everything quite across left.
6655;1575;3;31/10/2024;Management couple production situation account church.
6656;19291;1;04/03/2024;Speech challenge real office.
6657;13513;1;12/01/2026;Recent somebody specific specific number guy.
6658;6889;2;12/06/2025;Wide single child business possible parent help.
6659;6104;1;27/12/2024;Outside almost house because work look PM.
6660;2037;4;03/04/2024;Common responsibility admit easy where.
6661;11257;4;21/03/2024;Three foot most beat speech.
6662;1112;1;02/05/2026;Year kind visit.
6663;10349;4;14/02/2025;Surface discuss better floor particular design so.
6664;1070;5;03/10/2024;Brother consumer easy leader blood.
6665;13269;2;21/05/2026;Kind country apply new us.
6666;108;4;18/10/2025;Notice situation live sure.
6667;14809;5;27/12/2025;Mind protect little beat always keep use.
6668;7620;2;26/06/2024;These body firm significant.
6669;2396;2;16/12/2023;Reduce effort common.
6670;9220;2;11/04/2025;Somebody girl fly trade.
6671;2390;4;15/09/2025;Moment show television may.
6672;2690;5;02/11/2024;About think Democrat hand wait relate.
6673;18121;3;07/02/2024;Difference then fear old behavior table when.
6674;14914;2;06/06/2026;Within mind down house group assume.
6675;7953;4;15/11/2023;Economic throughout reveal brother very let knowledge.
6676;4746;3;26/10/2025;Everybody subject several green.
6677;6150;4;27/08/2026;Six security decide leader.
6678;4490;2;15/01/2025;Happen support computer true do political note.
6679;6941;5;31/12/2025;Could hot skill wide.
6680;3428;5;06/11/2025;Husband tax factor blood management authority surface future.
6681;4292;4;18/09/2025;Relate wonder age unit with.
6682;18031;2;01/07/2026;Modern sea door else.
6683;7309;1;09/12/2025;Else name measure help star model interest.
6684;1675;3;18/10/2025;Discover investment five sound.
6685;1030;3;07/04/2025;Any sea offer part nice beat hold reduce.
6686;17109;2;16/01/2024;Beautiful from decade operation as think them home.
6687;1328;1;13/12/2025;Yet wonder never.
6688;9827;4;30/09/2025;Research myself me.
6689;13397;5;21/01/2025;Eye tough east throughout.
6690;15802;5;04/06/2025;Suggest strategy meet community range kitchen.
6691;10855;2;05/08/2025;Live newspaper rest.
6692;10627;4;22/09/2023;Message left art total keep.
6693;17589;4;10/04/2024;Hour federal six strategy bank image.
6694;477;5;07/07/2024;Girl thank both respond bank security.
6695;484;5;05/03/2024;Organization music stuff design example read however.
6696;7305;3;09/06/2026;Me offer go machine face somebody during owner.
6697;15105;5;28/01/2025;Bar build just who.
6698;8465;3;04/12/2025;Provide tough south way civil opportunity office.
6699;6228;4;25/02/2024;Foreign situation charge accept expect such music.
6700;10152;4;12/02/2026;Or scientist mother series more blood.
6701;17040;5;22/11/2025;Plan big wear fear common build.
6702;16780;1;05/08/2026;Home property glass sense forward subject.
6703;6001;2;19/09/2025;Edge my experience Congress in.
6704;2973;5;03/11/2023;Draw head former way front really school.
6705;14970;5;23/12/2023;Hit dream woman plan culture court note network.
6706;16187;2;18/03/2025;Make entire free notice.
6707;11603;2;09/01/2024;Position thing little kid marriage time job.
6708;17017;5;06/01/2026;Old whether begin north director military indeed measure.
6709;1848;2;02/05/2024;Political tell inside bad whatever.
6710;1726;5;28/03/2026;Help dark particular cost.
6711;22;5;05/11/2025;Real member player animal industry yard both.
6712;16592;3;28/01/2025;Sing upon song up join.
6713;6366;3;16/02/2026;Food help left front.
6714;9510;5;25/04/2024;Position toward investment everything recognize.
6715;16666;4;22/11/2025;Plant my same control likely weight.
6716;2833;1;02/09/2025;Man fine place central major number whether.
6717;7477;5;03/06/2026;Which deal water her street company.
6718;11091;3;20/06/2026;Hundred and organization.
6719;13679;4;01/12/2024;Theory manager throw information our.
6720;5940;4;20/08/2026;Paper individual individual as discussion.
6721;12264;2;08/05/2024;Spring present billion fish.
6722;19218;5;15/07/2025;Arrive big painting.
6723;9794;2;14/05/2024;Data skin possible operation.
6724;15737;4;21/06/2026;Road another hospital.
6725;1391;5;14/12/2023;Work experience camera quality usually.
6726;9264;4;04/04/2024;Consumer security no.
6727;15885;4;30/01/2025;Job must happy wrong government discover accept.
6728;14065;4;17/02/2026;Certainly throw notice.
6729;14729;5;13/05/2024;Part time civil week two activity be each.
6730;13920;5;13/12/2025;Other magazine follow think knowledge true throughout feeling.
6731;7772;5;17/10/2025;Mrs safe take staff spend computer.
6732;11140;2;14/02/2024;Figure bad while full.
6733;10768;2;22/01/2026;Season agreement detail scientist security.
6734;12367;5;07/12/2023;Cause since amount site.
6735;10085;3;10/12/2023;Treat measure usually office.
6736;670;5;02/01/2026;Will training important southern evening clear customer win.
6737;17589;4;22/04/2026;Rule report real others religious foot mention because.
6738;8471;5;18/03/2025;Figure notice staff.
6739;3545;3;18/09/2025;Exist yeah control available candidate structure political.
6740;7725;2;29/01/2025;Board reason choose.
6741;18069;4;21/01/2024;Rise skin American food.
6742;6366;1;23/09/2023;Resource popular different never goal.
6743;10783;4;29/04/2025;Seat across goal green course.
6744;18790;5;29/11/2023;Under movie war civil Mrs.
6745;5360;4;07/03/2025;Media federal too beat magazine.
6746;1674;5;23/09/2023;Industry make PM property clearly.
6747;8899;3;19/12/2023;Thousand think the give husband star.
6748;14206;2;23/01/2024;Speech learn fish who unit result without.
6749;3193;3;12/04/2024;Wind window believe.
6750;2581;2;14/11/2024;Forward necessary environmental head fill.
6751;13608;2;04/12/2025;Reality want travel Republican audience wind.
6752;5730;1;27/09/2025;Meeting grow determine to traditional surface will.
6753;10067;2;13/09/2024;Develop office significant physical figure one company.
6754;14349;4;07/07/2024;Short money organization add quickly Mr.
6755;3450;2;07/10/2025;Concern whose kind where tough.
6756;18823;3;05/06/2024;Trouble speak identify thank all natural although institution.
6757;13593;3;15/08/2026;Imagine finally society lead situation build.
6758;11076;4;02/11/2023;In shake radio recognize.
6759;3754;1;20/05/2024;Table live form brother after task.
6760;10787;5;26/06/2026;North outside crime current responsibility indeed strong.
6761;3838;5;08/04/2025;Mention about itself modern research deal ground page.
6762;8340;2;29/09/2024;Mean foreign join member development energy.
6763;11273;4;02/12/2025;Eye knowledge meet recognize floor.
6764;19635;2;16/10/2024;Enough everyone town me him pull whom.
6765;4332;5;30/01/2025;Sell exactly indeed yourself follow cold beautiful.
6766;8369;4;27/04/2025;Necessary threat national process.
6767;2983;5;19/02/2026;Lawyer recent argue seven.
6768;15219;3;24/12/2025;Program cup rock mother feel.
6769;2137;3;01/05/2024;Word laugh soon.
6770;10390;1;02/07/2024;Message mission large those again stuff yet.
6771;2104;2;13/05/2025;Check bring above billion himself.
6772;2473;1;14/09/2025;Condition without program recognize human.
6773;1933;5;30/06/2026;Summer control meet language tend every.
6774;15206;5;09/03/2026;Room law table.
6775;102;1;17/05/2026;Subject behavior play go.
6776;10805;2;04/10/2025;Purpose media behavior take major course.
6777;8993;2;19/01/2024;How again both energy white position thousand.
6778;7620;2;01/07/2025;Work feel director each this.
6779;17066;4;10/11/2025;Try attack think control glass walk piece amount.
6780;3105;5;01/06/2026;Life happen despite decision lay prevent.
6781;9469;3;14/04/2024;Meeting debate better by live away.
6782;13757;1;24/12/2024;Get radio shoulder goal.
6783;7604;2;14/01/2024;Study site respond realize bank describe choose.
6784;11105;3;10/11/2024;Think idea owner language than.
6785;7444;4;04/10/2025;Big office home threat full news choice.
6786;15146;5;02/01/2025;Future current resource yard far bar especially.
6787;19323;3;11/07/2026;Human former middle set.
6788;7519;1;31/10/2024;Agency us phone.
6789;880;1;09/01/2024;Page watch keep any vote easy per card.
6790;18740;5;20/10/2024;Whether arm bed share parent raise.
6791;9076;2;17/06/2025;Heavy north cell animal boy run huge.
6792;18826;5;22/09/2023;Success compare expect car everyone.
6793;19777;1;10/03/2026;Friend hotel on.
6794;1944;1;26/08/2024;Send east suggest list.
6795;14720;5;30/03/2024;Million reason unit great agree individual situation.
6796;10146;5;26/04/2026;Knowledge camera note decision rest wind agent.
6797;18588;5;13/09/2024;Option hour place finish both section win.
6798;14027;3;03/07/2025;Still argue down serious big cause.
6799;7521;2;04/07/2026;Offer voice assume age between.
6800;6744;2;15/12/2023;Wear lose among show.
6801;2365;4;09/05/2024;Tree show gun traditional catch whatever rate.
6802;17460;3;09/03/2026;Ok out television bit organization kind.
6803;15432;5;27/02/2025;Investment than list.
6804;5320;1;27/01/2025;Late southern century rate clear.
6805;763;1;09/09/2024;Force event do century white budget democratic.
6806;3594;5;24/04/2025;Why career street.
6807;3311;5;11/10/2024;Arm almost whom memory series.
6808;11085;5;13/10/2024;Technology thought room tree ok.
6809;10212;4;29/04/2025;Event history beautiful they ability view yeah control.
6810;4806;3;01/08/2024;Mention style main car give.
6811;7353;3;18/02/2024;About explain art.
6812;16237;5;24/02/2025;Check sister statement reach.
6813;1543;4;13/11/2023;Between Democrat drop.
6814;1589;4;20/06/2024;Very yes member soon take hard local first.
6815;1982;5;14/03/2026;Edge game since issue.
6816;4762;2;19/05/2024;Whatever voice detail contain.
6817;15771;3;27/02/2024;Wish all idea bed face.
6818;10201;1;28/07/2025;Interview phone idea last.
6819;8472;1;12/09/2025;Same feeling north appear subject gas throw.
6820;17238;3;24/07/2024;Hour health season country.
6821;4531;1;23/09/2025;Most hot generation we mother west kitchen.
6822;11581;1;05/01/2024;Nature event knowledge walk.
6823;5471;5;11/04/2025;Central field not world little begin Congress.
6824;15608;2;30/09/2025;Stage newspaper range free government.
6825;9583;3;11/12/2025;Hundred camera well along audience.
6826;2929;5;23/12/2024;White professor suddenly three.
6827;11526;2;09/06/2026;After management audience gun similar but.
6828;13909;4;01/10/2025;Thank her true range way.
6829;1963;3;21/02/2026;Right themselves back anyone level.
6830;9335;3;15/02/2024;Recently star discuss enter.
6831;1517;3;04/01/2024;By hear hotel difficult hospital growth good.
6832;11176;4;19/01/2026;Central design four blue side.
6833;16782;1;12/05/2024;Source especially how lose season own.
6834;9241;3;11/11/2024;Company expert somebody small future.
6835;19502;5;19/01/2026;Address grow live question.
6836;12126;4;30/08/2024;Argue high three end sometimes.
6837;2728;4;18/06/2025;Eat fight box writer prevent.
6838;13352;2;17/05/2025;Speech employee one both good side of.
6839;3934;1;09/06/2024;Summer call throw indeed officer their hard.
6840;19791;2;07/06/2026;Some remain today bring similar.
6841;5556;1;23/01/2024;Hundred he population pull.
6842;3668;2;01/09/2024;Admit trade seven our.
6843;5644;5;30/07/2024;Adult language keep quite.
6844;13142;4;16/11/2024;Network level letter help pressure herself box stock.
6845;15129;3;12/12/2023;Civil Congress eye no.
6846;3937;2;06/12/2024;New help expect control check year.
6847;19662;1;11/03/2025;Even necessary present great really talk lead.
6848;10732;1;05/12/2025;This name building social forward check war.
6849;6324;2;23/10/2023;Memory throw whether sort more.
6850;458;4;25/01/2025;Ahead fact work.
6851;16929;2;15/12/2025;Note group she front.
6852;16404;2;23/01/2026;Whom show kid structure rate allow reason.
6853;4374;1;13/07/2024;Apply staff into factor I soldier serious.
6854;11913;1;26/06/2026;Argue thousand maybe finish you eye born threat.
6855;12550;4;27/02/2025;Hand which drug beat watch return fight can.
6856;9022;1;18/10/2025;Our ahead president itself partner us.
6857;16329;4;15/02/2024;Team truth foot.
6858;6728;4;03/08/2026;Bring game age debate Congress.
6859;10641;1;02/03/2025;Whose teach five audience material.
6860;16085;3;25/04/2025;Official lawyer society nor hear know.
6861;5041;1;11/10/2024;News step great serious level gas seek.
6862;12544;5;07/09/2025;Yeah enter five security.
6863;15423;3;16/09/2023;Early brother until operation his machine.
6864;18780;5;18/10/2024;Truth not few impact.
6865;19382;1;09/03/2025;Explain benefit interest government.
6866;2086;4;14/07/2024;Mr ok ball bad yet deep.
6867;4186;3;08/09/2025;Approach various several take whether.
6868;3013;1;01/12/2023;Across education shake image human wear.
6869;11726;4;14/10/2023;Seven space project black run military thousand.
6870;9053;3;06/06/2026;Fish these religious strong mind rather.
6871;18327;3;23/12/2025;Least three action matter interesting clearly surface.
6872;13018;3;08/01/2024;Ago amount tax young though star machine.
6873;10028;2;31/12/2023;Wind book when quite.
6874;7182;4;20/01/2026;Hot remain event while.
6875;16260;2;26/12/2023;Everything magazine travel but.
6876;19640;1;01/07/2026;Late morning lot help television.
6877;13593;5;07/12/2023;Claim method concern computer.
6878;16547;5;31/12/2023;Resource successful back.
6879;15563;1;19/03/2024;Sit consumer wrong general standard soon growth.
6880;19788;1;09/04/2026;Base employee scene floor.
6881;12659;1;17/09/2024;Hour spend already help report air.
6882;19639;4;24/10/2023;After computer rate leg team decade poor suddenly.
6883;4472;1;18/03/2025;Take writer leg weight again adult.
6884;16609;4;09/04/2024;Live poor both.
6885;10924;2;27/10/2024;Role drive star no pressure friend.
6886;9960;1;02/03/2024;See environmental off guy garden worker.
6887;19487;1;24/04/2026;Here lead material join hotel pressure research.
6888;3011;5;12/08/2026;Science product keep know he agent.
6889;3657;2;10/07/2025;Top many clear start figure artist adult.
6890;12825;1;13/06/2024;Kitchen special or sort.
6891;9337;2;04/04/2024;According son pick vote.
6892;6866;4;24/05/2026;Morning hour guy writer similar goal.
6893;4212;5;01/05/2025;At team cold amount fact employee.
6894;15449;2;07/01/2024;Face much beyond kitchen tough cut north worry.
6895;3995;4;17/02/2024;Industry save hear cover week my first heavy.
6896;5025;2;18/02/2024;Image how culture soon.
6897;16483;1;27/09/2024;See military network they work far right majority.
6898;695;2;19/05/2025;Most you fish back do question.
6899;14750;3;04/07/2026;Sea well either upon most.
6900;4530;4;09/03/2026;Do often more.
6901;14359;3;11/07/2026;Small weight recently trial.
6902;12904;3;24/05/2025;True store anyone fill why respond charge significant.
6903;19098;5;25/04/2024;Until protect left already.
6904;8124;3;09/11/2025;Our myself talk thus art situation over.
6905;14086;3;17/01/2024;Able position capital improve ten serious.
6906;9274;2;28/11/2025;Cup fast difficult house.
6907;12598;5;02/04/2025;Style order product big term assume huge.
6908;3653;2;17/01/2024;Amount important organization entire.
6909;3896;1;25/04/2025;Chair anyone support enough state read.
6910;2848;5;05/12/2023;It use professor magazine foot ground there beat.
6911;11918;1;03/06/2025;North talk decide name reflect tell voice do.
6912;17409;2;06/03/2025;Success order edge national laugh guess difficult.
6913;11431;3;09/03/2024;Black next strong full environment far.
6914;8177;5;30/05/2025;Above current others.
6915;5627;4;22/07/2024;Radio tell time total sing.
6916;1608;4;15/12/2024;Middle six water poor market point perform.
6917;12173;1;10/11/2024;Follow above south two risk other fight.
6918;8413;2;06/02/2026;Maintain end kid clearly.
6919;12533;2;27/12/2023;Woman fire entire different.
6920;3669;3;23/08/2024;Office morning focus plant.
6921;7588;4;19/10/2023;Others international whose officer goal adult.
6922;16619;3;23/07/2026;Occur wide argue candidate.
6923;15949;3;12/05/2026;Three college accept make.
6924;18425;5;27/08/2025;Window officer mission floor.
6925;13551;4;30/11/2025;Summer expect still dark.
6926;9551;1;02/12/2025;Recognize board step feeling several when until.
6927;18735;4;10/08/2024;Physical nothing resource a sing.
6928;12213;3;02/08/2026;Action him former care mouth realize plant.
6929;12725;4;03/12/2024;Them end deal professor off five race.
6930;4263;1;31/05/2024;Pass relate factor party fire information mission.
6931;3182;1;06/03/2025;Test professional resource according.
6932;1531;1;05/08/2024;Know project in seven protect president.
6933;17409;4;02/10/2024;Garden star black each indicate time should strategy.
6934;9654;5;09/09/2025;Nothing concern feel whole deep.
6935;2818;1;31/01/2025;Per heart doctor main.
6936;10565;4;22/08/2025;Know human country.
6937;10815;4;26/05/2025;Foot site thus fight eight affect follow.
6938;14567;5;02/04/2026;Read recently deal little group.
6939;17;4;01/09/2024;Price would involve operation than church.
6940;8543;5;09/06/2024;Image positive difference former only.
6941;4484;3;02/12/2023;Consider real citizen approach practice day before.
6942;14958;1;13/03/2025;Cause president fine newspaper event political computer.
6943;16096;3;14/10/2024;Paper even reality represent nature well everyone resource.
6944;52;1;14/08/2024;Blue let somebody remain firm data.
6945;14312;1;10/01/2026;Reveal total nearly our common stop tax respond.
6946;12635;1;27/05/2025;Yourself set will picture explain knowledge.
6947;8112;3;28/02/2026;Serve family month fish help medical next.
6948;4937;3;05/10/2024;Receive debate radio business ready coach.
6949;15862;5;11/10/2024;Property pretty home couple.
6950;1024;5;27/07/2024;Responsibility add throw I argue improve performance.
6951;9618;4;27/10/2024;Parent accept similar give mean once they responsibility.
6952;12446;1;20/09/2024;Billion north hot best.
6953;8446;5;08/02/2026;Town newspaper century bring.
6954;16917;1;16/09/2024;Possible large yourself treat true series current fund.
6955;4646;5;10/10/2025;Best plant wife involve final us investment time.
6956;19956;2;31/12/2023;Knowledge foreign next position out course development.
6957;16851;1;04/12/2024;Might decision sign line rock get miss.
6958;8333;4;27/04/2026;Senior father answer develop project memory.
6959;9514;3;29/01/2024;Consider quality condition learn around.
6960;2931;1;05/07/2025;Law on TV mission know no.
6961;12338;2;24/07/2024;Industry begin seat painting kitchen fill fly.
6962;17572;2;07/06/2025;They production democratic under property.
6963;12647;4;04/06/2024;Stock population win side exactly.
6964;12618;2;29/04/2024;Sound record entire international read.
6965;15269;1;05/07/2025;Claim thing read return.
6966;10224;4;28/08/2024;Plant attorney western before.
6967;11356;2;29/04/2026;Knowledge girl public state.
6968;16353;4;14/09/2023;Reduce practice drop one picture art lot foreign.
6969;17894;3;16/01/2025;Pm that receive eat most how accept.
6970;2263;3;21/01/2025;Short various field value father only.
6971;11898;5;26/07/2026;Agency his situation interest always.
6972;7987;4;29/09/2023;Discussion baby such the minute baby.
6973;16536;4;25/12/2024;Ask thought international then.
6974;15785;4;17/05/2024;Box girl pick experience left break.
6975;1507;1;06/06/2025;Respond certain add energy who onto white.
6976;14065;4;19/09/2025;Leg news person sell.
6977;14312;4;08/06/2025;Newspaper owner participant measure conference already fast rich.
6978;15598;2;31/08/2025;Different than surface both personal.
6979;14420;1;25/11/2025;Hard present development deep though.
6980;7876;4;17/02/2024;Something tax your maybe.
6981;4641;3;21/05/2026;Realize particular later dog fast consider.
6982;466;4;28/12/2025;House piece claim view try year.
6983;4566;5;24/10/2024;Cover the physical himself.
6984;16527;5;26/03/2026;Join six drug approach production amount.
6985;7834;3;08/03/2024;Direction bed economic lawyer weight not establish that.
6986;7843;5;12/06/2024;Alone plant nature business late.
6987;16767;4;05/11/2025;Budget author old democratic.
6988;16098;3;04/09/2025;Prevent better condition for.
6989;7853;5;17/03/2025;Friend involve price commercial.
6990;3838;1;05/03/2025;Hotel man course today.
6991;13311;5;14/10/2023;Quality rock foot professor bring.
6992;3536;2;19/11/2025;Hand explain mission sound whom toward into only.
6993;13859;1;22/04/2024;Hand key board any.
6994;9978;4;08/04/2024;Institution after onto ago provide thought.
6995;10730;2;01/12/2024;New thing memory.
6996;4578;5;16/03/2025;Last town forget.
6997;9957;4;24/10/2025;Everything wrong around discover ever stay.
6998;17046;3;09/02/2024;Result board part region strong anything discussion head.
6999;10631;1;27/12/2024;Woman continue style drug low catch despite.
7000;8021;5;25/02/2026;Staff bill heavy last especially.
7001;10232;4;10/01/2025;Newspaper the little get personal line work.
7002;9682;5;28/12/2024;Record way let movie dinner between together live.
7003;9944;1;26/01/2024;Speech more successful relationship thus beautiful.
7004;12757;3;09/02/2025;Say air third never summer prove.
7005;7522;5;18/06/2025;Huge century idea six offer employee.
7006;1242;4;03/03/2024;College goal evidence carry do together rest.
7007;7278;1;15/06/2026;Paper way nor.
7008;1949;4;22/05/2026;Knowledge at customer sure huge before.
7009;10656;4;28/09/2023;Real discover parent window task number sit.
7010;13212;2;19/01/2025;Free consider but poor.
7011;15929;1;04/02/2024;He board authority science.
7012;10144;1;24/02/2026;Dream notice more.
7013;16930;4;29/07/2026;Include know mind measure how.
7014;4428;2;04/02/2025;Before produce wonder fact.
7015;6022;5;21/08/2026;Cell allow relationship condition.
7016;10723;5;06/09/2024;Education imagine say account.
7017;10497;3;05/08/2024;Else action guy morning tell hair cultural.
7018;407;5;03/12/2025;Through such worry pay feeling natural stuff least.
7019;3098;5;01/06/2024;Study who cause.
7020;14020;2;13/11/2024;Treat five agent night child fact.
7021;2420;2;05/02/2025;Purpose Democrat sound research other.
7022;8945;1;21/09/2023;Control beat house girl.
7023;3814;1;25/11/2025;Matter economy onto move reach.
7024;5461;1;16/09/2023;Central speak far civil catch daughter shake.
7025;16938;5;04/06/2024;His glass present statement determine rest.
7026;512;4;20/08/2025;Product significant analysis mission who save wind.
7027;11612;1;05/09/2025;Most region energy view.
7028;2054;1;27/11/2024;Tonight this safe see finally and.
7029;1018;1;17/07/2026;Others fund bank improve.
7030;11289;4;04/06/2026;National morning become occur early.
7031;8068;1;01/11/2025;Old key his office generation that sort.
7032;16274;5;03/07/2024;Soon either attack return station same full.
7033;11709;4;26/11/2023;Part forget both.
7034;6831;5;27/12/2025;Laugh admit sign direction suffer fast product.
7035;2990;5;06/09/2026;Try put relate put.
7036;5874;4;23/08/2025;Activity where left human choose continue school.
7037;13329;2;03/10/2024;Task seem central.
7038;9340;5;02/09/2026;Claim real marriage such yes throw.
7039;7572;2;10/09/2026;Alone draw thus single body pattern easy.
7040;16347;2;03/03/2025;Whose daughter star through step.
7041;11991;2;01/04/2025;Boy really sister attack act simply.
7042;16177;2;18/10/2023;Music outside the blue set story seat.
7043;8799;2;11/11/2024;Gas material able glass management easy hundred program.
7044;19586;4;14/06/2024;Quality budget look action space series.
7045;15025;5;17/11/2025;Analysis know wall industry turn soon condition present.
7046;18761;3;16/11/2025;Story bar sit least account level.
7047;14554;3;06/01/2025;Which check space.
7048;6066;3;24/11/2025;Unit owner tend one evidence low.
7049;5610;3;26/06/2026;Affect kind outside decade he about alone glass.
7050;3838;3;15/08/2025;Wind goal stay rich same rich performance PM.
7051;4281;3;17/01/2025;Voice final situation culture toward.
7052;19157;2;21/01/2026;Suggest throughout be.
7053;9817;1;14/02/2026;Environment by since newspaper not purpose.
7054;3221;2;31/08/2026;Include rate after perhaps since must.
7055;19381;2;01/02/2026;Ball your meet century movement year.
7056;15532;2;09/03/2025;Society organization range.
7057;13721;4;19/01/2026;Camera name cell billion nor father future.
7058;16825;1;25/09/2023;Church quite health family.
7059;10306;4;02/02/2026;Control run laugh hard analysis large.
7060;17604;2;29/09/2025;Policy toward indeed accept remain position foot different.
7061;17430;5;01/09/2024;He computer Mrs hand kind.
7062;16710;3;01/06/2025;Do quickly not thank beyond worry.
7063;13833;4;02/03/2025;Approach you century class while.
7064;19875;3;04/03/2024;Treat seek perform live push her.
7065;15290;2;15/04/2026;Again give dark team current maintain.
7066;1616;1;13/06/2026;Wall away factor heavy camera interesting imagine.
7067;6182;3;21/06/2024;First government natural high.
7068;3288;2;05/02/2026;In western develop without green network.
7069;10821;1;23/04/2024;Shake ok lawyer hand ask reason.
7070;9381;2;21/05/2025;Pattern Mr lose.
7071;15661;4;18/10/2024;Red official story woman firm.
7072;2685;4;15/08/2025;Move task beyond.
7073;11491;4;16/07/2026;Officer team fly painting public security soon.
7074;4740;4;10/10/2025;Member small couple southern source technology.
7075;5439;3;07/11/2024;Late nature see issue them trade step.
7076;12037;4;28/01/2026;Weight country manager population less my.
7077;13679;1;02/11/2025;Tonight financial off job fine rule rise.
7078;5332;4;08/05/2026;Challenge join sense baby mention.
7079;14135;1;01/10/2025;Air win sing wrong responsibility himself hard.
7080;11181;2;18/02/2026;Surface nature music.
7081;14986;3;04/04/2026;Into wear future reach.
7082;5082;3;21/09/2023;Seven significant hundred establish ability measure conference.
7083;7628;3;10/12/2025;Play full base thing everybody nature.
7084;15407;1;05/06/2024;Cover attention management born start group player.
7085;18135;1;05/03/2026;From season green change partner message whose.
7086;11169;4;03/07/2026;Student option before imagine.
7087;5592;1;30/06/2025;Situation economic first body.
7088;19015;2;03/06/2025;Management agreement she less affect crime.
7089;6706;3;22/12/2023;Involve executive eat poor maintain foot.
7090;12807;4;25/03/2025;Well else side police course.
7091;11554;3;15/02/2026;Social list everybody audience.
7092;4357;5;18/07/2024;Speak between population marriage better model glass.
7093;7750;2;23/03/2025;Try early effect Mr follow perhaps she.
7094;2064;2;12/11/2023;Understand box little able everybody.
7095;13612;1;20/01/2024;Travel after executive almost.
7096;4024;5;03/03/2024;Pull lay nature letter finish hope large.
7097;7190;3;09/03/2024;Soon likely us book.
7098;19842;1;06/12/2023;Everything build around option item prevent.
7099;10024;2;04/07/2026;Explain among lose north.
7100;3972;4;30/01/2026;Operation great already sister option.
7101;4963;5;20/01/2025;Other growth address somebody research.
7102;15078;5;22/02/2025;Much hour whatever low road night.
7103;16314;1;19/08/2026;West number audience.
7104;5527;5;29/03/2025;Pressure between reduce notice than although officer.
7105;10244;4;17/08/2025;Smile large once high leave.
7106;1141;1;08/01/2026;While control positive yourself.
7107;7065;2;10/05/2025;None claim car once least life after expect.
7108;7428;1;07/06/2025;Around anyone full already once turn analysis.
7109;12194;3;31/08/2025;Through minute run debate however where evidence.
7110;16660;3;10/05/2024;Record you summer as reduce fear position be.
7111;2619;2;30/11/2024;Talk project fire seven think pass past.
7112;15678;5;04/07/2024;Month her compare data power.
7113;15367;2;19/12/2025;Pass continue ground plant occur.
7114;10701;3;02/08/2024;Than popular oil new environmental culture.
7115;7164;2;05/05/2026;Vote identify century word none nature.
7116;7614;3;05/01/2024;Property hold begin reflect fish candidate strong.
7117;19910;3;11/06/2025;Admit statement direction city.
7118;13430;5;01/12/2024;Laugh white cell low.
7119;4321;5;16/03/2025;To appear position list interesting husband operation.
7120;6380;5;02/08/2026;Prevent whose each moment wall national.
7121;3895;1;31/08/2026;Go amount have certain event nature then direction.
7122;15070;5;04/01/2026;Type kid sing carry present.
7123;14431;1;14/12/2023;Nation it little start individual want put.
7124;1321;4;08/02/2026;Policy wait no fast.
7125;8893;2;18/09/2025;Heavy wrong other.
7126;14737;1;23/08/2024;Each political upon piece owner real father.
7127;3189;1;11/05/2025;Understand create city.
7128;17719;1;05/12/2023;Turn these live official.
7129;10586;3;30/05/2026;At information thus attorney receive front.
7130;11252;2;12/09/2026;Play become much kind a building today.
7131;4546;3;07/11/2024;Join building particular physical house detail.
7132;17220;4;04/11/2023;North matter education one affect long town.
7133;3544;5;21/02/2024;Outside phone church man again.
7134;2184;2;24/01/2025;Other example certain.
7135;16131;3;11/04/2025;Personal above win pass product across senior.
7136;3827;5;17/10/2023;Behavior just pull particular where.
7137;3502;4;09/07/2026;Carry difficult whatever mother tell.
7138;3996;3;18/10/2024;Despite including trip ability skin performance across family.
7139;7206;3;27/03/2025;Unit quickly become kitchen dog no into tonight.
7140;9781;5;23/04/2026;Trouble assume every time.
7141;13702;1;19/09/2023;Appear whole watch site yes but.
7142;16789;3;02/02/2026;Listen church student not know.
7143;12410;4;15/05/2024;None wall nature personal.
7144;19809;4;18/04/2025;Idea billion answer long clear upon writer require.
7145;8234;2;03/12/2024;Together town run.
7146;2949;1;20/09/2025;Health send majority paper.
7147;9161;3;09/10/2023;Travel their ahead cultural.
7148;1679;4;08/07/2026;Serve whole culture there quickly city difference recently.
7149;9867;1;04/10/2025;Focus south officer myself.
7150;13573;5;18/03/2026;Question ability born little bar wish.
7151;9109;1;29/05/2026;Tree statement ready top activity ahead.
7152;19865;1;30/01/2025;Short like of range model report arrive stock.
7153;14937;4;29/07/2025;Upon child some little fact.
7154;11152;4;05/09/2026;Begin yet star then back really.
7155;19522;2;12/02/2025;Total tell can window news measure.
7156;9442;4;13/09/2023;Use finish strategy take power.
7157;972;1;02/04/2026;Administration how course site.
7158;3017;5;07/09/2025;Under student writer attention shoulder every.
7159;3365;2;20/10/2024;Try everybody stock away.
7160;15753;3;14/08/2025;Local discover candidate manage pick.
7161;18751;3;03/02/2026;Little radio once guy.
7162;1298;4;28/06/2026;Blue government adult magazine court.
7163;6167;1;04/11/2025;Agency beautiful arrive trouble source majority drug.
7164;3638;1;16/04/2024;Many local life modern thank.
7165;12211;5;20/08/2024;Prepare dark responsibility enter employee design recently.
7166;11525;5;06/10/2025;Management likely power push.
7167;5309;4;11/11/2025;Edge fact stop office family lawyer.
7168;832;2;27/11/2025;Now suddenly democratic.
7169;15578;2;26/09/2024;Nature language stage TV.
7170;4934;2;13/08/2026;Then cover couple star increase six.
7171;4097;2;21/03/2024;Take team as matter.
7172;12057;4;30/05/2026;View indicate reason opportunity main son dark.
7173;19357;5;20/08/2026;Director record worker doctor pressure.
7174;8739;1;20/12/2023;Beat letter home myself late close reflect.
7175;1999;4;15/11/2024;Economic foreign she his.
7176;10096;2;19/05/2026;Middle eye even enough back.
7177;8862;3;09/03/2024;Building send position size Mr these gas.
7178;12368;2;28/08/2025;Assume image include economy best.
7179;8004;3;23/11/2024;Someone hot have court human picture.
7180;9630;1;26/07/2024;Miss turn create a.
7181;10441;1;29/09/2025;Talk professional practice stop air.
7182;5292;4;01/11/2025;Law million seat tax action benefit value.
7183;7371;2;02/09/2024;Course ground bag exist number.
7184;3455;2;23/08/2024;Good end social like.
7185;15156;2;21/03/2026;Number too no property close sense television friend.
7186;1538;2;27/11/2025;Other guy worker practice image help space.
7187;4873;3;21/11/2024;Or politics become other collection interesting.
7188;15540;1;10/04/2024;Voice maintain much both sell.
7189;6668;1;04/09/2026;Here our me.
7190;19644;5;31/03/2026;Political your soon.
7191;9693;2;12/02/2024;Across positive door other institution.
7192;19619;3;17/05/2024;Process against bring owner sister PM.
7193;6184;5;14/09/2023;Member art gas condition.
7194;17811;2;29/08/2024;Lose west thought billion face.
7195;17080;3;16/05/2024;Pass sense use change how road.
7196;4938;3;22/05/2025;Identify time watch these father ask.
7197;5561;3;22/12/2023;Real the before cause exactly personal.
7198;15351;1;07/09/2024;All again give beautiful rather among position development.
7199;12226;4;28/03/2024;Choose executive than business.
7200;9294;5;20/01/2025;Big outside record serious answer.
7201;15520;4;23/10/2025;Fund race back.
7202;13811;5;25/11/2024;Story idea wide result teach heart cold.
7203;2599;2;30/01/2025;West eight turn figure break.
7204;9971;4;26/05/2025;Nearly reveal choose would.
7205;16887;4;01/05/2025;Area police me identify although whatever.
7206;11164;1;02/07/2025;Somebody group government line security law form maintain.
7207;5733;4;25/06/2026;Others note tell close entire.
7208;13651;4;11/12/2024;Number blue into economic have for.
7209;4036;4;06/09/2025;Every involve become his institution team early.
7210;5671;2;30/03/2024;Choice book player responsibility management child last.
7211;3445;2;22/09/2023;Argue old game message at yard have.
7212;7331;5;28/03/2024;Middle minute sell painting low.
7213;16386;5;14/05/2025;Author network audience door response represent.
7214;11634;2;14/08/2026;Return guy opportunity so senior.
7215;343;4;27/12/2023;Race fall fact today machine recognize player.
7216;15549;5;11/06/2026;Church wait something nor west next improve address.
7217;9019;5;28/07/2024;Down thus risk mission.
7218;290;2;20/12/2023;Skin section happy society determine.
7219;19261;3;01/02/2026;Work seat student interview audience.
7220;10682;1;29/04/2025;Bag well side.
7221;11532;4;25/06/2026;He better rest middle effect occur.
7222;11491;4;15/06/2026;Adult course sit stay between above decide.
7223;1040;4;08/12/2024;Character natural former once middle beautiful may road.
7224;18376;3;03/08/2026;Wall I knowledge travel.
7225;8319;1;16/06/2025;Among four school beyond young anything.
7226;8540;3;20/11/2024;White yet resource catch similar senior sound.
7227;3240;1;22/12/2023;Skin value power reality rest.
7228;13397;2;26/07/2024;Need store popular.
7229;16456;3;01/11/2024;Bed political between consider movie doctor.
7230;14835;5;16/07/2024;Region seat TV position wife.
7231;14289;2;04/11/2024;Also help spend.
7232;2753;4;28/12/2024;Around single kitchen.
7233;1335;5;19/05/2025;Week until effort suddenly lawyer education.
7234;2148;5;17/03/2025;Wear direction would expect community finish media.
7235;7960;4;24/07/2025;Candidate time rest left hundred.
7236;3637;5;20/02/2025;Camera discussion pick sure move.
7237;15075;3;23/06/2026;Ok report entire director our practice him.
7238;15394;2;23/09/2024;Nation some news cup piece could.
7239;12343;2;19/08/2024;Continue stop source night difference still present eight.
7240;9718;1;27/08/2024;Part throw current wrong do.
7241;5753;4;21/05/2025;Police easy across day.
7242;17565;4;17/05/2025;Land call cultural.
7243;16913;1;05/02/2026;Since different place middle though ask free.
7244;4489;1;11/09/2025;When develop perhaps half situation.
7245;11909;1;16/07/2026;Mr draw science laugh room glass growth.
7246;18983;4;18/07/2024;Well of provide know government next ability property.
7247;4995;3;30/10/2023;Situation feel either.
7248;1332;3;19/12/2024;Others trial responsibility miss agree.
7249;7278;3;09/01/2026;Into something each.
7250;880;5;09/07/2025;People once share four design.
7251;7423;1;04/03/2026;None term suggest Mrs.
7252;4176;5;29/12/2025;Social responsibility decade bed more.
7253;12132;5;04/05/2026;Base tree white outside their.
7254;11114;4;14/02/2024;Seven sea trouble recently hard central.
7255;9913;1;25/11/2025;Kid sign politics note would source water economic.
7256;3077;4;27/12/2024;Far expect collection recent.
7257;2452;3;19/08/2026;Growth medical Mrs.
7258;11582;5;20/08/2024;Would response professional low claim imagine.
7259;9303;2;20/07/2025;True program true environmental book conference.
7260;8234;3;26/06/2024;Idea increase say.
7261;2704;1;09/06/2024;Work drug sense condition.
7262;4808;4;22/12/2025;Blue herself behavior tell.
7263;893;4;11/06/2026;Tough son because since sea like.
7264;14247;2;29/11/2025;People recent to government hold find.
7265;4996;2;04/08/2026;Sit friend season source.
7266;8001;2;15/06/2024;Machine Mrs majority next despite per place.
7267;6161;2;24/01/2024;Far this everything claim.
7268;4578;4;22/02/2026;Yourself response raise follow case Congress.
7269;15045;1;05/02/2026;Picture across current imagine discuss notice back.
7270;3355;3;15/10/2023;All end red church experience.
7271;11960;5;16/05/2025;Between worry prevent himself blue easy.
7272;2354;1;04/11/2025;Buy direction through ten throw social.
7273;19080;2;25/08/2024;Happy much run executive.
7274;519;3;21/02/2025;Establish measure force song.
7275;17034;5;15/08/2024;Nothing figure yard boy hotel bring tree not.
7276;6043;4;02/11/2023;Article painting central choice impact.
7277;15654;3;12/08/2024;Including activity focus art knowledge see prove light.
7278;8137;3;06/12/2024;City with democratic other.
7279;18627;3;12/04/2024;Now life stay even third.
7280;13101;1;18/01/2025;Executive after something far summer out financial them.
7281;4915;2;24/05/2024;At fish including style image give.
7282;8987;3;11/03/2024;Two price other choose cause.
7283;4010;5;04/02/2025;Face friend recently bar spring.
7284;7876;3;24/06/2026;Cell huge protect once education budget traditional.
7285;12207;4;21/10/2024;Recently check officer whom think actually.
7286;9805;3;14/02/2025;End central account question truth election hot.
7287;3165;3;08/05/2025;Between personal structure add ball produce.
7288;8139;5;03/01/2026;Know authority tend media south always author.
7289;9612;1;12/12/2024;Fear trouble beautiful.
7290;9322;4;25/10/2023;Movement read guess democratic.
7291;5259;3;17/04/2024;Each more hard that.
7292;4715;1;08/04/2024;Generation thing cultural free yet machine.
7293;7956;2;20/05/2024;Large bag sure you mission meet.
7294;1221;4;13/12/2024;Benefit event rule cup.
7295;10888;5;18/03/2026;Material senior democratic street name chair pass.
7296;655;5;15/06/2026;Color security life require billion nothing note.
7297;18598;1;18/06/2024;Which avoid behind expect recent.
7298;9825;4;05/11/2025;Couple difficult person name business attorney.
7299;697;1;30/03/2026;Respond entire wife production.
7300;7138;4;18/04/2026;Great very eight where goal star.
7301;4620;5;29/07/2026;Father series order help like.
7302;5500;2;12/09/2025;Understand ago cover Democrat next left.
7303;713;5;08/09/2025;Lead face become recognize how.
7304;18294;5;29/07/2025;Reason environment audience.
7305;12658;4;01/12/2025;Sign maybe next per can among.
7306;427;4;23/08/2025;Camera TV kind wall.
7307;277;3;03/12/2025;Age pattern under indeed thought quickly pull first.
7308;1595;4;12/03/2026;Young country act continue hand rich available.
7309;5008;3;21/11/2024;Medical doctor teach card of road.
7310;2653;2;29/12/2025;Development across popular model.
7311;16774;5;03/02/2026;Certain voice rich medical participant notice.
7312;12923;2;29/12/2024;Woman would evening open crime air subject.
7313;8002;5;27/02/2024;Us goal reason human itself against may.
7314;2708;5;07/09/2025;Paper kind ok concern deal deal.
7315;5078;4;25/09/2024;Around guy win heavy make safe.
7316;9526;1;06/03/2026;Bit every fear end impact job respond measure.
7317;12461;1;18/01/2025;That responsibility media condition wind learn.
7318;3335;2;05/10/2025;Carry themselves show there company.
7319;18993;3;10/04/2024;Better president late push.
7320;18315;5;12/09/2025;Use visit table individual we lose future culture.
7321;12933;4;11/04/2025;Memory eight new.
7322;17436;1;31/12/2025;Mission able street sell rise you live.
7323;18642;1;26/06/2026;Her pattern soldier.
7324;15188;2;27/10/2025;Success so weight explain institution huge.
7325;9383;1;26/11/2025;Feel team seem into wrong section.
7326;8658;4;20/03/2025;Along partner bit easy plan around garden.
7327;13947;3;11/09/2026;Lose while eat action clear exist week.
7328;17284;3;13/08/2024;Somebody wish relationship on.
7329;19858;4;05/04/2026;Carry detail game something increase attorney building individual.
7330;13421;5;26/05/2025;Heart Democrat even believe sit.
7331;15244;2;13/06/2024;Money peace total general.
7332;5904;5;05/11/2024;Mention agreement meet.
7333;14781;5;22/11/2025;His involve live.
7334;6478;5;01/07/2024;Area head various our despite carry.
7335;15417;2;14/11/2024;Draw much accept push.
7336;3358;3;07/09/2024;Board bank price cold.
7337;5464;1;31/10/2023;Hear would news.
7338;1472;2;12/06/2024;Information do issue start.
7339;11923;3;06/10/2023;She phone generation know still.
7340;4969;3;21/07/2024;Natural easy actually least student how foot.
7341;1425;2;05/08/2024;Pay military travel stand fund yourself.
7342;17628;1;07/12/2023;For other fish gas deep and finish.
7343;4276;2;31/03/2025;Entire suggest sell so Mrs support sense.
7344;7738;3;30/01/2024;Fear college say government yard business identify.
7345;19691;1;08/07/2026;Teacher can someone like politics edge.
7346;6774;4;13/02/2026;Ever left take maintain current set.
7347;11601;4;19/10/2024;Wall born take suggest big family subject performance.
7348;13979;4;23/07/2026;Ball room arm shake know final.
7349;13067;5;08/10/2023;Night ten book decision would tell recent success.
7350;11264;5;18/04/2026;Join might on range nature.
7351;14458;1;25/08/2026;State strong church top.
7352;2831;5;02/05/2025;North its glass short themselves property.
7353;11552;3;10/07/2025;During administration type arm difficult season value.
7354;15536;2;31/05/2024;Speech price everybody member million eight.
7355;18150;1;06/08/2026;Left level size become everything old.
7356;13596;4;10/10/2024;Quality management bar economic believe avoid everything.
7357;6057;5;14/03/2026;Behavior Mr cut officer a claim.
7358;15441;3;30/10/2023;Hair receive with senior.
7359;8698;4;19/02/2026;Image child reality.
7360;8032;4;29/12/2023;Statement activity general news main manager brother.
7361;7408;1;26/04/2026;Save serious thank wear glass throw.
7362;16421;1;14/07/2024;Job large health.
7363;9103;2;22/05/2024;Avoid baby organization between question.
7364;13416;2;03/03/2024;Red drive become approach rate travel.
7365;6446;1;10/03/2026;Support theory between very character firm along.
7366;11409;4;31/03/2024;Final mission operation use child strong.
7367;19756;1;23/01/2025;Discussion beyond local reveal include leader audience floor.
7368;4937;3;17/08/2025;Marriage form true section draw somebody there.
7369;7968;4;12/08/2025;Enough top husband enter.
7370;14861;4;01/02/2026;Congress window population house.
7371;7855;3;26/10/2023;Contain now laugh certain name send she.
7372;1738;5;12/09/2025;Walk these world people role several away.
7373;16298;4;08/08/2025;Social staff data character hospital reach ready.
7374;6836;2;28/05/2026;While some federal happy imagine decade.
7375;4653;5;07/10/2024;Growth foot rate show matter act money.
7376;6411;4;16/01/2025;Current degree buy enough whatever job measure behavior.
7377;19208;4;24/03/2024;Whether cultural young sister admit.
7378;18507;1;31/05/2025;Your off think player itself grow.
7379;19410;4;27/08/2025;A traditional why plant better short.
7380;13538;2;24/11/2023;Stand receive ask goal performance likely.
7381;810;3;11/08/2026;Generation day letter.
7382;9789;3;14/06/2025;South single father hot.
7383;11952;4;20/06/2025;Industry field serve happen.
7384;16823;4;13/01/2024;Mind break voice live add serve usually.
7385;18521;3;27/09/2024;Because couple pressure knowledge ball exactly.
7386;1193;1;17/06/2026;If second attorney organization place simple.
7387;8332;1;25/10/2024;Current total only coach recently prepare.
7388;19126;2;07/02/2025;Too hard brother teacher check rise.
7389;4121;5;21/03/2025;Moment gun tough since.
7390;12063;4;30/09/2025;Organization policy property.
7391;12923;5;14/01/2024;Piece policy black main meeting we.
7392;4553;2;23/07/2026;Should bad ok bag way church no.
7393;6882;1;15/10/2024;Travel spend in term.
7394;12653;4;21/07/2024;Organization risk however student.
7395;5954;1;27/06/2026;Color bring buy sometimes crime how.
7396;7242;2;09/04/2024;Edge billion example various late including kitchen.
7397;1702;4;30/08/2025;Spring half source attention something rock senior.
7398;15687;5;03/10/2025;Enough deep travel feeling thought rest support.
7399;15055;3;14/12/2023;Now west leader agent amount.
7400;9930;4;21/04/2025;Simple when yet full.
7401;4107;3;08/02/2024;Recent rest good use mother.
7402;3839;2;02/09/2026;Light rich five hope positive size.
7403;15158;2;10/01/2024;Drop compare physical treat art middle.
7404;2500;1;07/05/2024;Support item go relate.
7405;16708;5;05/10/2024;Director economic particularly fact any.
7406;11324;2;02/08/2024;Who campaign case eight chance fire material.
7407;2348;3;03/07/2024;Care final trip record music.
7408;17843;1;10/11/2023;Site herself purpose PM go skin.
7409;2806;5;23/03/2024;Serve able rock song.
7410;18928;1;09/04/2024;Born focus protect bed weight method record.
7411;16906;2;05/10/2025;Himself whose want exactly write director once.
7412;17407;5;07/10/2023;Worry much arrive may language response night commercial.
7413;311;1;01/08/2026;Produce what such agreement.
7414;5137;5;04/06/2025;Culture store away.
7415;1675;1;24/10/2024;Source represent care purpose article ask simply.
7416;15877;2;01/05/2024;Whatever character many special dog rock.
7417;1683;4;05/12/2023;Current how view professor out.
7418;6276;5;20/05/2025;Born between once as top professor sure authority.
7419;19075;2;08/11/2024;Both serve member energy appear especially good.
7420;16150;4;25/12/2025;Parent reality guy police property who response.
7421;11184;3;30/10/2023;Well home development product.
7422;16360;5;27/07/2026;Quality difference person trial rise candidate.
7423;1411;1;06/01/2026;Relate wrong difficult free bank.
7424;12903;5;25/02/2024;Throw by drop.
7425;19681;2;15/04/2024;Fast research partner interview buy specific.
7426;10721;1;23/10/2024;Without prevent method act represent but.
7427;19061;5;03/02/2024;Sense only as left response.
7428;10878;5;09/12/2024;Maintain almost such wear perform.
7429;18185;2;24/02/2026;And follow though.
7430;3930;3;11/04/2026;Now teach open around.
7431;13912;4;27/08/2025;Budget short southern box toward wife.
7432;7814;1;26/09/2024;Least speak level statement.
7433;16544;4;11/05/2026;Light management serve money best mission.
7434;15745;5;22/10/2025;Measure lose it yeah stand popular.
7435;6723;2;25/12/2024;Soon everything bring ten minute traditional apply.
7436;16699;5;28/02/2025;Street crime offer above cause.
7437;369;2;15/03/2024;Just research treat even national phone.
7438;197;3;08/11/2025;Race security yard side challenge reach impact.
7439;6652;2;04/12/2024;Capital year trouble lot add.
7440;4473;3;02/09/2024;Fast of play including support.
7441;4238;5;04/07/2024;Impact most economy pattern commercial easy thus.
7442;16009;1;25/11/2023;Pretty protect cover above we.
7443;15766;4;28/10/2023;Lose way way they carry hit.
7444;18586;3;30/04/2026;Mrs cell point someone.
7445;10551;5;03/12/2024;Human person save moment.
7446;17974;1;10/10/2023;Alone person government state.
7447;645;4;21/08/2025;To conference hard increase discover area.
7448;5683;3;09/10/2023;Trade area word one civil choice.
7449;17154;5;20/08/2024;Hope people development lay new per.
7450;2831;4;18/02/2026;Talk husband put thing.
7451;8619;4;13/02/2025;Behavior anything specific paper staff send.
7452;15508;3;16/07/2026;Fall away act.
7453;13114;1;05/05/2024;Face among dream because need ready rather.
7454;10023;1;21/03/2024;Off idea affect finish bed race seem.
7455;584;4;11/09/2026;Safe western because back simply.
7456;12017;2;12/07/2025;Traditional short carry those media pattern car.
7457;6588;3;01/11/2025;Like occur hear hard front.
7458;6913;2;22/02/2025;Lose might them point position building.
7459;6155;2;03/12/2024;Left choose across easy indeed try result person.
7460;10474;2;04/06/2026;Price discover natural.
7461;5778;4;19/06/2025;Behind great control organization.
7462;15675;1;23/05/2026;Arm industry enough public affect station thank mission.
7463;3477;4;03/09/2026;According company upon tax third cold wide animal.
7464;15298;1;07/12/2023;Two modern born high.
7465;18174;3;01/11/2024;Hold pass guy although quality.
7466;3074;4;03/01/2025;Factor film build economic.
7467;14935;4;24/11/2025;Hard teacher economy skill then care quality.
7468;4480;4;12/09/2026;Way community me agreement policy.
7469;3552;3;16/06/2024;Edge true only mouth notice go.
7470;8837;1;05/03/2024;You understand line activity special real college season.
7471;14313;4;29/12/2024;Rather hope along argue rate.
7472;6309;1;19/08/2026;Thank member catch piece prove others left.
7473;11954;1;19/02/2025;Box look among reach sea.
7474;13033;2;27/04/2026;Seven behind store history cultural.
7475;6426;4;16/02/2026;Actually happen rest water.
7476;9233;5;13/04/2024;When two top opportunity happy painting true.
7477;12295;3;04/02/2024;Partner red happen federal.
7478;17794;1;25/08/2026;Account medical amount practice herself campaign.
7479;19106;4;05/05/2025;Including town visit hair with population.
7480;10841;2;31/08/2024;Either concern capital really them.
7481;4993;3;13/10/2025;What I share father though meet environment.
7482;18161;2;19/09/2024;Whole wall east radio claim actually.
7483;13947;2;12/06/2026;Dark relationship nature stay offer add.
7484;6961;5;07/02/2026;Page human actually land month quality write.
7485;11429;5;04/02/2025;Feeling per public thousand single along sometimes world.
7486;8522;2;22/06/2026;Speak never career.
7487;16956;4;25/06/2026;Huge child turn.
7488;13068;2;21/10/2023;Science less same.
7489;18061;1;23/04/2024;Live record voice face.
7490;656;4;14/04/2026;Pick go rise learn they management way.
7491;4586;2;24/02/2025;Fast work little hard over.
7492;868;1;14/12/2025;Put example way page say score interview.
7493;15401;4;12/02/2024;Themselves run few mention discuss bad agent.
7494;8281;3;03/02/2026;Pass population cup fear wear standard.
7495;15110;5;11/08/2025;Level call analysis girl family clear control.
7496;6879;1;26/03/2026;Relate say figure.
7497;10820;4;27/12/2025;Tend everything personal draw.
7498;7068;5;27/08/2026;Manager education accept street almost.
7499;288;5;12/03/2024;Hit whom year of avoid standard account.
7500;2022;1;22/03/2024;Environment future walk pattern guy pressure particularly.
7501;17835;1;27/07/2025;Claim seat need sister morning Mrs according.
7502;11762;5;13/09/2025;Effect girl film three.
7503;17900;2;18/01/2025;Relate even glass box.
7504;18815;1;04/04/2024;Strategy yeah sit fund husband short.
7505;508;2;22/04/2024;High stage statement with.
7506;7179;2;23/06/2024;Shake him contain care everyone build cultural.
7507;11429;3;19/04/2024;Drop eight character reflect group well.
7508;9962;5;31/03/2026;Him else sound generation summer.
7509;17998;2;23/05/2025;Picture deep interview suddenly to.
7510;8636;5;11/11/2025;Business civil give peace remain single.
7511;12643;2;05/08/2025;Begin kid minute friend watch sport.
7512;12171;5;23/09/2024;Develop law room face.
7513;11269;4;01/03/2025;Central hot morning attorney edge street thought.
7514;10634;3;15/11/2024;Father box film financial kid guy.
7515;3509;2;06/10/2025;Key where fill mother discuss such.
7516;6416;1;19/08/2026;Positive around garden call question sing various.
7517;3008;2;09/10/2023;Billion north exactly weight civil.
7518;11008;1;08/01/2026;Drug dream computer.
7519;9259;5;25/10/2023;Member fast population well grow night.
7520;7469;5;16/05/2026;Interesting coach room music item while dream.
7521;1142;1;22/06/2026;Field long college operation doctor.
7522;8226;2;05/02/2024;Edge quickly hope today see.
7523;19449;1;03/09/2026;Draw story field continue admit.
7524;19200;3;12/12/2025;Big knowledge be require.
7525;12879;4;12/04/2026;Garden character day everyone hospital thought moment.
7526;18903;3;25/10/2025;Easy for theory long.
7527;10390;2;05/05/2024;Mr indicate do season whose.
7528;8679;5;05/02/2026;Truth there man role guess.
7529;15821;5;11/09/2024;Member hot little tax.
7530;13597;5;13/10/2025;Line campaign middle kitchen system involve peace.
7531;10333;5;28/09/2024;Source difference discover not nature.
7532;17024;5;24/05/2026;May truth scientist more while.
7533;19872;3;28/09/2023;Agree much trade yourself.
7534;11318;4;17/05/2026;Ability teacher year wind.
7535;4967;2;23/11/2025;On form offer now economy suggest with change.
7536;4715;1;29/07/2025;Ok federal husband prevent eight could.
7537;17029;5;15/07/2024;Rest north should national.
7538;17069;4;29/04/2025;Challenge direction the ago popular interesting.
7539;10723;4;08/03/2025;Room author organization western dog.
7540;14478;3;10/08/2026;Middle appear people with theory.
7541;14405;2;10/01/2024;Hotel brother institution game high cultural.
7542;9334;2;14/11/2023;Bag officer forget relate.
7543;1521;1;23/01/2025;Dinner instead traditional information section key.
7544;804;4;11/05/2024;Trouble look if computer.
7545;10339;1;30/10/2025;Resource population already physical board understand.
7546;12327;4;21/08/2026;Brother as top believe hotel increase.
7547;13126;3;19/07/2026;Community news medical prevent positive.
7548;8754;4;27/10/2025;Support yourself knowledge they near fear.
7549;10509;1;16/09/2025;Owner teacher floor wide.
7550;2984;2;18/03/2024;Level poor science pay.
7551;16384;2;09/03/2026;Board second suddenly until campaign success.
7552;9494;5;21/09/2023;Anything until hotel result floor.
7553;14397;3;17/02/2026;Specific already country goal.
7554;515;5;08/03/2024;Expert tell night tend night.
7555;17793;2;14/05/2024;Think risk forget short past.
7556;7173;5;19/02/2024;Almost year father establish again letter table.
7557;7015;2;01/04/2025;Radio economy cause talk discussion book.
7558;19521;5;18/08/2026;Star firm for.
7559;1290;1;21/07/2026;Nor knowledge research party.
7560;13081;3;25/03/2024;Turn big wind fill activity.
7561;11136;5;12/06/2024;Executive across send several training.
7562;5785;4;20/03/2026;Sister street newspaper never.
7563;1835;4;02/06/2024;Impact our second house such possible.
7564;11426;1;12/10/2025;Test down go computer.
7565;3988;4;09/02/2024;Change lawyer total only work.
7566;4348;2;01/03/2026;Sing return significant gas magazine.
7567;9595;1;31/07/2026;Claim analysis though local wide customer newspaper there.
7568;14472;5;06/04/2024;Image protect edge hair call the toward.
7569;5836;3;30/10/2025;Tonight adult doctor.
7570;1241;3;24/11/2023;Least listen role letter.
7571;107;3;19/07/2026;Reduce common type paper crime car.
7572;6707;2;06/05/2025;Modern magazine fine left north.
7573;9872;3;18/03/2025;Ever and market class.
7574;14028;4;16/11/2025;Teach second body worry prove sister.
7575;16068;4;02/09/2025;Behind but somebody return product beautiful partner group.
7576;16247;3;21/07/2026;Audience anyone participant couple resource image already sell.
7577;11052;1;12/06/2024;Not century million go dream.
7578;6204;3;28/07/2024;Tonight office shake oil he will enough.
7579;2036;5;03/01/2025;Old find by heavy author pick leader beat.
7580;13522;5;02/10/2024;Congress sing evidence nothing nice.
7581;3868;5;03/02/2026;Western law moment politics sound check.
7582;4947;2;27/08/2024;Production fine development house.
7583;5766;5;23/02/2026;Face in decade.
7584;13801;4;15/08/2025;Purpose official often.
7585;1132;2;05/10/2023;Minute we just thing character.
7586;307;2;09/07/2024;National threat final have.
7587;13427;2;23/09/2025;Home like physical service.
7588;12799;4;14/06/2024;By high through institution notice.
7589;5254;4;22/02/2026;Process discuss they figure run character respond economic.
7590;12776;2;12/01/2024;Manage realize miss sure add song Congress her.
7591;1054;2;21/07/2024;Each likely Congress trial ten.
7592;5290;3;30/05/2025;Audience series particularly religious since.
7593;14533;4;10/02/2024;Meet simply century administration.
7594;19440;5;29/06/2024;Church training another threat technology owner relationship.
7595;19362;2;23/11/2024;To level when ground.
7596;13396;2;01/02/2025;Rock century water degree.
7597;8431;1;11/02/2026;Opportunity arrive strong apply camera.
7598;6362;4;01/02/2025;Particularly bar operation popular expert agree lot.
7599;1613;5;16/09/2025;Itself pick company but probably form.
7600;16375;1;19/07/2024;Activity put skill quality view it order specific.
7601;4236;1;19/09/2025;Movie light but have.
7602;12906;3;06/02/2024;Pressure see into.
7603;13677;5;19/12/2025;Ten generation agreement some between weight.
7604;5327;1;11/04/2024;Kitchen daughter ok drive do somebody.
7605;7288;1;02/08/2026;People top economic he attorney age call.
7606;9178;5;07/04/2026;Ball time road mention lead.
7607;12991;1;31/12/2025;Company debate democratic half heavy.
7608;6003;5;19/12/2025;Significant hold nor program.
7609;3029;5;25/08/2024;Want establish including amount son.
7610;10791;2;10/08/2024;Plan challenge according manager third authority.
7611;7759;4;12/05/2024;Property difficult power itself ground sell.
7612;18730;5;08/06/2026;Hour interest fly bar pretty participant.
7613;366;3;15/02/2025;Foot middle office believe trial media.
7614;9648;2;24/03/2025;Discussion successful national be.
7615;14773;4;02/06/2024;Majority economy hit evening personal social then next.
7616;8;1;07/07/2026;Economic door improve Mrs.
7617;7290;5;19/05/2024;College yeah assume.
7618;7905;1;02/03/2025;Know pay film factor vote carry.
7619;420;3;23/10/2025;Pull third your really arm line paper.
7620;8214;5;07/05/2026;Run unit floor soon north.
7621;15027;5;04/11/2024;Book talk rather son wish drop.
7622;8184;5;10/02/2026;Check finally technology season sometimes than accept.
7623;824;3;11/08/2024;Over range attorney beyond sign.
7624;2311;5;29/10/2023;Growth throw realize fire fight.
7625;8512;5;03/10/2024;Foreign feeling charge represent husband less.
7626;3809;4;07/07/2024;Magazine include room PM sit share actually.
7627;9317;5;02/06/2026;Man current eat.
7628;11480;1;11/09/2026;Company art meet red.
7629;19441;5;10/01/2025;Score method water appear but serve.
7630;15943;2;11/01/2026;Serious sit money trade can.
7631;13519;4;08/07/2024;Better four country.
7632;1480;2;06/03/2026;Decade past church then.
7633;14567;3;12/02/2025;Maybe attorney language practice.
7634;16674;2;10/11/2023;Fish space song enjoy recently expect.
7635;11419;4;27/01/2025;Rather paper even road.
7636;14063;2;02/09/2024;General maybe instead soldier.
7637;5927;1;15/11/2023;Effort law player.
7638;17766;5;12/04/2025;Most term impact maintain support million.
7639;3261;3;15/03/2025;Which peace father understand yes.
7640;17940;2;13/02/2026;Can address course building nice identify.
7641;1595;5;31/08/2025;Necessary personal serve feel military personal.
7642;933;2;05/07/2024;Else watch plant tax cup.
7643;5662;5;31/07/2024;Expert letter learn collection against consider line.
7644;54;5;13/02/2024;Series blue response last heart rock charge paper.
7645;8046;2;02/10/2024;Knowledge try least floor to size.
7646;15264;1;15/11/2024;Store audience family campaign religious away.
7647;1023;1;16/04/2026;Night like treat until fund itself yourself best.
7648;13158;2;21/11/2024;Cultural seven actually however plant must community.
7649;8621;2;27/10/2025;Traditional happen trip figure after.
7650;13911;5;20/11/2024;Set forward resource into draw office world.
7651;11082;5;17/06/2026;Soldier over get happen.
7652;17097;4;15/09/2024;Card quickly thousand area trip run best.
7653;19937;4;20/11/2024;Development mission yes wall hope coach.
7654;13213;4;03/01/2024;Security specific plan often responsibility center exactly.
7655;8221;3;12/09/2025;North include agent position.
7656;16261;5;22/03/2026;Drop executive western describe.
7657;14674;4;13/04/2025;Less design hard experience remain right no.
7658;13070;5;22/07/2024;Technology left window politics.
7659;17980;1;26/11/2024;Believe window partner head picture price.
7660;9435;2;18/09/2023;Grow she about various.
7661;17470;1;01/07/2024;Front common international.
7662;7608;4;24/06/2024;Nation create old alone.
7663;19217;1;15/04/2026;Expect himself room data cell role.
7664;243;5;27/03/2025;Quickly cold coach six cut economic.
7665;10946;3;06/08/2026;Test receive and budget thus area.
7666;17483;2;17/02/2024;Particularly reflect only conference son different.
7667;8277;4;22/10/2025;Expect let friend policy wrong.
7668;15667;5;01/10/2024;Bit according high despite same.
7669;9438;5;13/01/2025;Use such force.
7670;10388;3;23/07/2026;Able institution manager establish art.
7671;589;2;20/03/2026;Democrat attention figure book back less successful.
7672;9334;1;06/08/2026;Physical response choice little near base wish.
7673;11100;4;02/10/2025;Positive room five from meeting word effort.
7674;17830;5;10/01/2026;Party word piece pull left push.
7675;14544;5;24/09/2025;Customer which bad ok various.
7676;12666;2;05/06/2025;Share wait wait member model.
7677;11316;1;28/09/2023;Reach now key technology player.
7678;3651;5;08/08/2024;Purpose front too notice military newspaper energy contain.
7679;1091;5;03/11/2023;Skill word check area write.
7680;4524;4;10/09/2024;Short series majority difference garden.
7681;4168;1;09/12/2025;Raise too bar financial only lot.
7682;15836;3;17/12/2025;Explain decade my whose during town present thousand.
7683;18363;1;14/07/2025;Audience area process water need different growth.
7684;1825;4;29/01/2026;Offer couple us beat whose.
7685;14861;4;09/09/2024;Either perhaps together future tell certainly girl Congress.
7686;17401;2;29/01/2025;Series direction personal better.
7687;16056;4;11/01/2026;Nice car executive name set assume.
7688;2133;5;17/03/2024;Six money tend example.
7689;13718;4;22/08/2026;Reality total mention agreement do moment international.
7690;3703;1;12/01/2026;Trouble end fire research.
7691;17163;3;12/04/2025;Study continue story each.
7692;10982;1;03/03/2024;These one court gas.
7693;10370;5;17/02/2024;Raise moment scene.
7694;11400;4;25/05/2026;Until head these media whom painting war.
7695;14580;2;11/03/2026;Point house four south purpose.
7696;3787;2;06/01/2024;Dinner local whose ability decision call.
7697;19441;3;05/01/2026;Option anything up our write power.
7698;10168;2;26/04/2025;Bank with visit world.
7699;17633;4;08/11/2023;As cut they this.
7700;10546;2;05/05/2026;Every break federal your.
7701;10310;2;30/06/2026;Task natural fill already sign keep resource.
7702;5659;5;22/05/2025;Pick per base statement behind that.
7703;19765;5;05/08/2025;Identify amount team parent avoid when our.
7704;16297;3;04/10/2024;Short medical entire southern tree citizen trade trial.
7705;17060;1;03/09/2025;Place soldier move respond.
7706;17008;5;08/05/2025;Ball politics play when.
7707;16659;5;17/09/2024;During his simply although recently figure.
7708;1200;3;17/10/2023;Quite measure source top newspaper tree.
7709;19786;3;10/06/2025;Rather environmental the official.
7710;9108;1;18/08/2025;Among information blood stock even by teacher.
7711;12475;2;16/04/2026;Heart either similar strong government media.
7712;10132;2;17/03/2024;Truth during Congress choose church task room.
7713;1549;5;10/04/2025;At hair there when federal.
7714;13087;2;31/01/2024;Very loss hope scientist grow field lose especially.
7715;4770;5;29/01/2024;Brother her time student create before.
7716;2438;3;12/10/2025;Future loss size candidate southern.
7717;10004;1;05/10/2024;Only care statement team.
7718;19880;2;25/10/2025;Sound message this medical represent outside.
7719;8730;3;12/02/2024;Another matter hair whose.
7720;16645;4;16/05/2026;East care choice ahead air watch detail enough.
7721;8713;1;23/04/2025;Throughout above strong central and contain third.
7722;12692;5;10/03/2024;Smile stand she single discuss buy.
7723;1990;5;13/07/2026;Trial prove sign they deal challenge fish.
7724;13832;4;16/09/2024;Dinner serve box bed page eye.
7725;4557;4;22/01/2025;While cover moment arrive during professor safe.
7726;1496;3;07/04/2024;Girl benefit term statement.
7727;1961;1;24/11/2025;Voice ask political indicate.
7728;5346;2;06/03/2024;In able build nice director.
7729;10280;5;26/05/2025;Room response lay line station difficult above bad.
7730;7496;1;22/05/2025;Agency meeting provide check fire now against.
7731;11965;4;03/07/2025;Behavior true summer wind direction.
7732;4105;3;20/06/2026;Put camera already owner drop fish.
7733;8004;1;03/04/2024;Article member according more can.
7734;4913;1;17/02/2024;Agreement effort everybody realize.
7735;10092;5;05/09/2024;Democrat every something edge say family add really.
7736;7403;2;22/12/2025;Three pattern subject story moment most some way.
7737;6639;1;10/08/2025;There address weight adult though difference room piece.
7738;16229;2;06/10/2023;Wonder military trouble describe establish say.
7739;693;1;28/11/2025;Change kid attack guy TV throughout hair.
7740;14303;4;25/04/2024;Commercial effort hour office investment tonight.
7741;11693;1;15/01/2024;Hour as ability economic administration network.
7742;1991;1;30/05/2026;Eye structure close case hotel.
7743;2208;2;05/11/2023;Material meeting management television everybody.
7744;16762;3;23/12/2023;Purpose will thought area when.
7745;3541;2;27/07/2025;Expert inside apply hundred some local news.
7746;6819;2;24/08/2024;Wrong PM threat face college animal instead.
7747;5932;3;09/10/2024;Class record garden involve paper interview.
7748;12614;5;06/02/2025;Tend hard special visit first test.
7749;10445;3;15/10/2025;Product fill employee who might.
7750;15151;5;12/05/2026;Science goal always point close size wonder.
7751;11896;3;03/10/2024;Scientist through man increase fill meet car.
7752;1014;1;18/04/2026;Ability bank citizen do.
7753;16821;4;11/09/2025;Recent travel machine cell continue could.
7754;8388;2;11/09/2024;As he finish wall.
7755;8710;4;05/07/2025;Decade person wait large.
7756;1418;2;04/06/2025;Guess argue would throw perhaps cup.
7757;10978;4;17/01/2025;Price miss central medical increase capital alone music.
7758;19960;2;07/01/2025;Maybe down hard opportunity necessary.
7759;7955;1;19/02/2024;Remain generation drug drop wind tough letter.
7760;12757;5;07/07/2026;Forward soldier work garden growth.
7761;8133;3;23/11/2025;Add former go wait trip rise degree.
7762;6220;2;02/11/2025;Today though where bit several interesting national.
7763;5950;5;26/06/2025;Board Mr summer young apply economic modern.
7764;9030;2;14/09/2023;Easy mother us.
7765;5092;1;29/06/2024;Within would color interview politics.
7766;18541;5;12/02/2026;Like administration color east.
7767;7148;3;12/05/2025;Second picture edge never.
7768;14075;1;26/02/2024;Discover a late yes home focus.
7769;2583;5;24/08/2026;Trade whole require heavy really.
7770;15266;2;21/06/2024;Fine hear after remember adult production network economy.
7771;2540;5;25/08/2025;Product couple thousand order.
7772;17014;2;06/05/2025;Black customer around news through.
7773;12321;4;11/06/2025;Look morning again day.
7774;5074;3;20/05/2025;Social current bit authority.
7775;13503;4;27/03/2024;Gas Republican too.
7776;3811;1;03/04/2025;Dream window skill rise act south pressure.
7777;5549;2;20/04/2025;Decade short time TV accept data talk part.
7778;1917;5;26/07/2025;Song next model candidate up choice special.
7779;7274;4;31/08/2025;Win along admit threat whole.
7780;3845;4;07/04/2025;Lead go growth tonight.
7781;12466;2;09/11/2025;Report bill particular laugh.
7782;9194;5;12/01/2026;Staff huge five several something ready home.
7783;2895;1;26/05/2026;Board small claim hold whole leave store.
7784;13215;3;10/03/2024;Church specific prove team modern.
7785;8250;1;23/02/2024;Agency this above image.
7786;18180;1;23/11/2025;Eat case woman modern there all expect.
7787;2615;5;02/05/2026;Finally eat hear listen state character on.
7788;7165;2;22/11/2023;Civil hundred current.
7789;16061;1;21/11/2025;Bank together thing note statement.
7790;8892;5;05/01/2025;Tree smile stay grow charge candidate cold physical.
7791;19950;4;20/01/2025;Cost per make themselves.
7792;9744;4;02/07/2025;Can team seat against region live hit.
7793;18970;2;28/02/2026;Moment company kind culture outside.
7794;16234;1;15/04/2024;Ever quality stand get.
7795;1121;3;15/09/2024;Draw face recognize turn.
7796;3112;3;23/12/2024;Entire attorney responsibility industry standard crime onto.
7797;14187;4;06/09/2025;Blue yourself fire space level serious.
7798;10138;4;26/11/2023;Hospital central image oil trouble green.
7799;11213;5;26/05/2024;Morning item manager.
7800;9725;4;25/12/2024;Heavy no him collection plant.
7801;3086;3;03/05/2026;Standard ball suddenly land either.
7802;16761;1;29/07/2026;Address feel simple.
7803;15286;5;03/02/2025;Example cost down black.
7804;2045;3;17/12/2025;Central police miss program their break.
7805;7465;1;16/08/2026;Red sound crime church up.
7806;447;1;08/02/2026;Country sometimes expert doctor.
7807;1315;3;06/06/2024;Woman positive focus watch miss customer what finish.
7808;9973;3;12/02/2026;Two better remember.
7809;4475;1;09/04/2026;Customer board effect have rich skill letter.
7810;3606;4;11/02/2024;Miss yes figure activity.
7811;11;1;17/09/2025;Tree middle best scientist.
7812;9417;2;19/03/2025;Will understand also should.
7813;13902;4;02/03/2025;Suggest best agree green prove face.
7814;7262;1;03/09/2026;Somebody economy consider three care they.
7815;11298;3;18/07/2026;Themselves wait health voice wear.
7816;13840;2;13/04/2026;Dream probably decade pay watch your instead marriage.
7817;3844;3;09/08/2024;Gun area catch during note.
7818;8099;2;22/03/2025;Approach south part traditional me read officer fish.
7819;14568;4;16/09/2025;Start cold while whole executive.
7820;13601;5;02/01/2026;Once area role.
7821;13198;3;18/06/2025;Likely real fire wear he mission system.
7822;2511;4;05/02/2026;Maybe quickly while effect south.
7823;9061;4;29/09/2025;Politics teacher bill raise position.
7824;2334;5;11/03/2025;National south fine everything represent eye.
7825;6422;4;30/06/2026;Article cup partner.
7826;500;4;28/04/2024;Program professional his east idea third education.
7827;3390;3;16/05/2025;Both experience oil major college indicate fill.
7828;17649;5;27/08/2024;Their red role.
7829;3185;5;28/03/2026;Room third chance whether boy.
7830;5788;4;16/04/2026;Hair speak religious head.
7831;10578;2;23/04/2024;Man environment else customer feeling.
7832;17095;2;31/07/2024;Occur southern state dog remember according.
7833;12176;5;28/02/2024;Floor south future indeed choose floor reach.
7834;17507;5;26/11/2025;Star impact reach attack ask art land.
7835;2371;1;07/01/2026;End article six hot trial world.
7836;1620;4;23/06/2026;Strategy decision strong reach.
7837;15990;3;08/12/2023;Program clear item political.
7838;1252;1;22/02/2026;Various wall rich than.
7839;3604;4;11/07/2025;City beautiful run any.
7840;5795;2;12/11/2024;Line lose cause safe lose.
7841;11407;2;23/07/2025;Week natural American service above.
7842;735;5;24/05/2024;Avoid suggest huge identify forward accept brother.
7843;13769;3;22/06/2026;Professional poor lay.
7844;16170;2;16/06/2024;Forward while physical low another mean travel.
7845;5245;3;09/04/2025;Up threat people financial growth fear this.
7846;7878;1;22/03/2025;Let article rest clear dark identify town.
7847;3556;3;22/01/2024;National issue public none often pattern.
7848;5812;2;14/06/2025;Value reason human.
7849;11073;3;27/06/2024;Personal mean hot raise wife cold.
7850;674;5;05/01/2025;President lawyer idea yes represent.
7851;10941;4;24/11/2023;History whether detail wide lay.
7852;14792;1;10/07/2026;Part expert spend baby others.
7853;17005;5;17/02/2024;Wide money so effort.
7854;17710;3;15/11/2023;Safe animal hard fact family.
7855;11382;3;12/11/2025;Factor successful benefit me.
7856;11716;2;25/06/2025;Pass surface ago remain do matter.
7857;12634;1;04/06/2025;Pass activity body machine black glass brother.
7858;778;2;13/09/2025;Same sound way physical by.
7859;10759;4;15/02/2025;Sit store no she else have.
7860;3127;3;26/02/2024;Cup whether instead friend item me.
7861;15881;3;23/11/2023;Year offer performance draw arrive.
7862;2058;1;21/01/2025;Single instead night north create each outside play.
7863;9997;1;19/02/2026;Can back nearly see only possible hotel.
7864;18622;4;17/04/2026;Age friend particular result success early hour.
7865;17129;5;04/04/2024;Color consumer fear huge.
7866;14373;4;15/06/2024;Office figure as.
7867;13124;1;11/02/2025;Commercial raise left everyone.
7868;16897;5;05/11/2025;Under want really.
7869;16731;1;23/09/2024;Beat strong wear decision price according but break.
7870;15020;4;23/09/2025;Affect finish design while middle policy less.
7871;5327;2;09/08/2026;Everybody pretty serve couple agree design school.
7872;8498;1;14/05/2024;Figure site attorney its answer police physical worker.
7873;12523;2;23/11/2025;Tree go nation bar himself tend.
7874;17435;1;25/08/2026;Claim process culture pick recognize employee.
7875;3425;2;27/08/2026;Kind medical pattern party body international doctor.
7876;6554;4;04/12/2025;Phone price man in economic product.
7877;15579;1;23/06/2024;Today degree improve feel beautiful not glass.
7878;12940;1;20/03/2026;True use so year all politics.
7879;5590;2;22/05/2025;Whose goal often degree actually like industry fall.
7880;4773;2;24/08/2024;Data local them strong.
7881;14380;3;15/01/2025;Throw quality manager reach manage.
7882;4384;3;13/03/2024;Full together also together popular quite.
7883;2983;3;07/08/2026;Personal doctor event wind first consider society.
7884;14422;4;15/10/2024;Money former grow boy any each reduce.
7885;3913;2;19/09/2025;Lawyer knowledge success success sing leader.
7886;5203;2;14/05/2025;About section unit large nice measure near mind.
7887;3819;1;23/05/2025;Guy argue difficult brother face child do.
7888;15666;1;24/05/2026;Within thought fall relationship about set.
7889;18;5;18/06/2026;Step population try let these.
7890;16858;4;06/03/2025;Example one stuff morning whatever base early.
7891;17719;1;27/08/2025;Computer say far field institution.
7892;1553;1;10/07/2024;Line tell level.
7893;1929;2;10/06/2026;Take national term.
7894;18595;2;25/08/2025;Situation room challenge long line.
7895;8119;3;27/06/2024;After evening nation middle friend best believe.
7896;17386;4;17/10/2025;Seven way doctor feel fish able that.
7897;1713;2;18/06/2025;Mr throw them Congress.
7898;14871;2;22/07/2024;Once wait people even debate simply smile.
7899;18204;4;03/03/2026;Movie others mission page together state around not.
7900;4114;3;24/08/2025;Store power poor gun sister enjoy sort.
7901;11857;1;09/03/2024;Entire student individual garden.
7902;5917;4;28/03/2024;Drug exactly describe significant fly evidence tonight produce.
7903;5052;4;11/10/2025;Same difficult today summer.
7904;18771;1;05/03/2024;Account put turn measure important.
7905;2394;3;11/12/2023;Well factor religious policy tough group direction.
7906;5724;1;25/05/2024;Several bit allow trip series action.
7907;18846;2;05/05/2024;Last interview letter create rest either.
7908;5132;1;27/12/2024;Without able high knowledge.
7909;2026;4;27/01/2025;At necessary husband really fight.
7910;11962;2;01/05/2025;Believe person treatment million.
7911;6726;3;17/07/2025;Society thank if international different.
7912;5724;1;24/06/2026;Notice on several leg research reflect.
7913;9497;1;29/05/2025;Interesting movement several also together each.
7914;4556;2;05/11/2023;Who physical hour of.
7915;8704;5;23/08/2024;Our thought real bring.
7916;15218;4;10/11/2023;Type loss and away.
7917;3122;3;28/08/2025;Thus option a toward at marriage.
7918;18069;5;08/06/2026;Personal after TV house true.
7919;2027;1;30/11/2025;Myself start and action.
7920;2772;4;18/02/2026;Region single produce material value.
7921;11241;2;03/02/2025;Middle them TV moment start trade parent service.
7922;1463;2;06/12/2023;Often price up one trade material.
7923;8640;4;18/03/2024;Rise either agency these.
7924;14539;1;13/05/2024;Simple hair edge join.
7925;6535;2;18/02/2025;Actually true indicate reality room kid response.
7926;19783;2;10/01/2025;Type life life determine.
7927;1002;2;12/05/2024;Dog before various either exactly natural.
7928;2655;1;23/09/2023;His wide truth financial.
7929;11532;2;18/10/2024;Middle race perhaps lead suffer director shoulder.
7930;2173;1;19/12/2023;Man call someone white.
7931;8398;2;27/07/2024;Collection medical cell too sometimes throw.
7932;19469;2;16/12/2025;Turn way as himself fight final major.
7933;13449;4;14/11/2025;Receive reason admit think admit.
7934;17095;2;03/04/2025;Student ago value carry.
7935;19589;3;05/10/2024;Drug husband defense price although radio natural.
7936;3265;1;10/05/2024;Family rather simple trial.
7937;18953;5;22/05/2025;Power defense administration Republican carry.
7938;10360;5;03/10/2023;Level all care must eight two thousand create.
7939;18023;1;10/03/2024;Difficult newspaper rest first follow performance.
7940;15678;1;05/08/2026;Federal check learn however kind fire.
7941;9153;5;29/07/2024;Administration senior often financial.
7942;7805;5;15/02/2024;Worry good peace.
7943;18519;5;09/12/2024;Movie you score fill past far how.
7944;11260;3;17/06/2025;Culture history assume minute.
7945;9300;3;23/09/2023;Energy treat cause room rise.
7946;17684;1;15/04/2026;Western son agree take scientist continue.
7947;11997;4;14/06/2025;Sing career player tax those.
7948;11067;1;17/07/2025;Third project clear often medical them ten.
7949;14672;3;01/07/2026;Large health generation hit peace theory.
7950;3366;2;01/11/2025;Example family conference protect start.
7951;15586;4;17/01/2026;Different like middle may eight.
7952;6205;5;14/08/2025;Through campaign walk ever.
7953;14582;4;18/05/2024;Investment dinner skin tax activity follow.
7954;10031;4;03/05/2025;Plant those real soldier determine ok.
7955;12832;1;21/07/2024;Former sing book do.
7956;3374;2;15/04/2024;Course goal him edge star.
7957;5939;4;25/01/2024;Myself act world herself table.
7958;10860;5;30/11/2024;All couple outside eight rich direction.
7959;5009;2;10/06/2024;Box future sometimes sign federal number teach.
7960;13845;3;26/09/2023;Body a organization notice.
7961;13619;1;05/12/2024;Goal reduce become painting lawyer recently.
7962;1265;3;18/08/2026;Save former blue.
7963;13920;3;14/04/2025;Draw second increase figure former.
7964;7698;1;30/09/2023;Senior tell writer across foreign own.
7965;17059;5;14/10/2024;Improve history identify now those in traditional.
7966;16804;4;10/10/2024;Increase address yourself population cover hard drive program.
7967;2777;1;21/04/2026;Beautiful continue spend we Republican weight.
7968;3256;5;09/06/2024;Newspaper number strategy scientist.
7969;9768;2;27/08/2025;We unit available common large check.
7970;16085;1;15/08/2026;Yeah meeting although section.
7971;13128;5;01/01/2025;Of recently audience Congress cell generation still.
7972;1231;4;04/11/2024;Improve family military point close his between.
7973;5281;1;14/05/2026;Really important answer budget seem.
7974;19416;2;29/12/2024;Go five argue or list still.
7975;8532;3;16/05/2026;Score owner mother identify marriage recent get.
7976;1650;1;08/06/2026;Glass international event home trial collection.
7977;6254;2;10/04/2025;Them very image.
7978;13981;2;11/06/2025;Night politics employee clear.
7979;9834;1;04/01/2025;Drug those join wear here method.
7980;12250;2;24/02/2026;Rich newspaper plant.
7981;17821;2;06/11/2025;Moment positive new you thousand.
7982;1654;1;06/10/2024;Arm back per throw right dream well a.
7983;19853;5;24/11/2024;Detail term act than.
7984;7554;1;15/08/2024;Attorney area executive individual yard.
7985;8952;1;11/12/2024;Program throughout firm billion fight.
7986;747;2;20/04/2026;Season five wide pressure unit mean.
7987;373;1;23/05/2025;Region from dream quality security.
7988;9843;1;05/05/2025;Instead democratic professional wonder fund.
7989;9230;1;24/01/2024;Amount event three nothing around few series small.
7990;7087;3;15/07/2024;Owner develop like personal.
7991;6918;4;10/01/2025;Agree after series hand teacher cut dog fly.
7992;11948;1;22/04/2026;Discover white leader.
7993;4015;2;21/06/2026;Stock at into set.
7994;13556;3;20/11/2023;Other art mission single international want Republican.
7995;4353;2;29/12/2023;Particular none ball step guess I defense.
7996;10646;5;31/05/2025;Material image great husband week.
7997;10787;1;19/09/2024;Official baby instead look degree despite a.
7998;4737;2;13/10/2024;Radio fill treat PM next thought identify attorney.
7999;5666;3;11/01/2025;Hot blue serve name give town stand.
8000;17146;4;06/05/2026;War yet movement because.
8001;12552;1;03/04/2026;Century structure seat painting before.
8002;17505;2;05/04/2024;Product condition record bill.
8003;4885;5;21/10/2024;Read month official spring.
8004;14053;1;21/12/2024;She evening near card base we study.
8005;15393;2;06/11/2025;Condition understand American thought catch suddenly.
8006;8194;3;23/03/2025;Environment option raise pressure everybody draw section.
8007;4947;5;12/08/2026;Environmental garden production American similar.
8008;17589;3;02/06/2024;Public fine play run.
8009;6210;4;21/04/2024;Between play involve star.
8010;2903;4;10/04/2025;Political plant like Republican chance.
8011;6256;4;08/10/2023;Cold run set material.
8012;4099;4;13/12/2025;Environmental reflect what wrong dream.
8013;1131;2;10/05/2025;Song executive I.
8014;10706;3;23/11/2024;Our new as shoulder bed why.
8015;10569;3;04/10/2024;Pay memory instead tree boy provide and.
8016;14071;5;20/10/2025;Grow put energy expect think.
8017;12426;4;19/11/2024;Notice off know perform.
8018;6288;1;05/11/2025;Child any five.
8019;5779;2;10/04/2026;Choose by only.
8020;18412;1;19/08/2025;Perhaps season adult.
8021;6249;4;28/09/2023;Son policy operation major analysis.
8022;16694;2;29/07/2025;Write become team agree.
8023;18439;4;16/09/2023;Others notice care relate network small close.
8024;6877;2;27/03/2025;Arm evidence daughter generation finish.
8025;18290;1;24/08/2026;Better name moment week strong hot next.
8026;5706;1;01/10/2024;Learn run item cell ground standard.
8027;6791;5;14/06/2026;Color serve above book.
8028;17748;2;23/06/2024;Customer society which baby your as claim.
8029;5861;5;12/07/2024;Seven once check federal part charge.
8030;1574;4;09/07/2024;Field structure fast letter skill can focus.
8031;16225;4;04/10/2025;Early food whose news dog international value.
8032;11400;1;03/05/2026;Receive speech of enter sell second.
8033;10598;5;10/03/2024;Cold music leader visit success artist.
8034;8464;5;27/02/2024;Southern while reason writer.
8035;16589;5;14/09/2023;Far eye edge remain able true family.
8036;5974;2;14/09/2024;Into game realize dog record service believe none.
8037;7497;2;12/07/2024;Cause off yourself fall somebody single.
8038;10238;2;16/08/2025;Center end bag glass seat many system.
8039;1976;3;27/04/2025;Red decade food these.
8040;15868;5;23/06/2025;Get might worry or new.
8041;15335;3;09/08/2024;Middle activity poor front any performance oil.
8042;1017;5;24/08/2025;Reach fast scientist.
8043;7444;2;22/03/2026;Majority matter medical theory civil important.
8044;9311;2;01/08/2025;National great see man glass finally now could.
8045;16084;1;18/02/2025;Property maintain truth other hear more property.
8046;19759;2;21/04/2026;Former conference cell design likely set.
8047;8925;3;18/05/2025;Day room in.
8048;526;5;17/01/2025;Together arrive animal truth.
8049;6147;3;18/03/2024;Get card on provide big easy teacher per.
8050;9177;3;16/03/2025;Soldier information cold member point each.
8051;17226;5;02/08/2026;Few office media mouth much.
8052;5813;3;27/04/2026;Customer fire say process just.
8053;13468;5;27/08/2026;Change many point stock something fast occur.
8054;7623;3;23/11/2025;Floor of price prepare.
8055;7568;2;20/06/2024;Their activity know.
8056;2265;3;30/12/2025;Event blood first view.
8057;2906;5;01/12/2025;Once of create enough yeah someone race.
8058;11912;2;05/01/2024;Country side house decide.
8059;19848;4;14/05/2026;Eight service within large significant garden.
8060;2348;3;14/05/2024;Final management water so really then bit management.
8061;8876;4;24/12/2025;Management else song.
8062;15615;4;13/12/2024;Receive discover serious computer.
8063;5972;3;27/05/2025;Decade growth test rise.
8064;2636;5;17/10/2023;Get outside place determine spend couple where.
8065;15861;3;01/08/2025;Shake wife require travel best.
8066;16115;5;14/12/2023;Require age service.
8067;4303;4;28/11/2025;Media health agency set dark or model.
8068;9207;3;09/11/2025;Them name party fall leg material campaign pay.
8069;16407;2;20/05/2026;Light by street together old stop.
8070;13302;5;10/01/2024;Sure live form represent after away for travel.
8071;17452;2;21/08/2024;White realize pay consumer actually central six.
8072;2332;4;30/08/2026;Method economic will question this moment.
8073;7088;2;27/06/2025;Hard high office idea fire.
8074;18252;1;07/11/2024;Economy cost describe book play sea national two.
8075;348;1;24/02/2025;Boy network different side position.
8076;12853;3;02/03/2024;Consumer truth around arrive result.
8077;12290;3;04/10/2023;Free without yes environmental everyone increase stay.
8078;10846;5;26/02/2024;Garden radio bed student.
8079;8640;2;27/03/2025;Hotel buy money.
8080;16950;4;10/03/2024;During part away reach television language drive.
8081;1857;1;20/05/2025;Have then north unit car compare.
8082;3893;1;14/06/2024;Author floor all draw deal action call.
8083;11168;2;30/12/2023;Hundred again reality buy artist.
8084;15285;3;25/07/2024;Growth similar society discover nature kind.
8085;16099;3;04/05/2024;Support cover responsibility lot everything travel.
8086;10733;2;04/07/2025;Enjoy development professor.
8087;18689;4;12/04/2025;Smile fly hear discuss.
8088;6686;4;05/08/2026;Need sure magazine shake particular important series.
8089;18081;1;11/08/2026;Worry sea mother.
8090;12382;4;29/09/2025;Middle result control least hold care big.
8091;1273;4;23/07/2025;All pass public citizen.
8092;19666;1;05/08/2026;Summer night contain capital safe strategy opportunity dark.
8093;16578;4;27/08/2026;Leave data capital himself research line result.
8094;4244;2;14/07/2024;Research hour peace assume actually.
8095;8508;2;02/01/2025;Concern scientist section my treatment fact.
8096;11126;4;29/11/2024;Provide save hit above four plan.
8097;16119;1;06/11/2025;Once miss fund quite figure others food cell.
8098;12715;1;15/05/2024;Firm morning business believe role.
8099;15562;4;06/04/2025;Open current hospital citizen you eat issue drug.
8100;3288;5;06/11/2024;Bar result sort miss.
8101;8761;1;14/02/2025;Leave manager thought idea.
8102;4333;1;01/04/2026;Think hundred good such practice because.
8103;1981;5;09/11/2025;Kid east bed face my should.
8104;12081;5;13/03/2025;Save kid activity during wind.
8105;3836;3;23/04/2024;Customer power even lot.
8106;813;3;19/01/2025;Account baby result strong open around to.
8107;16537;2;23/08/2025;West recognize book ahead professional.
8108;3844;4;03/08/2025;Item off person.
8109;13763;2;11/12/2025;Company various prevent language.
8110;8908;4;22/12/2023;Yeah education increase her.
8111;967;3;24/11/2024;Number build air itself really.
8112;2727;1;25/11/2024;Cup play newspaper successful up rise.
8113;1172;5;02/06/2025;Second those peace task apply.
8114;8239;1;19/10/2023;Strategy under box every maybe provide above.
8115;19824;1;09/04/2026;Seem close third industry it.
8116;17243;4;10/01/2026;Cold everybody listen speech for ready matter medical.
8117;12123;2;17/09/2024;Lay quite action develop better ability probably.
8118;18778;4;25/11/2024;Test stop blue control young kind firm.
8119;15567;4;04/11/2024;Author degree investment watch wall.
8120;12952;3;16/03/2026;Along likely best consumer sister pattern.
8121;15254;4;01/05/2025;Standard teach food together thus.
8122;15882;3;08/04/2025;Something blue growth mother professor drug as else.
8123;12308;3;30/06/2025;Arm lot establish war so relationship.
8124;15702;3;05/04/2026;Term issue debate.
8125;15692;4;14/02/2025;Plant firm use teach force trip five.
8126;3928;4;16/07/2024;Ever you many my expect fine.
8127;2133;2;11/03/2024;For begin front no by step.
8128;16082;2;01/07/2026;Table can hospital stop knowledge one radio.
8129;496;2;30/07/2026;Born plan military about.
8130;13193;4;05/07/2025;Difference however help policy pull so yard think.
8131;8270;5;03/11/2025;Black two when respond economic.
8132;18299;5;13/02/2025;Blood defense color defense similar again fill.
8133;14447;1;14/07/2024;Seek respond price war.
8134;13140;1;01/02/2024;Foreign feel phone different middle machine song.
8135;10674;4;05/04/2024;Up be plan before there in.
8136;9099;4;09/03/2024;Ahead plan exist season rich reason support.
8137;14065;3;18/01/2026;Ability along finish.
8138;6216;3;30/04/2025;Get security system first measure anything.
8139;13925;5;08/01/2026;Serve money final good else beyond matter.
8140;2237;4;17/03/2025;Hospital this bill serve.
8141;6580;1;13/11/2025;Free training building someone.
8142;15448;2;27/02/2024;Television six rather assume law simply leg wife.
8143;13209;5;10/04/2024;Break she short friend.
8144;3661;3;30/08/2024;Expect exist beyond reach explain about notice mouth.
8145;7431;1;02/05/2026;Control weight able meet work image.
8146;6344;1;29/02/2024;Bad assume well program we class.
8147;15418;4;01/07/2025;Support building investment question compare remember keep.
8148;13786;3;16/05/2026;Mother check another conference year picture kind candidate.
8149;14373;3;27/03/2025;Provide choose up response want each evening individual.
8150;18028;4;19/07/2024;Street skin west series always quickly.
8151;10234;1;31/08/2026;History visit would west itself.
8152;10675;4;04/08/2026;Remember off throughout space oil movie somebody.
8153;12135;3;19/04/2024;Pretty role our concern visit effect five.
8154;15932;4;19/07/2025;Ago pay total any effect kitchen purpose teacher.
8155;651;3;05/11/2023;Business feeling fast employee.
8156;1541;5;22/03/2025;Prove especially school.
8157;11509;1;06/05/2025;Fine herself push word believe.
8158;8433;4;02/07/2026;Its nothing general look.
8159;15174;4;11/08/2025;Training amount save position.
8160;13715;2;18/11/2024;Rather air actually discuss difficult visit glass.
8161;9461;3;15/01/2024;Decision treatment strong wish too for cut.
8162;14975;1;23/01/2025;Door say police wait.
8163;8005;4;10/09/2024;Happy operation tax culture inside.
8164;3504;1;14/05/2025;Throw wear reach.
8165;8532;2;21/05/2026;Institution prepare local interesting.
8166;10721;1;26/06/2026;Ago personal concern market.
8167;4815;4;03/01/2026;Early power eight movement manage always structure.
8168;6836;3;13/02/2024;Your each tree source so left game.
8169;305;3;04/04/2026;Continue author minute personal skin.
8170;6840;5;15/03/2025;Reason perhaps per probably space leader.
8171;4884;1;18/01/2024;Interest against say.
8172;10593;3;29/04/2026;Choose arm song bring result.
8173;9312;4;11/06/2026;Hour student present season make cover order.
8174;14463;4;22/04/2025;Dinner yes six in.
8175;4547;3;28/09/2023;East vote beyond detail.
8176;18122;1;22/07/2025;Body miss require put wall.
8177;6943;5;12/05/2024;Rather fill service out full ahead happen.
8178;5201;1;27/03/2026;Major well participant nation peace page.
8179;9316;5;28/05/2026;Success conference why lay development ago others hair.
8180;4011;4;23/12/2024;While year century strong everybody source camera.
8181;7716;2;23/07/2024;Player forward right natural quickly young true.
8182;17751;1;16/06/2025;Loss level send since within.
8183;16848;1;11/03/2024;Up term serve hear about capital.
8184;7119;1;13/12/2024;Improve TV avoid another often life.
8185;11817;2;01/05/2025;Environmental remember billion seek would scientist want.
8186;4451;1;25/12/2023;Present take Mr most.
8187;10426;5;23/12/2024;Big fire listen herself.
8188;16113;2;18/01/2024;Drop issue unit newspaper six it.
8189;12475;5;22/05/2026;Option paper indicate.
8190;2413;1;19/11/2023;Hold great red strategy final million social.
8191;13044;3;26/07/2026;Price box table.
8192;17946;4;03/10/2023;Skill alone chance four entire impact foreign.
8193;13628;5;17/10/2025;Make hair should give play show.
8194;3092;2;08/06/2024;Plant environment others coach worry job section.
8195;13310;4;08/01/2025;Point sound tonight particular law compare.
8196;13721;3;19/06/2024;Factor find through they us inside.
8197;18717;1;11/10/2025;Majority ground camera sport nature technology.
8198;11878;1;25/04/2025;Physical need study fall bad administration whatever official.
8199;16403;5;11/06/2024;Onto run value protect.
8200;17631;5;29/06/2025;From film which above PM office born.
8201;8616;5;31/07/2024;Letter half no check again show.
8202;4298;4;15/04/2024;Join research item some first him north.
8203;5525;4;24/01/2025;Difficult form though card especially if large.
8204;8137;4;25/09/2025;American power any word education idea since boy.
8205;9226;5;11/04/2024;Customer seek technology wonder bag pull.
8206;7183;4;17/01/2025;Pretty enter wide person.
8207;18522;4;24/08/2025;Who player which half attack throw fact.
8208;4524;2;08/11/2023;Short about guess which half certain.
8209;19477;3;04/09/2025;Task character town arrive citizen.
8210;3201;1;05/05/2025;Over small money position turn generation.
8211;8521;4;30/08/2024;Mrs himself voice over.
8212;14710;3;12/11/2025;Involve situation discuss billion fact read himself.
8213;11388;5;26/05/2024;Hope or decide option data step account.
8214;16968;2;28/11/2025;National financial fast friend catch respond girl step.
8215;14744;5;10/02/2025;Rest matter piece such young.
8216;6359;4;22/06/2026;Ability car daughter forget tough particular.
8217;18132;2;04/09/2026;Glass travel attack on great along.
8218;14277;5;24/05/2024;Argue manage yet peace involve weight discussion surface.
8219;9696;4;20/03/2025;Society keep war player.
8220;5408;2;16/03/2024;Four agency certain story but worker.
8221;18769;5;22/11/2023;Building allow analysis.
8222;13203;2;25/08/2026;Stop school short morning whole.
8223;9531;3;10/08/2025;Agency any state similar finish change.
8224;9737;4;25/01/2026;Stop kitchen book responsibility his.
8225;19818;5;31/03/2025;Often fact former onto everybody note.
8226;15426;4;08/04/2024;Hospital people general history fund allow hard everybody.
8227;12887;4;06/10/2025;Smile team degree thus player just.
8228;11443;2;10/04/2026;Easy situation note civil reason.
8229;12687;1;26/05/2026;Plan head own factor think.
8230;1623;4;29/10/2025;Believe common ground than bar interesting.
8231;19307;2;19/02/2026;Cell may face heart exist.
8232;10032;4;09/04/2026;Election lead east lot main condition leg.
8233;14049;3;08/10/2023;Sound no institution work professional.
8234;11181;3;19/03/2026;Different choice key prove lot there.
8235;11990;1;05/04/2025;Start in human wide voice listen.
8236;17502;2;05/05/2025;Realize animal life thought way third cost.
8237;13995;4;17/08/2025;Respond send wrong hotel industry commercial young.
8238;12229;5;13/04/2024;Mention without water.
8239;3276;3;12/08/2025;Organization area story director increase strong.
8240;18989;5;09/02/2026;Father defense performance no glass treatment culture.
8241;15235;2;07/09/2026;Street movement left example stop.
8242;9750;5;06/12/2024;Cold owner around Congress score walk condition.
8243;3385;3;09/09/2026;Consumer direction foreign TV become individual occur discover.
8244;2317;5;17/04/2025;Yet growth up check.
8245;14779;5;09/02/2025;Through plan list own rule.
8246;6073;2;18/04/2025;Sell growth store oil expect.
8247;3507;2;26/12/2024;Themselves yet fly best manager weight so.
8248;5960;5;21/06/2026;Yourself month drive sound.
8249;3164;1;08/07/2025;Society today fall anyone college.
8250;19152;3;26/08/2026;Pass produce maybe.
8251;7215;5;06/11/2023;Would final condition cultural friend.
8252;4084;5;26/09/2024;Party often issue only whole.
8253;13107;1;30/07/2025;Parent process century green range.
8254;16980;4;05/10/2025;May bad here coach film phone consumer despite.
8255;2932;3;21/02/2024;Interesting again board might could event.
8256;13885;4;07/05/2024;Middle lot space someone population face true.
8257;6120;1;13/06/2026;Group never himself leave reflect.
8258;2431;1;11/04/2025;Order population seat memory poor woman.
8259;5225;1;18/02/2025;Look question in growth old skill claim.
8260;16935;3;12/12/2024;Nice behavior relate beautiful page set represent cup.
8261;19160;1;27/04/2024;Front pick away appear tree behind report.
8262;11697;1;03/10/2023;Build performance worry.
8263;8477;5;20/01/2024;Water big official protect prove enter.
8264;9276;3;15/03/2025;Picture agree economic talk finish official leader.
8265;1358;1;30/08/2025;Cold once bring us himself go.
8266;1555;3;02/06/2025;Floor several you form.
8267;1520;1;15/12/2023;Likely truth meet his admit.
8268;120;2;04/11/2024;Surface season forget share brother decide.
8269;14619;3;06/08/2025;Imagine save which read news under.
8270;13759;4;20/01/2025;Sign need view nearly.
8271;10056;2;10/02/2025;Major smile night war in policy.
8272;12432;2;17/09/2024;Travel live matter degree here relationship born.
8273;4554;3;04/01/2025;Rich question grow so accept move.
8274;9043;2;17/11/2023;Letter less boy store statement especially across evening.
8275;13645;3;28/11/2025;Southern heavy international station radio property.
8276;14307;1;28/08/2024;Outside surface range Democrat where include go education.
8277;13564;5;13/07/2026;Value charge least beat two.
8278;8260;5;13/03/2025;Enjoy college poor these century.
8279;7537;3;03/07/2026;Expect night happen change ground baby.
8280;1971;2;13/12/2024;Message kind stay whether hold.
8281;496;3;06/12/2023;Low can school really amount week behind truth.
8282;11420;5;10/12/2025;Last case surface light my memory teacher me.
8283;15600;4;17/08/2025;Bag war nothing debate safe.
8284;7577;5;16/12/2023;From central could unit type year water art.
8285;11542;1;09/02/2026;Professional choice right particularly effect attention determine.
8286;4029;3;19/09/2024;Question notice they with.
8287;14293;5;02/07/2026;Truth land because cover suddenly.
8288;12376;5;06/10/2025;Total education various rest beyond about thousand change.
8289;17842;2;29/02/2024;Rich especially kid on.
8290;2907;4;17/04/2026;Newspaper interview bar letter certain she.
8291;10339;5;13/02/2024;Owner same toward little until development note.
8292;7372;1;06/11/2023;Whatever up write or.
8293;13841;3;15/07/2026;They picture west perhaps above child.
8294;944;1;06/10/2025;Serve they table his PM cell.
8295;2543;5;23/04/2024;Race general yes receive theory easy area.
8296;11106;1;26/02/2025;Radio exist under beat reach modern fill.
8297;14561;3;29/12/2024;Land group fear through enjoy create boy.
8298;3684;4;28/04/2025;Appear trip gun some change recently bed.
8299;16971;2;22/09/2025;Base shake land ready.
8300;15871;4;11/08/2024;Yourself middle throw.
8301;102;5;21/06/2026;Drug those power industry last.
8302;7382;2;26/07/2024;Popular smile southern.
8303;14631;4;23/07/2025;Ask to garden whether.
8304;13450;2;20/12/2023;Thing kitchen prevent take teacher draw.
8305;4727;1;21/10/2024;Yourself threat treat range necessary.
8306;17068;5;10/07/2024;Training card wear pay.
8307;9386;3;11/12/2023;Every sister child short room now.
8308;10022;1;04/09/2026;Without politics agent any.
8309;14765;2;03/07/2025;Add such success particularly through listen artist.
8310;9427;2;02/09/2024;World able maintain painting want not.
8311;3684;5;12/01/2024;Doctor upon store speak provide choose look ago.
8312;4525;4;18/11/2025;Charge decide around enter.
8313;3626;2;25/10/2024;There including anyone author itself billion.
8314;5843;2;21/02/2025;Month answer film as help list turn.
8315;8659;1;12/05/2025;Than any strategy live.
8316;10055;4;30/06/2026;Toward nor partner do control during.
8317;8080;5;01/04/2025;Whether center toward player reduce skin pressure.
8318;7965;1;14/01/2024;At break help summer.
8319;15255;5;19/02/2025;Make cover store nor subject.
8320;5514;1;13/02/2024;Child range other nice listen.
8321;390;4;19/12/2024;Including another laugh name treatment herself.
8322;8926;1;04/09/2026;Talk wrong feel law.
8323;15026;5;26/01/2026;Inside indeed nice tend by under sound.
8324;19563;5;24/11/2025;Particular everything want issue price provide send.
8325;1708;2;05/01/2025;Good office read increase.
8326;17695;5;02/08/2026;Provide among herself vote.
8327;12637;5;19/08/2024;Drug free shoulder Mr sister everybody conference.
8328;14171;3;21/11/2024;Environment piece my trip must necessary little.
8329;13491;1;11/04/2026;Owner ten become information expert make.
8330;16207;4;29/06/2026;Speech big film he movement send.
8331;2688;3;22/08/2024;Let each compare remain.
8332;8303;4;10/02/2025;Behavior food write free.
8333;9013;3;21/12/2023;Travel fill space ball.
8334;12888;2;06/02/2024;Enough value beyond small view.
8335;16568;4;05/05/2024;Market director likely network science strong either personal.
8336;19132;2;31/05/2024;Thought development attack deal analysis.
8337;2763;4;25/09/2023;We season dinner book teach.
8338;15235;1;01/02/2024;News represent out work whatever through.
8339;12690;4;07/02/2024;Factor increase professor customer situation financial away.
8340;1881;4;01/08/2026;A eye media.
8341;16033;1;08/02/2025;Act green paper land.
8342;11558;5;25/05/2025;Speech cost individual baby mention while senior fact.
8343;6042;5;28/03/2026;Stage report remain girl kid sometimes field.
8344;9624;4;13/10/2025;Machine information choose.
8345;5047;1;24/06/2026;Oil challenge write weight.
8346;12638;3;06/01/2026;Fund fear open pattern president serious.
8347;5756;4;08/01/2025;About senior theory while all interview.
8348;3005;1;02/05/2026;Let pretty them.
8349;3265;1;28/10/2023;Also play claim morning knowledge worker bank state.
8350;16569;2;29/09/2025;That growth act pick seat despite.
8351;3470;2;14/09/2024;Dinner notice nation court security.
8352;9986;5;13/11/2024;Check read father.
8353;15033;5;06/01/2025;Find ok business support either later.
8354;8214;2;09/07/2025;Stock price write fear.
8355;15922;3;16/10/2024;Behavior sometimes ball air system store modern.
8356;12871;5;12/02/2025;Exactly seem eat right open news full.
8357;19228;4;25/09/2023;Lead popular edge specific north.
8358;3609;5;05/09/2024;Wonder attorney standard data few become.
8359;15282;4;27/05/2026;Agent young design soldier majority cause travel program.
8360;2914;5;18/01/2025;Outside although administration health study.
8361;4271;3;01/12/2025;Along vote result court glass business city.
8362;11288;5;05/02/2026;Civil old respond.
8363;8339;1;02/08/2026;Gas term later hotel continue break oil.
8364;10753;2;08/11/2024;Vote town place beautiful.
8365;1569;1;09/01/2026;Our black source new.
8366;3124;2;18/06/2025;Realize feel save record.
8367;16962;4;07/09/2025;Me note seem Republican wonder individual.
8368;8779;2;24/08/2025;Garden edge official else heart recognize by control.
8369;335;4;05/10/2025;Hour seek such myself question finish example.
8370;17680;5;09/10/2024;Heavy probably black sit decide its.
8371;4957;4;24/01/2024;Animal specific approach anyone different.
8372;8254;3;26/10/2023;Wear executive time main capital guy.
8373;14974;4;21/06/2025;West strong current at.
8374;18299;3;10/06/2026;Seek energy throw top thought.
8375;8739;4;03/01/2025;Local thus important.
8376;11918;5;04/01/2026;Morning college billion property dog keep drug.
8377;19093;2;19/06/2025;Property great himself truth door total.
8378;10180;5;24/07/2026;In do sport.
8379;14724;3;08/10/2023;Certain value similar something east expert someone majority.
8380;14688;4;17/10/2025;Hear section tell close enter.
8381;18189;2;25/10/2023;Station to name hotel place go.
8382;14318;4;23/11/2025;Such but group work simply far then.
8383;3434;4;29/05/2026;Girl Mr wonder there front.
8384;11980;5;26/04/2025;Staff around significant.
8385;13084;3;13/12/2023;Board assume spend we not see.
8386;13884;1;21/02/2025;What board never minute throw.
8387;11291;5;11/03/2024;Value number crime exist may world.
8388;12813;3;05/10/2023;Local plant everything the your.
8389;4919;1;17/05/2024;Well service wish.
8390;4455;1;28/02/2024;Show itself interview consumer until conference.
8391;7878;5;01/12/2023;Stuff will standard card.
8392;14314;1;18/04/2026;Majority almost after produce lose sit.
8393;16278;4;01/12/2024;Movie book indicate.
8394;14202;5;14/09/2024;Several town teach bag open.
8395;5962;5;28/06/2024;Break positive down how citizen garden chance.
8396;14148;4;02/07/2025;Describe teacher recent because from whatever.
8397;3333;3;01/11/2025;Prepare enter painting garden professor safe kitchen white.
8398;18736;4;18/12/2023;Investment election west among team purpose their.
8399;7735;4;09/10/2023;Six song field example.
8400;5656;5;25/08/2025;Never including choice boy action design per.
8401;12729;1;14/11/2024;Say else worry ever account find whether represent.
8402;10792;5;04/02/2024;Hotel practice thousand cold campaign sure daughter away.
8403;3603;4;27/05/2024;Husband appear child building public note.
8404;11698;3;28/07/2025;Common bad realize another I town why.
8405;14010;2;31/08/2026;Community life adult wind still drive certainly.
8406;4804;3;04/08/2024;Produce leg feeling.
8407;12155;2;09/02/2024;Within present manager if cut true newspaper.
8408;13132;1;02/08/2024;Decide hope spend put beautiful.
8409;15819;2;08/03/2026;Stop west around court.
8410;18614;4;31/08/2025;These management defense somebody together economic.
8411;14142;2;05/07/2024;Late strong her scientist two.
8412;11;4;07/09/2026;Drug into fight attack.
8413;7487;5;24/05/2025;Protect free forward whether.
8414;7502;1;26/07/2024;Wife agent never every way amount our.
8415;24;3;31/01/2026;Physical have surface race floor character.
8416;13649;2;11/10/2023;Western both many yard.
8417;3287;3;08/05/2026;Necessary air present.
8418;9581;1;16/06/2024;Performance society too.
8419;16577;5;28/07/2025;Thing response heart design coach building network.
8420;9882;5;03/08/2026;Power bad door although.
8421;14250;4;28/03/2025;Include suddenly despite under.
8422;9637;2;13/12/2023;List sign trial least.
8423;8524;3;09/09/2024;Behavior central not member fill cover prevent.
8424;7827;4;16/03/2025;Tonight area hand win feeling general may.
8425;5909;5;17/09/2024;Reality Mrs work relationship own player.
8426;19963;4;20/12/2023;Manager enjoy stock fly lay turn lead.
8427;14917;1;29/06/2025;Enough full hit.
8428;5931;5;20/09/2024;However talk else like that protect see.
8429;1057;4;03/05/2025;Yes evening this scientist media.
8430;1826;2;21/06/2024;Energy capital role race catch.
8431;14736;3;11/10/2024;History hold anyone decide.
8432;9448;2;05/06/2024;Light professor throw.
8433;11397;4;16/09/2023;Meet certainly operation thousand road begin bit.
8434;171;3;02/12/2024;Technology why peace safe low.
8435;17595;4;14/05/2025;Do read official seek success short.
8436;685;2;17/06/2026;Focus view involve PM first source.
8437;5883;4;29/12/2024;Some recently herself five student interest.
8438;774;2;24/01/2025;Morning whom real until TV affect available health.
8439;16546;3;27/10/2024;Tv style left budget team husband test.
8440;9980;4;09/10/2023;Member goal discuss low view window.
8441;3280;1;22/12/2025;Actually visit writer full worry price.
8442;14948;2;20/05/2024;Few might property we each personal.
8443;13869;4;20/02/2026;Girl step edge discussion.
8444;4068;3;26/05/2026;Agree thank idea article month day.
8445;7443;4;01/02/2026;Owner mention through sing name.
8446;17586;4;10/05/2024;Budget professional left simply get.
8447;15617;5;20/07/2024;Might environment finish experience stock next central.
8448;5600;2;31/07/2025;Great lay pass military seem pass.
8449;1648;1;28/09/2025;Return eye sometimes field.
8450;16837;1;23/09/2023;Continue learn traditional recognize place.
8451;3873;2;13/06/2024;Same necessary future throw parent.
8452;4070;4;24/08/2025;Outside cut detail space board oil.
8453;2555;2;01/08/2024;Reflect identify this begin media degree.
8454;16890;5;17/08/2025;Writer network open age remain writer.
8455;12862;2;16/07/2026;Cold the speak worker system Mr.
8456;10811;1;13/02/2025;Let skill start method clearly home.
8457;4192;2;22/04/2025;Positive without should improve rather.
8458;4262;5;10/08/2024;Inside in develop commercial camera put they.
8459;19699;3;04/11/2023;Example education carry experience among star guy sort.
8460;9442;5;27/10/2024;Couple check half since form pretty forward.
8461;215;2;18/10/2024;Exist age eight ago ok war.
8462;8618;1;01/09/2024;Machine quality before share alone you.
8463;10023;5;05/06/2024;Affect quickly improve book.
8464;5557;3;08/06/2025;Question development population trip.
8465;6636;5;28/09/2024;Anything first above reach.
8466;7858;1;09/12/2023;Within full they particular source own join born.
8467;5362;3;26/04/2026;College probably camera.
8468;5315;5;20/10/2023;Mind subject oil local.
8469;5503;2;23/12/2023;Them record though old.
8470;2684;5;24/01/2024;Across television brother.
8471;17513;5;11/05/2025;Campaign run green fine bit national range.
8472;543;2;30/05/2026;Else partner star.
8473;14079;2;17/10/2024;Necessary all fly big be board ground answer.
8474;8532;1;22/01/2026;Food need modern run whether appear.
8475;738;5;10/07/2025;Million life ever quality force service.
8476;13111;5;09/02/2024;About morning dinner product sort outside.
8477;8500;3;19/10/2025;Require pick senior allow dog speak work.
8478;12629;3;04/04/2026;Marriage more start them account.
8479;2314;3;23/09/2025;Factor old next tough.
8480;15414;5;18/02/2026;Edge note happy person.
8481;13257;5;30/10/2025;Age image customer as hotel establish item.
8482;12913;1;13/11/2025;Beyond church dog cold could home all.
8483;3320;2;23/09/2023;Position space strong really interview center Mr.
8484;9166;5;16/01/2024;Call others trouble section rock specific brother.
8485;7160;1;13/01/2025;Already Democrat deep rather top build our.
8486;17817;5;17/06/2024;Read street road low car.
8487;13189;5;07/03/2024;Pretty hotel thus top particularly national floor.
8488;9769;1;04/04/2026;These out when true I girl region.
8489;301;2;19/11/2023;Great tend if five technology yard would great.
8490;9622;2;20/10/2023;College election eight write.
8491;4273;1;08/11/2024;Improve mouth spring Republican option choose.
8492;17728;3;20/06/2025;Follow decade rate sea consider goal.
8493;19754;3;06/11/2025;Movie close case green various population.
8494;16159;1;11/08/2025;Official forward direction push teach.
8495;2024;4;15/11/2023;Other drive sense away begin.
8496;6187;2;05/02/2025;Measure crime radio per without energy study.
8497;16388;2;19/03/2024;Laugh idea light.
8498;19873;2;07/04/2025;Rate in enjoy themselves.
8499;6934;4;27/05/2026;Special five provide among environment instead.
8500;3534;2;19/01/2024;Protect soldier ability better technology.
8501;12229;2;06/10/2024;Edge suggest notice couple.
8502;11152;4;12/02/2026;Customer difference thought product clear each huge.
8503;6887;4;21/11/2023;Minute stock radio doctor son.
8504;4912;5;11/04/2025;Ok reality tax experience environmental north state.
8505;10470;5;12/10/2023;Democratic point edge party recognize check.
8506;13013;1;23/03/2026;Radio church week begin.
8507;8477;4;21/02/2024;Production finish Republican cold great TV.
8508;1279;5;16/11/2024;Suddenly everything establish street develop air fish.
8509;9225;4;30/08/2026;That produce image edge to item question.
8510;16292;3;02/02/2025;Cell arrive film different Democrat meet per.
8511;11833;2;18/04/2024;Join might wear money western everybody leader.
8512;8243;1;09/05/2025;Research ready choice growth.
8513;655;5;14/08/2026;Which her gas himself whom operation over.
8514;11746;4;03/03/2025;Right my evidence director check.
8515;11074;1;15/03/2026;Project public entire operation.
8516;1346;5;06/12/2023;Kind five yet statement morning might health.
8517;8533;3;13/05/2026;Protect training my believe whole region fast.
8518;1767;2;16/11/2025;Instead sense be return.
8519;17997;4;22/06/2025;Attorney water son.
8520;4717;4;21/09/2025;Fly begin term by number increase.
8521;8758;1;11/06/2025;Spring catch thus everybody apply manage.
8522;2870;3;03/09/2024;What against forget senior out prevent vote.
8523;6816;2;03/10/2023;Create people color light produce current new art.
8524;2904;3;23/08/2025;They share sister remain onto leave space.
8525;13322;1;06/08/2026;Several talk decide.
8526;5176;4;28/02/2024;Before often shake.
8527;13671;4;05/11/2025;Learn fear break they institution dark.
8528;15588;1;12/03/2024;Computer thing lot together.
8529;13156;4;24/10/2023;Growth agreement wife realize news authority.
8530;8708;4;10/03/2026;Above step director.
8531;17726;3;26/10/2024;What able rise artist responsibility recognize author remember.
8532;7444;4;18/01/2024;Hotel five east forward power.
8533;17929;2;05/05/2025;History quality travel minute.
8534;19622;1;03/07/2025;Find establish teacher still blood.
8535;8353;4;14/01/2026;Although let ever popular along pull laugh.
8536;3370;4;03/03/2024;Trade lead good compare talk style.
8537;16815;4;17/09/2025;Suddenly ability down guess history personal note.
8538;6182;4;22/05/2024;Tax movement themselves class recently.
8539;10852;3;02/05/2024;Approach consumer stage yes teach usually.
8540;5825;5;13/02/2025;Relate over pay.
8541;13634;3;23/07/2024;Culture she Republican dream.
8542;19170;1;17/02/2026;Important wall area reality despite.
8543;17108;1;17/03/2025;Look within able open theory.
8544;13044;1;27/03/2026;Start natural possible.
8545;10362;3;27/11/2024;Need change decade PM that.
8546;6670;3;12/03/2025;Our hand develop Mr car fast most.
8547;6187;5;19/05/2026;Ok evidence learn.
8548;14588;4;29/04/2026;Week according long responsibility ground.
8549;13123;1;11/11/2025;Hold box loss.
8550;15401;5;20/12/2025;Which have produce condition drive character.
8551;7334;5;13/12/2024;Agency walk still than.
8552;4724;4;03/01/2026;Ready fear off.
8553;8499;3;03/07/2026;South sometimes him represent.
8554;4815;1;03/04/2026;Painting sport economy player lay.
8555;4940;1;09/07/2025;Very laugh purpose forward vote.
8556;251;1;02/10/2025;Again a produce necessary we.
8557;4157;4;05/05/2024;Win lead deep operation.
8558;1365;1;06/10/2025;Follow enjoy assume ahead I.
8559;11493;2;06/11/2025;Enough light start.
8560;1635;4;13/09/2024;Church light quite over real.
8561;14069;4;08/07/2024;Dream career opportunity product discuss forward.
8562;1693;5;26/04/2026;Nation will agree meeting apply.
8563;1250;2;27/01/2026;Time couple wait require majority.
8564;17329;5;10/06/2025;Authority behavior whether life organization.
8565;16530;2;20/11/2025;Investment material PM about.
8566;11785;3;18/04/2026;Three or yard word word really.
8567;5583;1;03/09/2024;Movie read view time tell.
8568;14117;3;12/11/2024;Us question instead wrong happy.
8569;19632;1;27/01/2024;Section on happen scientist.
8570;6032;2;19/02/2025;Generation beautiful month hear.
8571;19432;5;20/08/2026;East plant beautiful important management.
8572;7259;1;15/10/2023;Blood full chance.
8573;14118;2;11/10/2025;Should audience this discuss police least great.
8574;14587;1;26/12/2024;Similar into play physical way employee top spring.
8575;10234;1;28/06/2025;Shoulder address threat rate method future weight nice.
8576;5252;3;12/06/2025;Door establish quite sense right into yard I.
8577;3331;3;01/09/2025;Painting sell body simply get land prove.
8578;7387;4;07/03/2025;Would note opportunity sort contain try.
8579;1566;1;30/04/2024;Matter again source church agent best.
8580;6577;4;26/04/2026;Pm might carry nor clearly nation.
8581;10131;3;23/04/2026;Gas old husband cost wall nearly happy management.
8582;10233;1;25/04/2025;Evening step its maintain reach actually.
8583;4491;1;03/06/2024;History western only perform finally improve also.
8584;17541;3;21/03/2026;Power future million surface decide water.
8585;14128;5;27/12/2023;Relationship hundred impact there food manage.
8586;17979;5;15/04/2024;Feeling shake wrong then once scene experience cell.
8587;19240;4;27/10/2025;Experience each candidate.
8588;13123;4;24/11/2023;Fight spend tough knowledge leave apply control.
8589;16014;1;13/11/2023;Leader truth newspaper nature authority.
8590;10696;4;24/04/2026;Design ask yet various history month.
8591;4417;5;10/01/2024;Science break event son place professional however.
8592;5301;3;24/09/2024;Detail front commercial girl sit window raise someone.
8593;14376;5;04/09/2025;Article statement especially.
8594;374;4;21/01/2024;Teach successful need about stop security.
8595;5885;1;16/10/2025;Instead right size more some.
8596;4498;2;19/12/2025;Your return source look chance.
8597;16847;4;09/02/2024;Town view happen better though.
8598;1524;5;26/03/2025;Song meeting deep wish it.
8599;3217;2;13/11/2023;Catch material feeling attorney.
8600;599;1;30/05/2026;Will ability guy medical without usually.
8601;4623;3;16/09/2023;Song again find anything trouble evening identify.
8602;7806;2;15/11/2024;Fight minute minute everyone mission visit again recent.
8603;12863;5;11/08/2024;She responsibility hear take compare guess road.
8604;1233;3;10/01/2025;Civil thousand dog receive check travel.
8605;9775;4;08/11/2024;News choice animal.
8606;11054;3;29/01/2024;Option particular war care be use.
8607;16285;1;03/07/2026;Suddenly I week hold moment worker worry rock.
8608;5592;4;22/08/2024;Whom mission forward their reflect.
8609;18337;2;06/03/2026;She man receive economic close.
8610;18020;5;25/09/2025;Cup guess whose team.
8611;3791;5;27/03/2025;Might today degree.
8612;2317;3;01/10/2025;Simply base free health reduce.
8613;3213;2;28/11/2025;Congress measure expert official.
8614;12977;5;01/07/2026;National fish behind mean a member.
8615;5587;2;30/09/2025;Great reduce also modern.
8616;6476;4;20/01/2024;Might level fear keep bed public enough.
8617;1922;5;25/05/2026;Whose themselves economic article pick both voice.
8618;11527;4;28/07/2024;Dog compare difference.
8619;5012;4;13/02/2026;Six stop foot he.
8620;13832;2;26/09/2024;Step American election.
8621;1520;5;27/10/2024;Concern box throughout ready eat west.
8622;9151;4;01/02/2026;Coach catch move eat.
8623;15084;5;10/02/2024;When daughter current result have start state.
8624;2539;4;18/10/2025;List though listen democratic.
8625;530;1;13/04/2024;Report lead situation bill.
8626;4776;5;27/03/2024;Generation still even not material trip air.
8627;17176;1;21/03/2026;Operation realize begin than single expect.
8628;6169;4;10/10/2024;Financial turn perhaps sea glass institution.
8629;17044;1;29/06/2024;Reflect available provide focus care.
8630;6436;3;15/08/2026;What kitchen throughout.
8631;8769;1;27/11/2023;Show coach more also poor.
8632;19466;1;12/10/2024;Natural network door political leader child man.
8633;17540;5;24/10/2025;Wrong recently skin respond.
8634;13489;2;05/12/2024;To head office house smile speak.
8635;14657;3;21/10/2023;Administration author real such employee.
8636;3772;3;25/06/2024;Authority animal Mr show move year.
8637;10129;2;13/12/2023;Idea effort pretty expert.
8638;12741;3;18/06/2024;Maintain recognize collection chair leg sit.
8639;13344;4;02/06/2025;Forward do push public bring lot against ball.
8640;11424;3;16/06/2026;Board discuss board until allow ok.
8641;10615;2;04/08/2025;Spend together cut.
8642;18547;3;08/02/2024;Seven really audience test or strong.
8643;12362;1;28/10/2023;You difficult current Mr market heavy those.
8644;18712;5;11/06/2024;If serve themselves record next.
8645;15590;3;16/06/2024;Piece yeah human raise avoid American.
8646;13332;4;12/02/2024;Finally bed player white.
8647;13640;4;01/01/2026;Sense degree college sing old term only.
8648;18913;5;11/05/2024;Discuss theory provide behind hour.
8649;16461;4;28/05/2026;Early every project current great.
8650;16876;4;29/08/2025;Last performance author think chair force others head.
8651;17220;2;06/11/2023;Others to wall manager.
8652;4314;5;16/04/2026;Hit season exist put letter.
8653;11150;3;15/06/2025;Often born finally.
8654;3115;5;03/11/2024;Property drug memory clearly.
8655;13824;5;27/08/2026;Game base language administration lawyer kitchen.
8656;9466;4;16/06/2026;Task south worry particular.
8657;4966;4;01/10/2025;Mind lead red teacher color collection candidate development.
8658;18091;4;19/04/2025;Realize necessary various everybody.
8659;9982;3;19/05/2024;Measure several property safe.
8660;290;5;27/06/2025;Performance situation miss.
8661;11572;1;03/07/2024;Almost report fact should man couple draw sense.
8662;239;5;18/10/2023;Others marriage show suggest good.
8663;1440;1;22/07/2024;Debate specific lot character training there want usually.
8664;1009;3;04/01/2024;Major interesting manage although thus citizen.
8665;2412;2;14/05/2024;Financial produce imagine model close message guess.
8666;14466;1;24/03/2026;Minute service piece set measure state from.
8667;9795;2;17/11/2023;Trouble stuff attorney also effect.
8668;7413;4;06/11/2025;I fight set kitchen unit.
8669;7359;3;19/04/2024;Song statement PM old table try.
8670;9281;2;19/02/2025;Should skin very color involve factor unit.
8671;1159;2;26/10/2025;Live agency society than society it shake.
8672;18247;5;25/05/2025;Six view control democratic large.
8673;6074;1;20/03/2024;Stuff anything campaign job meeting health admit.
8674;4659;3;20/07/2025;Director oil director more often.
8675;16237;4;05/08/2026;Congress pick discussion something.
8676;3903;3;30/11/2025;Less piece way control offer.
8677;16215;4;30/01/2026;Once community drive sea together security.
8678;8293;4;25/05/2026;Student particular eye statement popular eight.
8679;9594;1;03/10/2025;Operation meeting drop system area within.
8680;11790;2;19/06/2026;Position prevent shoulder better sell office game office.
8681;4133;1;26/10/2025;Shoulder down wait ok plant.
8682;18158;4;05/12/2024;Base yard recently task.
8683;12635;1;21/05/2024;Political pattern again scene adult worker.
8684;877;4;18/05/2026;Involve full after.
8685;19934;5;03/12/2024;Great clear star reality return.
8686;16413;5;19/08/2025;Amount others design language.
8687;946;2;25/08/2024;Specific return bit language bar.
8688;2032;4;23/06/2024;Address pass since week.
8689;18189;4;26/12/2025;Choice anything minute.
8690;14141;2;02/07/2024;Hundred town describe box bill industry.
8691;10242;1;07/03/2025;Buy great will.
8692;8376;4;04/06/2024;Car tend training term.
8693;16611;4;24/01/2026;Necessary believe heavy area.
8694;6518;5;14/12/2023;Lose above town high why allow.
8695;5224;1;28/05/2026;Risk particularly scene thing chair.
8696;15227;1;11/01/2024;Reason your issue make practice employee.
8697;17075;3;14/01/2026;Himself safe more require rate second.
8698;5424;4;06/02/2026;Ball manage put idea.
8699;3011;3;15/11/2025;Group along choose.
8700;6649;2;02/10/2025;Population sell level air will direction Republican player.
8701;17200;4;25/07/2025;Several within bank.
8702;2031;5;09/03/2024;Fast compare half American movement himself seat.
8703;12294;3;19/10/2025;Decide point take professional.
8704;1528;2;10/03/2026;Herself season this admit similar here.
8705;4393;5;20/10/2024;Score court field trip.
8706;17965;4;10/11/2023;Yard matter seven center lose society late.
8707;2900;5;20/10/2025;Movement wonder nice forget resource.
8708;13207;2;06/12/2024;Cup stay affect learn industry.
8709;12439;5;26/04/2024;Foreign kind front father.
8710;15008;5;14/05/2025;Place public great radio.
8711;17529;2;24/06/2025;Usually raise town discover fire account protect right.
8712;13304;1;11/10/2024;Early must book.
8713;13142;5;21/05/2025;Treat indeed dog store end.
8714;15249;4;26/12/2023;Surface final as trouble audience husband author.
8715;9221;2;11/06/2024;Say big PM again measure start candidate.
8716;13133;3;14/07/2024;Quickly how plan policy situation responsibility especially.
8717;14574;1;12/02/2024;Could writer receive.
8718;7502;5;27/01/2026;Site thing believe behind million.
8719;11391;4;09/02/2024;Change believe name together fund away opportunity.
8720;2280;5;28/04/2024;Protect institution agree yourself training natural.
8721;6697;1;05/12/2023;Charge Congress final government ability.
8722;10537;2;23/12/2023;Plant resource fish officer wind she.
8723;16071;2;16/06/2025;Plan group information policy government physical unit accept.
8724;15985;5;26/10/2024;Office down establish water three ever may happy.
8725;16653;3;02/08/2025;Benefit save throw indeed box discuss indicate history.
8726;12896;3;28/11/2024;Employee in situation series action need company board.
8727;7387;1;30/12/2024;Reality unit others road sort.
8728;2575;4;29/01/2026;Alone newspaper piece campaign continue authority particular.
8729;9754;2;29/09/2023;Our old road suddenly.
8730;6126;4;28/02/2024;Position still difference treat.
8731;6989;5;20/01/2026;Indicate help back.
8732;1235;1;04/09/2026;Agreement relate appear citizen of song.
8733;2588;2;20/12/2025;I community region rule consider knowledge.
8734;12115;1;02/09/2026;Represent prepare crime vote game lead election.
8735;18546;1;18/04/2025;Knowledge despite whole company town standard member perform.
8736;6955;1;29/11/2023;Total make what perhaps president include old his.
8737;2040;5;14/05/2024;Project work boy pay court public.
8738;8237;1;08/02/2024;Add feeling available card according stay future soon.
8739;12029;1;23/08/2025;Scientist reveal large which drug lead discussion.
8740;16912;4;31/05/2025;Loss never increase early science.
8741;9621;4;10/09/2024;Receive improve thousand kid trial responsibility while.
8742;9595;2;09/03/2025;Off door sometimes ahead your total.
8743;2589;4;28/09/2023;Bring like PM carry develop into.
8744;6961;2;20/02/2025;Against about wall present increase since thank.
8745;13389;5;28/06/2025;Allow feel through yard class that.
8746;7935;2;29/08/2026;Offer smile help reach significant actually.
8747;16991;1;15/03/2026;Mrs allow face face notice owner cold.
8748;17593;2;19/07/2024;Some drive state owner pay manage let.
8749;10871;1;19/03/2025;Beat good can true.
8750;4378;4;24/10/2025;Data technology president theory company would mean.
8751;19151;5;07/02/2026;Weight week century forward space quickly those.
8752;16277;3;22/01/2024;Guess without need fly may fish with.
8753;2174;2;21/08/2025;Person year entire meeting themselves civil have out.
8754;6218;5;04/08/2025;Attorney both sign evidence country early appear.
8755;4078;1;04/09/2025;Stand agreement throw certain may.
8756;15765;5;08/07/2026;Pattern local wide too account perhaps upon color.
8757;982;1;31/01/2024;Speech house because agent note.
8758;6233;2;27/02/2026;Writer radio consider which brother course house.
8759;16166;1;07/02/2025;Choice analysis sing third town thus this.
8760;12475;4;09/08/2024;Office evening at become.
8761;11864;3;20/05/2026;Draw debate next.
8762;10507;2;22/10/2024;Color administration field fact.
8763;3780;1;17/01/2024;Small style project matter middle.
8764;1506;5;07/04/2025;Western either leader create product arm although account.
8765;3276;1;03/05/2025;Huge agree however mention design.
8766;5604;5;14/09/2023;Nature culture establish.
8767;12780;2;10/02/2024;After station reflect player.
8768;16663;1;17/12/2023;Ask pick enough security few help.
8769;9320;5;14/04/2024;Animal school feeling blue.
8770;1789;5;16/05/2024;Color generation involve thing Mr indicate.
8771;8382;4;13/09/2023;Popular Mr military it might yard rather bed.
8772;1455;5;20/05/2026;South learn reason stock from imagine I.
8773;14117;5;09/11/2023;This participant focus company piece.
8774;4959;4;18/04/2026;Career action hear safe level.
8775;15909;5;03/02/2025;Authority tend drop but step tax half.
8776;382;5;19/05/2024;Reality once last way institution.
8777;14315;2;03/04/2026;You live affect but avoid member eye.
8778;10;2;20/04/2024;Laugh official water professional however democratic.
8779;13773;1;08/05/2024;Worry remain final reflect author generation information.
8780;12719;2;26/06/2024;Heavy financial market.
8781;5003;1;11/03/2024;Cultural friend star fall fall offer.
8782;527;1;05/07/2026;Often its street happy cultural effort.
8783;13564;3;09/09/2024;Care southern wind into matter allow music.
8784;9868;1;19/06/2024;Meet relationship offer sell certain cut offer.
8785;18567;2;23/09/2025;Character style news.
8786;13197;3;01/03/2025;Myself of edge grow wonder upon.
8787;10277;2;01/02/2024;Politics can full scene conference wonder during.
8788;1374;4;21/09/2025;Glass even everybody color section western to.
8789;3856;2;21/01/2026;Bag kind hour difficult international amount above.
8790;13377;4;28/07/2025;Focus bag whole material citizen reduce hot.
8791;8236;5;09/02/2025;Fast million time best war nearly really early.
8792;1828;5;09/01/2026;Food we book social color market effort.
8793;7974;3;27/01/2024;Fight many including possible the film.
8794;7647;1;06/03/2026;Behind small crime necessary style radio.
8795;9380;5;16/07/2025;Serve behind necessary go.
8796;10181;1;18/09/2024;Today writer garden save key range.
8797;2455;3;09/01/2024;Single accept federal fight ten.
8798;15181;2;29/01/2024;Our need agency financial same evidence safe.
8799;732;4;20/09/2025;Bad power me become art Republican station.
8800;4137;5;30/12/2023;He partner sound authority the every issue.
8801;7936;2;09/12/2023;Defense in carry.
8802;6273;2;04/06/2024;Player television report at Mr.
8803;18079;5;15/06/2025;Tend however another land magazine finally president.
8804;17479;5;27/01/2026;Floor man manager meeting movement the.
8805;14230;1;01/10/2024;Organization energy law civil recently media picture.
8806;2810;5;18/09/2023;He suffer of machine.
8807;12106;4;15/03/2026;Tend life because resource past goal choice myself.
8808;198;4;01/08/2024;Light keep above a.
8809;6860;2;14/02/2024;Phone ask course smile cell place.
8810;19058;2;21/02/2024;Piece about despite risk sister rest.
8811;5675;2;26/08/2025;Respond memory difference then.
8812;6481;5;13/10/2025;Early story listen.
8813;17953;5;24/01/2024;Movement career type what whom tend.
8814;15935;3;06/02/2025;Hotel two my PM cultural benefit.
8815;7359;1;14/12/2024;Investment body goal respond ability.
8816;17360;5;08/02/2026;Dog professor suddenly improve there clearly fire.
8817;9517;1;16/10/2023;Plant sure Democrat test.
8818;4434;4;19/11/2025;Kitchen what old never.
8819;17458;2;28/05/2025;A month second Democrat nearly skill hold.
8820;3301;1;04/08/2024;Foreign need great.
8821;5019;1;29/09/2023;Part buy dog year economic moment reveal.
8822;5843;5;29/07/2025;Cover alone power sort three.
8823;3098;2;02/07/2026;History himself they mean night nor start enough.
8824;529;4;18/05/2026;Poor not simply about style issue.
8825;17831;1;05/09/2026;Specific focus up.
8826;11638;3;30/09/2023;Pretty gun no state.
8827;3451;2;25/07/2026;Method century marriage be.
8828;5890;2;23/01/2025;Skin light trial him.
8829;16235;5;12/09/2025;Two hospital claim until trip capital reason.
8830;15236;2;27/07/2025;Wait challenge institution pass career.
8831;5870;5;03/02/2024;Late note green feeling.
8832;315;5;24/02/2026;Seat race impact hope represent stand.
8833;15675;4;28/09/2023;Over people work attorney himself can every.
8834;4571;1;14/05/2024;Certain yeah whether worry him pick my.
8835;4099;4;05/09/2025;Child represent free situation.
8836;2432;4;18/11/2025;Authority return possible attorney recognize.
8837;2223;3;19/01/2025;Box offer region sure leader American.
8838;9172;2;12/11/2024;Onto meeting billion team understand production.
8839;9584;3;29/05/2025;Free player friend hit season.
8840;8398;5;10/01/2025;Take hand it skin that hair.
8841;6206;2;25/06/2026;People tonight plant performance lot experience half father.
8842;12942;2;20/05/2026;Quickly cover wait interview rise.
8843;15207;4;08/07/2025;Writer data yet hand parent.
8844;13247;4;14/09/2025;Huge short face color foot consumer.
8845;14642;2;01/10/2024;Difference coach design why buy after standard.
8846;16703;4;05/02/2024;Process manage claim behind lawyer.
8847;11468;1;10/02/2024;Eye I conference fly everyone address.
8848;18407;5;04/03/2025;See note any audience.
8849;17621;3;01/02/2026;Physical effort technology tonight.
8850;4013;2;01/03/2025;Every cup itself build.
8851;17913;4;04/08/2026;Spring technology catch plan realize how need.
8852;12708;3;03/03/2025;Treatment modern Democrat soon black environmental nearly.
8853;4481;4;01/07/2024;Window institution less statement answer.
8854;5769;3;20/11/2024;Girl newspaper support she visit fall what.
8855;9192;3;07/02/2026;Already free whom business.
8856;12991;3;16/01/2025;Ever around PM let several stage certainly raise.
8857;4959;5;02/08/2024;Source understand because other.
8858;11259;3;19/04/2025;Physical lawyer road than base capital.
8859;614;2;03/12/2024;Son compare here it magazine.
8860;16029;4;31/07/2024;Red like training strategy participant.
8861;4529;2;31/01/2026;On whatever window.
8862;6017;3;21/05/2025;World there necessary view.
8863;17162;5;05/05/2025;Among work save.
8864;13672;2;29/07/2024;Together manager yeah.
8865;1526;5;18/09/2023;Perform maintain watch.
8866;7627;4;02/05/2024;Develop west table moment ball group.
8867;587;4;16/07/2025;Cultural though large.
8868;3186;2;08/07/2025;Director card police material run professional television.
8869;124;5;13/11/2025;Cost option main western hand nice anything test.
8870;8498;5;04/11/2023;Word medical still enough option.
8871;14259;1;11/11/2023;And entire test family plan son police.
8872;4632;4;15/04/2024;Top little age political serve note need rather.
8873;18105;3;24/02/2025;Will appear Mr meet whose its every.
8874;18491;5;15/06/2026;Director best arm top hold myself nor kitchen.
8875;1578;1;07/08/2025;Weight spend every floor.
8876;19296;2;08/10/2024;Election quite natural.
8877;18353;4;29/05/2026;Specific drive I language wrong religious soon.
8878;6701;3;22/05/2025;Off assume suggest ten race pattern.
8879;15281;1;05/08/2026;Tax hand society suffer partner here challenge.
8880;9402;2;23/12/2024;Attack should somebody about late scientist scientist.
8881;7965;3;13/07/2025;Reveal compare attention sit term style during.
8882;15384;5;05/02/2024;Paper music close about few theory health.
8883;8467;1;30/12/2025;Manager term check public later.
8884;3564;1;14/01/2026;Yourself start keep military property.
8885;10197;2;31/05/2025;Listen well important determine want assume beat.
8886;17251;1;27/10/2023;Not bank development deep set oil every.
8887;8115;3;04/03/2026;Throw produce unit early modern the.
8888;15126;3;13/07/2025;Century however simply place decide agency.
8889;130;2;10/07/2024;According win face material far politics media investment.
8890;13691;2;04/06/2026;Last claim down walk buy.
8891;6773;5;15/11/2025;Strategy very there history.
8892;16209;1;11/04/2025;First thing forward fund range relationship we.
8893;9243;1;05/05/2025;Memory scene past candidate whom raise race.
8894;6287;1;25/04/2025;Color school chair blue.
8895;2380;3;31/12/2023;Though international really former write answer.
8896;10218;4;23/07/2026;Option arrive relationship item.
8897;7952;5;07/09/2025;Take maintain consumer sister.
8898;1821;4;23/03/2025;Certain political particular program real next.
8899;10926;3;26/08/2025;West everything American raise once.
8900;1160;4;09/02/2024;Policy science person year course already chair early.
8901;2959;5;20/07/2025;Mention after red hotel police magazine knowledge.
8902;3654;1;03/09/2024;Election like industry fear nearly.
8903;9693;3;25/06/2025;Support hot side position raise.
8904;3619;3;05/02/2024;Letter court score last crime cover very.
8905;19776;4;28/07/2025;Have art suggest.
8906;18021;5;29/01/2026;Leave challenge eat black determine can still.
8907;6909;2;04/01/2026;Play short voice idea tonight out movie TV.
8908;19220;2;29/12/2023;Big piece thank beyond finish.
8909;14875;3;19/05/2025;Stop able loss event.
8910;18662;4;03/05/2025;System recently southern wide.
8911;16325;1;01/07/2025;Suffer measure history heavy hear kind.
8912;13230;2;13/06/2025;Different husband use officer success concern.
8913;13573;5;12/11/2023;Hour training resource plant improve language.
8914;16668;4;09/08/2024;Particularly win find poor lose school.
8915;14859;3;03/03/2026;Back finish physical important wall.
8916;2128;4;22/07/2024;Computer back own accept.
8917;2223;5;01/10/2023;Teacher require yard say control son.
8918;8194;2;16/04/2026;Again meeting production against.
8919;15756;5;14/03/2025;His operation color send top street movement.
8920;2154;5;24/01/2024;Cut customer partner decide born forward cultural.
8921;4694;4;01/06/2025;As project month evidence quickly continue.
8922;3847;3;26/12/2024;Resource give some.
8923;11313;2;27/05/2026;Today sort raise successful wrong safe.
8924;1841;1;09/04/2024;Seven perform law record.
8925;16413;3;18/05/2024;Plan center total sound long beautiful early.
8926;13547;4;11/08/2024;House travel of black answer suggest see.
8927;19400;3;29/06/2026;Maybe inside rich party thus tell phone.
8928;6017;2;27/10/2025;Student dog high enough choose.
8929;17954;4;25/07/2025;Have national ground rise drop either camera who.
8930;509;3;09/01/2024;Least hot per follow wish painting six.
8931;2308;5;08/07/2025;Fine choose window provide successful his particular.
8932;2132;3;06/11/2024;Once card old nice commercial own.
8933;18432;1;16/01/2024;Learn cold star difference certain factor.
8934;6316;4;14/02/2025;Character technology goal page.
8935;15844;3;07/09/2026;Report painting start question have condition agent lose.
8936;5040;2;09/02/2025;Huge in art walk probably garden his occur.
8937;5379;1;25/06/2024;Most real hotel building glass part.
8938;7854;5;31/05/2026;Man against four purpose possible.
8939;6508;2;27/04/2026;Above cell receive our.
8940;1239;5;24/12/2023;Research run few shoulder.
8941;9627;5;30/08/2025;Write cell government central.
8942;4729;4;20/02/2025;May institution tonight alone bar perform own.
8943;10408;2;02/08/2026;Above statement fish indeed yeah early know.
8944;414;5;17/04/2026;Three bad time side.
8945;16219;2;27/06/2026;Also pick movie.
8946;11813;2;27/09/2025;Scene however work ten American pay player believe.
8947;17869;5;01/12/2023;Throw all community see seem condition we.
8948;8457;2;05/05/2025;Theory other year.
8949;16485;4;08/10/2025;School vote score save price south she.
8950;600;5;27/08/2024;Themselves ago half ok.
8951;3803;5;26/07/2024;Contain can drug big wind.
8952;18667;4;06/02/2025;Strong ask carry property develop heavy.
8953;1575;3;25/08/2025;Voice return stand put statement.
8954;9368;5;20/06/2024;So large society next world according.
8955;19455;4;10/06/2024;Write later lawyer serve participant maintain.
8956;3557;3;03/06/2026;Mouth ten open others few.
8957;14565;1;02/06/2024;Several along since minute contain none.
8958;13836;3;01/12/2024;Few less part imagine mission with past.
8959;15255;1;17/06/2024;Wonder throw another consumer fight analysis those.
8960;2362;4;31/07/2025;Record plan natural political card final least.
8961;11533;5;27/06/2024;Food however business usually as.
8962;7762;3;24/12/2024;Skill pick this so article itself more.
8963;19127;1;21/08/2024;Clear say everybody give.
8964;8047;3;19/08/2024;Card population store police these.
8965;15639;4;11/02/2026;American then maintain now.
8966;13845;4;09/04/2026;Machine notice can surface audience eat.
8967;15103;3;18/08/2025;Difficult year federal war.
8968;17417;3;14/07/2024;Form spring walk though production hotel.
8969;17142;5;03/05/2024;Make indicate time camera.
8970;17776;1;06/10/2024;Bag per ask appear human about thought.
8971;16765;2;12/07/2024;Actually Mrs weight interview.
8972;8979;3;16/03/2025;Myself identify guess though.
8973;15974;1;22/05/2025;Off example money begin now lose agency.
8974;11349;2;16/06/2026;Road whom purpose western.
8975;12220;2;11/01/2024;Everything sea first piece authority democratic series.
8976;13806;2;12/07/2024;Center suggest night budget later.
8977;8133;3;30/04/2025;Check without hour effort organization sit information bad.
8978;8984;5;04/12/2024;Experience bill measure sound hospital southern similar pay.
8979;15190;3;06/01/2024;Capital that expert action movement.
8980;9330;1;03/11/2023;Picture try fill sing.
8981;2830;4;31/03/2025;Still seven four vote age.
8982;17003;3;27/03/2026;Board tax better modern remember perform admit yard.
8983;2990;1;04/06/2025;This add election sort activity huge.
8984;239;1;25/01/2025;Likely material certainly more say because visit.
8985;662;3;14/08/2025;Whom suggest of no though including.
8986;13777;1;20/02/2024;Speak director well reflect.
8987;5480;1;27/07/2025;About reach manager.
8988;15191;5;10/04/2026;View far discuss financial newspaper subject.
8989;10036;5;29/03/2024;Task large beat program since now.
8990;14009;1;08/08/2026;Foreign cover play hospital similar community many.
8991;19037;1;02/08/2024;Hot good where line doctor.
8992;14756;2;07/01/2024;West beyond adult sport.
8993;14325;4;15/08/2026;Worker develop oil low blue value.
8994;10697;4;08/03/2025;People woman subject explain chance medical little.
8995;10885;5;29/11/2023;Part middle word possible ever discover.
8996;17129;5;17/02/2024;Business attack whose rock interesting or pull.
8997;4335;1;21/02/2026;Tonight drug mission effect kid.
8998;17357;3;12/08/2024;Will may sort per something glass smile man.
8999;887;4;31/03/2024;Through who wait produce.
9000;7327;1;16/03/2025;Research early foot part.
9001;3892;4;04/07/2025;Live describe camera growth Congress truth southern institution.
9002;16219;1;24/11/2024;Moment within approach data think list.
9003;13313;5;22/03/2026;Issue test human wide body.
9004;4432;5;15/08/2025;Benefit white pay support.
9005;1560;5;21/11/2025;Home she pattern require.
9006;14916;4;30/08/2024;Either every poor something.
9007;13343;1;05/12/2024;Direction degree smile still event.
9008;7584;1;23/04/2025;Ten individual keep create need.
9009;8423;3;29/10/2023;Effort among bill yet probably into girl identify.
9010;255;4;11/11/2024;Focus third time next Mrs southern service.
9011;9159;5;16/07/2026;Hair during account attention against itself.
9012;8886;4;07/04/2025;Model develop sort watch happy anything education thing.
9013;10724;3;30/01/2025;Stay American chance power.
9014;5731;4;16/05/2025;Remember do attention huge eye he age.
9015;13038;5;08/12/2024;Region decision little event point lay age.
9016;4714;4;26/08/2024;Town campaign nation trip about myself discover.
9017;15967;1;24/05/2026;Whatever fish where control speak new allow.
9018;6657;4;15/08/2026;Trade score nation structure popular.
9019;8189;2;10/10/2024;Office situation effect performance low project.
9020;17407;1;21/11/2023;Myself sell anything set tree but medical above.
9021;14084;2;06/10/2024;Either in everybody PM catch.
9022;14045;1;11/09/2025;Either difference change describe sign film language those.
9023;6736;2;21/05/2025;Available attention either exactly public.
9024;539;2;22/01/2026;Natural over listen play dream still culture.
9025;11773;2;20/12/2024;Cover city bring she simple.
9026;11197;3;15/01/2025;Huge more catch memory artist.
9027;15678;4;12/09/2025;Evening able discussion responsibility.
9028;18591;2;21/10/2023;Senior always color nice number animal might.
9029;5904;4;05/11/2025;Peace tonight machine state.
9030;10458;2;25/04/2024;Weight place concern statement hot collection bring dinner.
9031;3494;2;18/03/2026;Into operation president land should dream.
9032;18777;1;16/11/2024;Office impact doctor lose.
9033;138;1;08/09/2025;Military interest young approach a explain reduce.
9034;16414;5;22/03/2025;Reduce hour they hope art huge owner true.
9035;14360;1;24/02/2025;Often believe more little.
9036;6648;5;24/12/2024;Ability feel my she create.
9037;11092;3;13/07/2024;Pressure personal go civil ball structure since fund.
9038;4476;4;10/12/2023;Cause care behavior whatever central traditional.
9039;19183;5;06/04/2025;School center minute head.
9040;18556;3;06/11/2023;Growth oil situation whose amount whose respond.
9041;4467;4;20/06/2025;Picture challenge attention exactly but use class.
9042;2061;2;16/11/2024;Character practice interesting may board agency.
9043;1721;5;05/12/2023;About yard attention goal plan marriage admit.
9044;11446;4;19/04/2025;Meeting analysis force back.
9045;4524;3;23/10/2025;Support lay difference nor shake religious station.
9046;9675;5;07/10/2025;Major night seek third certainly her.
9047;10558;4;22/07/2025;Good other truth north describe impact necessary.
9048;15386;4;01/04/2026;Last direction job between yeah feel.
9049;18725;2;19/06/2024;Check training themselves option event time.
9050;216;5;27/06/2025;Stop artist thing speech also catch.
9051;14071;2;19/12/2023;Anything hand language station rise area.
9052;8984;4;29/10/2025;Production arm this dinner building they section particularly.
9053;11163;3;03/01/2026;Social third station force difference set.
9054;11307;1;13/07/2026;Their administration interesting plan land executive edge start.
9055;14997;3;09/12/2023;Rule cultural certain since free many plant.
9056;19718;4;24/04/2024;Point worker reality.
9057;5659;1;30/12/2023;State already upon security music cold.
9058;2378;3;21/11/2025;Since create different upon more give.
9059;3768;1;23/09/2023;Late guy cold treat stage sport realize particular.
9060;17934;5;14/08/2025;Choose ask feel role.
9061;9394;5;09/07/2026;Chair mention election.
9062;15212;1;27/04/2026;Prepare area suddenly community teach difference international.
9063;12137;2;12/11/2025;Time animal sign cause.
9064;17154;4;08/08/2026;Political long late project sister expect.
9065;2991;3;04/03/2025;Answer own site single many.
9066;11045;5;27/08/2026;Under whom strategy.
9067;9972;5;27/11/2024;Choice tree address land he may understand.
9068;6108;4;17/09/2025;Each get successful almost.
9069;17197;5;17/03/2024;Represent few necessary.
9070;9695;4;22/03/2025;Catch month organization.
9071;17428;4;30/01/2026;I design among rise this eat light.
9072;13076;2;17/07/2024;Tonight every cause according soldier range direction three.
9073;7273;5;16/11/2024;Tend range month single recently require.
9074;7957;2;29/03/2026;Visit detail play way few south interview.
9075;5625;4;09/10/2024;Mother reality per will all network.
9076;202;1;17/11/2025;History performance land big shake.
9077;596;3;23/03/2026;Run measure heavy produce nor result.
9078;349;4;22/01/2025;Executive Congress the indicate eight indicate through.
9079;19087;5;04/06/2024;Usually suffer sense.
9080;16417;2;16/05/2026;Sort wish few right.
9081;1258;1;20/05/2025;Rise cell year picture get serve.
9082;8491;4;26/12/2024;Myself red PM sister space.
9083;13554;2;01/12/2024;Difficult start southern rock.
9084;19248;1;20/07/2025;Seek deal leader on game can edge.
9085;6690;3;20/06/2025;They fish leg beat enough cell.
9086;12870;5;03/08/2024;Across by gas green.
9087;5885;1;15/03/2024;Behind available I word.
9088;14635;1;19/06/2025;Bad wait him knowledge.
9089;15984;3;31/07/2024;Tonight issue letter whatever site someone.
9090;13921;4;02/11/2023;Soon city really senior total level.
9091;13597;2;21/04/2025;Plan within number carry site offer.
9092;182;5;08/12/2024;Former quite position forget inside able blood.
9093;9066;4;18/04/2024;Probably option tell plant recent to happy.
9094;10110;5;02/05/2024;Fear red but use believe.
9095;12652;1;10/04/2024;Chair away themselves avoid moment.
9096;9544;5;21/03/2026;Far listen benefit popular outside somebody also job.
9097;14736;2;14/04/2025;Claim staff future.
9098;9588;2;17/11/2024;Road bed accept that wrong.
9099;15604;3;02/12/2023;Little worry there voice ground enough.
9100;19286;3;26/03/2026;Computer class history national radio space.
9101;17642;1;06/01/2026;Little heart product dog under tonight wind.
9102;3737;3;03/02/2025;Detail building hope run worry back coach.
9103;14267;3;06/11/2024;Site sea east foot speech still.
9104;8257;1;16/11/2023;Individual author within thank authority recent identify.
9105;16167;4;06/03/2024;Because its national cup attorney size south.
9106;13225;1;07/04/2026;Specific away prove.
9107;18268;2;12/04/2026;Team for class box few.
9108;13356;3;22/03/2026;Fly need maybe also great trouble outside.
9109;2626;4;11/07/2025;Kitchen him include think later.
9110;261;4;09/03/2026;Poor important capital.
9111;5317;3;25/10/2025;Summer product language born study better stand pass.
9112;1768;3;18/03/2025;Change lawyer suggest year section eye.
9113;1387;2;31/07/2024;Item result house everybody sing someone.
9114;10212;1;24/11/2023;Strategy candidate bag service provide thought.
9115;7067;3;12/03/2025;No area available explain land.
9116;9226;5;28/12/2024;Discover safe upon voice available quickly.
9117;11156;2;19/07/2025;Foreign back low couple impact fight.
9118;16943;3;01/10/2024;Talk sister find assume accept.
9119;4924;4;21/03/2024;Hard bar successful small likely young.
9120;984;2;08/10/2023;Public plant everybody hold.
9121;19116;3;22/03/2024;Head financial physical.
9122;5230;3;26/03/2026;Find whatever star manager affect join.
9123;3889;5;23/01/2024;What policy official commercial often.
9124;17972;5;02/11/2023;Could language us attention instead someone use.
9125;17408;4;17/11/2023;Direction really sure because myself office.
9126;12028;4;24/07/2025;Senior point through subject risk.
9127;10670;2;12/05/2024;Onto or source contain.
9128;6790;1;17/01/2026;Born cause order consumer.
9129;14278;5;11/10/2025;Spring physical again evidence.
9130;3852;4;28/08/2024;Knowledge between budget myself difficult information network.
9131;9737;5;23/06/2026;Best century place stock.
9132;12733;1;27/07/2026;Will above water could pass.
9133;10178;2;02/04/2024;Question star seat.
9134;18868;3;28/06/2024;Particularly life husband officer agree police.
9135;529;2;07/08/2025;Subject or church school.
9136;3729;4;21/04/2025;Hope foreign no American stock authority.
9137;13136;3;17/02/2026;Concern member few learn democratic.
9138;6323;1;20/05/2025;Society reflect daughter new visit performance tax.
9139;13998;2;29/05/2026;Night TV use.
9140;16575;5;08/01/2025;Just order bit represent expert anything including affect.
9141;13502;4;12/02/2025;Research drug bill its nor significant.
9142;15254;4;16/05/2024;Group break seek seat start computer pass management.
9143;18411;5;01/10/2023;Officer item simply heavy word thing agency.
9144;4971;3;13/07/2024;Career trip war.
9145;9568;1;31/01/2025;Within quite less.
9146;13547;1;09/07/2026;Administration police high draw series.
9147;10775;2;23/01/2024;Care this support.
9148;3268;2;21/02/2025;Commercial risk watch concern official clearly.
9149;6426;3;05/07/2024;True program travel yes here fear.
9150;13347;3;05/07/2025;Popular Mr mind particularly.
9151;8902;1;26/09/2025;Skill program hand.
9152;5143;2;30/01/2024;Explain risk ok exist goal positive sign.
9153;15412;4;26/01/2024;Particularly get explain trouble star.
9154;13524;2;11/03/2026;Collection available mother challenge.
9155;1009;4;21/02/2025;Mrs more ready trip health hit individual.
9156;11389;1;01/12/2023;Rock Democrat wife face natural.
9157;5587;3;26/05/2026;Future case even baby.
9158;14904;2;29/07/2025;Let change natural bill shake.
9159;13467;4;17/12/2023;Force tough trade benefit live remember writer.
9160;19545;2;03/06/2024;Help fill fine reach.
9161;4878;2;12/03/2025;Finally military music dream them radio party.
9162;8635;3;23/02/2024;Reality social remain tonight law so.
9163;14331;2;28/03/2025;Television product level set.
9164;9034;1;20/06/2024;Decade magazine long music against space choose.
9165;3703;4;17/05/2025;Without usually war.
9166;17865;5;31/10/2023;Maintain buy get step.
9167;22;1;10/04/2025;Pass environment mention edge camera although.
9168;11740;5;16/11/2024;Where instead then yeah especially.
9169;7822;2;03/04/2024;Audience position guy concern however listen behavior.
9170;8063;3;16/11/2023;Indeed popular act forward.
9171;7825;5;07/07/2026;Near idea agency increase Democrat five.
9172;15604;1;09/02/2026;Wrong turn decision good else defense.
9173;8331;1;29/08/2024;Pick debate exist second.
9174;12313;4;26/10/2023;Account easy sea hundred region.
9175;16051;1;13/06/2025;Approach food compare our.
9176;7353;2;20/01/2026;Chance happen everything the.
9177;17005;1;02/09/2024;Not green debate lead ok.
9178;9850;4;01/05/2026;Style cost sea.
9179;13302;1;25/03/2025;Project hear boy improve impact none do.
9180;10732;1;23/01/2026;Detail receive man sit yes program.
9181;9297;5;26/03/2025;City thank happy still member when.
9182;11042;1;27/04/2024;Central police our suggest smile gun.
9183;18103;1;03/10/2024;Issue develop even many keep those.
9184;10814;5;09/06/2026;Year forget impact.
9185;8566;4;23/08/2025;Report control member.
9186;17497;3;06/11/2023;Plant improve to growth.
9187;5733;1;13/06/2026;Manage ahead win although.
9188;5731;5;16/12/2023;Though sort wonder.
9189;17843;3;30/11/2023;Along if religious degree try probably key.
9190;18751;2;25/07/2025;Someone defense tend area start.
9191;17027;3;14/12/2023;Rich people animal mind much.
9192;13670;3;05/04/2026;Send lay cut cut together.
9193;14195;1;06/07/2025;Area particularly couple I degree.
9194;16933;1;27/11/2024;Idea various right.
9195;11882;5;20/09/2024;Remember really ball various.
9196;17174;4;23/07/2026;Even deal nearly firm see.
9197;11874;4;11/03/2025;Girl leg pressure marriage open.
9198;793;2;29/04/2026;What blue land rest free maintain.
9199;19926;5;20/07/2025;Study off if try call.
9200;17943;3;08/06/2025;Relationship theory Mr girl explain game human.
9201;320;3;20/08/2026;Study share behavior officer raise someone start.
9202;14563;3;13/11/2023;Administration collection major individual.
9203;4217;1;18/07/2024;Difference soldier age who establish early almost.
9204;19411;5;12/05/2026;Center authority give capital.
9205;9146;4;09/10/2024;Through air travel sea must and race long.
9206;6933;3;02/02/2024;Simple cell job foot by.
9207;18835;5;29/03/2026;Itself themselves interest red.
9208;10354;5;12/06/2025;Sell town these major growth organization.
9209;19112;4;04/03/2026;Watch factor ready establish act rest campaign.
9210;10569;1;25/09/2023;Movement population simply stop think.
9211;841;4;27/02/2026;Wrong look follow surface watch customer.
9212;391;1;18/06/2024;Hotel president once ever carry answer.
9213;13607;2;11/09/2024;Political sign blood later.
9214;8333;1;14/05/2024;Save property of.
9215;11973;3;18/11/2025;She result economic.
9216;11633;3;30/06/2025;Number including factor another whom red structure during.
9217;784;5;29/10/2024;Fire notice nor nothing stop.
9218;2706;5;27/09/2023;Job prepare consider rather.
9219;4620;4;17/12/2023;Talk at which piece.
9220;11789;5;29/08/2024;Get seek paper magazine.
9221;207;5;21/08/2025;Themselves pass especially series Congress pull together.
9222;16506;5;19/05/2026;Out who ever direction even hope place.
9223;5186;3;09/06/2025;Big provide recognize rise reach.
9224;16494;2;24/06/2025;Both sound place else station.
9225;4659;5;08/11/2023;Simple black large painting board economy reflect.
9226;18357;1;23/01/2026;Officer cost score lot.
9227;9327;4;17/04/2024;Occur learn improve law gun.
9228;19147;3;01/05/2025;Especially now child fill.
9229;153;1;18/09/2024;Wall hotel identify customer wind piece.
9230;3000;4;19/04/2024;Organization card campaign blood must direction either.
9231;1621;2;18/06/2024;Own choice plan six.
9232;9437;2;21/09/2023;Adult safe data debate best poor.
9233;1133;5;19/12/2024;Fish feeling run network.
9234;8963;5;21/11/2025;Value their expert religious.
9235;13916;2;23/11/2025;Member personal although into oil.
9236;11964;3;13/02/2026;Use fear hotel great anything do however.
9237;17857;1;06/11/2024;Sell measure it actually after simply politics night.
9238;561;5;10/03/2026;Public Democrat business ago woman maintain.
9239;12299;2;11/09/2024;Marriage national story general pass make hospital.
9240;4872;1;12/06/2026;Perform dog thank some.
9241;16698;3;26/05/2025;Able successful me expect.
9242;4119;5;10/09/2026;Sure spring what.
9243;6491;2;14/09/2025;Follow but training total movement population small.
9244;12825;2;09/12/2024;Until few fact group open.
9245;4143;2;23/12/2023;Sign along attention.
9246;8696;2;31/07/2026;Through southern past author.
9247;19101;1;21/05/2026;Charge how there marriage.
9248;18093;5;09/08/2024;Bag day girl shoulder open year into tend.
9249;8452;4;13/01/2024;And news north someone.
9250;10037;2;20/01/2026;Each subject evening teach before there leg garden.
9251;11547;5;30/04/2024;Nice wife answer he money begin.
9252;9279;5;28/04/2026;Prove step edge environmental his.
9253;5872;3;29/05/2025;Appear occur bill quality writer.
9254;17506;5;03/07/2025;Page skill campaign hair play few adult.
9255;9737;3;21/03/2025;Imagine woman usually hope need outside group.
9256;1281;2;04/09/2024;Piece those treatment similar last field through ability.
9257;12887;3;17/08/2026;Civil method there indicate message take rock century.
9258;5271;4;07/11/2025;Want ago gas career year.
9259;8448;2;07/08/2026;Actually fight culture simple.
9260;156;1;29/03/2026;Seat bank activity full movement reduce.
9261;13067;2;28/10/2025;Nature decide leg eye themselves line vote.
9262;6724;5;03/11/2023;Plant seek sure body management.
9263;10741;2;17/10/2023;Mother image nation clear cause growth always personal.
9264;8165;5;18/07/2026;How cold support career Republican send give late.
9265;13155;5;28/12/2025;A fall painting month woman evidence its.
9266;10530;4;07/06/2026;Theory inside effect herself husband use.
9267;5006;1;19/08/2026;Against firm first drop.
9268;1727;3;09/03/2024;Laugh street just pay.
9269;19866;3;19/09/2025;Amount their reach vote people score.
9270;18172;5;25/11/2023;Seek cold wish attention go sister.
9271;12544;4;18/08/2026;Capital weight room single throw at.
9272;6856;3;20/09/2025;Defense on television ask time fear five.
9273;2529;5;23/06/2024;Save item sit since.
9274;14026;5;03/06/2025;Company other lead happen win behind school.
9275;5013;4;19/06/2026;Say middle knowledge light feel response.
9276;6180;2;21/04/2024;Option statement one training president in.
9277;12549;1;17/06/2026;Attention send ago.
9278;13155;5;31/03/2026;Really until part no force oil business.
9279;3147;3;02/12/2025;Fight age night project.
9280;6162;2;23/05/2024;Bank process together really training necessary deep notice.
9281;7421;3;17/04/2024;The long top sell.
9282;3461;3;18/11/2025;Notice office star word hospital past in.
9283;9213;1;29/02/2024;He can above Republican.
9284;7961;4;07/01/2026;Garden I low scene analysis stand keep.
9285;14480;1;24/06/2024;Wind start pattern realize occur before.
9286;801;3;01/02/2026;Collection forget technology.
9287;4619;2;25/07/2025;Cover mouth poor produce cup always little.
9288;1575;4;16/12/2023;Step put dark far you ground.
9289;877;1;29/12/2025;Save executive fire tell.
9290;1587;2;09/02/2024;North church woman get.
9291;11816;1;17/12/2024;Board this have professional team campaign.
9292;6253;3;24/04/2024;Reveal something test every sit middle machine.
9293;16749;3;16/10/2023;Then third participant fight source message court.
9294;8510;5;13/04/2024;Reduce person Mrs.
9295;17555;2;18/12/2024;No team prepare to bill unit.
9296;16891;5;27/03/2026;Citizen economic put start west everything.
9297;7650;5;18/09/2023;Movie national before rise.
9298;3067;3;17/06/2026;Economic above race western policy.
9299;17391;1;12/11/2023;Quite will friend central family attention road no.
9300;19768;3;06/01/2024;Door heart food old green.
9301;16962;3;10/01/2026;During cup after such owner.
9302;5253;1;28/03/2026;Stand cut people.
9303;11544;2;06/02/2025;Hand Mr stay month tax lay rich.
9304;10398;2;08/05/2024;Tv should top really.
9305;19956;4;04/07/2025;Lot draw mean offer medical market coach.
9306;19941;1;13/05/2026;Bring American cold go join.
9307;68;2;30/11/2023;House life toward give spring senior.
9308;698;3;30/11/2024;Per onto check kid tend policy.
9309;6420;3;26/08/2026;Friend too different most room main up watch.
9310;7775;3;22/10/2025;Project write necessary worry town.
9311;14141;3;04/11/2024;My fill wind.
9312;10406;3;11/03/2025;Others team tough.
9313;16791;2;17/01/2024;Both personal nation different night someone anyone may.
9314;11811;4;05/09/2025;Style ready total hold up bit fill.
9315;9337;2;28/02/2026;State performance night each generation Congress.
9316;6818;2;08/08/2025;I least of affect enjoy move.
9317;726;3;04/05/2025;Trade outside environmental how kid memory trip else.
9318;17746;4;11/08/2025;Huge thought project with stop.
9319;8591;4;09/02/2024;State expect because daughter.
9320;13534;3;01/01/2024;Energy help to any firm word want hundred.
9321;9759;5;16/04/2025;Charge wife voice piece cell service.
9322;559;2;27/04/2026;Represent president southern quite very all house center.
9323;3256;3;11/10/2023;Day eye gun protect.
9324;8519;3;25/11/2024;Area people control large alone board.
9325;17117;5;18/10/2023;Benefit for learn stay little since.
9326;956;1;17/06/2026;Short push add property reduce customer.
9327;2196;5;02/08/2024;Medical program brother ready form.
9328;11715;4;07/05/2025;Sit sort ground my.
9329;17541;5;31/08/2025;However the certainly both he show law.
9330;18247;3;01/03/2025;Push recognize American name.
9331;2874;3;22/05/2025;Six result she money choice reason.
9332;11301;5;29/01/2024;These consider believe hear hot sell.
9333;10262;3;12/10/2025;Effect lead year dinner whole.
9334;17476;3;09/09/2026;Break onto week board very than.
9335;11256;4;15/08/2025;Forward activity fact bed gun.
9336;15540;2;19/06/2026;Cup step society federal feel send.
9337;14281;3;31/12/2024;Serve bill learn art.
9338;5428;1;08/07/2025;Board relationship little choose cover.
9339;14282;2;31/12/2024;Develop grow stage miss argue every.
9340;17239;1;27/03/2025;Office history similar development.
9341;2054;5;17/07/2026;People record force chance all senior.
9342;6559;5;26/01/2024;Shake head go community relationship.
9343;3738;2;19/03/2024;Ago figure finally.
9344;14103;3;27/07/2025;Defense oil purpose industry stand.
9345;9916;4;22/01/2025;Adult left entire within.
9346;617;2;14/06/2024;Senior candidate life hit sense level off.
9347;10544;1;14/02/2026;When career situation economy.
9348;7019;2;23/06/2025;Amount approach sort.
9349;15683;2;02/01/2026;Save blood cause quickly church.
9350;1610;2;28/01/2025;Guess stop know especially.
9351;18152;1;04/06/2025;Several finish morning choose group.
9352;957;5;18/05/2026;Store his ago least so later.
9353;4679;1;13/09/2024;Argue south indicate get certain rather.
9354;10042;3;26/10/2023;Address source member government read.
9355;19797;5;13/11/2023;Government hotel whose.
9356;14873;5;19/02/2024;Blood member action film.
9357;10692;2;03/09/2026;Pattern church movement city relate meeting up.
9358;18897;4;14/09/2024;Poor expert by early window significant above.
9359;1222;3;07/02/2024;Sport each tend commercial.
9360;15384;3;25/09/2024;Forward begin us training item try.
9361;16874;1;14/06/2026;Than call apply offer win simple.
9362;15448;2;18/08/2025;West hot actually pull surface fire foreign.
9363;6148;3;15/03/2025;Some poor over.
9364;1435;5;12/01/2026;Hotel man base front development.
9365;15966;2;01/02/2025;Work magazine knowledge likely real pay.
9366;14739;3;07/10/2024;Enter fish would oil person member term.
9367;3778;1;25/11/2024;Morning member high senior seem want down.
9368;16944;3;26/02/2026;Skin him us front reach.
9369;13865;4;22/02/2025;Policy scene increase force particular safe.
9370;471;5;08/07/2025;Hair say public town paper.
9371;9396;2;08/02/2024;Window almost born instead bed too report think.
9372;8459;2;30/10/2025;Officer weight significant half such himself material close.
9373;9794;5;21/11/2025;Make police according surface.
9374;503;5;21/04/2024;Agree other item several part yes do.
9375;10734;4;17/11/2023;Stand clear PM range door staff health.
9376;18879;2;09/11/2023;Forget newspaper seat to government.
9377;10236;5;14/03/2025;Stage offer determine indicate.
9378;5368;4;14/06/2024;Loss every increase two nature research woman.
9379;11186;1;07/04/2025;Teach drive chance leave.
9380;2368;2;18/09/2025;Itself accept PM wish wish.
9381;18021;2;16/08/2025;Case ground believe also level.
9382;6489;1;17/03/2026;Represent rise meet fact piece beat.
9383;19699;1;19/11/2023;Soldier smile election final federal Mrs.
9384;9363;5;29/03/2026;Matter tell drive weight.
9385;7693;1;24/10/2024;Order help free hundred entire.
9386;2262;4;02/10/2024;Today case stock possible officer next pull.
9387;12003;4;30/07/2026;Movie message than wall treatment attack within.
9388;15773;1;26/03/2026;Trip population site area human world.
9389;6210;3;07/01/2024;Mind maybe listen need maintain inside science.
9390;14227;2;11/01/2024;Dinner above laugh finish action major vote.
9391;3100;4;07/01/2026;Out we structure rule.
9392;6927;5;05/11/2025;Mind myself newspaper article themselves increase some number.
9393;19204;5;09/01/2026;Design figure along child wall building.
9394;16536;1;17/06/2024;Democratic stand information ground reduce pay.
9395;12638;4;10/12/2025;Executive lot president.
9396;7408;4;23/05/2026;Field voice source at.
9397;15718;3;22/02/2024;Now feel firm sign have through people thousand.
9398;6210;4;05/07/2024;Nation star grow type century ground factor.
9399;19279;1;02/11/2024;Place military hundred growth draw second really.
9400;3627;5;10/07/2024;Region range like service question magazine each.
9401;9794;4;14/08/2025;Letter provide or fight difficult word mouth development.
9402;6942;5;13/11/2024;But sense table natural worker news.
9403;15073;4;23/08/2026;Interesting son particular teach situation drug yourself.
9404;9621;5;22/06/2025;Anyone artist fish physical our.
9405;10805;5;19/03/2025;Rise see prepare require study if field long.
9406;10457;4;10/02/2024;Mother finally pick expert point.
9407;2727;4;25/05/2025;Deal behind down through case.
9408;15720;2;27/02/2025;Material toward together.
9409;18455;4;08/12/2025;Discussion hand scene Congress wife growth woman.
9410;7636;4;08/10/2025;Condition section possible best one pass adult.
9411;2036;5;27/08/2024;Against land company good same.
9412;17627;4;25/04/2026;Themselves blood environment thus letter price condition.
9413;4439;5;16/09/2023;Do we total season realize skill.
9414;3069;2;26/11/2024;Arrive feeling mother.
9415;3938;3;17/08/2026;Water billion TV work.
9416;18633;3;19/10/2023;Country drive detail civil employee minute.
9417;2696;4;02/07/2026;Congress memory several he necessary wrong image.
9418;527;1;26/05/2026;College same single recognize director.
9419;18343;1;27/08/2024;Drive financial several image generation.
9420;18369;1;11/07/2025;Another foreign statement stock.
9421;5328;1;20/07/2026;Bill board lose answer.
9422;9868;1;07/10/2023;Present eight data amount father.
9423;2103;1;18/09/2024;Quickly call land well.
9424;19209;1;02/07/2025;Far development let everybody thing simple campaign.
9425;970;2;17/12/2025;Such imagine around ten than pull feeling interest.
9426;6566;3;10/06/2026;Ahead authority ground hard information seem bank.
9427;19048;1;28/05/2024;Find fly stand enter.
9428;8758;5;10/06/2025;Down might three issue child three.
9429;16856;5;05/07/2024;Apply only radio themselves six run present.
9430;13369;5;24/05/2026;Big tough day again policy.
9431;4534;1;14/12/2024;Theory pass in.
9432;18687;5;05/07/2026;Particularly myself concern really toward seat chance.
9433;11419;2;09/07/2024;Enter paper beyond choose series.
9434;4390;2;17/11/2025;Information police exist would finally five computer.
9435;7906;3;03/09/2026;True per know move sing why order.
9436;18466;1;15/07/2025;Many down meet necessary.
9437;13597;2;08/10/2023;Begin rest animal skill opportunity small common.
9438;2457;2;12/04/2024;Meet change together place.
9439;19939;1;16/04/2025;City fact street individual account dog special.
9440;2579;4;21/06/2026;Worker company impact address choice plan.
9441;17421;1;01/12/2023;Media window next within wide actually act.
9442;18722;2;20/05/2024;Generation sell open in exist decade low.
9443;12894;4;19/11/2023;Response go although arrive explain.
9444;1290;4;21/04/2024;Home culture late surface cold pattern history.
9445;1964;2;05/09/2024;Tree media type behavior standard.
9446;16710;2;08/08/2024;Center step financial with month lawyer for this.
9447;5150;3;04/01/2024;Kid finally movement when lot go.
9448;12189;2;28/09/2025;So like to task team democratic.
9449;14473;5;04/08/2024;Amount get culture into.
9450;18926;3;28/09/2023;Nor check thank trade.
9451;11494;4;22/01/2024;Election a discussion research.
9452;3511;3;22/12/2025;Show I evidence.
9453;12112;2;26/02/2024;Congress happy clearly civil.
9454;3516;1;20/07/2024;Capital think compare authority green.
9455;2697;2;23/03/2024;Agree view heart sport environmental or.
9456;7311;1;15/06/2026;Court city mind along.
9457;17649;2;06/11/2025;Back building name at issue benefit wonder.
9458;9508;1;17/02/2026;Series itself contain develop home decade note television.
9459;10928;3;16/12/2025;Especially book young through reach.
9460;19543;4;09/09/2026;Chair responsibility professional economy.
9461;6193;2;13/11/2024;Compare others other expert war treat.
9462;2219;2;27/07/2025;More simple present dog more soon name officer.
9463;1197;3;30/08/2025;Visit education can their.
9464;13541;1;18/07/2025;Ability million management whatever stop deep service someone.
9465;6666;1;19/01/2026;Well once let.
9466;747;3;06/06/2024;Way fund good expect throughout sit size.
9467;17888;5;06/12/2023;Only drop successful blue create city long.
9468;14740;5;25/07/2025;Level and rich point dog.
9469;2042;1;18/02/2024;These eight notice agency like.
9470;10596;3;08/03/2024;Pressure clearly affect without require before official describe.
9471;8313;1;03/01/2026;Right base some campaign economic.
9472;5362;5;28/03/2026;Source main within door.
9473;15709;5;30/12/2023;Within against memory.
9474;91;2;25/07/2025;To question mouth truth exist focus throughout despite.
9475;19634;2;10/11/2024;Important approach election read rule above measure film.
9476;6117;5;19/05/2025;Front court actually to agree send court though.
9477;335;2;22/08/2024;Rule challenge quickly attack herself else sound.
9478;18788;4;30/08/2025;Audience wrong effect these sometimes.
9479;13145;4;22/05/2026;Sense majority real speak majority.
9480;11323;2;13/04/2026;Debate attorney again for support particular money.
9481;2119;2;23/06/2026;Site appear church energy.
9482;3732;2;03/07/2024;Because accept recent establish environmental discussion possible.
9483;15243;3;20/10/2023;Listen night begin class actually foreign customer.
9484;18519;5;10/12/2025;Appear civil machine free.
9485;11134;1;02/04/2025;Often go can foot for.
9486;12057;4;23/04/2026;Financial majority close task shoulder.
9487;13732;3;12/06/2026;Enter main service.
9488;6920;4;06/12/2025;Movie election support government figure.
9489;11132;1;13/01/2025;Agree face boy challenge than her.
9490;4754;1;31/03/2026;Man quality budget seven test road offer.
9491;2811;4;15/12/2025;Total off people hundred Mr responsibility.
9492;10796;3;04/12/2025;Treatment top simply.
9493;2123;4;05/04/2025;Trip real see example trouble sport responsibility despite.
9494;13921;2;27/06/2026;Study continue bar.
9495;10626;5;28/02/2026;People really charge notice fill require.
9496;19249;5;29/09/2024;Common quality require.
9497;16040;5;11/06/2025;Politics character care knowledge hospital cause ground.
9498;15393;1;22/03/2026;Most court success staff senior back.
9499;16721;5;09/03/2024;Case race now nice institution land.
9500;9471;3;31/01/2025;Loss front reach music small responsibility.
9501;2460;3;26/08/2026;Practice store peace create since.
9502;9599;1;16/11/2023;Set couple tree thus relate give capital.
9503;4649;5;25/10/2024;Step painting subject wide ahead ability ok.
9504;4524;5;14/02/2024;Notice government play Mr.
9505;17542;5;30/11/2023;Mother design of happy shake write time.
9506;1917;2;09/06/2024;Particularly appear summer exactly physical soldier activity.
9507;16854;5;10/03/2024;Material see ask series follow information.
9508;19736;4;06/11/2024;Religious science run add economic either wait.
9509;1861;3;23/10/2023;Someone after own inside ability threat PM.
9510;18703;1;10/10/2025;Stay treat account sing son picture manage science.
9511;6140;5;27/12/2025;Type you authority air form American scientist.
9512;10671;5;21/12/2025;Place agreement resource.
9513;18388;3;12/06/2024;Ball conference turn single become.
9514;9784;3;02/05/2025;Lawyer painting research provide manager which series.
9515;9331;3;03/03/2026;Religious meeting even lead oil behavior message.
9516;3542;5;30/04/2024;Manage culture task do attorney him through.
9517;12563;5;23/07/2024;Last state next set myself happy require must.
9518;12054;4;21/12/2024;Early buy image.
9519;7193;2;25/09/2023;Read three feel financial land team.
9520;4158;4;27/06/2024;Market side baby stand his parent.
9521;13781;4;01/01/2024;Explain computer bank make special drop now fear.
9522;15936;1;02/10/2024;Computer build key assume agent arm.
9523;10601;3;20/03/2026;Need paper defense protect.
9524;8139;3;18/10/2023;Impact form occur daughter commercial wonder alone management.
9525;18275;3;10/05/2026;Process learn effort between.
9526;14613;5;07/09/2024;Score style heart poor purpose budget operation.
9527;488;5;01/09/2025;Want candidate product someone cell.
9528;17474;1;10/10/2025;Bed team nearly reduce various star.
9529;2789;5;12/01/2026;Political professional federal their edge analysis.
9530;3973;2;05/10/2025;Treat recent evening reality season because degree add.
9531;1864;3;25/12/2024;How process morning worker agree agent.
9532;12523;4;17/10/2023;Scene own certain seat walk.
9533;17800;1;19/05/2026;Strategy star already focus account appear.
9534;1313;3;01/03/2024;Break finally outside send ground.
9535;17698;3;13/12/2025;Today especially power prepare.
9536;10903;3;01/07/2025;Sit program look change.
9537;5237;4;10/12/2023;Special behavior second capital next.
9538;7595;1;01/06/2025;Speak skill poor nice.
9539;177;4;19/09/2025;East want available.
9540;12467;2;24/08/2025;Now among position necessary result myself teacher.
9541;18666;2;28/06/2024;Movement land energy world vote score fly.
9542;19034;4;01/09/2025;Really figure from film.
9543;10097;1;04/07/2024;Common a language public.
9544;2830;3;08/06/2026;Everybody another federal through road.
9545;19219;2;15/07/2024;Also able across contain.
9546;55;5;06/03/2025;Yet pay entire president officer down.
9547;7496;2;12/04/2025;Provide camera get account company future yeah.
9548;15414;3;26/05/2024;Tell beautiful lawyer threat particularly money.
9549;13412;1;07/01/2026;Forget even organization improve civil appear.
9550;3175;5;08/10/2025;Adult garden conference environment.
9551;15146;5;07/02/2024;Black admit particularly study claim forget manager.
9552;901;5;17/08/2025;Think say whether unit fish similar.
9553;1985;3;03/01/2026;Carry happen before staff discuss.
9554;2109;2;14/07/2024;Type catch back up until bad clear.
9555;13594;1;17/08/2024;Collection big onto statement leader race here.
9556;1577;2;01/04/2024;Air body project six I century hotel.
9557;8637;1;18/06/2025;Half list behavior difficult.
9558;4614;4;07/12/2024;Where citizen magazine school too off.
9559;713;1;01/02/2026;Develop call home test.
9560;18420;3;26/05/2026;Suffer option amount yourself southern federal.
9561;4218;3;26/10/2024;Single human beat discussion.
9562;16999;4;18/04/2026;Radio door produce college child personal.
9563;8344;4;19/11/2023;Name effort far whether necessary you.
9564;19874;1;22/07/2026;Everyone share mission detail beautiful various.
9565;1775;2;21/08/2025;Challenge then language rather two TV after.
9566;14848;3;06/09/2025;Ago how water force head.
9567;18077;3;21/03/2026;Shoulder design reduce than specific.
9568;5802;4;16/08/2026;From surface believe moment.
9569;6476;4;20/06/2026;Attorney meeting station specific.
9570;2132;3;18/01/2026;Letter interesting off role news head middle.
9571;17684;3;27/02/2026;Name available deal civil green unit.
9572;994;4;24/01/2025;View however month old under.
9573;17644;3;21/09/2025;Quickly stay stock Democrat only game.
9574;13594;3;06/02/2024;Would seat positive size foreign great up.
9575;10807;3;22/02/2025;Attack wait feeling Republican child marriage.
9576;2735;5;28/08/2025;Suggest return want coach.
9577;3816;5;05/10/2025;Off son hour apply book contain.
9578;4034;1;23/08/2024;Stand assume purpose something term knowledge over.
9579;19058;4;14/10/2024;Plant upon speak understand than sign another.
9580;15066;2;28/12/2023;Walk team hair development.
9581;19586;1;21/06/2026;Site have yard wear.
9582;18114;3;01/06/2024;Sound poor economy.
9583;3382;1;31/12/2024;Reason buy trouble article.
9584;4831;5;04/06/2025;Eye trip last color church administration president.
9585;703;1;27/02/2026;Me heavy measure prove least raise training.
9586;15082;1;30/07/2025;History character many various really find magazine.
9587;1221;1;10/08/2025;Drop production color try discuss.
9588;2146;2;02/01/2025;Ball worry now fine must hour bar authority.
9589;14406;1;13/09/2023;Statement eight low change today guy.
9590;12680;1;28/01/2026;Fish me Democrat.
9591;14698;1;03/06/2025;American imagine tend similar attorney smile pull.
9592;16258;5;15/09/2024;Model indeed audience soldier season anyone.
9593;9927;5;18/02/2025;Herself agree member career level white.
9594;13859;2;07/08/2025;Treatment ask sport worry.
9595;7807;5;04/07/2025;Home camera exactly decade true.
9596;8735;3;29/08/2025;Address tax southern very offer under inside government.
9597;7152;3;23/09/2025;Budget act go.
9598;6962;1;27/03/2025;Within well participant blood maintain interesting behavior worker.
9599;2002;2;18/04/2026;Develop foreign hair business week window argue.
9600;14137;1;07/03/2025;Possible why floor bar back street weight born.
9601;2272;1;27/02/2026;Follow return product world myself similar.
9602;18860;4;19/03/2024;Capital reality PM tell deal practice.
9603;5893;3;27/12/2023;Site lead popular thought art provide.
9604;11588;4;10/09/2025;Most green administration sport answer.
9605;17658;5;03/12/2025;Decide beat white society democratic gun tough.
9606;5988;3;22/01/2026;Chance require edge.
9607;16650;5;05/07/2025;Town anyone claim weight pattern.
9608;12332;2;30/04/2024;Charge later expect its without.
9609;251;4;22/07/2024;Purpose human project coach today concern.
9610;18082;1;08/01/2025;Factor score eye who organization stock dream charge.
9611;4217;5;22/12/2024;Air travel throw ball economy.
9612;13870;5;30/12/2023;Thousand community my behind.
9613;12685;1;22/11/2023;Million imagine management social huge music student tax.
9614;17815;4;06/09/2025;Prepare particularly design thought.
9615;16124;3;08/07/2026;Especially difference report increase.
9616;8215;1;28/10/2023;Rate anything radio you key pretty newspaper.
9617;19897;4;28/02/2025;Have myself later beautiful eight direction.
9618;7942;5;19/11/2025;Environment wonder describe eight end ready stage.
9619;7229;5;12/11/2024;Player box window hospital along law leader.
9620;9916;5;11/05/2025;Stop forward want provide color.
9621;12311;5;13/05/2026;Realize poor who discuss article.
9622;7884;2;11/02/2024;More it the husband task treatment ready.
9623;16071;1;07/09/2024;Very education simply color.
9624;11019;4;08/12/2024;Their resource serious impact third reflect more organization.
9625;175;1;03/10/2023;Car sea building parent choice own.
9626;14598;5;15/09/2024;College minute because.
9627;8603;1;13/05/2026;Such hold free seven.
9628;19847;5;29/11/2025;Hear campaign within church determine.
9629;4889;4;08/03/2025;Discussion think authority interest.
9630;2606;4;14/01/2024;Here specific seem.
9631;5418;5;27/08/2024;Close able manager reflect operation.
9632;19618;3;03/07/2026;Get art also fund certainly tough.
9633;2224;1;08/02/2026;Accept star computer pay fine.
9634;8188;5;03/08/2024;He put stay door if fast tax item.
9635;3496;5;31/03/2025;Group perhaps difficult now everyone several just make.
9636;12500;3;06/05/2025;Degree able rule expert two standard.
9637;14894;4;28/01/2025;Community trip account between or reveal management finally.
9638;3936;5;22/06/2026;Manager husband water event environmental reach.
9639;2703;2;15/03/2026;Human turn discover girl TV would.
9640;7126;2;03/11/2025;Meet term third big exist gun although.
9641;3101;3;06/02/2025;Hear at break.
9642;9096;1;29/03/2026;Minute support position certainly live myself effect.
9643;1773;3;23/10/2023;Nothing of five kid risk guy.
9644;4770;4;13/02/2025;Different scene realize arrive instead.
9645;15918;3;20/02/2026;Task peace finally type according beat.
9646;5432;2;12/08/2026;So operation address even.
9647;9928;5;20/12/2024;Rock generation despite.
9648;2081;1;05/06/2026;However exist same commercial none behind four toward.
9649;2527;3;03/12/2023;Your individual of involve in education son.
9650;15998;5;10/09/2025;Major economy dark actually.
9651;3633;2;07/02/2024;Method radio decision key set wonder.
9652;16838;1;23/05/2026;Generation week evening recently poor.
9653;8423;1;26/11/2025;Long professional almost federal fact.
9654;10555;4;17/11/2023;Already material whatever cultural window before.
9655;2818;2;14/03/2025;Someone Mrs blue miss Democrat our position.
9656;17040;5;15/03/2025;Policy true Mrs.
9657;646;3;22/05/2025;Science poor charge strategy owner.
9658;9921;1;12/06/2026;Fund front church hundred describe activity always.
9659;10137;5;01/10/2025;Town couple movement.
9660;17231;2;19/06/2026;Move notice leader drop assume idea Mrs keep.
9661;4645;4;17/09/2024;Visit of serve professional know success art paper.
9662;6907;1;15/10/2024;Want value agent amount father.
9663;18221;5;25/12/2024;Manage power his.
9664;18222;5;19/06/2024;Indicate month wide coach.
9665;12796;5;27/11/2025;Summer respond themselves region.
9666;11935;2;29/06/2025;Assume and kind into test democratic if.
9667;14602;1;23/01/2025;Gas sound ball themselves be.
9668;18180;1;19/07/2026;Painting however across create.
9669;5089;3;01/08/2025;Energy director decade single like happy animal.
9670;1108;3;03/12/2025;Store no five.
9671;6430;4;25/09/2025;Sure example language large.
9672;13784;5;21/10/2023;Course treatment small many music travel cold two.
9673;11399;5;08/11/2025;Night direction avoid field this.
9674;10349;3;24/08/2026;Front million father much wife.
9675;12231;2;26/08/2025;Where water produce.
9676;3653;4;31/07/2025;Skin painting father alone.
9677;3753;5;04/12/2024;Investment gas change control order ball crime.
9678;18301;4;05/12/2023;Time every at leave.
9679;17890;1;01/10/2025;Gun whatever thousand ground add.
9680;12914;5;24/02/2024;Those writer always up fall understand.
9681;18719;3;19/07/2025;Himself question late out meet door factor song.
9682;6173;4;19/04/2024;Someone miss report first plant from care.
9683;8069;1;14/02/2026;Move investment long present.
9684;13563;4;28/05/2025;Doctor none article treatment since management father center.
9685;12029;3;24/10/2024;Stuff indeed thing.
9686;4966;1;07/05/2024;Music through smile people make alone student.
9687;1191;2;16/05/2025;Writer record get collection already most.
9688;9476;5;25/08/2026;Require attention trip manager control situation half.
9689;8712;5;19/07/2026;Must develop sense always as site.
9690;7655;2;25/06/2026;Whole end opportunity law simply central between.
9691;18862;3;19/02/2025;Approach rather include window though poor.
9692;6104;5;08/01/2025;Notice exist term main media only already.
9693;6502;4;17/04/2026;Answer space table happen idea.
9694;18546;3;03/10/2024;Success last myself.
9695;14379;1;26/10/2023;See newspaper positive.
9696;9770;2;02/02/2026;North feel nearly explain they.
9697;10564;2;09/01/2026;Enjoy support possible.
9698;19780;2;10/06/2024;Term writer watch first.
9699;885;4;29/12/2024;Computer off now real.
9700;1296;5;14/12/2023;Main its girl lay go financial serious.
9701;19910;5;22/09/2024;Probably grow check door cause agreement.
9702;546;5;29/04/2025;If plant effort represent school remain.
9703;300;4;02/12/2023;Everybody military machine star.
9704;12507;2;01/11/2023;Establish it father identify popular move.
9705;17626;3;23/10/2024;Defense fear military pull.
9706;16018;4;07/11/2024;Music detail will account fly choose.
9707;1239;5;06/10/2023;Federal occur agree point long approach.
9708;16280;5;13/06/2024;Huge pretty member where.
9709;19776;4;26/06/2025;Which process how very.
9710;11057;3;09/05/2024;Question leg full everyone.
9711;13937;5;16/06/2025;Loss professor yeah record shake drop.
9712;1673;3;01/05/2026;News forget individual save.
9713;6352;1;25/03/2025;Black face understand always suggest raise again high.
9714;13022;5;18/06/2026;On boy especially anything worry.
9715;12785;2;23/08/2026;Doctor conference recent own around interest find.
9716;13319;4;11/01/2026;List certainly per live.
9717;5347;3;06/05/2026;Budget specific contain Democrat.
9718;1391;3;16/12/2025;Choice hear question college address effect.
9719;17322;4;08/09/2026;Probably field strategy free manager hundred.
9720;3035;5;10/01/2025;Focus crime order actually design.
9721;6215;4;22/01/2024;Big letter short phone drive guy.
9722;8441;3;16/06/2025;Paper something phone specific good buy check.
9723;11703;5;10/07/2024;Enjoy my since cold agreement evidence.
9724;4133;2;20/06/2026;Role challenge even sort artist medical.
9725;11125;4;01/02/2026;Would them however everybody from decide mission.
9726;5574;3;23/03/2026;Management return bad least.
9727;15664;1;26/04/2026;Whose rather hair near their give.
9728;3905;3;30/12/2025;Amount similar language executive room explain sing mean.
9729;1390;2;22/07/2026;Enjoy here road book nor American apply.
9730;9758;1;14/11/2024;System tonight teach hospital federal.
9731;2341;4;27/03/2025;Great wait sign society experience final difficult.
9732;10203;4;26/02/2026;Television public final total.
9733;19502;3;05/09/2024;Interview college night good institution.
9734;7332;4;19/04/2025;Item language head wind military personal.
9735;10125;1;15/02/2026;Field ahead receive respond.
9736;13539;4;01/09/2026;Herself hold nothing also center ahead campaign final.
9737;15308;4;07/11/2025;True worker foreign.
9738;192;4;06/07/2026;Should partner cultural back cut.
9739;19051;1;19/11/2024;Gun admit heart camera page.
9740;2451;3;30/07/2025;Represent sit short myself effort artist treatment.
9741;15007;4;20/03/2024;Age guy administration save.
9742;17764;5;10/05/2024;Enter agent cultural especially.
9743;2677;1;14/04/2026;Subject stand operation hit key.
9744;13890;3;15/11/2024;Itself impact know professor happen draw.
9745;2301;4;04/12/2023;Shoulder wife accept continue throughout.
9746;4307;3;02/09/2024;Left but bring do surface run week.
9747;4018;4;03/07/2025;Remain drop want nor discuss name together.
9748;13067;1;22/02/2024;Staff make western it modern.
9749;1149;4;10/04/2026;Open second image significant same finally.
9750;4206;5;18/04/2026;Language trouble hundred article buy government.
9751;12885;3;05/11/2025;Together beautiful along character send identify quite.
9752;14074;5;18/09/2023;Hit health career decide challenge long.
9753;7211;4;18/02/2026;Show citizen hand us.
9754;12891;3;10/07/2026;Study dinner behind opportunity.
9755;2382;1;24/09/2023;A admit mean anything section media despite.
9756;18849;1;12/11/2025;Last own stage professor court.
9757;10358;3;25/05/2025;Her skill near learn production cause.
9758;5005;5;12/10/2023;Machine tree read central.
9759;17184;1;13/12/2023;Raise local box.
9760;2477;4;10/10/2023;Focus store field while by Congress air describe.
9761;11008;3;31/05/2024;Student leave drop lot prove oil.
9762;12133;4;18/06/2025;Live might prevent total.
9763;4567;2;05/01/2024;Church should like stuff dark career address.
9764;9790;1;16/10/2023;Friend deal piece situation.
9765;706;4;22/02/2025;Say today project room opportunity.
9766;18394;4;11/08/2024;Perform quality out west chair.
9767;16724;4;05/10/2025;Myself maybe long operation less marriage.
9768;4324;2;17/10/2023;Will social finish those popular group might.
9769;13155;3;23/08/2026;Do soldier science son black sell news.
9770;17478;4;27/09/2024;Anything heart heart agent fear less stock.
9771;15541;2;23/11/2024;Return prevent as often.
9772;16353;2;01/05/2024;Produce successful something along.
9773;16097;3;13/05/2024;Author chance when than believe.
9774;11913;3;10/03/2025;Arm resource ok Congress challenge dark then.
9775;1395;1;17/05/2024;Drop measure family character represent admit.
9776;11443;5;19/04/2024;Up difficult suggest explain financial.
9777;1227;4;12/02/2025;Government raise pretty drop board.
9778;10134;2;31/05/2026;Central start TV line owner.
9779;3515;5;23/01/2024;Hot six draw interesting scientist walk.
9780;72;1;17/06/2024;Inside gas similar statement surface part could eat.
9781;9622;1;13/06/2024;Spring technology concern history.
9782;11403;3;28/08/2024;Growth for check a brother line happen.
9783;14265;5;06/08/2024;Cut without option skill make without.
9784;13144;5;15/02/2024;Face size study theory appear partner occur.
9785;12105;2;13/11/2024;Play share matter national season turn.
9786;9033;2;13/12/2025;End whether hotel lawyer marriage should which analysis.
9787;6549;1;22/09/2025;Determine bad create note.
9788;4840;1;08/05/2025;Other it weight maybe.
9789;9127;1;10/05/2025;Mrs ask near draw billion lead message.
9790;8089;5;28/12/2024;Scientist believe describe mention ready single operation.
9791;14740;2;13/07/2026;Most decide sound loss alone report.
9792;10240;2;11/04/2024;Single language system entire enough I.
9793;18850;3;03/04/2025;Environment road exist.
9794;5828;5;15/08/2025;Necessary pass station lot hotel treat about.
9795;6478;5;02/09/2025;Food need figure wife not some.
9796;12972;3;05/06/2025;Memory cultural sea.
9797;7800;5;25/12/2023;Soon enough speech quite generation range.
9798;8609;2;30/05/2025;Hospital woman appear would.
9799;7387;2;30/06/2026;Drop case item collection inside.
9800;12580;3;27/12/2025;Network involve fill machine.
9801;7082;5;17/11/2023;Purpose firm citizen.
9802;6283;3;15/11/2023;Color interest book school grow end.
9803;2391;2;06/04/2024;Yet particular air she.
9804;11850;2;07/03/2024;Husband recently movement decade player exist.
9805;14347;1;20/07/2026;Special response majority candidate wrong.
9806;16945;1;15/08/2026;Effort street through establish middle government call.
9807;5933;3;08/06/2026;Short film movie your science as.
9808;8254;5;27/06/2025;Free out maybe sign police common better same.
9809;6768;1;23/05/2024;Himself approach fly bar house.
9810;9912;1;11/11/2024;International garden memory various leave believe send detail.
9811;17029;2;07/10/2023;Senior speak bit himself.
9812;15211;5;03/03/2024;Successful change return around not.
9813;2468;5;31/03/2025;Ball company red skin staff provide public.
9814;13334;4;16/02/2025;Research throw water prepare popular effect owner.
9815;4909;5;19/07/2025;Big experience task us.
9816;5990;4;01/12/2024;Environmental nature itself so rise another half.
9817;9400;3;16/11/2024;Five mouth trip support become.
9818;13600;3;15/11/2024;Rate red someone body task before.
9819;381;5;18/05/2025;Image forward one successful party program.
9820;17376;1;20/10/2023;Long ask note will soon several power.
9821;14605;5;27/09/2023;Something voice drop remain top finally.
9822;16330;4;08/06/2024;Stage social beyond decide stock.
9823;12603;1;17/06/2025;Necessary value evening create investment.
9824;7223;5;02/03/2025;Chance job necessary their analysis vote.
9825;5523;3;23/12/2024;Thing president fine miss from public.
9826;18508;3;22/03/2025;May owner market PM happy state.
9827;12610;4;15/09/2023;Blood it drug system letter.
9828;16445;5;22/08/2024;Government accept despite democratic discover serious forward.
9829;13925;2;29/05/2025;Seat shoulder war enjoy five election factor process.
9830;16998;5;25/09/2024;Cut it mean power vote option ago.
9831;14094;3;17/06/2026;Early conference perhaps.
9832;18930;5;09/09/2025;Different individual middle site make hit.
9833;2391;3;08/06/2024;Agree expect blue concern.
9834;3051;2;25/11/2023;Without list speak.
9835;9150;1;15/04/2025;Participant science religious bring bring most.
9836;1540;5;04/09/2024;Sit travel consumer city tough.
9837;17679;3;05/05/2024;Out authority admit reality or push myself.
9838;19691;4;17/11/2025;Star Republican rich street price surface.
9839;4485;4;01/09/2024;Possible forget clearly attack write land attention outside.
9840;17952;1;23/06/2024;Too approach support bed.
9841;12410;5;15/03/2026;Throw then important four sea blood area.
9842;1843;3;14/09/2023;Sort knowledge never trade crime.
9843;69;4;13/11/2025;Face protect and mean raise deep.
9844;12702;3;29/07/2026;Finish campaign not friend good mouth.
9845;16494;1;31/08/2025;Head throw current all example.
9846;794;4;01/06/2025;Join return kind base.
9847;5374;5;21/08/2025;Away arm degree walk.
9848;12137;4;19/01/2026;Plant face wife thing.
9849;6736;1;05/11/2024;Action may occur court talk.
9850;80;1;28/09/2024;Analysis through level now different task decision.
9851;16783;2;23/03/2026;Each attack second southern half probably.
9852;365;1;16/01/2024;Wait study receive indeed.
9853;13848;4;24/04/2024;Performance political common.
9854;5152;5;29/05/2026;Thing environment out star could return.
9855;1393;4;05/08/2026;Room size health century big particular.
9856;18777;4;08/03/2026;Walk animal or I product citizen identify some.
9857;8147;4;27/03/2026;Along finally radio.
9858;8374;1;26/02/2026;Worker for some option.
9859;17376;5;23/09/2024;Weight with note animal nothing water say.
9860;13151;5;14/11/2025;Concern work indeed despite.
9861;10445;1;14/07/2025;Audience employee task table remember administration myself hot.
9862;13445;2;01/10/2025;Letter energy stage two produce find wall.
9863;850;2;12/08/2025;Window baby whose fact bank true senior future.
9864;9113;4;26/12/2024;All my rich security throw along.
9865;18851;4;20/06/2024;History baby realize true kitchen as.
9866;16755;3;08/06/2024;Coach per buy career put.
9867;403;2;13/08/2024;Eight traditional turn light crime keep about want.
9868;10853;1;26/12/2023;Expect prevent west behavior garden.
9869;8368;5;29/06/2025;Phone agreement effort about American more rule.
9870;3155;3;30/09/2023;Sound bag itself outside work poor.
9871;10111;3;18/04/2024;Less its production example.
9872;18952;5;30/01/2024;News thing care protect wrong lawyer parent.
9873;13922;2;15/02/2026;Who call follow party most arm.
9874;10073;1;22/03/2025;Although third base wrong step it present beautiful.
9875;15787;1;04/07/2024;Sound toward audience.
9876;9670;4;30/03/2024;Whom voice car site might.
9877;3549;3;14/03/2024;Body between others where more best worry off.
9878;4446;4;04/03/2026;Something everything score kind fall free society.
9879;13937;3;08/03/2024;Economic strategy talk industry crime.
9880;11679;2;23/12/2025;Same almost of.
9881;8414;3;14/05/2026;Week new practice why.
9882;2294;2;11/10/2025;Itself throughout section someone.
9883;16760;1;13/04/2026;Community care economy public house.
9884;7287;3;16/05/2025;Others particular catch run politics.
9885;13846;1;11/03/2025;Although trip wish over health buy leader.
9886;13118;1;02/10/2024;Bag operation form best future.
9887;13831;5;30/03/2026;Direction focus movement hard.
9888;10003;2;12/06/2024;Character voice material manage.
9889;7945;2;09/10/2024;Mr interview theory pass strong.
9890;5325;3;18/07/2024;From today rule address election tonight help.
9891;11888;1;23/12/2024;Charge thank realize nearly dream.
9892;15438;5;02/04/2026;Probably up rule sometimes myself admit.
9893;15689;2;07/07/2026;Group you policy thank into recent various.
9894;6946;5;20/05/2024;Last simply into.
9895;1704;2;01/11/2023;Dog picture eight quality.
9896;2948;4;11/01/2024;Material indeed who serve prove when beyond.
9897;11874;5;28/10/2025;Movie over produce.
9898;8477;5;19/01/2025;Suggest mind need forget pick.
9899;6110;5;30/10/2023;Low much into our up.
9900;4496;3;15/05/2025;Short purpose myself truth office either.
9901;2441;4;22/09/2025;Rise daughter risk common station.
9902;13218;2;19/05/2024;Perhaps brother opportunity day enough.
9903;13457;1;07/11/2023;Between when miss practice south.
9904;3413;1;26/05/2026;Paper success top character idea eight catch claim.
9905;14255;5;31/12/2024;Story return phone eat television production.
9906;19589;3;19/08/2024;Letter situation save near pick.
9907;7163;1;14/08/2025;Rich strong because care now specific provide send.
9908;1417;5;01/02/2025;Wonder under sell again beat.
9909;19563;5;02/11/2025;Argue pay agent week majority.
9910;13446;2;18/05/2024;Standard until especially game help style.
9911;6905;3;10/05/2025;Low officer participant act.
9912;6150;4;01/06/2024;Quite song style others.
9913;7495;1;06/03/2024;Way make parent sea myself north.
9914;7811;4;26/02/2026;Child relationship whole.
9915;11396;5;02/08/2024;Owner clear happy expect teach center.
9916;4020;1;14/08/2026;Say artist country call field according.
9917;2046;1;20/04/2026;Key grow agreement itself.
9918;16170;5;20/07/2024;Yard total fill foreign do other.
9919;13718;5;29/10/2023;Have politics again why.
9920;1720;1;07/08/2025;Watch like evidence Mr financial.
9921;15917;4;29/12/2023;About plan enter in you speech.
9922;1852;1;10/08/2024;Kind level walk.
9923;2126;3;14/02/2024;Join against read help.
9924;15494;3;28/12/2025;You over final western short summer.
9925;7870;5;04/04/2024;Ready short interview.
9926;17886;2;24/10/2024;Worry central hit pass number according development.
9927;10974;5;28/03/2025;Black story matter.
9928;18704;5;21/10/2024;Author kid agreement foot.
9929;8986;5;07/06/2026;Into budget everybody fear democratic will doctor.
9930;1312;1;25/12/2023;Past wear common allow team.
9931;19490;2;16/12/2024;Success nearly political good Democrat read me.
9932;7148;3;23/07/2026;Fine step politics everything possible central call.
9933;19315;4;22/10/2023;Strong place short nature billion.
9934;13445;3;20/08/2026;Candidate choose low letter.
9935;9025;4;28/07/2025;Describe until what piece.
9936;10366;1;23/02/2024;Most community much American finally feel season.
9937;5743;3;07/04/2026;Staff move decade their fish lead local become.
9938;12600;2;17/05/2025;Pull country party military change table either kitchen.
9939;5523;3;02/01/2024;Life Republican appear opportunity contain his.
9940;12518;3;04/12/2024;Increase support go try.
9941;12830;5;05/02/2026;Public admit entire you relate consumer.
9942;186;4;26/08/2026;Drive chance federal leg agree.
9943;10997;1;26/09/2023;Large at walk measure adult.
9944;6009;2;01/09/2025;Sometimes unit turn agency technology to.
9945;14504;3;10/09/2024;Follow first prove say allow.
9946;7284;4;05/08/2024;Indicate rather outside seat actually.
9947;19649;5;01/04/2026;Still throw top opportunity.
9948;4552;1;17/04/2026;Cold painting sell wait size college.
9949;13891;2;09/03/2024;Argue second as letter require.
9950;18503;5;18/07/2024;Necessary event national benefit ball skill prove.
9951;4581;2;17/11/2023;Religious type reach partner hand.
9952;13809;4;23/08/2026;Sister thing suffer unit.
9953;6729;1;01/05/2024;Final machine particularly continue anything particular.
9954;14558;2;24/05/2026;Win husband shoulder true network.
9955;17301;5;03/05/2025;Western student character choose.
9956;19182;5;17/01/2024;Assume society anyone audience amount.
9957;880;4;02/02/2024;Weight drive low theory degree.
9958;10226;2;01/03/2026;Difficult network poor success heart quickly.
9959;16391;2;02/04/2025;Pay word strong smile.
9960;3552;1;12/09/2025;Skin white left pay.
9961;3228;1;17/03/2025;Player enter give city.
9962;186;5;23/05/2024;Question show ability woman entire whole think.
9963;19989;4;04/08/2025;Church new out start forward indeed.
9964;19283;1;10/06/2024;Forget guy food first thank.
9965;16530;1;04/07/2024;Cost college perhaps finish style believe.
9966;895;5;11/02/2024;Adult popular officer appear.
9967;10534;1;28/06/2024;Strategy reveal let generation new doctor reach audience.
9968;18683;3;10/10/2025;Could work prevent Mr off send over.
9969;8714;3;28/04/2025;Sister ok candidate likely.
9970;16620;4;15/06/2024;Most international region cell character.
9971;3986;4;01/05/2024;Try recognize decide Mr.
9972;10193;3;18/06/2024;Young drive nice break.
9973;6856;5;13/02/2024;Democrat production join right piece space building school.
9974;2990;3;04/04/2024;Degree forget production rise include.
9975;18914;5;21/01/2024;Poor scene training mother difficult call.
9976;16490;4;02/01/2026;Customer good ten if buy feel know.
9977;1612;2;11/08/2026;Today thought water adult leader.
9978;7864;2;21/01/2026;Affect training group theory anything reason work.
9979;7757;5;08/01/2024;Set find car source nature.
9980;9050;2;27/01/2024;Program especially cover.
9981;13974;4;02/02/2024;No project just four.
9982;14214;3;03/12/2024;Share sit buy accept career usually can.
9983;4594;5;12/06/2026;Heart throw its none nothing.
9984;1029;5;03/01/2025;Anyone travel voice detail study.
9985;11381;1;03/11/2025;Education task final during food information.
9986;10200;2;29/04/2025;Pattern move speech.
9987;14722;1;27/05/2026;Evidence low between mean plan.
9988;8517;4;28/05/2024;Own soon movie computer.
9989;16623;4;25/09/2023;Deal enter society protect economic collection side.
9990;18429;2;31/03/2025;Music lead management if similar amount.
9991;10674;2;07/04/2025;Personal picture wish year.
9992;16253;5;23/01/2024;His hospital peace six listen great.
9993;10111;3;11/12/2023;Position data worry message leave task.
9994;14879;1;04/02/2026;Crime clearly other rule research.
9995;16407;1;29/05/2024;Any guess pretty message last cup.
9996;19545;4;11/02/2026;Ready less even push by community.
9997;15613;4;02/05/2024;Road fast break consider ahead.
9998;9075;2;05/08/2024;Human trial approach standard moment area.
9999;18526;2;03/11/2025;Girl probably medical how almost.
10000;16417;1;10/02/2024;Study religious interest protect product million.
10001;11652;2;14/09/2023;Green themselves throw strategy free case.
10002;8344;2;16/04/2026;Day anything prove finally.
10003;3188;4;09/06/2024;Pressure stock build standard pull plan then movie.
10004;4873;3;08/12/2023;Trial condition particular our.
10005;4623;5;12/08/2025;Seem language authority west thank world.
10006;4388;2;04/06/2026;News information bill than.
10007;19501;3;28/07/2025;Language lot never common shoulder specific approach main.
10008;15208;5;04/09/2026;Opportunity store book.
10009;19459;2;29/05/2026;Loss ever international five.
10010;10294;5;03/12/2024;Music environmental area live.
10011;1373;1;18/02/2026;Down live move nature.
10012;13814;2;09/03/2026;Already push meet.
10013;19123;5;19/11/2023;South notice understand degree set street.
10014;7372;1;04/02/2025;Lead write method situation smile.
10015;5909;4;05/10/2025;Manage key effort career respond.
10016;4298;3;12/04/2026;Safe court until these.
10017;4811;2;29/03/2026;Old fund how gun learn statement door.
10018;13598;5;19/06/2026;Fill large compare.
10019;13472;5;23/08/2024;Way interview ever staff shake page spend.
10020;7681;4;29/07/2024;Mrs although guess if lead.
10021;410;1;25/05/2026;Consumer down PM.
10022;12970;4;21/06/2024;Successful for range camera head.
10023;2961;1;02/10/2025;American figure into point our.
10024;10636;2;12/08/2026;Understand wonder fall on black opportunity.
10025;16385;2;17/06/2026;Movement read identify never ready player present.
10026;17418;4;02/10/2024;Sure father situation these city.
10027;56;5;03/11/2025;Whom push table.
10028;11210;2;25/05/2026;Cultural another point role action front player.
10029;3548;1;26/09/2025;Wonder score sense.
10030;8864;4;25/07/2025;Individual attorney skin seat worker.
10031;4531;3;26/08/2025;Sometimes then way interesting.
10032;1926;1;14/10/2025;Ready analysis ability good dog black pull.
10033;8780;2;24/05/2026;Tell side safe rate husband even.
10034;16897;3;01/05/2024;Notice family bring image.
10035;13495;2;18/11/2024;Have person easy somebody.
10036;12944;1;06/03/2026;Election team senior responsibility.
10037;12230;5;03/05/2025;Several their example management center first her.
10038;830;4;29/04/2026;Choice difference pay.
10039;8449;3;02/11/2024;Along available determine employee.
10040;12980;1;24/03/2024;Artist job suffer enough number box very.
10041;14354;5;27/08/2024;Religious behind blue accept group somebody.
10042;5281;1;28/05/2025;Perform money food.
10043;5630;2;06/10/2025;Now head recognize drive.
10044;3090;3;17/01/2026;Road many series offer let single.
10045;7870;2;17/04/2026;Discuss instead note hope company society national.
10046;5697;1;13/03/2025;Garden area bill budget off you address go.
10047;15047;5;29/01/2024;Item never decide analysis recent executive.
10048;2796;5;18/12/2024;Prepare member president fund across.
10049;5320;3;13/08/2025;Along doctor base.
10050;16828;4;05/08/2025;West attention young amount civil understand campaign.
10051;3746;3;31/03/2026;Hotel something make remember order.
10052;18320;5;10/02/2026;Positive try lot across plan six behavior.
10053;12406;5;29/06/2024;Run sign sit security guy.
10054;7508;5;13/06/2026;Short stock by.
10055;4068;4;24/03/2026;Difficult wrong suffer strategy staff least.
10056;17301;1;01/07/2026;During town buy outside.
10057;10893;4;24/08/2025;Camera deep affect.
10058;4174;5;23/09/2024;Three hard lead sister.
10059;14074;4;07/03/2026;Sea challenge statement career even enough.
10060;1037;2;10/08/2025;Meet he concern economy stand save two.
10061;1236;3;05/07/2024;None only dark share collection now.
10062;8865;1;12/05/2026;Us seven eight how seven Republican property.
10063;17451;5;16/01/2025;Economy citizen ground network could heavy clearly.
10064;2608;4;29/11/2025;Ball thousand that PM but.
10065;15515;3;19/03/2025;Material company agent member.
10066;11544;5;06/12/2024;Baby my stuff ground month plant window.
10067;10865;2;04/08/2025;Than report drop project rest.
10068;15241;2;14/04/2024;Lawyer TV news claim.
10069;3590;4;20/10/2024;Scene late policy prevent political.
10070;17292;2;30/06/2026;Well stop miss leave television law teacher week.
10071;2980;1;15/12/2025;Night home manage reveal line lead.
10072;12125;4;15/04/2026;Television player interesting individual people else.
10073;19538;4;03/02/2025;Other cause movie word likely gun stock individual.
10074;13284;5;08/07/2024;Protect behavior third establish dinner traditional training catch.
10075;994;5;22/10/2025;Clear size something.
10076;19738;4;26/04/2024;Room stop simple present hot subject economy.
10077;5887;1;05/10/2023;Piece knowledge great picture meet majority and single.
10078;3567;3;03/09/2026;As charge certainly morning easy.
10079;14335;4;29/09/2025;Possible employee happen.
10080;2590;5;09/02/2024;There ok want dream current.
10081;7274;4;09/07/2025;Ability she difference large.
10082;19893;2;12/11/2025;Sure country current own attack huge imagine.
10083;9050;3;27/03/2024;Base heart rather.
10084;11122;4;26/10/2024;Past seem century follow economy.
10085;12509;1;19/11/2025;Through most dark sound lead.
10086;10646;2;05/01/2024;Red mention wrong nation western six born.
10087;10859;5;12/09/2026;Far job trial assume turn street form.
10088;8381;4;12/11/2025;Field general full walk clearly.
10089;7665;2;16/01/2026;Develop treat democratic positive education begin to.
10090;13527;2;08/04/2026;Together really young break two movement.
10091;11659;3;10/09/2026;Maintain growth station someone.
10092;18838;3;17/03/2026;Travel whom bar surface affect.
10093;14060;5;27/03/2025;Fire baby hotel threat avoid response miss.
10094;6636;2;02/09/2025;Line hour fast sister.
10095;14223;2;29/04/2025;Maintain road continue get sound everyone later.
10096;15131;4;26/07/2024;Conference majority thus per keep from moment.
10097;8460;1;03/08/2026;Project owner around require role school budget.
10098;9415;2;05/12/2025;Matter enough world whole explain from.
10099;14370;4;01/07/2025;Party dog newspaper until key.
10100;4966;5;23/08/2026;None improve concern defense.
10101;11165;4;25/12/2024;Physical former maybe person.
10102;2842;4;04/09/2024;Sort specific different television treat decide.
10103;3179;2;02/05/2026;Opportunity poor commercial subject much need difficult.
10104;11941;2;29/08/2026;Lose page loss respond teach woman partner might.
10105;6708;2;23/02/2024;Western here box save detail.
10106;6165;3;18/09/2025;Camera story company.
10107;6214;3;30/12/2024;Be into main.
10108;13879;3;02/08/2024;Whatever kind green member authority actually win.
10109;11916;4;02/08/2025;Prove sing camera relationship.
10110;1484;3;14/03/2026;Two budget want threat.
10111;15019;5;01/07/2025;Fish senior just short where field watch.
10112;11960;5;26/09/2024;Issue major history south first national.
10113;8590;3;05/03/2025;When ahead shoulder avoid artist stand away generation.
10114;19712;2;05/12/2024;Agency early area likely.
10115;4307;1;18/02/2024;Life fall turn final mention.
10116;6167;4;20/12/2023;Pick seem security nature certainly mean form.
10117;2223;3;09/06/2025;Southern push send machine agency.
10118;13078;2;07/03/2026;Design that player under clear cup.
10119;18281;3;03/11/2025;Some pick party.
10120;12414;4;01/08/2025;Spend simply rock less if heart.
10121;7117;5;19/02/2026;Suggest since it.
10122;14751;1;20/10/2025;Drug partner community institution morning performance nearly.
10123;17084;5;03/10/2023;We night model expect organization reality once.
10124;9515;1;24/11/2023;Sister right not special toward.
10125;2252;1;19/06/2026;Himself identify method organization past.
10126;6373;1;08/04/2024;Actually final wait respond spring between.
10127;12332;5;11/12/2024;Situation theory school nor speak cell car.
10128;4899;3;26/10/2024;Individual especially guess note.
10129;8571;4;26/03/2024;Life cut only assume apply her.
10130;9161;3;29/08/2024;Cup no which.
10131;7165;1;17/10/2025;Anyone maybe accept future place skin morning.
10132;3900;2;16/05/2026;Interview various back.
10133;3314;3;05/07/2024;Song bill candidate land large.
10134;11511;3;01/01/2024;Media traditional would.
10135;15847;4;21/05/2025;Mr indicate travel decade people special.
10136;18996;2;12/06/2024;Year term wonder help general hope also.
10137;18168;5;14/05/2024;In safe heavy fall.
10138;8066;1;27/07/2025;Call someone feeling special firm.
10139;9967;3;30/08/2025;Low movie word whom.
10140;102;2;11/05/2024;Onto where five.
10141;8802;3;11/07/2024;Teach art better measure drive read.
10142;9163;1;04/11/2023;Discuss seat both than sense.
10143;7283;2;02/11/2024;Few figure each short but.
10144;10566;2;08/06/2026;Have wish sometimes federal.
10145;7287;2;14/08/2025;Upon matter book size nature turn.
10146;7286;1;20/02/2025;Investment budget physical then family late professional.
10147;4291;5;20/02/2026;Project war drive it impact management control.
10148;4245;1;28/11/2024;Age thousand find chance for direction yet.
10149;3725;1;12/06/2026;More page time manager.
10150;18281;5;19/04/2024;World seven large risk Congress interview upon.
10151;10009;5;13/10/2023;Own it reduce go.
10152;16069;1;26/08/2026;Center my program age start account question.
10153;3962;4;20/06/2025;Crime fly travel they.
10154;3481;4;18/01/2024;Range page every audience into for.
10155;19267;2;14/07/2026;Letter decide matter method.
10156;5392;1;01/06/2024;Tonight raise American unit option.
10157;9320;2;23/01/2024;Good site scientist maintain represent animal Mrs.
10158;13561;4;12/07/2024;Community conference development born coach debate condition today.
10159;13197;2;30/01/2025;One deal receive south relate audience.
10160;10508;2;20/01/2026;She world little soldier similar little challenge.
10161;12257;5;12/05/2024;Ready state director.
10162;13890;4;15/07/2025;Enjoy TV politics country cover write hotel.
10163;10877;3;10/07/2024;Term stage company difference middle can.
10164;11479;5;22/07/2025;List foot lose once situation unit money.
10165;7939;3;30/07/2024;Carry movement determine woman war may.
10166;13936;2;02/06/2025;Red build food trade clear guy water.
10167;11749;5;18/11/2025;International set particular.
10168;16926;2;26/01/2025;International approach win first.
10169;14651;3;04/05/2025;By think vote reach partner leader language.
10170;408;1;27/08/2024;Sense parent whether road.
10171;8363;2;15/06/2025;Believe free leg deep want doctor maintain.
10172;4812;5;02/02/2024;Future piece charge goal receive list nothing.
10173;18396;5;23/06/2025;Sometimes study people so sit staff.
10174;544;5;02/10/2023;Actually your forget certain.
10175;576;2;17/07/2024;Soldier official shake soldier stuff list director visit.
10176;11984;5;17/10/2023;Film but can owner identify.
10177;11431;1;15/01/2025;Medical bit energy agency fall contain lay.
10178;8596;2;24/05/2026;Body style line threat market.
10179;16094;3;10/06/2024;Quickly fund fire west.
10180;19320;3;29/11/2025;Allow something parent say this easy.
10181;12801;3;09/11/2024;Relationship health entire treatment response decade.
10182;1505;5;30/05/2025;Hear establish painting water particularly.
10183;1330;1;18/12/2023;Moment unit only service minute fast.
10184;987;4;12/03/2024;Everything finally ability writer business measure energy.
10185;18568;2;27/10/2023;Manage require pass.
10186;4060;1;15/01/2026;Rock owner world once do end find practice.
10187;10129;2;29/08/2024;Everybody mouth play moment reality us.
10188;14905;1;19/12/2025;Stuff month manage bad exist arrive.
10189;10174;5;16/08/2024;Explain leader table account.
10190;11289;2;27/07/2025;Machine allow mission term.
10191;16307;1;23/12/2023;Mission whether owner realize nothing.
10192;19307;2;27/10/2023;Police begin cup try fund yes.
10193;4115;5;17/02/2024;Practice now camera picture.
10194;3680;2;02/02/2025;Tell well raise deep you capital.
10195;16479;5;19/10/2024;Reflect may arrive because after party but.
10196;3006;3;04/02/2025;Hospital effort son reflect manage father.
10197;18966;5;19/10/2025;Hit owner go.
10198;15146;1;22/10/2024;Each hospital attention member according.
10199;3214;1;03/09/2025;News begin game report hope attorney.
10200;15822;5;21/03/2024;Player continue provide ago wonder knowledge.
10201;11116;2;02/08/2025;Control soldier authority check.
10202;7879;1;22/07/2024;Source ask worker bed yes necessary specific actually.
10203;15656;2;07/03/2024;Feeling activity safe get mention second.
10204;5738;1;05/07/2025;Because cell look form.
10205;3456;2;17/01/2025;Keep explain push today type.
10206;825;1;08/02/2024;Animal its reach boy marriage entire often.
10207;17403;5;24/11/2024;Evidence plant art daughter create create.
10208;18621;2;17/11/2025;Yet writer miss look significant support.
10209;11150;5;10/01/2025;Camera above kitchen dream here interest.
10210;17199;3;18/01/2025;Material say less we provide.
10211;704;1;16/08/2025;Card camera something to matter short oil.
10212;4710;3;13/06/2024;Appear enough worker explain forget spring.
10213;5695;1;02/04/2025;Entire ten election especially boy describe center.
10214;16711;5;03/08/2024;Answer activity success director physical.
10215;16380;4;23/01/2026;Turn radio trade management.
10216;17534;1;22/08/2026;Field may yeah dinner image.
10217;3482;3;18/06/2025;Often positive social score ever sea after.
10218;13528;2;05/10/2025;Agency alone consumer among process language.
10219;19475;5;17/11/2023;Long son follow four officer.
10220;3264;1;12/04/2026;Remember experience visit heavy that.
10221;10577;4;01/06/2026;Drive federal into create year.
10222;6776;4;22/12/2023;One back mission individual.
10223;1641;3;20/04/2024;Laugh garden seek kid term contain then.
10224;11552;3;30/03/2025;Serve score himself into official.
10225;17646;3;17/10/2025;Central mean common common.
10226;19518;1;17/04/2024;Hear grow theory development place girl.
10227;3029;1;06/10/2023;Prove capital I no.
10228;1182;5;11/08/2026;Surface buy international good focus lot.
10229;18628;3;14/10/2025;Money standard despite take.
10230;16467;2;12/08/2025;Look church result culture everybody.
10231;10296;2;26/06/2024;Environmental even senior important artist course alone.
10232;1405;4;31/12/2023;Low this claim event throw guess relate.
10233;13402;4;05/03/2026;Keep thousand walk pick much drive.
10234;7783;2;11/01/2025;Special method fund half boy mind not certain.
10235;7047;3;28/04/2024;Majority season project card raise.
10236;7432;4;18/12/2024;Gun tonight rule guess state.
10237;18918;1;27/08/2024;Brother statement face though hot.
10238;13092;3;09/05/2026;Center safe edge exactly forward trouble few.
10239;17460;1;01/12/2023;Social benefit election expect well color.
10240;6444;1;11/06/2025;Describe join machine pretty letter Mr process matter.
10241;11085;2;07/11/2023;Woman performance draw talk black history exist.
10242;11841;2;12/03/2026;Decide animal sea hope development.
10243;11768;4;09/06/2025;As either cell husband oil song.
10244;9136;2;06/12/2023;Fast past here option director loss degree.
10245;3454;2;28/07/2025;Stage type from trouble military front nation base.
10246;12192;4;25/11/2023;Project peace give put heavy card after.
10247;13318;2;21/07/2024;Low enough success likely share professor design.
10248;3832;3;18/01/2024;Share fire Congress get bed.
10249;19149;5;20/12/2023;Major particular ready.
10250;12170;4;08/05/2026;Ever main yes remember evening.
10251;9186;4;20/04/2026;Enter real compare light information next or.
10252;9581;1;22/09/2023;When though husband dog begin check.
10253;1272;5;26/06/2024;Age mission easy.
10254;16263;4;11/09/2026;Hit end pass present clear sense back.
10255;19762;5;15/09/2025;Other too glass dream player decision group.
10256;13202;3;08/02/2026;Must develop challenge story candidate former physical nation.
10257;1319;2;23/03/2026;Pass media easy.
10258;8355;3;20/04/2025;Floor follow meeting left figure support room age.
10259;13934;4;08/03/2025;Life word recognize.
10260;14703;2;03/06/2025;Team energy develop share again assume.
10261;8257;1;30/07/2026;Break name detail as day environment their.
10262;12734;2;17/08/2025;Exactly buy pick appear seem.
10263;14569;5;05/04/2026;Maybe watch impact hospital just.
10264;10078;5;19/06/2024;Physical what book sign visit half season.
10265;13470;2;10/09/2026;Imagine three very become receive.
10266;11610;1;11/12/2023;Of him offer arm feeling condition receive.
10267;13706;4;05/04/2026;Thought determine in coach pressure rate.
10268;893;4;12/07/2025;Movie by foreign could again seat.
10269;2761;2;17/11/2023;Know couple black effort prove.
10270;11059;4;23/04/2026;Pressure blue involve talk.
10271;12467;4;15/07/2025;Doctor create challenge study technology.
10272;5710;2;03/09/2025;Help shoulder only bring dark.
10273;14410;3;28/12/2023;Home science build win.
10274;4431;5;27/06/2025;Eight fall window far.
10275;15474;2;18/09/2025;Successful debate camera act.
10276;8247;2;12/11/2024;Open soldier miss along challenge physical break.
10277;18411;3;04/06/2026;Food discuss candidate strategy size fund president.
10278;15083;1;12/07/2025;Event cover security wonder chair range stop.
10279;4648;1;03/05/2025;Simply like again human.
10280;14644;2;12/07/2024;Call watch watch sing.
10281;4131;2;20/12/2024;Carry magazine above side give.
10282;10158;2;11/06/2024;Response region improve exactly pay admit free.
10283;5816;2;20/11/2024;Eight cut clear population factor.
10284;19529;1;05/05/2024;Yet fast gas consumer.
10285;18697;5;29/10/2023;He culture cause alone method affect.
10286;2731;4;15/01/2024;Sea entire discover laugh economic half area policy.
10287;2380;3;11/02/2026;Responsibility home author word.
10288;18918;3;18/08/2026;Enjoy mind music easy protect measure.
10289;10707;2;11/02/2025;Follow trade third into meet yet form.
10290;19891;1;31/03/2026;Forget throughout rock make network.
10291;16607;2;22/06/2026;Page that stock heavy.
10292;17185;1;17/08/2024;Avoid stage nation couple pull vote actually receive.
10293;18363;5;19/03/2026;Hour just have on.
10294;634;1;17/06/2025;Chair author avoid certain successful.
10295;6751;3;10/11/2025;When rate hit mind page dog some.
10296;5833;4;17/08/2024;Trial Congress myself mention analysis particularly common.
10297;12357;3;04/05/2024;Fast long continue guess thought black.
10298;17936;2;06/09/2024;Require page just stage ten situation song you.
10299;8224;1;15/08/2025;Various in political in fine simple take.
10300;19960;1;13/11/2023;Government wall she spring news.
10301;9027;3;03/04/2026;Sing image follow party service approach.
10302;5103;3;21/02/2024;Lawyer Democrat successful small prepare.
10303;4281;1;24/01/2025;Reveal station start.
10304;7888;5;22/04/2025;Want contain adult imagine recognize employee.
10305;6988;1;22/02/2025;Attorney keep decade work end college society.
10306;13624;1;14/12/2024;Different law surface exactly else item start.
10307;2449;4;28/05/2026;Live expert indeed bring top hear.
10308;9839;1;26/05/2026;Improve let realize prepare third exactly.
10309;11294;3;15/07/2024;Attorney leave into become bag heart.
10310;9919;1;09/09/2026;Establish ever such father.
10311;798;1;02/12/2023;Father nature style letter.
10312;6197;2;07/05/2024;Collection few use process music.
10313;10298;1;06/09/2025;Of energy parent east center modern.
10314;6747;2;25/10/2024;Floor record bad chair defense probably section kind.
10315;1781;1;15/01/2025;Know while serve option remain statement.
10316;6681;5;25/05/2025;Across again fund task.
10317;7994;4;03/11/2024;Control any leave little rest.
10318;16218;4;04/10/2024;Idea person method.
10319;12763;3;17/08/2026;Out west create beyond my.
10320;4828;1;06/09/2024;Discover southern suggest weight until.
10321;17395;4;26/08/2024;Forward worry heart half me gas possible.
10322;17646;3;18/12/2025;Provide public any between.
10323;15919;1;19/10/2025;Alone difficult allow young major best.
10324;3664;2;26/03/2025;Hot information agency garden no.
10325;11624;4;23/05/2024;Street wife song.
10326;14317;3;08/10/2024;Position call approach data natural.
10327;10103;4;19/05/2025;Able recent seem writer world firm.
10328;18619;2;19/07/2025;Nation specific yourself fall available each.
10329;4574;4;18/03/2025;Music rule medical couple guess instead.
10330;4070;1;06/06/2024;Thank short positive really other.
10331;7575;3;27/04/2024;Trip alone everybody whole camera.
10332;307;3;20/04/2024;Other man training several strong.
10333;11092;1;11/07/2025;They main perform.
10334;12540;5;24/01/2026;Fund word region couple.
10335;2470;4;22/09/2025;Significant road place all town.
10336;7377;2;10/05/2024;Minute nice whose billion mind just.
10337;8930;3;01/03/2025;Minute almost forward later.
10338;995;2;06/05/2026;College administration push attorney change.
10339;10526;1;06/10/2024;Per walk pressure probably experience main fill.
10340;2128;2;11/01/2024;Green home remember film carry.
10341;8783;3;09/09/2025;Color garden economy capital rule street.
10342;3388;3;25/07/2025;Growth themselves black so.
10343;14840;1;21/01/2026;Yes wrong room debate leave exist.
10344;17962;1;13/01/2026;Bed audience PM sister more.
10345;13564;2;10/02/2025;Customer feel draw night off commercial anything fear.
10346;18732;1;28/07/2024;Third edge how month.
10347;18356;1;31/08/2026;Take again cut factor bit.
10348;11007;4;16/01/2026;Save Congress tough apply what.
10349;6435;1;07/02/2025;Article off time value article wrong rule.
10350;11074;4;31/01/2026;Account never care up soon.
10351;1673;4;08/05/2024;Begin cover other term sit.
10352;4394;1;10/04/2026;Quality western tough bad fly the church.
10353;13032;4;06/01/2025;Point toward that herself sense should place.
10354;5920;5;16/05/2025;Practice pattern important born.
10355;3415;2;18/11/2023;Security road seven table foot throw herself.
10356;9276;3;11/04/2026;Change pressure into field program.
10357;14390;2;03/11/2024;Than store trial turn politics sing local away.
10358;9044;1;04/11/2023;In whether ground.
10359;5164;5;23/09/2023;Debate degree down role you national effort.
10360;18656;5;06/04/2025;Must act prove during effect production.
10361;2679;3;18/02/2024;Shoulder network against million.
10362;4760;1;11/04/2025;Along open store daughter green reflect.
10363;8518;2;09/08/2024;Cover and beautiful film hot beat.
10364;2042;5;28/08/2026;Must military toward commercial available six explain.
10365;1642;4;06/03/2024;For action computer machine.
10366;8001;3;31/03/2025;System people success.
10367;11082;1;17/11/2025;Almost run goal lose land themselves whom these.
10368;5185;4;14/01/2024;Rather fire open tax number.
10369;8376;2;04/07/2026;Food question certainly soldier yet lose few.
10370;13876;5;01/10/2023;Value call others majority reach medical.
10371;19344;4;07/11/2024;Point list the baby.
10372;13159;2;29/11/2024;Election gun item fill financial able professional simple.
10373;18240;1;08/02/2024;Else outside especially like common.
10374;9384;4;16/05/2024;Interesting next while.
10375;5837;5;27/12/2025;Phone little such language.
10376;1308;3;14/05/2025;Top near eat reflect may.
10377;1636;1;23/10/2024;Whole seat today already condition.
10378;5760;2;30/04/2026;Mind you sea world finish let poor like.
10379;11348;2;06/02/2024;Few suddenly to someone.
10380;10199;5;30/11/2025;Must gun however send interview cause force.
10381;7619;2;19/08/2024;Expect effect authority truth.
10382;9554;3;02/11/2025;Executive focus speak any million easy.
10383;16682;2;04/05/2024;Candidate scientist PM chance.
10384;14285;5;25/02/2025;Ability student feeling image determine my.
10385;16914;2;12/05/2026;Civil now move between.
10386;14201;5;10/05/2025;Avoid wall not deep.
10387;2319;1;16/04/2025;Several at oil food base provide back.
10388;15393;4;26/08/2026;Another no marriage them nice now federal.
10389;18919;3;21/10/2025;Do performance article space season create she.
10390;4416;2;24/06/2025;No fund table guess process goal.
10391;9437;5;30/08/2026;Field if measure government sound add treatment.
10392;18028;5;06/08/2026;Year all politics network near.
10393;14011;4;13/08/2026;Source nature represent see public him.
10394;17672;5;13/04/2025;Indeed accept great chance memory single provide agreement.
10395;17181;3;04/08/2026;Ready fear state.
10396;7261;2;01/12/2024;Sister land thought young summer adult out.
10397;672;2;20/04/2026;Reflect force second.
10398;2483;1;08/02/2025;Sing push next suddenly.
10399;19582;5;12/10/2023;Small be statement structure within leg.
10400;9456;3;30/08/2026;Have successful program moment.
10401;10681;3;28/01/2026;Free space own organization hard give affect.
10402;17978;1;09/01/2024;Ten voice do statement.
10403;12828;4;13/07/2025;Wife message deal never listen.
10404;7560;1;18/05/2024;Keep water however ago station common go near.
10405;19253;5;18/11/2025;Him still source final deal six make.
10406;12813;5;24/09/2024;Country condition eat exactly.
10407;8726;4;06/12/2023;Join decade half.
10408;1416;2;09/01/2025;Scene many understand view various cause ball.
10409;19101;3;29/01/2026;Although stand gun many.
10410;3066;2;13/08/2026;Success throw task word.
10411;1837;1;11/11/2025;Wind standard bag pick not hit.
10412;189;2;03/02/2025;Such religious yard bag shake also.
10413;19048;1;23/03/2025;Apply write ahead would game black.
10414;3590;5;05/01/2024;Before break power issue PM.
10415;11725;2;25/10/2023;Store now large practice must stock couple.
10416;13888;4;24/05/2025;Executive always run line ago raise this contain.
10417;11418;2;17/06/2025;Company year gun down.
10418;7701;3;15/05/2025;Move language current major nation action finally.
10419;5107;1;02/05/2025;Also want accept smile budget ago phone culture.
10420;1484;1;05/11/2025;Station great unit perhaps.
10421;3585;5;18/09/2023;Bad explain defense election treatment.
10422;19456;2;06/01/2026;With call with break.
10423;4898;4;17/01/2026;Large Republican year country public.
10424;15472;1;27/05/2026;Identify probably man establish people point live.
10425;16670;3;09/04/2025;Those conference huge young rule now.
10426;9992;2;07/03/2025;Race increase interest positive environment task.
10427;10633;3;09/08/2024;Student local room magazine would thousand.
10428;14574;2;13/08/2025;Character heart military other indeed cup.
10429;9254;2;14/04/2025;Within risk skill play fast my.
10430;1949;1;22/07/2026;Hundred him air.
10431;16457;1;08/02/2025;Baby practice woman full environment age member.
10432;11312;5;06/12/2025;Meet bad behavior mean move.
10433;2834;2;13/07/2025;We high up look nothing.
10434;4695;5;18/03/2025;Radio best step language late while toward history.
10435;11857;2;13/08/2025;Rate oil capital room.
10436;9001;3;03/01/2026;Join soldier glass end represent professor boy today.
10437;14989;5;05/09/2026;Her course knowledge cost factor.
10438;13286;2;23/06/2026;Pay seven speak political community group next.
10439;19703;4;29/05/2025;Such with some president just minute perhaps.
10440;15411;4;19/10/2025;Simple maintain commercial more.
10441;4109;3;01/05/2025;Simply with him bag.
10442;12210;2;16/01/2025;Start instead find control.
10443;17898;5;14/09/2023;Option reach store born would.
10444;10196;2;21/04/2024;Soldier hair themselves concern animal interesting.
10445;3466;5;25/06/2026;Second network field fund me significant we.
10446;15762;1;05/11/2023;Film determine high one too real sing on.
10447;2230;3;26/10/2025;Surface physical bank teacher whether feeling.
10448;17070;2;21/04/2026;Single few drive including.
10449;13071;2;19/12/2023;Alone throughout cup.
10450;15667;2;16/09/2023;Teach trade decide feeling letter art determine.
10451;16144;4;24/11/2025;Blue establish explain win.
10452;4667;4;12/03/2025;Every wrong themselves try clearly.
10453;8744;5;01/10/2024;Himself election yourself whatever personal.
10454;11952;3;20/12/2025;Lead medical serve just suggest firm task.
10455;2046;1;21/03/2025;Nation series necessary meeting star school can partner.
10456;4950;4;14/06/2025;Seat doctor writer.
10457;17018;3;20/11/2025;While campaign ever society.
10458;8063;5;10/01/2024;Couple to very draw want capital current.
10459;6988;5;27/10/2024;Become strategy grow eye employee picture.
10460;16395;3;22/10/2025;Pm safe baby apply.
10461;13831;1;14/01/2025;Concern traditional film right.
10462;7930;2;23/03/2025;Huge want somebody to decision.
10463;3399;1;29/04/2024;Help rich game argue election.
10464;18678;2;11/09/2026;Response dinner to.
10465;3667;3;13/10/2025;Check establish around serve view main.
10466;14318;1;19/08/2026;Agreement make particular direction draw.
10467;4774;2;30/01/2024;Purpose fish head agency trouble cause.
10468;6097;2;09/02/2026;Enough ready citizen about cell nation town.
10469;16291;2;24/10/2023;Environment opportunity according million.
10470;17603;4;23/12/2025;Cover where across but wide able scene.
10471;3778;4;22/10/2025;So place politics five sort power.
10472;13771;4;12/12/2023;Your another benefit product heart gas.
10473;8798;4;04/12/2025;Camera key news card sister reveal.
10474;12104;2;01/11/2024;Week do street reach white somebody.
10475;4559;1;03/12/2024;Push group wrong get skin.
10476;15626;5;17/10/2025;Wife several sometimes focus pattern whom.
10477;7597;5;05/03/2024;Long so type state.
10478;8123;2;14/07/2026;Bit meet campaign tend person.
10479;11979;2;19/12/2024;Range generation each hit.
10480;4252;2;22/06/2025;Region nor exist development part me.
10481;12044;1;01/08/2024;Result walk administration.
10482;18774;3;01/09/2026;Draw name out rock past.
10483;16781;3;19/01/2025;Dream idea case accept dream company.
10484;13781;1;02/05/2024;Decade turn discuss whom.
10485;6891;5;25/06/2025;Wife cost new performance continue significant.
10486;19250;3;25/12/2023;Focus drug along cover term.
10487;5153;1;30/10/2025;Number east trip laugh expert.
10488;12229;5;15/05/2026;Per its unit instead.
10489;17911;4;05/08/2025;World consider wall imagine artist need meet.
10490;18046;4;05/07/2024;Begin news opportunity space old.
10491;17543;4;07/03/2024;Pretty talk analysis wife would.
10492;573;3;19/05/2024;Especially network exactly like guy.
10493;9920;1;24/04/2026;Public prepare effect hundred.
10494;15057;1;24/01/2026;Bring watch mention stand where result apply.
10495;9195;2;25/03/2026;Check never character smile energy contain effect.
10496;12277;1;25/08/2026;Ask that gun home act weight owner.
10497;2414;1;11/09/2026;Me agree marriage attention.
10498;2395;3;03/05/2024;Hit sing appear process region.
10499;16684;5;28/05/2025;Population place leave.
10500;12991;3;20/08/2025;Remember area occur check chance.
10501;18429;4;04/09/2025;Floor dog religious.
10502;16490;4;22/03/2024;Director month back take her seem just.
10503;7440;5;09/04/2025;Today add economic food.
10504;16766;1;30/07/2026;Happy involve per major charge into.
10505;17806;1;18/03/2026;Hit head nature gas these turn arm class.
10506;15902;3;31/12/2025;Just young leg reflect.
10507;16127;5;23/10/2025;Why set heavy resource fill decade condition able.
10508;4014;4;30/01/2026;Notice rest site civil strategy the.
10509;6411;4;19/06/2024;Expect free trial mother.
10510;12255;3;20/01/2026;Vote thus executive car light event.
10511;6356;3;07/08/2025;Democrat wall wear hospital.
10512;15084;3;04/10/2025;Available cover parent.
10513;3067;2;02/11/2025;True theory push very.
10514;3390;1;30/01/2026;Really half position.
10515;19541;5;11/09/2025;Worry physical government form reality son.
10516;17779;5;26/08/2024;Among student training yard have series.
10517;16517;1;24/05/2025;Above reach firm nothing ok land miss.
10518;3112;1;26/05/2025;Test agent beyond and capital every.
10519;5139;3;29/09/2025;Girl dark those later finish.
10520;565;5;16/01/2026;Lead employee five class large season attack.
10521;6351;1;24/08/2024;Mouth worker stage far focus maybe.
10522;5916;2;19/03/2025;Student themselves future interest.
10523;7301;4;02/06/2026;Morning world town hour best thousand wrong.
10524;19677;1;16/12/2024;Same operation marriage less gas year site.
10525;10963;5;17/11/2025;Wall one sure mind certain wear.
10526;17540;1;01/06/2024;Per marriage set world both election fine.
10527;12528;5;06/03/2025;Many onto later for white model.
10528;8780;5;28/01/2026;Strategy others store behavior them improve.
10529;6272;1;20/10/2024;Clear discover name agent everything range service before.
10530;2078;2;28/09/2025;Always because garden whether any cold look.
10531;9369;2;08/01/2026;Case in election first even increase according.
10532;649;5;04/06/2024;Natural career themselves economy.
10533;17410;5;27/01/2026;Role writer their worker strong travel hit.
10534;4864;2;04/02/2026;Thing individual remain.
10535;15009;1;13/10/2023;Source against take.
10536;18229;3;05/10/2023;Shoulder age trip although heavy.
10537;11560;3;04/02/2026;Management above open agent billion.
10538;16231;3;15/07/2025;Threat anyone talk.
10539;19054;4;11/04/2026;Must fire lay at since.
10540;11375;2;03/01/2024;Name this kid let grow region matter.
10541;10924;5;19/01/2026;Month activity indicate knowledge customer them growth direction.
10542;7838;5;05/06/2024;Building wall maybe alone.
10543;15201;2;27/04/2025;Road note American almost include.
10544;9821;3;19/09/2023;Management window kitchen card spend.
10545;7593;3;16/12/2025;Now participant both common avoid appear.
10546;17745;4;31/05/2024;Performance challenge support increase.
10547;16416;5;11/01/2025;Surface wall four fire apply focus face.
10548;16933;5;15/10/2025;Almost ok fire reduce.
10549;16535;1;22/05/2025;Man arm teacher team wide career time.
10550;17237;1;16/05/2025;Pick measure big floor him financial lead smile.
10551;13661;4;11/08/2024;Fill institution hope again garden sing nation.
10552;11375;1;30/01/2025;Despite let commercial pressure could ready girl.
10553;2222;2;14/02/2024;Goal figure tough range work yard campaign.
10554;13854;3;20/10/2025;Weight up only.
10555;7048;1;28/09/2024;Deep sometimes name across very personal black.
10556;15149;3;20/03/2026;Class guy the down.
10557;16309;2;18/06/2026;Ahead mouth somebody table great certainly bring peace.
10558;1767;5;27/12/2025;Here world risk get ground success friend.
10559;11866;5;06/09/2026;Lay new financial by.
10560;7468;3;23/09/2025;Star against organization law event hold send.
10561;8345;5;20/07/2025;Memory sport order.
10562;14053;1;06/04/2024;Quite rich report exist have according article.
10563;1451;1;21/01/2025;Least thousand require time specific bill.
10564;142;3;05/05/2024;Set direction always through difference blue owner.
10565;13672;1;12/12/2024;Personal community often.
10566;13125;3;16/08/2025;Decade impact body realize could sea million.
10567;9278;4;15/05/2024;Ten career performance ten occur.
10568;10205;5;17/02/2025;If actually clear new whatever score.
10569;19631;4;13/06/2026;Certain difference organization offer together avoid official growth.
10570;12040;1;10/08/2024;Base nor professor hope item win writer.
10571;7374;3;04/05/2025;Allow public join always.
10572;12842;3;23/09/2024;Cup middle hundred war.
10573;4525;5;08/04/2024;Help task difficult suggest against measure consumer.
10574;4883;2;05/03/2025;Really dream old about.
10575;740;3;20/02/2024;Development popular coach above own nice.
10576;8237;2;08/11/2024;Ok professional marriage significant lot face.
10577;9793;4;03/08/2024;Apply late capital.
10578;165;5;08/11/2023;Two trip she.
10579;3511;5;09/08/2025;Different use change itself rock magazine entire.
10580;2095;4;12/01/2025;Image knowledge common yard eye turn huge move.
10581;15629;5;16/07/2025;Recent test employee than their.
10582;11506;3;02/06/2026;Fire ten suffer others.
10583;17440;5;01/11/2024;Hospital thousand rock else five trouble.
10584;8414;2;28/06/2025;Listen also meeting responsibility southern ok almost eat.
10585;8040;3;16/10/2025;Yet money side different finish your forget.
10586;16246;3;01/10/2025;Certainly head anything drop.
10587;2478;4;01/07/2024;Think state green nor pass thought first.
10588;3132;3;23/04/2024;Control who car doctor including professional bar.
10589;11603;4;07/10/2024;Benefit away case early specific.
10590;1107;5;19/06/2025;Discuss maintain painting project role.
10591;19084;5;26/03/2024;Rich decade serve standard again ask.
10592;17347;4;12/06/2025;Public position green that interview read.
10593;17095;3;21/12/2023;Executive nation citizen activity institution alone weight then.
10594;9190;4;16/05/2024;Expert night run though.
10595;1722;3;09/07/2025;History interesting these production answer decision across.
10596;18987;1;07/01/2026;Cause economy other employee hour also ask.
10597;16917;5;23/11/2024;Threat guess executive wonder control especially skill.
10598;3301;3;08/11/2025;Argue growth because property government miss.
10599;13323;1;19/04/2026;Institution white rich behavior in away experience.
10600;1627;3;25/10/2023;Government mother between west bad attention majority.
10601;2663;5;23/03/2026;Country force week.
10602;18812;3;07/05/2024;Evidence during area recently far decision how.
10603;7872;3;21/04/2026;In officer interesting.
10604;13156;3;31/08/2024;Miss institution difficult kid.
10605;8371;4;22/12/2023;Think write fund people carry better low.
10606;1653;2;01/09/2024;Whole Republican my or world three.
10607;19088;4;17/08/2026;Happy during exactly upon result between.
10608;5163;2;18/02/2026;Sort set though back left also pick.
10609;19164;5;30/06/2025;Today team reduce age color.
10610;3744;4;09/08/2024;Street growth expert involve describe decade.
10611;16969;4;17/02/2025;True responsibility other image crime design.
10612;5274;3;10/03/2025;Lawyer house thought past leader learn.
10613;13196;4;01/04/2024;Fire nice enter someone debate her detail.
10614;18030;3;25/10/2024;Western raise draw choice class remember low full.
10615;3891;5;02/01/2025;City modern over half letter picture suddenly.
10616;868;5;06/09/2024;Society matter interest usually born line stand.
10617;7328;1;28/08/2024;Three point well where as.
10618;19081;3;23/07/2026;Past garden attention glass majority store military.
10619;14639;2;18/07/2024;Thank per approach address.
10620;9863;4;20/04/2026;Each hard guess.
10621;17287;1;23/03/2024;Be than stop I.
10622;17108;2;21/08/2025;Heart simple evening establish.
10623;19848;4;16/03/2024;Consumer church kind finish idea forget population your.
10624;18785;1;07/01/2026;Message bar available must.
10625;443;2;23/08/2026;Director suddenly animal huge management cup card.
10626;7825;1;10/06/2024;Once whom nearly which scene for institution someone.
10627;13446;3;11/12/2024;Half officer range.
10628;10872;4;23/10/2023;Avoid yard long.
10629;17586;5;06/11/2023;Heavy cover few sister wind small miss.
10630;8545;1;29/04/2026;Executive understand note.
10631;13862;2;25/02/2024;Meet worker drop reduce letter alone.
10632;9445;1;06/10/2025;Sound morning information material husband court decision.
10633;16715;3;20/01/2024;Land color yes approach good different.
10634;19566;1;09/05/2024;Recognize policy away already everyone.
10635;15228;5;07/08/2024;Tv should artist respond soon whole.
10636;7772;1;18/09/2025;Player check particularly look century every position.
10637;19959;4;21/12/2024;Such middle outside.
10638;7108;5;28/05/2025;Main professional fish enough that rise.
10639;17500;1;19/01/2025;Others not billion election several still.
10640;13459;2;07/09/2025;Site she to.
10641;3240;1;14/12/2023;Southern as choose when.
10642;3528;4;23/01/2026;Conference picture quite idea pull black either.
10643;10432;4;30/03/2025;Recent look mouth work hour argue conference.
10644;1585;5;09/09/2026;Seem car do spend lot finally health.
10645;15581;2;29/07/2026;None so nice travel morning.
10646;4816;4;03/12/2024;Impact seem human.
10647;4342;2;10/10/2025;Physical impact season structure guy bar skill.
10648;14887;3;22/10/2024;Space follow hard.
10649;989;3;15/12/2024;Cup here top hospital drop.
10650;11662;1;16/08/2026;Range seek answer brother down different road listen.
10651;19021;5;22/02/2025;Fall year color hit.
10652;3482;5;27/11/2024;Amount ground money evening occur.
10653;15832;2;21/11/2024;Month she necessary dog politics represent.
10654;10720;2;21/02/2024;Trouble country he add hot consumer.
10655;4034;4;30/07/2024;Sea share wife child year stuff goal.
10656;16966;4;04/09/2025;Should make body lot carry probably knowledge.
10657;7719;1;17/01/2024;Clearly production hair order account nearly.
10658;9320;3;26/09/2025;Law power continue eight defense.
10659;2438;5;18/03/2025;Owner officer per political.
10660;4169;1;21/02/2026;Middle throw also determine necessary better.
10661;19469;4;03/10/2024;It chair close director voice.
10662;3755;2;03/11/2023;Blood artist painting soon south determine less.
10663;4428;5;14/04/2025;Live thus environmental where open anyone identify.
10664;18681;4;06/01/2024;Church this structure save probably.
10665;17994;1;21/09/2023;Themselves option country return challenge door.
10666;13950;3;06/08/2024;Glass write charge color need.
10667;2700;5;26/01/2025;Attack people among teacher common toward gas.
10668;7951;4;26/09/2025;Final with group maybe late work scene whose.
10669;10976;1;29/08/2025;Run particular two around leg treatment week.
10670;16510;5;25/11/2025;Coach amount picture water player.
10671;11244;3;20/12/2025;Republican dinner always strong however build.
10672;6892;2;20/01/2025;Forget I card.
10673;15014;1;29/06/2026;Beautiful party interest business bit.
10674;12523;3;01/05/2026;Must big hot off.
10675;19892;5;27/06/2024;Involve arm pass top others.
10676;7658;3;30/03/2025;Themselves art memory right to.
10677;10321;2;31/03/2026;Yeah direction important per him mission cultural.
10678;17407;1;05/04/2025;Middle find financial find today light.
10679;1473;5;22/02/2026;Myself plant hit tonight their station.
10680;12502;4;12/04/2026;Eight increase security building despite.
10681;12362;4;06/10/2023;Low thank quickly exist without before top.
10682;5964;2;11/01/2024;Single mouth certain else everybody dinner talk network.
10683;1184;5;14/07/2024;Issue class also worry grow.
10684;574;2;09/12/2025;Discuss teach paper others hand.
10685;6799;3;05/02/2024;Last focus program food.
10686;19580;4;29/06/2025;Fish surface child hot ten movement wife.
10687;12537;3;06/01/2024;Institution management wish evening perform will bank.
10688;9159;4;12/02/2026;Huge vote open write generation.
10689;4850;3;25/06/2025;Special since population let scene gas.
10690;11977;5;09/11/2023;Finish eye room chair into provide see.
10691;18543;5;20/11/2024;Get one near show painting edge benefit.
10692;12154;3;10/12/2024;Research civil animal carry ok fly road.
10693;15730;1;24/10/2023;Sister bad serve state little watch letter.
10694;13505;4;29/08/2026;Understand her dinner back water occur himself.
10695;6143;5;28/01/2024;Energy necessary trial scientist paper end.
10696;18810;2;06/11/2023;Part far minute close explain real television.
10697;13673;4;11/03/2024;Property company send week their.
10698;15801;5;07/11/2024;Realize look face office move.
10699;2739;1;20/05/2025;Certainly leave test back probably top.
10700;4474;5;01/04/2025;We debate leader support chair significant friend.
10701;17351;2;30/09/2024;Middle kind report benefit design visit.
10702;4587;1;28/05/2025;Source nice collection.
10703;7446;4;13/11/2023;Discover well employee area shoulder thank although.
10704;6613;5;18/11/2024;Line stay responsibility sense.
10705;5645;4;01/03/2026;Area result them course war.
10706;782;2;07/06/2026;Never director star short black box.
10707;3401;4;25/01/2025;Ever stock anything crime though.
10708;7618;5;21/01/2024;Enjoy student character try show.
10709;5397;3;11/03/2025;Throw court cut window cause.
10710;7325;4;13/09/2023;Hundred board clear us special.
10711;15326;5;05/01/2024;Because new carry city choose do meeting.
10712;6342;1;11/07/2025;Level if pay effort race prove.
10713;16152;5;29/09/2023;Society put notice under authority represent truth.
10714;1673;5;25/12/2023;Some lawyer wonder down here determine civil.
10715;8764;1;04/11/2023;Back wonder foot place agency something.
10716;2856;1;15/06/2024;Car writer national.
10717;15932;3;21/11/2023;White last mind.
10718;2169;3;08/03/2024;Religious argue color than feel account compare.
10719;827;3;01/06/2025;Ago store color morning friend region.
10720;18401;1;01/10/2025;Piece plan see go audience.
10721;15068;4;23/02/2025;Painting adult thus fear consumer draw.
10722;11446;2;21/01/2025;Building hair on seek quickly brother interview.
10723;7029;4;04/05/2026;Turn right at control finish someone.
10724;1849;3;21/08/2026;Dinner little should get most treatment.
10725;9262;5;04/04/2024;Term she above.
10726;8004;3;21/06/2026;Fire summer several ground my financial big.
10727;7466;1;02/12/2023;Car debate during house.
10728;7148;4;19/03/2025;Protect listen Mrs start.
10729;2313;2;05/03/2024;Play agree open authority future three moment total.
10730;12394;4;03/10/2025;Research capital book church magazine will treat.
10731;12940;5;24/03/2025;Over chance right summer.
10732;16847;4;24/06/2026;Exist develop although simply protect receive magazine.
10733;8393;3;29/06/2025;Teacher sister young trade instead until.
10734;5171;3;22/09/2023;Get indeed despite commercial office indicate everybody.
10735;8802;3;13/07/2026;Force office billion personal manage.
10736;5784;2;28/05/2024;Near stuff hit.
10737;18051;1;25/07/2026;Remember toward per mouth five.
10738;8242;2;28/03/2024;Model share serve message range figure camera.
10739;2771;3;11/07/2024;Whole spring spend red deal.
10740;6190;1;26/03/2025;Region let weight fire.
10741;19373;4;17/01/2024;Ago soon itself agency really management position.
10742;6681;1;10/02/2024;Form bit speak.
10743;1662;2;14/04/2024;Remain day your no hundred back.
10744;18772;5;21/08/2024;Social consumer decision try side music actually.
10745;4078;2;16/11/2024;Hard will media budget.
10746;18776;4;14/05/2024;Wear bring article activity quickly.
10747;19197;5;29/09/2024;Size forward increase.
10748;11919;3;28/11/2024;Claim force eye cause end.
10749;17394;2;28/09/2023;Training themselves act read point statement record participant.
10750;295;1;10/08/2026;Benefit region should huge.
10751;7458;1;12/01/2025;Particularly color attorney evidence would let popular.
10752;4787;2;11/06/2026;Rest woman garden while Mr enjoy baby.
10753;9108;1;10/12/2024;Him husband him life.
10754;11449;5;29/09/2023;Also career close either left term.
10755;9201;2;09/07/2024;Should near receive yourself expect ready.
10756;4715;2;24/09/2025;Low world with dark benefit doctor.
10757;16032;2;09/09/2026;Activity along realize performance music.
10758;11662;2;08/01/2025;Like card five room wrong.
10759;19192;4;29/04/2025;Social mouth question.
10760;11497;5;23/11/2025;Body end general care.
10761;19903;4;09/01/2024;Energy actually fire outside away lot stage.
10762;9732;2;12/12/2023;Country hear across work important carry.
10763;18312;3;03/09/2025;Let lead worker cover door prepare.
10764;13153;1;17/09/2023;Game church use respond tax team.
10765;10354;5;27/06/2025;Thus series matter whole father serious.
10766;9907;2;30/01/2025;Hospital price training agree smile method form.
10767;11687;3;02/01/2024;Magazine stage begin stay.
10768;8456;5;20/04/2024;Well would baby get.
10769;11941;1;17/02/2024;Thank game half benefit accept.
10770;4733;1;29/06/2024;North enter town various thank require middle off.
10771;13814;1;24/08/2024;Station able base travel.
10772;2986;5;14/12/2023;Nature practice least church.
10773;11842;5;07/09/2026;Possible particularly job his.
10774;16014;1;22/02/2024;Little tax good history.
10775;19800;4;26/01/2025;Particular night ten.
10776;9589;1;28/01/2024;Often line analysis.
10777;16289;5;03/11/2025;Enough beat because per agent push film.
10778;19002;1;27/10/2023;Camera bring loss late give.
10779;13098;2;12/03/2026;Statement seek mean.
10780;9889;2;04/08/2026;International friend owner all somebody dream.
10781;4131;5;01/06/2025;Side sound central but daughter heart.
10782;12735;2;12/09/2026;Mouth discuss back mention line former want.
10783;17353;3;08/04/2025;Information night professional treat.
10784;13156;1;06/11/2023;Weight material keep share.
10785;10130;1;16/06/2026;Follow important few style security way participant.
10786;14089;1;30/06/2025;Upon something Congress official son old catch leader.
10787;15498;4;02/07/2024;Human agent together whose need.
10788;14528;2;07/11/2024;At there across system.
10789;3793;2;06/02/2025;Also report collection which think production.
10790;18932;2;02/03/2026;Rich media adult design sport information occur.
10791;243;1;11/06/2025;Form scientist build as now identify lead citizen.
10792;395;4;01/01/2026;Clearly whose skin treatment.
10793;12879;4;24/09/2024;School they his learn head.
10794;671;4;06/03/2026;Method pick forward evidence need he.
10795;11032;5;08/01/2025;Anyone officer yet already white accept any.
10796;4303;2;05/08/2026;Site writer morning.
10797;6142;2;02/10/2024;Thus decade tell easy left long cup.
10798;2497;5;07/02/2024;Woman report marriage old sit short.
10799;9122;4;20/09/2023;North identify me describe much especially.
10800;1427;5;04/04/2026;I collection color mission tough so.
10801;9976;5;12/11/2023;Understand share cover ok area.
10802;8661;1;02/01/2025;Discover benefit about happy century understand.
10803;2919;2;19/06/2026;Director response site early long.
10804;15062;3;22/11/2025;Government themselves situation allow green.
10805;9876;3;15/10/2024;She man place send.
10806;14000;4;17/08/2025;Rise discuss shoulder two party.
10807;13959;3;07/01/2026;Range school me majority different.
10808;2830;2;17/06/2026;Movie imagine stock outside already.
10809;8800;5;19/12/2025;Hour own fact student participant.
10810;5331;2;14/12/2023;Build focus necessary break read wind.
10811;8026;5;02/12/2025;See trip drive explain.
10812;687;1;14/05/2025;Nice attention six feel.
10813;8046;1;08/10/2023;Ready visit sea necessary machine around risk project.
10814;281;2;26/01/2025;Security shake sea in southern thousand.
10815;3394;5;09/02/2026;Cover pretty stand ok.
10816;16315;1;21/02/2024;Fund face kid president while their.
10817;5876;4;02/11/2025;Let owner security realize.
10818;4272;5;18/01/2024;Themselves onto run store.
10819;13426;1;24/07/2026;Season yeah ground music have increase.
10820;12710;2;08/01/2026;Line sort air training American husband local.
10821;5585;1;26/10/2025;Dog give friend carry across almost letter key.
10822;13474;5;30/04/2026;Certainly campaign last girl fast reflect know.
10823;19215;5;08/10/2024;Pm these this finally.
10824;7495;1;05/11/2025;Ground tough second enter themselves fish bill.
10825;5320;2;28/06/2025;Whose kind power.
10826;17122;2;20/05/2026;Example rest director number moment age.
10827;13235;2;20/04/2024;East form lay foreign group tend night particularly.
10828;18672;1;24/02/2024;Involve second certain run article evidence.
10829;5831;4;25/04/2026;Note benefit person according while.
10830;13076;3;20/10/2025;What no age these three.
10831;16256;4;20/05/2026;Window now five specific represent cell sing.
10832;2575;5;01/03/2025;Skin after picture drug this sure government.
10833;10975;4;02/11/2024;Real evidence anything.
10834;19237;3;14/07/2024;Speech boy hotel music as would here box.
10835;8584;5;23/11/2025;Big will people others.
10836;1492;5;11/10/2024;Hard whole hundred floor figure run.
10837;1277;1;24/01/2025;Blue tonight figure million fight they movement.
10838;682;2;02/04/2024;Accept girl ball together everyone would much.
10839;7670;2;25/11/2023;Wide focus later somebody.
10840;8646;1;11/04/2026;President our arrive almost news finish across.
10841;15742;1;07/09/2026;Country care brother case again base.
10842;19501;4;29/01/2024;Morning rate mouth seven sea tell.
10843;13185;2;17/12/2025;Image unit way response point stock machine.
10844;7308;4;07/05/2026;Oil throw piece red education position class point.
10845;5780;4;18/11/2025;Sister newspaper this full.
10846;10522;3;08/06/2026;Trip so reduce someone since cause really laugh.
10847;9085;4;07/12/2023;Charge true edge culture project.
10848;19424;5;05/12/2023;Exist explain body save director whether painting.
10849;1649;1;15/03/2026;Partner pattern from debate television wind.
10850;12890;1;14/07/2026;Price although him production large pressure tough.
10851;6840;4;10/06/2026;Think evidence eight job return including.
10852;19264;1;17/08/2026;Four however former none many fall.
10853;14801;4;07/01/2024;Attack group scientist technology ahead dream next.
10854;16053;3;27/11/2023;Interesting later others former school concern budget.
10855;689;3;19/10/2023;Personal perform popular how coach long.
10856;6543;5;02/06/2025;Degree impact all general federal.
10857;4820;5;20/10/2023;Charge account word task human.
10858;19754;3;23/07/2024;Several policy organization.
10859;4875;5;21/01/2025;View affect capital only.
10860;5840;3;29/05/2026;Institution billion star which type too.
10861;4840;5;18/11/2024;Alone newspaper authority trip bar.
10862;19695;3;12/09/2026;Total senior administration language meeting.
10863;7370;3;25/07/2026;Throw speech example pattern born red.
10864;13324;3;05/04/2024;Debate little important sell camera.
10865;16796;2;13/07/2024;Few available seek focus.
10866;13941;1;20/04/2025;Class into sell performance.
10867;1779;1;03/06/2024;Gas method attack whole miss.
10868;1978;3;12/12/2025;Such risk throughout deep they.
10869;10100;2;11/03/2024;Offer fill manage smile picture husband.
10870;7053;4;13/03/2025;Hold final pick.
10871;17236;3;06/01/2026;Management none research couple help case.
10872;14000;5;21/07/2025;Eye treatment seat Democrat area identify better.
10873;1832;2;07/08/2026;Month over style work.
10874;9169;5;08/02/2024;Adult natural grow attorney organization wind.
10875;712;1;06/07/2024;Performance create thus save.
10876;19788;4;16/04/2025;Might offer positive doctor theory point low quality.
10877;1929;3;16/12/2025;Member relate foreign realize ground party.
10878;3180;1;06/01/2024;Lay north sort draw standard television daughter indicate.
10879;15462;4;29/07/2024;Under believe range guess.
10880;3710;4;17/03/2024;Pm final compare who head community.
10881;14570;5;23/11/2023;Field leg easy risk.
10882;16358;3;14/07/2024;Development dinner Mr.
10883;10641;2;18/08/2026;Off candidate court letter tell figure church.
10884;12741;4;26/11/2025;Hundred which police air.
10885;16505;2;09/02/2024;Floor trade dream just.
10886;6858;5;03/03/2024;Give cup generation spring change peace person.
10887;15040;5;17/09/2025;Eight include accept section price happy president own.
10888;3363;1;18/03/2024;Part enough Democrat inside material fly thank.
10889;619;2;23/11/2023;Main southern development.
10890;12113;1;14/08/2024;Share statement case road center section.
10891;15157;2;25/10/2023;Recent give center base picture effect money kitchen.
10892;4871;2;27/03/2025;Few friend break if.
10893;12827;3;11/09/2024;Account forward exist whatever.
10894;8995;5;20/04/2025;Low direction sense similar.
10895;18094;1;09/08/2026;Ground effort green huge month over free young.
10896;17445;2;03/11/2024;City blue image look account gas.
10897;7669;3;03/05/2024;Sell toward house peace town.
10898;6653;4;16/08/2025;White with significant good.
10899;14820;5;24/04/2025;Like cultural space dream hundred.
10900;14201;4;31/10/2025;No forward professional decade.
10901;17903;5;19/12/2024;Newspaper score through far consumer another according.
10902;924;3;14/11/2024;Late traditional operation talk half.
10903;1478;2;21/10/2023;Argue better fish much late.
10904;18585;5;20/09/2024;Gas raise run forget management sing too visit.
10905;17938;2;09/09/2026;Share leader thought among down despite during thus.
10906;9452;1;15/10/2024;Purpose little success teach Congress south fall.
10907;581;1;27/04/2024;Old operation significant growth.
10908;3644;4;29/11/2023;Remain should seven because way you.
10909;15930;1;20/10/2023;Next investment bit movie card chance skill.
10910;1095;4;28/10/2024;Four seven increase always service.
10911;105;3;12/12/2025;Management edge push upon.
10912;19683;3;08/10/2023;Play how arm year.
10913;11012;5;24/01/2025;Civil race cover spring let us subject rock.
10914;11795;3;22/11/2025;National until game population.
10915;17533;4;27/12/2023;Involve appear force big administration.
10916;3125;4;03/02/2026;Although pass until approach than.
10917;13893;4;23/05/2025;Toward audience late seven three sit.
10918;6469;4;25/10/2025;Rule if almost writer either.
10919;13350;4;02/04/2025;Own nothing moment skill movie provide Mr.
10920;19293;1;19/03/2026;Instead need source politics wall sing dream.
10921;10696;5;13/08/2026;Get woman fund kind outside son very.
10922;9233;5;28/03/2025;Herself occur decade.
10923;4460;3;12/12/2025;Add also relate friend.
10924;19203;2;05/08/2025;Stand possible though various color.
10925;10725;1;10/02/2024;Adult black most explain want available.
10926;3837;3;25/07/2024;Single wait quickly five leave.
10927;17755;5;01/07/2024;Imagine practice five on.
10928;8842;3;20/04/2024;But job owner can during fear.
10929;5651;1;31/12/2025;Discover decade give.
10930;12022;1;06/08/2025;Born human participant effect stay compare.
10931;12686;4;14/10/2024;Attention visit these example cold.
10932;7224;4;29/01/2024;Century could administration candidate offer trouble present.
10933;4472;1;19/12/2025;Staff little natural create detail.
10934;1632;1;10/11/2024;Provide reach training next morning he.
10935;2365;2;21/02/2024;Position party money dream dinner onto.
10936;18464;4;02/08/2024;Hit tonight long collection.
10937;18141;1;14/02/2025;Off character difference experience meeting.
10938;103;4;26/02/2024;Huge upon education away.
10939;12556;4;24/11/2024;True partner economy action.
10940;12416;4;15/10/2025;Fill own at it ground but find heart.
10941;2299;5;13/03/2026;Writer north admit affect best stage culture.
10942;8516;5;25/01/2025;Structure drive time commercial care decade.
10943;11127;1;17/04/2026;If view by room product.
10944;3589;4;18/05/2024;Condition issue thus nature success value side.
10945;10812;5;01/05/2026;Paper know according media education resource.
10946;4296;1;04/08/2024;Argue up bill resource go newspaper.
10947;7066;5;19/09/2025;Tv shoulder end.
10948;13961;2;30/07/2026;Of put already relate.
10949;15182;3;16/10/2024;Walk indicate manager couple type.
10950;3378;4;09/05/2024;Early leave later open.
10951;6767;1;10/12/2023;Staff various seek chance organization imagine spend growth.
10952;11978;1;04/11/2025;Cost gas like hold.
10953;1914;2;04/03/2026;Than occur candidate leader law area.
10954;2102;2;27/11/2024;Stage industry themselves.
10955;6539;5;22/03/2026;Eye hard myself husband air anyone.
10956;2957;5;21/05/2025;Summer heavy right hot out.
10957;6956;3;03/08/2025;Recently in too present.
10958;749;5;07/03/2026;Thousand town dog health individual certainly.
10959;13089;5;13/04/2024;Amount make short skill bring purpose.
10960;1818;2;17/07/2024;Effect focus nation by certainly.
10961;12779;3;10/04/2025;Treat subject trade.
10962;4713;2;05/11/2025;Identify think effort positive fish friend wear contain.
10963;14106;4;12/03/2026;Feel young example kitchen add social material true.
10964;17730;5;11/09/2025;Writer well bar animal miss federal.
10965;18775;1;26/12/2024;Live behind we artist.
10966;11168;4;20/11/2025;Occur interview reduce stand.
10967;1846;1;23/12/2024;Town today writer discover pressure figure she.
10968;3514;4;14/06/2025;If while majority campaign require part price.
10969;10088;1;12/12/2024;Cultural foot individual local.
10970;10955;4;10/02/2026;Law charge affect.
10971;689;5;28/10/2023;Quite until can manager.
10972;17665;2;29/10/2023;But song much gas.
10973;12163;1;01/09/2026;Face language your form available.
10974;18065;2;27/02/2024;House visit road tend east.
10975;19310;4;06/09/2025;Describe this until force remember reality guess.
10976;16233;4;23/06/2024;Town consider me machine continue thus work.
10977;19624;1;23/07/2024;Long include cut court.
10978;13684;5;07/01/2026;Recognize street describe body might month mind.
10979;11886;2;30/11/2024;Back everyone receive court history pay role expect.
10980;16769;5;29/10/2025;Arrive continue still activity.
10981;18285;3;31/03/2025;Foot teacher central vote family feel sister.
10982;7472;2;12/10/2023;Material sometimes wife part family clearly bag.
10983;7634;5;21/07/2024;Old film end none treat wife business positive.
10984;4501;5;19/02/2025;Treat letter ten probably course quality author.
10985;751;4;27/02/2026;Oil work enjoy range.
10986;6187;2;08/04/2024;Size run cover especially trouble collection yeah.
10987;13534;3;29/11/2024;Want stand interesting check operation.
10988;13073;2;09/03/2025;Assume ago first fear.
10989;3724;5;25/12/2024;Money great thousand sound born three time accept.
10990;19704;4;25/09/2024;Send on full rise more democratic.
10991;19674;1;07/02/2025;Maintain through magazine particular air discussion community memory.
10992;16100;1;24/06/2025;Treatment amount style girl church.
10993;6617;4;18/02/2026;Wide beautiful president condition treatment administration democratic.
10994;472;3;03/05/2024;Least blue girl.
10995;2180;2;06/08/2024;Job be kitchen several.
10996;2798;3;26/03/2024;Explain team camera itself cause eye defense drop.
10997;6244;3;09/03/2025;Interesting best picture hundred history.
10998;17643;3;28/10/2025;Dog character system prove step over.
10999;1733;1;30/10/2023;Difficult wrong hope company.
11000;11268;5;16/10/2024;Seek eye drug hand back true recognize.
11001;7276;2;22/01/2025;Wonder board player society let choose.
11002;5010;2;31/08/2024;Make send tend gas.
11003;6000;4;31/01/2025;Still bit million entire appear.
11004;1189;4;06/11/2023;Democrat rate activity individual.
11005;16821;1;20/10/2025;Language his together southern.
11006;6556;3;02/07/2024;Teach three soon.
11007;16587;2;15/08/2025;Plant list low tax.
11008;10214;5;22/07/2024;Yourself wide role admit language half rather.
11009;9441;1;04/11/2025;Go generation mean plan number bar.
11010;10555;3;14/01/2025;Drug discover always of.
11011;6558;3;17/06/2024;Senior impact soldier per necessary word.
11012;9685;5;18/05/2026;New those blood continue live.
11013;14279;3;03/11/2025;In daughter beat speak step fight.
11014;376;1;19/05/2025;Arm cause tonight them according before room policy.
11015;8543;4;20/06/2026;Each music western girl kitchen not.
11016;19988;3;03/08/2024;Actually read organization memory thing far school.
11017;15666;4;19/06/2026;Service expert suddenly.
11018;5515;3;08/10/2025;Whatever may work onto cost left.
11019;2232;3;30/06/2026;Family small office role director race suffer.
11020;6192;2;22/05/2025;Person around east prevent store indeed story.
11021;1273;3;14/10/2024;Church American hot enter wife build.
11022;12894;3;07/12/2023;Seem positive agent war institution skill.
11023;10646;4;25/10/2023;Effort activity consumer show local you.
11024;3093;2;29/12/2025;But against light give.
11025;8584;3;24/06/2026;Rule friend adult.
11026;850;1;20/09/2023;New son dinner continue pass who itself.
11027;6033;2;04/01/2025;Listen garden ball ground particular.
11028;1430;2;23/12/2025;Never bed family floor magazine former present.
11029;2508;4;21/08/2026;Social condition national ground past court detail.
11030;11304;3;05/05/2025;Enter attention might relate technology attorney.
11031;10913;5;30/05/2026;Receive just pick cell.
11032;1756;4;05/08/2024;Speak might after traditional.
11033;3548;2;17/06/2024;Little look accept others throw moment tonight.
11034;17131;3;26/02/2026;My score nothing off realize project.
11035;9763;5;06/01/2026;Officer part table foot candidate better.
11036;15649;5;02/07/2024;Truth though specific trade program despite.
11037;8358;2;07/07/2025;Through type direction young.
11038;1975;1;28/02/2025;Area reality town child arrive.
11039;15725;2;09/06/2026;Exactly leg occur go relationship process live.
11040;7687;1;13/11/2025;Free level least yet fire senior.
11041;2984;4;07/12/2025;Participant model quality serious executive work modern instead.
11042;13853;3;07/09/2025;Agent majority lead budget both population past those.
11043;5410;2;18/10/2023;Turn but population easy everything.
11044;86;2;22/03/2026;Cup threat organization others firm star training.
11045;9940;4;28/04/2026;Authority find but cause total western standard.
11046;10488;5;25/10/2024;Happy hit gas after.
11047;6198;4;14/01/2025;Eye rather shake capital or chair.
11048;18844;3;20/07/2024;Or list account town dog pattern.
11049;108;4;23/11/2024;Name his baby.
11050;5228;3;15/03/2026;Industry poor sign table dark represent.
11051;10079;5;13/11/2024;Challenge work woman piece.
11052;17297;2;13/05/2024;Organization organization man indicate cut memory response someone.
11053;2990;5;29/01/2024;Television prepare activity including.
11054;15500;4;22/01/2024;Challenge establish fly worker clear art.
11055;848;4;03/12/2025;Toward color hold open.
11056;5837;3;16/09/2024;Eight place those task left song plan.
11057;7066;4;19/09/2025;Down space fly position look.
11058;5619;4;07/05/2025;Here wide loss unit off various generation.
11059;667;4;21/05/2026;They man modern quite.
11060;17351;3;27/06/2025;Officer money pick worker shake control official.
11061;10567;2;31/03/2025;Peace season save seat be year south much.
11062;15425;2;29/02/2024;Lay big look as quality close feeling.
11063;2169;4;23/08/2026;Mr question management.
11064;8813;4;23/03/2024;Now agree from.
11065;9856;1;11/09/2025;Window market mean society board performance state.
11066;10414;1;31/07/2025;Door try hotel its class member.
11067;16822;4;11/03/2025;Television why debate picture meet clear.
11068;10276;3;15/01/2026;Friend look soon.
11069;8022;2;15/07/2025;Institution represent plan instead that letter.
11070;13269;3;06/09/2024;Yeah help race us write free east enter.
11071;17953;1;07/10/2023;Take than hundred movie.
11072;2095;1;26/04/2026;Network out themselves shake pull.
11073;13968;4;10/08/2025;Reach brother purpose start brother article fall.
11074;9798;4;25/07/2025;Large apply deep I authority forward.
11075;17959;4;29/04/2024;Throw reach past speech still.
11076;3055;5;27/01/2024;Bed something thought rich agree discover.
11077;15459;1;15/03/2024;Treatment offer scene human someone.
11078;12975;2;22/03/2025;Key late community case surface up form.
11079;16635;2;16/07/2024;Pay buy answer near less buy.
11080;5980;2;27/11/2025;Occur five officer professional prevent power.
11081;12615;4;02/12/2025;Notice recognize design his paper newspaper fire chair.
11082;6756;4;11/01/2025;Time treatment ever option itself already soldier.
11083;5870;1;01/04/2026;Ground support ever trade order however whose.
11084;18996;1;27/07/2025;Character the ever able personal I people.
11085;4989;3;05/10/2025;House deal many hard.
11086;2594;5;06/10/2024;Customer analysis return pull discover.
11087;13333;1;02/05/2026;Idea new check day.
11088;19440;1;18/07/2026;Forget situation point change.
11089;17092;1;12/05/2026;Local begin knowledge sometimes station something father.
11090;14025;2;27/03/2024;Choose mother film he next.
11091;9446;1;05/08/2026;Yet state drive push win Democrat.
11092;18034;1;27/04/2025;Community sense weight movement another south cold.
11093;13720;5;06/10/2023;Court form hope join memory.
11094;10914;5;29/05/2026;Save ago military put sure receive.
11095;979;1;29/05/2024;Realize key agreement without mind center see.
11096;16142;5;17/11/2023;Painting learn water mind agency serious.
11097;6532;3;09/02/2025;Really hundred trip late.
11098;10517;1;04/01/2024;Leader wind others mind bad.
11099;9675;5;24/01/2025;Garden company benefit argue listen woman.
11100;11037;3;02/02/2025;Play inside hotel explain left on.
11101;7395;4;04/09/2026;Stop economic collection draw again because.
11102;5002;5;01/09/2026;Defense approach cost miss citizen must.
11103;5546;1;03/03/2024;Surface base more need career sea discussion.
11104;10111;1;06/11/2025;Decide hard choose item material cell.
11105;16290;2;09/05/2025;Dark threat maintain piece.
11106;17282;4;10/08/2026;Them show tough good heart.
11107;11259;1;16/04/2026;News everybody commercial defense second hotel worry.
11108;7477;4;02/04/2024;Western sense truth message physical.
11109;13147;4;05/06/2025;Office rule everybody she huge me.
11110;11242;2;28/01/2025;With several expert wife bar out.
11111;10023;2;09/08/2025;Address present away rest hope trip must.
11112;13222;4;18/12/2025;Budget marriage discuss write.
11113;4829;3;17/09/2024;Condition story industry.
11114;12412;2;27/02/2024;Education few find break.
11115;14684;1;18/07/2026;Agreement begin scientist leave research necessary green city.
11116;7854;1;16/03/2024;Floor challenge body pass live.
11117;13587;4;19/09/2025;New hair evidence break hit.
11118;14834;1;13/03/2026;Result it tough hit.
11119;15823;4;22/10/2025;Traditional course a black.
11120;13885;2;05/06/2025;Difference change spring sea himself dinner.
11121;5581;5;17/05/2025;Body cover effect music light deep audience our.
11122;4200;1;23/03/2025;Recognize blood father as several.
11123;5380;3;29/07/2025;Discover realize bed.
11124;11538;2;09/02/2025;Recognize continue somebody large feeling teacher poor eat.
11125;435;3;06/02/2026;Foot second political instead step produce answer.
11126;2257;5;14/10/2024;Brother Mr some such.
11127;76;4;27/11/2024;Piece hundred page someone work today.
11128;3738;1;13/07/2024;Choice like actually hundred standard fast.
11129;17480;5;11/12/2025;Argue during wait daughter from ahead fine.
11130;19999;1;12/10/2023;Threat general show seat amount.
11131;16161;5;10/02/2025;Conference protect play service.
11132;6907;4;30/09/2025;Course partner inside treatment national determine paper.
11133;19137;3;10/05/2025;Structure national heavy bank.
11134;893;1;31/03/2025;Sound event upon owner.
11135;3091;3;03/08/2024;Those describe some say out.
11136;11030;2;16/02/2025;Trip yes play great people.
11137;17916;2;27/01/2026;Town wide interesting mean ball.
11138;9619;5;21/11/2023;But by respond health consider certain development college.
11139;11033;5;07/09/2024;Put generation firm international someone big fight.
11140;15035;5;01/10/2025;Financial success voice least country.
11141;7075;2;16/10/2025;Assume easy despite baby type.
11142;12256;5;12/02/2024;Glass read continue east see pick ground.
11143;1434;3;27/08/2025;Though should arm evening outside start.
11144;15989;5;10/03/2026;Defense movement available fill.
11145;5889;5;04/02/2026;Suggest lay nearly.
11146;12418;1;10/06/2024;Perform personal trial situation yet.
11147;13887;2;05/11/2025;Natural probably management box indeed.
11148;4032;1;17/01/2024;Particular animal finally surface.
11149;10159;3;31/05/2024;Eye not surface begin.
11150;15677;2;05/10/2023;Assume a tonight really.
11151;7033;1;04/10/2023;Build police beyond hotel care view sport.
11152;18765;1;23/09/2024;Fear partner save girl hospital wind human least.
11153;15062;3;05/11/2024;Best high author alone.
11154;13664;1;09/03/2026;Also as capital ahead.
11155;4667;5;09/01/2024;Call will large.
11156;12724;2;18/06/2025;Red study group candidate result fire character.
11157;9727;2;14/10/2023;Again less article measure ball.
11158;14465;3;15/05/2024;Manage discover step on partner city audience.
11159;9039;4;29/07/2026;Next mother area.
11160;3989;3;21/08/2026;Base age surface miss woman glass skill.
11161;2106;1;06/03/2025;Partner then reach officer.
11162;8927;1;23/12/2023;Performance not instead word reach.
11163;14711;1;01/06/2025;Machine government purpose check.
11164;12737;3;21/05/2026;Campaign traditional understand beyond else full line will.
11165;3481;4;14/12/2025;Star difficult serve forget we effort.
11166;6387;1;13/11/2025;Grow board staff generation sister north.
11167;1361;5;27/09/2025;Later big rule little.
11168;12858;3;02/07/2024;Conference break true reason.
11169;9708;1;10/02/2026;Themselves offer become lose late.
11170;16824;1;14/01/2025;Husband natural really happen treatment finish sound.
11171;12749;3;25/05/2025;Movement arrive opportunity whether guy.
11172;15180;3;23/12/2023;Hour method information still surface everybody spring.
11173;19273;1;27/11/2025;Professor mother some executive rest house level admit.
11174;17623;5;28/01/2025;My notice clear work knowledge save throughout least.
11175;16877;5;16/04/2026;Central official movement.
11176;19448;3;04/07/2026;Report service fund several agent decide.
11177;19194;2;24/08/2025;Thank thing whole mother.
11178;2496;3;22/07/2024;Most listen company season.
11179;19935;5;12/05/2024;Knowledge song relate party.
11180;7729;1;14/04/2024;Get my civil look peace feeling my front.
11181;17049;1;30/04/2025;Address dog attorney use college particular single situation.
11182;3451;4;29/10/2024;Blue film enough full their idea identify share.
11183;8066;4;14/08/2025;Else huge pressure art program trial lot.
11184;7728;2;23/09/2024;Police possible if option water finally.
11185;16272;4;23/04/2024;Local just late upon attack spring save.
11186;17253;4;05/01/2024;Soldier lawyer within shoulder wife few tell.
11187;2588;3;05/08/2026;This end area glass event.
11188;6723;3;06/05/2025;Agency traditional our several sport brother.
11189;7317;2;13/08/2024;Right financial teacher town big get.
11190;18350;1;12/04/2024;Hospital question girl offer.
11191;13515;5;18/03/2026;Second interesting edge.
11192;18422;5;18/03/2025;Coach me detail agency son.
11193;12112;3;18/11/2024;Cup all west society responsibility movie commercial.
11194;18042;1;19/02/2026;Cover world final I employee.
11195;8447;4;01/05/2025;News grow interest compare realize.
11196;14893;2;08/05/2024;Other authority meet woman.
11197;9491;2;13/11/2023;Save from star major movement from value.
11198;14304;2;19/05/2025;Here community child.
11199;2055;1;30/11/2024;Professor run term mention picture relate.
11200;18204;5;05/03/2026;Thing drop your rich minute sport term cover.
11201;270;3;18/03/2026;Perhaps inside decade.
11202;3173;2;03/01/2026;Gas tend occur blue experience.
11203;6505;2;18/02/2024;Blood surface front student action financial.
11204;4809;5;08/09/2024;Go single yourself other return style bring.
11205;18952;3;19/08/2025;Reality PM lead affect team change tell.
11206;14043;4;20/01/2026;War despite what stock hand affect.
11207;895;5;24/12/2025;Generation through note however.
11208;9783;3;29/07/2025;Official share feeling air month camera question.
11209;12085;5;11/03/2024;Simple throw same travel though.
11210;19962;3;05/07/2026;Air economic daughter.
11211;12887;1;16/10/2023;Staff see long teach.
11212;18040;1;15/03/2026;Result difficult Mrs represent point low us.
11213;13266;1;28/05/2026;However college would let image market foreign again.
11214;7878;5;27/07/2024;Data response management crime bill.
11215;781;4;26/08/2026;Former then able.
11216;7104;1;09/07/2025;Treat morning ever anything American win investment.
11217;16192;3;26/09/2023;Head hold computer.
11218;15005;5;26/05/2024;At woman human amount.
11219;3953;1;07/05/2026;Name structure manage phone five teach maybe.
11220;5091;1;14/06/2024;Toward year ever current or.
11221;16133;4;28/03/2026;Husband civil industry people store receive.
11222;5028;1;14/01/2026;Might sea then necessary tough quite effort.
11223;3765;3;21/05/2025;Effect case letter share worry run fact.
11224;12488;4;16/11/2023;Personal safe themselves keep institution choose.
11225;13804;1;28/07/2024;Floor mean sense and.
11226;19261;1;01/02/2024;Speech public until.
11227;10411;5;17/03/2026;Ready student yard public poor while woman.
11228;11874;2;14/12/2024;Worry easy red must pick enter.
11229;1451;4;02/06/2024;Perform road off.
11230;14245;2;24/08/2026;Call range suddenly force able.
11231;14910;5;24/02/2024;Huge agree most score risk find as.
11232;4200;1;06/02/2024;Notice yard plant institution floor top southern.
11233;11395;5;26/01/2025;Human film enter.
11234;4836;4;06/01/2025;Computer phone listen body feel.
11235;17870;2;24/07/2025;Southern nothing purpose record method bar ever result.
11236;1962;2;12/06/2024;Best food stop.
11237;5461;1;15/09/2025;Movement event mind degree theory social always.
11238;6537;4;24/09/2025;Still friend watch.
11239;4674;5;20/07/2026;Citizen sister for similar.
11240;9386;1;10/12/2025;Successful project apply again yet get concern.
11241;3897;5;21/10/2025;Movement option American leave building work.
11242;789;3;20/11/2024;Too contain adult focus.
11243;11564;4;30/04/2026;Break safe remember thus indicate upon.
11244;5782;2;09/08/2024;Get might side federal billion ok.
11245;18825;3;13/05/2025;Final class others scientist strong.
11246;14468;2;13/08/2024;Try because another stock us great.
11247;16127;4;12/08/2025;Pick cup give life operation.
11248;12705;4;30/07/2026;Out read everything cold stock interview generation.
11249;16770;4;30/01/2025;Learn out rather economic address maintain.
11250;9162;2;01/11/2025;Check officer nation agent.
11251;12273;5;06/05/2024;Create response third while follow PM.
11252;3291;3;11/06/2026;Teacher must space image.
11253;14981;2;04/03/2025;Social should TV here choice.
11254;17184;3;06/02/2025;Seven true occur wrong agree kid save.
11255;13086;3;20/10/2023;Teacher never answer free.
11256;13863;3;20/08/2024;Rule across box public than own key heart.
11257;2689;1;15/07/2026;Ever home research pay.
11258;17555;4;08/07/2025;Officer society receive position assume ok.
11259;6323;4;19/07/2024;Life scientist economy phone.
11260;5909;3;22/01/2026;Performance agree popular not me.
11261;3502;5;25/12/2025;Approach business ready business final east.
11262;15963;3;11/02/2025;Hotel meeting hand.
11263;15280;2;19/07/2024;Social side suddenly such worker article to.
11264;4412;2;18/09/2024;Candidate body network PM.
11265;2554;5;08/04/2025;Really require ten her.
11266;8871;1;28/03/2024;Soldier old range very sense.
11267;6389;5;27/05/2024;Action life word month fly candidate turn.
11268;16828;3;10/12/2025;House run civil including throw marriage recognize describe.
11269;2598;5;22/11/2023;Believe mother require strategy weight television everybody.
11270;8865;1;16/03/2026;American nation job fight.
11271;13011;1;31/01/2024;Box great result important special realize former.
11272;17621;1;10/08/2024;Little agency until power cause.
11273;11055;2;03/09/2024;International brother race each professional.
11274;615;4;13/12/2025;Worry drop production want evening where.
11275;9021;3;21/05/2025;Pretty peace southern rule what already.
11276;1721;1;21/04/2026;Stand rest debate fact and run team turn.
11277;4464;2;20/06/2025;Necessary trade pick.
11278;12759;1;14/05/2025;Raise customer participant police eye red these.
11279;18440;3;30/12/2023;Seem worker chance eat sit president energy to.
11280;1072;4;29/10/2025;Place owner their actually surface.
11281;8078;5;27/12/2025;History loss particularly magazine focus.
11282;13549;3;28/04/2025;Past so foot your pressure management data against.
11283;10405;1;23/10/2024;Evening common analysis plant crime.
11284;1069;1;05/03/2024;Mr daughter produce lead method color change.
11285;11973;5;06/07/2024;Car decide course how body individual sense.
11286;13103;5;16/02/2024;Admit level good law.
11287;14188;2;03/03/2024;To expert shake door.
11288;5244;5;04/05/2025;Room it east chance commercial agreement.
11289;13730;2;19/06/2026;Agree prepare fast.
11290;6893;3;29/01/2024;Draw my sort deal.
11291;9494;1;20/12/2024;Grow dream to.
11292;10342;5;25/12/2023;Concern sign high.
11293;17761;5;28/10/2024;Draw effect water realize treat open early.
11294;6563;1;09/08/2024;Later type tough then Congress several Republican.
11295;5174;1;31/08/2024;Eight edge require test almost late price current.
11296;343;1;17/02/2024;Close sound trouble data.
11297;7513;3;04/01/2025;Owner such local easy see couple cultural station.
11298;11282;5;15/01/2026;Ago prepare once next chance care west.
11299;19639;1;05/06/2024;Gun difficult parent value hold.
11300;4281;5;24/11/2023;Blue heart my eight single rock commercial point.
11301;8695;4;26/08/2024;Now day set difference question.
11302;75;1;02/07/2026;Reality rest blood edge year.
11303;369;2;17/12/2024;Eye score condition recognize against big.
11304;6836;2;11/08/2024;Manage ability western.
11305;2656;1;04/08/2024;That argue decade project performance start occur.
11306;14271;1;10/08/2024;Beautiful road manage and.
11307;8652;4;04/11/2025;Provide character side keep medical into attention.
11308;19962;5;25/09/2024;Southern music show will dog stock start.
11309;776;1;21/10/2023;Institution modern day thus nature government.
11310;18654;5;26/12/2024;Letter listen write all follow fine answer.
11311;6080;2;25/02/2025;As green offer.
11312;18545;1;22/02/2025;Threat shake management move feel probably option.
11313;10369;2;20/07/2024;Matter research statement order.
11314;16671;2;11/03/2026;Once check idea safe.
11315;18994;2;20/10/2024;May create either decade network certain.
11316;19557;2;21/08/2025;Century beautiful give station participant stand.
11317;13993;1;01/01/2026;Sometimes again dinner somebody.
11318;13221;5;20/01/2026;Whether key entire ground.
11319;9335;3;26/10/2025;Vote case wind base new evening forward.
11320;17185;4;19/11/2025;Approach explain visit against.
11321;19693;3;22/06/2026;Young environmental national seat for.
11322;7777;3;11/09/2026;Central probably black share music make assume.
11323;11702;2;17/08/2026;Yard TV statement stay.
11324;1101;5;18/04/2025;Car toward treat serious to.
11325;13469;3;16/01/2024;Wish whether dark just instead.
11326;1703;3;06/09/2025;Know general next myself article security up when.
11327;16446;1;28/12/2023;Again trial degree theory majority pattern meet.
11328;9712;5;12/07/2024;Issue movement together.
11329;19591;2;29/05/2025;Type win word listen consumer both.
11330;4036;4;14/08/2024;Source bring place tend firm direction.
11331;7136;4;07/03/2025;By could court bar task ever.
11332;14659;2;29/10/2023;Can possible your throughout family establish actually start.
11333;9605;1;05/03/2025;Rule claim chair surface it.
11334;17409;4;17/05/2025;Try under yet wait model.
11335;10780;1;24/03/2025;Try church personal stand reach none.
11336;2214;4;25/05/2025;Make tax before her.
11337;16794;4;26/10/2024;Still yourself on voice ground enter.
11338;6236;2;04/01/2025;Fight also stay suffer leg.
11339;5759;5;17/09/2025;Itself usually myself life system somebody room.
11340;6568;1;10/08/2025;Letter resource must manage.
11341;15091;1;04/02/2025;According campaign learn among capital.
11342;2218;3;16/04/2025;However short myself establish fill fear.
11343;18556;1;16/01/2024;Cultural nearly debate these.
11344;11211;3;16/09/2025;Decide take which which.
11345;2287;3;13/12/2025;Personal democratic assume skin some institution.
11346;19118;3;02/11/2023;Participant meeting might media.
11347;15040;1;12/06/2026;Deep while tough.
11348;17763;4;02/11/2024;Check enough success agency push.
11349;12133;3;26/05/2025;Identify time when scene sometimes.
11350;13243;3;15/09/2024;Tell owner western nothing reach common.
11351;16136;1;07/01/2025;Politics short world develop program teach daughter.
11352;17457;2;18/05/2026;Enough sing heart person actually.
11353;12896;1;21/01/2024;Treat garden baby senior you light.
11354;7765;3;28/12/2025;Store establish none hundred wall sense sell.
11355;6703;1;26/03/2024;Lose box writer country he.
11356;19713;2;18/09/2023;Single change candidate shoulder election detail.
11357;14664;4;11/03/2026;Song its their.
11358;3724;5;07/10/2024;System school ground ground number including be.
11359;8438;2;02/06/2024;Business shake what that.
11360;4666;3;15/04/2026;Send yeah plant agreement perhaps he stay politics.
11361;387;2;02/03/2025;Series environmental deep.
11362;2530;3;07/04/2024;Far happen theory team drop your.
11363;2328;5;08/05/2024;Day lot whether character receive.
11364;14738;1;01/11/2023;Far former method thing.
11365;16319;3;26/07/2024;Less sort near administration.
11366;8196;2;04/06/2026;Box strategy right million six suddenly actually.
11367;10044;1;17/08/2026;Throw purpose actually drop decision.
11368;11510;4;02/11/2023;Per both different let themselves pattern.
11369;2143;4;16/12/2024;Network nearly take nothing.
11370;2803;4;08/09/2025;Total oil particular reveal information.
11371;12572;2;10/01/2025;Sign need message personal probably indicate difficult.
11372;4610;2;12/02/2025;Site these any evidence mission.
11373;5166;1;03/03/2025;Eye cost standard early.
11374;16329;3;29/09/2025;Involve take fly.
11375;13174;5;11/10/2025;Region interview sing room bit carry.
11376;13248;1;01/07/2025;Part man open soldier professor radio work.
11377;14058;1;22/02/2025;How strategy let officer.
11378;8951;2;04/06/2024;Bar how too traditional out their.
11379;341;3;24/12/2024;Them someone laugh once lot country skill.
11380;16298;2;28/03/2025;Rock product like old nor reduce north task.
11381;10855;4;13/08/2024;Former pretty mouth move above although plant.
11382;17732;1;22/12/2024;Health admit if resource wide.
11383;6803;4;03/12/2024;Thus already commercial later treat.
11384;10395;4;18/06/2026;Hard event recently establish free require.
11385;4841;5;01/04/2026;Visit break value above hair.
11386;5011;4;10/11/2023;End six recognize price once success floor citizen.
11387;18232;3;20/09/2025;Here various three only already whether ready.
11388;9565;3;25/07/2024;Kid hope of financial country.
11389;16023;4;07/03/2024;Find without cup worry.
11390;6069;1;02/12/2024;Outside there west the now most artist senior.
11391;10224;5;03/09/2026;Brother begin guy pattern senior training conference firm.
11392;18489;1;27/05/2024;Practice before among.
11393;18465;1;08/06/2025;Relate hundred order where apply.
11394;8512;5;27/09/2023;Accept step particularly develop record.
11395;132;4;28/10/2023;Stuff attorney computer deal audience.
11396;13792;1;01/06/2025;Throughout activity real nothing.
11397;14491;3;03/12/2024;Ten watch see let account power any.
11398;18734;3;15/04/2025;Or everything upon.
11399;17279;2;28/03/2026;Record run be morning.
11400;5299;4;14/06/2026;Market others each open.
11401;10100;4;12/08/2025;Page situation sound cultural large.
11402;6061;1;12/07/2025;Happy effect mind form.
11403;6068;3;29/01/2026;Necessary unit up increase.
11404;10675;4;25/03/2025;Check future design us marriage.
11405;2489;2;14/10/2023;Prove treatment hospital bar industry themselves bar tend.
11406;10252;1;24/04/2025;Show himself record enter dark lay box opportunity.
11407;13794;4;01/10/2025;Month soldier throw.
11408;3392;4;23/08/2024;Today pattern simply its training.
11409;6070;1;08/04/2024;Total have wait tend that find.
11410;1837;4;14/08/2024;Test ability hotel movement.
11411;9153;3;10/10/2024;Sit attorney deal everything himself fund simple.
11412;18066;4;13/12/2025;Me customer interview interest.
11413;12185;2;11/03/2024;Hold manage maintain parent.
11414;5806;1;04/07/2024;Under crime often age.
11415;76;2;31/07/2025;Well agreement full prevent.
11416;11515;2;13/03/2026;Miss apply charge commercial.
11417;3695;5;27/12/2023;Fire democratic season arrive century reflect new.
11418;18764;3;08/06/2024;Seat production work product small issue sense.
11419;7615;4;26/09/2024;Future boy can arrive lot message success.
11420;3473;2;21/03/2024;Loss very property home.
11421;13044;1;24/06/2026;Low see sport.
11422;12239;4;12/03/2024;Require whom glass hundred.
11423;3997;3;04/11/2023;Whether everyone mean floor.
11424;11969;2;01/08/2025;By style member play course.
11425;12656;3;01/03/2025;Store there nor.
11426;4524;1;23/05/2026;Usually share exist movie.
11427;6457;1;20/08/2025;However wear whatever record west still assume.
11428;6954;3;11/07/2025;Include popular campaign statement city conference just.
11429;10772;4;18/08/2024;Life try me act majority wrong current.
11430;356;4;27/08/2026;Camera answer administration group.
11431;18403;4;01/08/2025;Civil watch pick.
11432;917;2;25/07/2025;About tend including.
11433;15620;5;15/11/2025;Blood opportunity establish outside.
11434;18551;2;05/11/2023;Still approach student.
11435;11342;2;01/12/2025;Realize story positive bar recognize risk theory.
11436;14510;4;24/09/2024;Community light federal international author its later.
11437;16342;1;04/06/2026;Reveal end television reveal imagine.
11438;8221;1;19/04/2024;Send us growth consider reflect close.
11439;7874;2;30/09/2024;Skin fill front arm strategy star.
11440;17633;5;01/01/2024;Common dark show along kitchen article he.
11441;16184;3;26/12/2025;Family institution minute information.
11442;18566;1;30/10/2024;Law artist those policy plant.
11443;18691;1;21/09/2024;Activity weight so eat challenge think expect level.
11444;1410;5;10/09/2025;To wall test everything fill particularly bag.
11445;9727;1;04/04/2026;Professor organization product type little catch system.
11446;17012;3;09/11/2023;Ever hope heart environment.
11447;1032;2;06/03/2025;Support worker while she.
11448;3909;5;11/01/2024;Machine give argue just though.
11449;12007;1;23/08/2024;Whole appear how democratic country.
11450;13453;2;17/04/2025;Form rich nature.
11451;14952;1;11/05/2025;Tv everything hot fine plan amount skin indicate.
11452;15126;5;02/07/2024;Push wrong such environment be stay.
11453;17611;4;12/09/2026;Talk sea property rock require.
11454;16054;5;25/08/2026;Commercial from big crime.
11455;13971;2;15/11/2023;Lot area exactly to.
11456;11113;5;18/02/2026;For heavy effect finally western mission network.
11457;2589;4;30/03/2025;Follow church although form reduce.
11458;11897;4;09/03/2025;At various tell food democratic middle.
11459;15553;1;15/12/2025;Young economy sure large.
11460;10309;2;01/07/2024;Bag benefit side spend million food dinner.
11461;8679;5;28/01/2024;Expect late address cut.
11462;4040;5;10/10/2023;Property similar move possible.
11463;18414;1;04/08/2025;Store purpose compare president glass economic.
11464;4308;4;24/06/2025;Table indeed policy day present.
11465;11081;5;18/06/2026;Fall trip figure better director.
11466;14815;3;24/07/2025;Civil true sound we between.
11467;7359;3;13/02/2025;Off picture field enough share.
11468;19141;3;23/06/2026;People whether sound character.
11469;16000;1;09/03/2026;Data remain part fact trial various also.
11470;18129;5;10/01/2025;Cold build student than visit information discuss.
11471;12876;2;01/03/2025;Me actually record use deep design next.
11472;4285;4;05/12/2023;Weight that like painting day early.
11473;10854;2;15/09/2023;Campaign prevent network former ground position vote.
11474;15397;4;18/04/2025;Visit magazine make amount newspaper possible.
11475;543;5;20/07/2024;Prepare election important when wind material.
11476;11744;5;13/11/2025;Left good five market particular sea some.
11477;4231;1;30/09/2023;Few water protect second four outside.
11478;2145;4;27/06/2026;Stop top wide.
11479;5182;1;17/05/2024;Cut region rule view above.
11480;6495;5;06/05/2025;Too wear produce born grow decision part.
11481;2199;3;01/09/2024;Beautiful network size south we by future listen.
11482;13372;3;10/01/2025;High quickly sister east local few character.
11483;5742;3;05/01/2025;Authority attack deep former more.
11484;14387;1;20/09/2024;Head protect away amount staff test view a.
11485;6167;5;02/10/2024;Give professional beyond free hundred through or.
11486;318;2;26/10/2025;Determine job eight.
11487;19661;3;07/12/2025;With feel television ball situation body win.
11488;4032;3;21/04/2025;Experience skin current be address art there.
11489;12341;2;03/10/2025;Democratic medical shake performance federal.
11490;654;2;05/06/2026;Care rise product read sing account.
11491;12095;1;18/05/2024;Low new both south five wonder.
11492;7276;2;09/02/2026;Research nation fill return.
11493;3782;5;03/10/2023;International development party task.
11494;17986;2;30/01/2025;Campaign away either matter.
11495;15338;2;30/09/2023;Fact foot interview ever hot she.
11496;14494;1;09/07/2026;Candidate medical new discuss else last.
11497;3723;5;04/04/2024;Family ten policy camera stop standard.
11498;15176;4;17/05/2024;Read soldier ago occur coach collection.
11499;2701;3;09/03/2025;Democrat image activity agreement.
11500;15213;2;05/01/2025;Production authority skin far.
11501;2364;5;28/08/2025;Society sit wall result decide raise.
11502;13569;4;18/07/2025;Expect white authority market.
11503;6655;4;06/08/2024;My threat nor early real unit include.
11504;2025;2;23/06/2026;Start until hot provide away them history.
11505;7097;1;05/10/2023;Certain though seven stage likely certainly east.
11506;16764;2;04/04/2025;Set perhaps information bar you effect he method.
11507;14785;5;17/03/2024;Budget system safe now.
11508;6617;1;10/04/2026;Skill young democratic read plant.
11509;3576;4;19/10/2025;International simply floor must entire.
11510;17792;5;31/08/2024;Quality rise indicate board church.
11511;11973;1;03/02/2024;Spring job camera space hot.
11512;11105;4;18/09/2023;Suggest serious market major fund.
11513;18565;2;25/05/2024;Able culture explain special difficult.
11514;7167;5;25/06/2024;Simple like skill reason.
11515;15066;4;23/08/2026;Age song generation trade now.
11516;540;1;16/02/2026;Role they past drug land once small.
11517;18867;5;17/03/2024;Event economic challenge more.
11518;363;3;20/05/2025;Down letter because whose live among.
11519;8793;3;20/11/2023;Money few product management purpose energy.
11520;18235;1;03/12/2024;Yeah end sing defense.
11521;2626;5;31/05/2024;Energy health yes indicate computer.
11522;8634;5;29/04/2025;Four network recently and left.
11523;7564;4;23/11/2023;Movie statement spend small.
11524;14720;5;24/06/2024;Then record democratic fear.
11525;15095;2;31/05/2024;Strong beyond performance mind.
11526;5585;1;13/05/2025;Dream know trip sense them.
11527;11326;1;26/07/2024;Describe myself environment again president miss ok wish.
11528;5233;2;10/12/2023;Seven next firm lawyer.
11529;15648;5;23/03/2024;Financial vote fact voice network wide.
11530;8976;4;13/07/2024;Ground force and pay.
11531;6505;1;07/09/2024;Very letter girl.
11532;635;1;23/04/2024;Project task team opportunity next debate.
11533;10276;1;07/08/2025;Final key cup how hour cause people knowledge.
11534;19780;5;24/03/2025;Bill listen ok east realize power nice.
11535;12307;3;30/10/2023;She prove plan.
11536;3635;5;10/04/2024;Official paper ground scientist.
11537;3283;3;29/06/2024;Write civil prevent off still service.
11538;19799;4;11/07/2026;Political despite bit above before employee.
11539;13979;1;25/11/2024;Face though another though follow already common.
11540;16286;1;20/08/2024;Treat could as time painting lawyer save pattern.
11541;13472;1;24/11/2024;Analysis news drug.
11542;11424;3;27/09/2025;Order good speak city.
11543;9447;3;11/04/2024;Position four enter somebody.
11544;12021;1;26/07/2026;They chance miss offer final situation usually.
11545;10139;1;22/08/2026;Party claim analysis guess health science plant.
11546;11381;2;05/07/2025;Consumer dinner interesting oil show.
11547;5922;1;04/05/2026;Or happy sister drop front man relate.
11548;2618;5;31/12/2025;Talk world soon admit.
11549;9086;2;14/11/2025;Discussion successful trouble.
11550;3707;4;13/07/2025;Fact nature that poor anything model.
11551;12712;3;23/07/2024;Prevent resource within by boy.
11552;6409;3;28/06/2026;Level energy identify then between very.
11553;8389;2;11/05/2024;Again despite color apply.
11554;1022;5;02/06/2024;Fall body agree stand.
11555;4685;2;10/08/2024;Measure town production sign ten education writer watch.
11556;11583;3;21/04/2026;Act put market investment.
11557;1650;5;26/06/2026;Treat several company amount in reflect close.
11558;15945;1;02/08/2026;Successful sport current approach put daughter car travel.
11559;5631;5;24/01/2025;Structure who get energy occur choice.
11560;10626;4;19/04/2024;Discussion hospital account real bar practice thus this.
11561;17267;1;13/01/2026;Series own wife risk.
11562;15930;1;07/09/2024;Discussion concern allow child dream arm.
11563;14551;2;08/06/2026;Right put budget can your president.
11564;2780;2;11/01/2025;Home kitchen agreement large decision hour brother.
11565;15987;5;18/09/2024;Represent audience within someone whether yet him.
11566;202;3;31/08/2026;Born over parent hear military site.
11567;6667;5;15/06/2025;Bring science church add seek herself.
11568;208;3;07/07/2024;Guy road item.
11569;7352;1;15/10/2024;Admit training source high.
11570;13327;4;19/09/2025;Future history what condition recent.
11571;2872;1;05/07/2026;Small dark section smile agency together whose.
11572;13632;2;27/10/2023;Job series write create heart Democrat compare.
11573;8677;1;06/05/2025;Push benefit ahead science.
11574;12302;5;22/03/2025;Social opportunity wish card change already.
11575;8812;4;02/09/2026;Address course eye so.
11576;2693;2;18/09/2023;Town claim much evidence.
11577;8196;5;23/05/2026;Interesting Republican including perform particular something money more.
11578;11952;1;22/05/2025;Business industry build pick administration.
11579;1093;2;07/05/2024;Want front still run short upon.
11580;17013;5;22/07/2026;Actually team off success customer body mouth.
11581;7548;5;19/09/2025;Matter full right consumer test.
11582;11364;2;18/04/2024;Finally appear back.
11583;2806;3;20/05/2026;Detail economy later chair budget.
11584;12615;2;07/11/2025;Executive energy best suddenly brother up scene.
11585;17382;2;19/11/2024;Method size rise fill stand budget baby different.
11586;5783;1;28/12/2025;Shoulder role type particularly save house water.
11587;17771;2;08/12/2024;Remain teacher character poor leave fish require.
11588;14908;1;19/04/2026;Challenge other free son force prepare thank.
11589;18824;1;25/03/2026;Go join big mention hair.
11590;18190;4;26/06/2026;Strategy blue authority teacher including section executive.
11591;8531;3;10/11/2023;As under tax attorney.
11592;8355;2;29/05/2026;Past chance language.
11593;4246;2;12/03/2024;Far fall Mr team son.
11594;2634;3;24/04/2026;Outside area put.
11595;12651;3;21/03/2026;Customer find history return shake region.
11596;1426;2;06/06/2026;Factor fact final scene station.
11597;9277;4;04/04/2024;Perhaps traditional public despite gas.
11598;7925;1;20/01/2025;Stop high could everybody ago similar.
11599;5850;4;05/03/2026;Employee tough somebody hot.
11600;16910;5;21/06/2024;So assume glass cost maintain.
11601;16029;3;03/10/2025;Structure inside add relate agent cut.
11602;11154;5;09/05/2026;Thing fine garden realize assume door.
11603;11442;4;20/09/2025;Civil move consumer film consider later.
11604;8048;3;28/08/2026;Born machine talk never civil to finally treatment.
11605;15735;2;23/09/2025;Economic Congress carry various anyone quality nor.
11606;13799;3;16/07/2024;Learn everything southern surface hold single factor.
11607;2047;5;30/08/2024;Give meeting hold technology environment phone.
11608;6072;1;02/03/2026;Education bank whom growth.
11609;15531;2;26/04/2026;Travel become daughter better example remain responsibility.
11610;6275;2;18/09/2023;National improve I.
11611;7977;3;30/01/2025;Eye own whole morning seek.
11612;13820;3;23/05/2024;Apply moment white among bit save sport.
11613;7114;5;14/10/2025;Look phone dinner major they.
11614;10701;3;25/01/2024;Fine challenge case race ahead around here.
11615;4548;3;10/01/2024;Lawyer realize issue skill similar during spring.
11616;14631;2;15/12/2025;Board manager care foot human such.
11617;18553;2;07/04/2025;Recognize wonder life leg.
11618;14964;1;11/05/2026;Author run accept base particularly result.
11619;1407;3;13/09/2024;Chair discussion ball realize region.
11620;5349;5;12/06/2025;Agree give parent rate lawyer race report.
11621;5442;1;12/10/2023;Cost challenge enjoy line theory about affect.
11622;3487;3;11/04/2024;Letter gas seven shake part.
11623;7374;4;06/05/2025;Cell tree so lose fine.
11624;373;2;10/06/2026;Themselves water office least.
11625;160;3;17/03/2025;City sort develop court church.
11626;5838;3;09/05/2025;Like line plant.
11627;6955;5;13/10/2024;Conference management most.
11628;2038;2;26/03/2026;Science adult month.
11629;2538;1;30/12/2023;Three moment issue fast laugh enough them.
11630;18220;4;01/10/2023;Hit law join Republican.
11631;12072;4;06/01/2024;Democrat store this.
11632;15170;3;11/07/2025;Care section crime smile Mr worker several.
11633;13520;1;14/12/2023;Red though them purpose.
11634;15205;2;11/03/2025;Arrive mission detail tree admit.
11635;2439;4;01/04/2024;Plant boy parent plant discover now condition.
11636;8799;1;21/10/2024;Stage small star three determine.
11637;1047;5;03/01/2025;Card class laugh bit.
11638;16017;2;29/01/2026;Share political pull many.
11639;9335;3;08/12/2024;Future effort part remain good information benefit.
11640;1689;4;21/07/2024;Against way popular dinner.
11641;7287;2;29/10/2024;Adult see themselves program finish political.
11642;13986;5;16/02/2025;Wear herself sign would future hundred beyond move.
11643;7989;3;01/06/2024;Make agent hold class message product similar.
11644;4920;4;13/01/2025;Professor source purpose tonight toward owner bring grow.
11645;17219;1;25/12/2024;Outside including simple police here fly fire.
11646;18644;4;21/06/2024;Push early bill.
11647;6021;5;23/08/2026;Main call occur enter plant sure dinner.
11648;8229;2;09/11/2023;Might treat well not well practice light.
11649;11226;2;08/01/2026;Media kitchen left half including course yourself.
11650;9574;4;28/11/2024;Pass item seek easy strong mission.
11651;3008;4;17/12/2023;Memory factor item know.
11652;12705;5;19/06/2024;Player professor international bad.
11653;14616;1;29/08/2024;Buy image why seat.
11654;2115;5;14/02/2024;Trouble color full.
11655;4047;2;27/06/2024;Statement seat fish in race exist.
11656;15231;2;16/10/2023;How group company car similar.
11657;2024;5;07/10/2024;Doctor nor prepare ground think worker cold.
11658;17937;1;15/04/2026;Situation seem as early range.
11659;8873;4;26/10/2023;Central state boy media want where consumer we.
11660;15387;5;19/10/2023;Identify floor possible impact already parent control.
11661;6209;5;11/12/2023;Car other writer billion person.
11662;6781;4;27/11/2024;Arm tree inside describe.
11663;17693;2;27/10/2024;Country sign discuss involve.
11664;6469;4;12/05/2025;Thus hair watch spring development quite middle material.
11665;16670;3;17/08/2025;Individual night southern bed low include hope.
11666;4218;2;03/11/2023;Join during learn step.
11667;14212;5;18/10/2023;Three million often civil hit hotel training threat.
11668;15188;4;11/02/2026;Wall rich year worry.
11669;5535;5;14/05/2026;Mind keep lay citizen dog interest station.
11670;11362;2;28/07/2025;Discover institution heart recognize indicate out.
11671;7935;1;07/11/2023;Yeah above choose remember by.
11672;1711;1;08/03/2026;Community situation season.
11673;172;1;20/05/2026;Step across color like anything.
11674;14543;3;22/11/2023;Great record give poor.
11675;6088;2;16/07/2025;Customer change you direction cold probably as test.
11676;4007;5;24/01/2024;Whose throw decide easy kind surface significant.
11677;18103;4;10/08/2025;Attack tough manage development.
11678;19414;5;14/08/2026;Item policy sea.
11679;17359;1;23/03/2024;From long describe ability age yes still.
11680;5970;1;15/08/2025;Factor create common short.
11681;15029;2;23/02/2024;Draw product check life could friend decide.
11682;6233;1;19/10/2023;Rate tax add staff energy show.
11683;12553;3;08/10/2025;Should camera already industry.
11684;3373;4;21/10/2024;Young protect activity local.
11685;6807;2;05/09/2025;Certainly current top experience against civil.
11686;10214;4;22/06/2025;Cause step support entire example.
11687;11286;2;22/07/2026;Market several large best.
11688;7562;2;25/12/2023;Congress thought here step around prepare.
11689;7410;5;07/11/2023;Ahead build whose think base key admit.
11690;14833;2;20/04/2024;Present debate among land in dark wait.
11691;16241;1;27/10/2023;Now everyone history nice degree.
11692;10489;4;03/11/2025;Positive future ago value.
11693;437;4;28/09/2023;Family guy political.
11694;11227;2;22/01/2024;Building body as truth actually author.
11695;15313;5;02/09/2025;Board range why spend determine.
11696;8580;4;19/11/2025;Respond economy see event I lose popular.
11697;16034;3;08/04/2025;Likely player maintain last specific discussion national.
11698;540;3;18/10/2023;Mean probably friend travel fall discussion.
11699;6197;4;04/03/2026;Leave behavior blue writer street mind discussion.
11700;5922;2;23/03/2026;Change sing threat.
11701;4843;3;11/12/2024;That order strong single consumer player.
11702;16759;3;20/11/2025;Prevent son with current happen often.
11703;10504;2;04/01/2026;Before site although hospital.
11704;17319;2;16/09/2025;Work baby do region fall.
11705;19771;3;03/08/2025;Support Mrs avoid east study into audience this.
11706;11901;3;25/02/2024;Fill analysis soldier hold charge way later.
11707;16915;3;13/03/2026;Capital early work apply experience.
11708;1701;5;18/03/2026;Stay network song fight ball.
11709;8424;2;28/02/2026;Nice town sell door cultural pick scientist.
11710;14925;2;28/06/2025;Specific foreign speak hundred step.
11711;11898;4;09/08/2026;Pm include reason foot item anyone.
11712;13457;5;15/10/2024;Thought tree modern next good gun.
11713;11210;2;09/03/2026;Should drug the.
11714;13455;1;11/10/2024;Nice theory campaign alone.
11715;3387;5;08/10/2025;Unit where generation.
11716;14311;4;17/06/2025;A sister wall chance.
11717;11969;5;18/01/2025;Morning office effect five.
11718;13466;2;20/12/2024;Style big argue character on stay.
11719;19610;2;03/12/2025;Article position where front agreement individual.
11720;10146;2;01/06/2024;Court nor probably bed style tax.
11721;11204;2;19/05/2026;Order blue teacher yes section beautiful.
11722;8199;5;03/08/2024;Trial best outside market bar.
11723;14471;4;04/05/2026;Door catch glass professor onto there.
11724;11126;5;24/03/2025;Four military security.
11725;3380;2;05/05/2025;On color affect edge believe.
11726;3960;5;28/12/2024;Court theory enough.
11727;4831;2;08/08/2024;Have standard respond always city beautiful student.
11728;8948;5;17/02/2024;Cut follow herself present dream car young recent.
11729;600;2;09/02/2026;Decide moment more fly toward charge later.
11730;1662;1;13/11/2025;Coach situation together system very man strategy.
11731;16613;1;29/04/2025;Their avoid boy best population discuss travel.
11732;15190;5;19/03/2026;Table discover understand environment feel admit.
11733;4574;2;28/12/2024;But foot stand impact world edge star.
11734;10162;2;04/08/2024;Laugh clear from partner hotel.
11735;7583;5;25/12/2024;Sit usually technology edge item.
11736;12229;2;17/02/2025;Anyone likely guess give someone risk scientist.
11737;5908;1;12/08/2024;Experience business also wait.
11738;15867;2;09/09/2026;Next break citizen loss fish.
11739;16440;1;29/07/2025;Cost team I same reveal network east.
11740;817;3;29/11/2023;Site budget begin get southern bit trial democratic.
11741;5943;3;25/05/2024;Health than machine contain analysis general great deep.
11742;18804;1;09/07/2025;Soldier stay nor consumer.
11743;10290;2;28/04/2024;Land plant writer however guess.
11744;9468;5;06/09/2024;Rest bill budget might reason project.
11745;2445;2;11/11/2024;House great many wind.
11746;708;1;10/04/2026;Management trip mission authority camera.
11747;15554;1;24/08/2024;Market hard bag necessary scientist child wind.
11748;742;1;06/02/2026;Food feeling which.
11749;6852;3;06/09/2025;Medical fish during anyone sit hold.
11750;7864;5;25/05/2026;Goal no rest tax who enter.
11751;6170;5;07/02/2024;Personal public item moment.
11752;18386;1;12/11/2025;Whether plant over right discussion cup community.
11753;3541;2;25/12/2025;Vote walk stay because.
11754;5611;3;08/08/2024;Control water participant lay develop.
11755;17225;1;16/11/2024;Senior important officer daughter early.
11756;11068;1;19/01/2026;Any six food eight.
11757;9604;5;09/06/2024;College result live help area together discuss.
11758;7318;2;18/03/2024;International trial act southern.
11759;898;2;12/01/2025;Phone language later she pay civil whose.
11760;11127;1;05/12/2025;Give board value four.
11761;9381;3;31/05/2025;Some economic one very.
11762;518;5;16/04/2024;Speech wall spring five next.
11763;17457;2;15/10/2025;System attorney poor near but everything.
11764;521;3;25/05/2026;Issue well ball security policy up.
11765;8673;1;12/08/2026;Everybody Mr exist Mr party defense.
11766;14067;3;17/02/2024;Employee foreign rock water meet here.
11767;10389;1;09/08/2025;Art claim catch policy.
11768;7220;3;15/03/2025;Pressure attack none because.
11769;11252;4;19/01/2026;Current party commercial brother.
11770;18467;4;19/11/2025;Television receive seven occur daughter middle.
11771;6172;3;28/04/2025;Ahead former phone concern offer.
11772;15392;3;04/01/2024;Start mouth treat military operation together arm kitchen.
11773;5387;3;01/05/2024;First behind impact inside indicate.
11774;17246;1;02/04/2025;Area money radio source quickly different.
11775;10297;5;11/06/2025;Less free task sound face staff protect.
11776;3104;1;09/05/2024;Child most true someone customer rich.
11777;10790;1;16/10/2024;Everything page arm accept training drug.
11778;17192;2;06/04/2026;Good television quality policy.
11779;6936;3;19/01/2024;Suddenly return between.
11780;8067;2;24/03/2026;Somebody dream look matter.
11781;15004;1;27/01/2024;Group majority best probably real member.
11782;4485;2;04/03/2025;Live science since action look indeed own.
11783;4790;3;23/02/2024;Raise require million protect.
11784;18775;1;05/02/2025;Research whether perform soldier apply.
11785;15458;2;08/09/2026;Foreign fact small.
11786;5664;5;08/07/2025;If behind across because anyone.
11787;16116;2;09/08/2026;Both factor continue college already.
11788;14952;4;13/12/2025;Success group suggest employee throw.
11789;14873;4;30/05/2024;Check art many successful game despite certain.
11790;16598;3;11/08/2025;She half film exactly.
11791;12034;2;03/10/2023;Mission give gun reason significant across ahead give.
11792;6196;1;04/07/2026;Major they party often and work help from.
11793;18569;4;02/12/2023;Manager with now between else whole.
11794;10121;5;13/11/2023;Special foot more stay seem form note.
11795;12948;5;07/12/2024;Rather continue step kitchen me though.
11796;7252;2;24/07/2024;Return himself second audience generation international.
11797;1379;2;30/04/2025;Order see list machine whole ready draw soon.
11798;9468;3;14/08/2025;Medical skill moment.
11799;4640;4;30/10/2024;Fill modern series major three.
11800;7753;4;19/04/2026;Safe newspaper red red.
11801;14077;4;06/06/2025;By so quality economic machine.
11802;11099;1;20/06/2024;Despite go before hit attorney into son ready.
11803;13070;3;10/05/2025;Than ever quickly heavy also.
11804;10957;5;16/12/2024;Report chair each lead.
11805;5815;5;21/08/2024;Audience beautiful choice threat current teacher after success.
11806;13817;3;09/11/2024;Open leave talk loss such care rest.
11807;11489;1;26/02/2026;Decade direction body finally management age court.
11808;8570;5;25/09/2024;Character read same rich crime officer specific.
11809;13405;1;05/12/2025;Realize card defense throughout bar.
11810;14029;2;23/03/2025;Trip hundred father gun yourself race including air.
11811;9996;1;20/11/2023;Stuff personal response view.
11812;19765;3;22/07/2024;Ahead work color for top our rock.
11813;1185;1;01/12/2024;American mother style until.
11814;18826;3;23/12/2025;Industry story explain thousand avoid finally next.
11815;17479;4;12/07/2025;Thus result final level available around.
11816;2380;1;24/02/2026;Student decade many collection work term.
11817;12106;3;24/09/2024;College television early window.
11818;9891;1;29/07/2026;Strong opportunity kitchen guy mission.
11819;10742;5;04/08/2024;Those bring open land him free.
11820;429;5;15/04/2024;Later single treat American skill issue.
11821;201;1;28/03/2024;Scene leg player just form late.
11822;3010;1;26/11/2024;Natural pressure sister beyond sort state share.
11823;13512;5;17/03/2024;Myself buy memory according cut bill avoid.
11824;19258;3;10/11/2024;Because create long spring.
11825;6108;5;19/08/2026;Newspaper rule opportunity wait summer bad.
11826;13850;3;28/11/2024;Kitchen community his she stop drug image and.
11827;11453;3;24/02/2025;View husband phone myself.
11828;5504;3;10/10/2025;Firm process able program almost fish best.
11829;1606;2;20/06/2024;According point thus argue.
11830;12243;2;27/09/2024;Season thousand smile we article memory.
11831;12839;3;04/11/2025;Option him author morning fast turn.
11832;14806;1;30/03/2024;Free career other long during various finish opportunity.
11833;11436;5;09/08/2025;Begin recognize under produce.
11834;13432;2;19/12/2023;Couple few short mention language safe exist.
11835;6361;3;21/03/2025;Page because course physical environmental community person.
11836;16501;3;20/11/2024;Purpose both people what artist character prevent.
11837;13652;3;29/08/2025;Democratic toward eat gun executive here purpose.
11838;4120;5;28/08/2026;Factor science city.
11839;16822;5;08/01/2025;Ago always theory daughter would side management.
11840;2311;5;13/11/2023;Air most environmental own choice.
11841;19007;3;22/09/2024;Only process first station agent different benefit.
11842;13005;2;01/07/2026;Huge look west outside.
11843;2935;1;30/12/2023;Nation total painting door late whole.
11844;8709;2;23/02/2026;Here some back environment true best.
11845;13026;2;07/10/2023;Reach defense others attack.
11846;12293;4;27/04/2025;Off option very according eight quickly.
11847;10482;4;02/10/2023;Explain government partner hot career nothing.
11848;12005;4;02/03/2024;Player short name relate day reflect deal.
11849;7150;4;24/01/2026;Country admit today weight.
11850;863;4;02/06/2026;Mean cause throw state environmental music scene system.
11851;14745;5;15/07/2024;Yourself while job war hundred sister prove.
11852;9336;4;08/06/2026;Surface much because year current live eat.
11853;406;4;10/11/2024;Them development attention.
11854;10537;1;27/06/2024;Skin read process walk.
11855;8909;3;12/06/2026;Left too mouth money listen good or throughout.
11856;16307;3;28/10/2025;Detail fall debate language source teach.
11857;14264;3;12/04/2025;Standard employee organization general smile he organization.
11858;14576;5;26/11/2023;Teacher quite quality without structure some cost consumer.
11859;14043;1;29/10/2023;Edge affect about else safe.
11860;19026;1;23/03/2024;Kid as very also.
11861;16401;3;23/01/2026;Ready church under shake majority.
11862;217;2;27/04/2024;Control former surface responsibility do catch eye.
11863;2264;1;09/07/2025;Part responsibility many yourself.
11864;17694;2;21/02/2024;Compare animal poor show trouble.
11865;19653;4;09/08/2024;Support since these follow head customer.
11866;7766;3;08/12/2023;Street minute expect camera.
11867;9954;3;18/12/2023;Deep visit discover discover large interesting never.
11868;374;4;04/04/2024;Congress coach budget bit interesting listen person.
11869;6014;3;25/01/2026;West coach statement store.
11870;11578;1;04/01/2025;There usually bring thus nature war.
11871;10613;4;06/05/2024;Message pay finally.
11872;1416;5;08/10/2025;City foreign growth or town participant authority be.
11873;3432;5;13/06/2025;Action center better move push.
11874;556;4;11/11/2024;Deep large shoulder measure gas live.
11875;8097;4;04/09/2026;There ask civil table region leave sort away.
11876;2441;3;19/11/2025;Floor degree garden if guess specific.
11877;11756;4;19/12/2025;Shoulder could but lay set evidence.
11878;17078;4;25/10/2023;Event off spend society senior notice use.
11879;5565;3;28/10/2023;Represent response culture commercial development somebody.
11880;17574;4;18/09/2025;Today no station arrive wall.
11881;5511;1;19/07/2024;Natural sister effort do try laugh hope.
11882;7985;1;28/12/2024;Soon performance understand store.
11883;12967;3;15/10/2025;Thousand economic speech ago.
11884;4547;3;23/01/2025;One even brother long meet administration.
11885;8053;2;10/08/2024;Forget alone condition set TV to employee.
11886;12862;3;30/11/2023;Television take than dog.
11887;8301;1;15/02/2025;Office who drive plan.
11888;13022;3;15/06/2025;Main occur month real still heavy stuff.
11889;17325;3;03/01/2024;Become growth task staff minute scientist.
11890;8511;5;21/08/2025;Behind reflect yeah drop street authority through step.
11891;1123;2;27/03/2026;Share event public walk garden mind.
11892;4171;2;21/01/2025;Work fight always ok everything.
11893;16005;5;31/07/2024;Impact large make writer design economy billion.
11894;7992;2;11/05/2026;Better detail race research figure.
11895;17855;2;10/06/2026;Organization himself tend west tough customer.
11896;11590;5;02/06/2024;Baby staff road hospital.
11897;1522;2;14/08/2025;Significant appear since son management.
11898;8664;2;20/12/2023;Why nation bring control begin must car.
11899;16291;2;05/11/2023;Mention window act chair occur leader.
11900;3004;2;21/08/2026;Scientist job short piece.
11901;4230;5;20/08/2026;Quality thousand cover field born ability.
11902;13414;1;04/12/2025;Program authority focus change.
11903;15464;4;14/08/2025;Fear American far challenge.
11904;12179;4;14/09/2024;Teach war several total be gas.
11905;6856;3;23/09/2023;Effort give include meeting court religious.
11906;11592;2;01/09/2025;More parent second support.
11907;7684;5;28/01/2025;Simply structure attack option.
11908;18494;2;31/01/2026;Organization feeling receive movie citizen any.
11909;8733;3;02/04/2026;Executive day kitchen.
11910;18179;1;02/09/2025;Risk professional church word few lot.
11911;2410;3;07/04/2024;Fall news develop create record manager learn.
11912;4739;3;05/06/2024;Whom better fine deep ever federal.
11913;13517;4;01/02/2026;Myself size plant statement artist source once.
11914;2201;1;04/10/2025;Southern beyond someone stand.
11915;4977;2;14/06/2024;Find blood one find partner if large future.
11916;5416;1;22/05/2025;Water involve total.
11917;15066;4;13/04/2026;Small positive example president out.
11918;13193;5;04/05/2026;Record radio top also hundred movement lay.
11919;10613;4;18/09/2025;Throughout work responsibility too no quality.
11920;19525;1;15/01/2026;It serve begin already next happen place use.
11921;9162;3;22/08/2026;Situation north continue discussion them recently.
11922;7256;3;14/03/2025;Sister hundred side.
11923;18748;3;25/01/2025;College performance line yes.
11924;18189;1;05/05/2024;Design budget top leave several land.
11925;9661;4;27/12/2023;Father whose approach chair.
11926;10615;5;15/03/2024;Development whole fill look education must.
11927;13251;1;20/10/2024;Firm view member behavior several subject.
11928;1938;2;15/11/2023;Company once nor play organization.
11929;15475;4;30/04/2025;Six data entire.
11930;17068;5;21/04/2024;Oil indicate between air director.
11931;11070;1;26/01/2024;None build day require similar under.
11932;14672;5;04/01/2025;Itself son student write.
11933;9037;2;31/03/2026;All process leg approach eight parent.
11934;16360;1;27/01/2026;Whom economic bank interest full put tough.
11935;1787;2;26/08/2026;Tough exist physical receive.
11936;18971;3;09/10/2023;Community ready receive anything study special will.
11937;8222;1;24/12/2024;Expert report the worry.
11938;6838;4;21/11/2024;Mr large tend cultural speak.
11939;18987;1;05/12/2024;Season war something catch case.
11940;15812;2;22/06/2025;Effort behavior year our ok.
11941;15526;1;26/08/2026;Conference then chance by.
11942;7053;2;09/11/2024;Research under have marriage eye.
11943;12739;1;28/12/2023;Spring dog ok.
11944;15544;1;05/05/2025;But thing specific left.
11945;5840;5;01/01/2026;Product accept political have.
11946;14070;2;10/03/2024;Place job model and reflect success.
11947;3946;2;21/05/2024;Yourself beat someone too create choose miss if.
11948;32;3;10/02/2024;Present center management television.
11949;19711;1;11/09/2025;Behavior trouble training reduce data station music both.
11950;8030;1;13/05/2025;Your several interview floor interesting.
11951;310;1;06/11/2023;System until guy develop carry always attention.
11952;16657;3;09/07/2025;Me turn have dream more mother TV.
11953;19345;5;16/07/2026;Part himself exactly word.
11954;6644;5;14/05/2026;Perform college tree these sure present according.
11955;9203;3;16/07/2024;Follow writer information song but property entire.
11956;18115;3;08/07/2024;Phone listen pick.
11957;18905;4;10/12/2023;Million low easy middle.
11958;11585;3;18/02/2024;Peace cost dark agency.
11959;432;1;14/12/2025;Name long piece.
11960;11387;2;21/09/2025;After partner simply.
11961;5141;1;26/10/2025;Party father then including different.
11962;7117;4;22/03/2025;Site job region nation.
11963;2071;1;23/08/2026;Attack than cultural best operation.
11964;3120;1;07/02/2024;Game of often picture.
11965;648;4;27/01/2025;Toward remember art.
11966;5654;5;26/08/2024;Sport difference true beyond design.
11967;2888;4;03/07/2025;When task choose.
11968;3420;5;24/02/2026;Tv agreement thus clearly amount just little.
11969;2966;2;07/05/2024;Almost would produce.
11970;1541;1;18/08/2025;Draw matter collection eight little thus born suddenly.
11971;4616;1;21/10/2025;Reveal itself become might.
11972;6614;2;04/10/2024;Guess sort thought race model.
11973;3621;3;17/12/2023;Teacher whole continue arm yourself wife.
11974;17662;3;22/07/2025;Affect trip key network child single.
11975;4762;1;19/04/2025;Fast scene treatment increase imagine stage.
11976;14809;1;10/05/2025;Where everything off her.
11977;10388;5;06/03/2024;Rise read network arrive seven wish address.
11978;16350;5;02/10/2025;Forget quality between could.
11979;17687;2;17/09/2023;Down democratic weight.
11980;2894;1;13/03/2024;Fight should final son then.
11981;10620;3;03/02/2024;Over food Democrat might hope.
11982;18045;1;04/05/2025;Enough quite level likely.
11983;15104;5;04/05/2025;Market student seven indeed.
11984;18301;2;22/03/2026;Pull worker even least rock foot.
11985;16740;2;14/08/2025;Believe treat director across available maybe modern.
11986;5837;1;23/06/2025;Newspaper too Democrat half out their admit.
11987;16606;2;28/11/2024;Control collection contain.
11988;4396;3;20/03/2025;Economic learn if down film drive.
11989;11344;4;25/08/2025;Enjoy involve kind.
11990;1533;5;03/05/2024;President approach sit manage.
11991;389;1;20/10/2023;Week world either or company smile.
11992;796;4;11/06/2026;Behavior term ability throw question.
11993;6053;4;17/03/2025;Wall news believe here although return industry.
11994;12920;5;28/12/2025;Quality church name certain scientist final while.
11995;14902;1;19/12/2024;Design woman adult.
11996;5757;1;09/01/2024;Brother marriage half.
11997;7295;5;15/05/2025;Look involve across down.
11998;14511;4;31/05/2024;Rock style morning everybody success government wife.
11999;19839;4;21/01/2025;Return through eight everyone different.
12000;5670;1;29/10/2025;Identify Mr seven enough relationship.
12001;19286;4;07/10/2024;Beyond seat often shake fly push major leader.
12002;12595;3;21/08/2024;Painting example father offer choice.
12003;15286;4;25/03/2026;Purpose there painting hospital wife condition strong look.
12004;15389;1;09/04/2026;Wife study simply research gas parent together.
12005;12823;1;08/07/2026;Pattern forget look former matter.
12006;16550;2;22/04/2026;Process line month piece both idea raise cup.
12007;9135;4;02/11/2024;Game fact style check toward wear.
12008;8463;1;06/03/2025;Method safe buy direction yet.
12009;14383;5;24/11/2024;Along season ten environment why side.
12010;3766;4;14/08/2026;Style this fly gas card fund.
12011;1789;4;29/06/2025;City already these director create.
12012;18357;1;26/07/2025;Town land picture tough answer nation future identify.
12013;6927;2;17/08/2025;Ago bank democratic account language buy pressure.
12014;5633;1;01/10/2023;Lot once dinner well series low quite.
12015;6994;5;07/10/2025;Challenge whole official turn institution walk.
12016;9296;4;21/08/2026;Charge Democrat medical also always nearly.
12017;9408;2;17/05/2025;Site great just painting.
12018;14255;4;23/01/2024;Human spend unit article store budget through.
12019;4692;2;18/06/2025;Dog product media.
12020;4414;5;05/12/2023;Race fast officer there force lead.
12021;2261;2;26/06/2026;Star resource very long world new play later.
12022;10907;1;11/11/2025;Expert body religious important officer all guess.
12023;4220;5;03/02/2026;Speak under woman owner.
12024;5619;5;24/02/2026;What pattern for scientist source study friend forward.
12025;15958;2;20/04/2024;Carry spend not suddenly pass.
12026;18452;1;03/04/2024;History play red environmental build practice possible.
12027;18584;1;04/08/2025;Choose letter but while us us.
12028;16899;4;29/06/2026;Foot speak support myself production above.
12029;9106;4;22/06/2026;Better set truth capital catch theory list.
12030;1847;2;24/11/2024;Sing month choose.
12031;7876;2;26/12/2024;Cut exactly do board nor hold.
12032;13155;4;30/09/2023;Mind key experience prove region wife.
12033;10122;5;23/08/2025;Such administration your hit.
12034;6189;4;13/09/2025;Tree range least heavy magazine character deal.
12035;9107;4;28/06/2026;Loss and whom section blood then.
12036;16031;4;01/07/2024;Claim since child north.
12037;13155;1;11/09/2024;Hair analysis trouble debate summer through.
12038;3609;1;02/01/2026;Take career save machine old wife.
12039;3946;3;06/11/2023;Key common view here bring then many.
12040;5041;1;21/01/2024;Federal public remain capital mouth.
12041;6696;4;13/12/2023;Along key father pressure site.
12042;6688;3;15/01/2026;Natural hold understand interview project.
12043;3320;5;25/10/2023;Deal production factor between especially chair group yeah.
12044;15474;4;24/01/2025;Strong suggest hotel miss car inside.
12045;14090;2;05/04/2025;Sure data again language identify.
12046;4328;1;22/09/2025;Carry me crime alone unit expert.
12047;19009;5;24/04/2024;Business seek wait piece.
12048;4225;4;30/10/2025;Term learn bag husband.
12049;14929;3;30/08/2026;View health provide cold chair easy.
12050;7132;1;25/04/2025;So attorney local and that.
12051;3954;1;26/01/2025;News when who model color hair available.
12052;9838;2;05/07/2026;Fast individual which movement.
12053;14832;1;14/10/2025;Help another college amount including front cause imagine.
12054;8122;3;06/07/2025;Film bed reflect or popular group down.
12055;16961;1;13/10/2024;By can today hot must at on team.
12056;729;4;31/12/2023;Walk go example four.
12057;15337;3;07/03/2025;Yourself knowledge plant reflect while hot voice meeting.
12058;6654;1;10/02/2026;Politics seek general poor attention network space.
12059;13338;2;13/10/2024;Yet put seem add themselves face later.
12060;2973;4;14/04/2025;Wife inside approach result put point door most.
12061;16725;4;10/05/2024;Official manager wait land dark president.
12062;10484;3;06/09/2026;Good throughout project interview film table true party.
12063;15170;2;09/05/2025;Experience thing thank health.
12064;10231;4;16/07/2026;Five many third pick him arrive subject.
12065;8621;1;15/09/2023;Ever rate pattern fill collection western floor.
12066;14696;4;18/04/2026;Doctor side nearly act.
12067;16928;2;20/12/2024;Standard sure forward term benefit ball garden.
12068;14784;2;29/10/2024;Animal action tough situation.
12069;4895;5;06/06/2025;Season during play campaign cultural tend.
12070;17468;3;16/12/2025;Sport college official indeed goal size keep member.
12071;16425;2;06/08/2026;Second senior machine writer kid.
12072;9511;4;12/01/2024;Money catch hold product smile clear good team.
12073;976;1;06/04/2024;Quality firm writer skin fly gun.
12074;11321;2;19/01/2025;However arm food speech hospital happen yes.
12075;5437;1;14/06/2025;That very Democrat somebody.
12076;11497;1;10/11/2023;Table reality nothing key prepare early.
12077;7279;2;19/05/2025;Middle reason event whether thank west.
12078;12252;4;01/03/2026;Light yourself full view push position.
12079;3268;1;23/05/2026;Would bag voice.
12080;19616;2;03/02/2024;Age them indicate music we case.
12081;4906;4;17/06/2026;Majority receive mouth country walk adult.
12082;6058;2;07/07/2024;Imagine summer because agency exactly.
12083;15744;4;17/10/2023;Network either catch account future have.
12084;19063;2;26/10/2025;Feeling yes base myself.
12085;18957;1;22/06/2026;Son staff audience floor trip single process.
12086;7326;3;02/04/2026;Energy organization fly sort decide their.
12087;18132;5;04/05/2024;Election these usually seat.
12088;12592;5;10/08/2026;Student serve her again over without.
12089;16653;1;27/01/2025;You development learn land your.
12090;4584;1;31/10/2025;Tell life mention nice.
12091;19482;4;11/02/2024;Situation economy true bed form out.
12092;16658;5;19/04/2024;Area artist safe as amount theory chance hold.
12093;3652;2;29/11/2025;Nothing resource brother impact traditional other history.
12094;9991;2;03/07/2024;And guy church start boy month technology.
12095;15152;5;16/05/2024;Talk similar director.
12096;4933;4;05/09/2025;Hope generation hour interesting.
12097;554;2;15/07/2026;Democratic visit relate allow end.
12098;7400;3;23/08/2026;Each ready expert.
12099;17867;3;13/04/2024;Hotel easy data.
12100;2460;1;28/07/2026;Husband we consumer site.
12101;10746;4;18/05/2026;Happen week oil economic happy character eight.
12102;2982;2;06/05/2024;Well available window nearly.
12103;2276;3;11/09/2026;Maintain training contain throw foreign cost building.
12104;17586;2;08/09/2025;Identify five discuss we myself idea third.
12105;10570;4;17/05/2025;Only I letter drive world sometimes condition.
12106;4539;1;26/09/2024;Window much meet person concern party.
12107;17419;4;12/08/2025;Organization add no leave nice grow.
12108;11595;1;13/03/2025;Its hospital seat accept join away thought house.
12109;18439;3;28/08/2024;High recognize line.
12110;18205;3;25/11/2023;Might other development star.
12111;8856;1;04/03/2024;Issue us receive pay return worker.
12112;12143;2;25/09/2024;Star defense happy summer positive.
12113;1574;4;20/11/2024;Realize factor various record way measure interesting.
12114;18762;3;03/10/2023;Address hospital dark without account usually.
12115;19404;2;12/08/2024;With local ball game do.
12116;8513;5;15/05/2024;Two lot similar black country.
12117;18917;2;16/08/2026;Positive forward organization there.
12118;12839;5;12/05/2026;Rise including data traditional commercial view community.
12119;7484;3;16/12/2023;Young employee choose I talk far hotel.
12120;10846;3;26/10/2025;Wish line recognize and increase together.
12121;1943;5;23/03/2025;Those much arrive some those body.
12122;11318;4;05/09/2025;Understand science case have fish rise go.
12123;9510;5;14/01/2024;Between popular exactly itself.
12124;18401;2;08/09/2026;Degree its compare piece.
12125;16734;3;17/09/2023;Attention radio think board himself impact east.
12126;2820;3;24/08/2024;Season significant green this drive much husband.
12127;3552;4;04/07/2024;Sea college his list well.
12128;830;3;26/08/2025;Walk stay up better.
12129;1955;2;16/01/2026;Maintain buy figure quickly recognize trade already.
12130;2211;5;15/11/2023;Necessary grow serious both.
12131;4929;3;11/08/2024;Between fight improve add thus protect hard.
12132;1107;3;19/04/2025;Amount road ball year huge up.
12133;10537;3;28/01/2024;Whose federal other small wear type worry.
12134;8463;3;13/09/2023;Break who base analysis simple turn.
12135;16643;5;01/06/2026;Pm agency challenge suddenly south.
12136;5221;1;17/05/2024;Support television respond science hotel billion guess.
12137;7183;1;07/11/2024;I remain beat already music agreement television.
12138;2061;3;08/05/2025;East keep result thought.
12139;18732;2;21/11/2023;No practice ever.
12140;10678;5;15/12/2025;Crime certain music keep understand fly.
12141;69;1;17/05/2026;Gas agent book country prepare sound.
12142;8590;4;26/09/2023;Parent receive ready cost mean body south.
12143;18944;3;23/08/2025;Avoid blue somebody community two exactly would.
12144;7467;2;30/10/2023;Design everything threat choice food majority party.
12145;14432;3;08/10/2023;Know through remain Mrs shake.
12146;11599;1;13/08/2024;Daughter skill information section.
12147;4404;2;11/09/2024;Other agency offer population.
12148;2319;5;09/01/2026;Particular right describe dark along try.
12149;1101;4;25/06/2024;Two able see next card bring I.
12150;17999;1;03/10/2024;Physical more wide vote.
12151;3331;5;09/11/2024;Really north summer exactly politics.
12152;8000;4;01/01/2026;Young exist range debate feel film.
12153;5197;1;28/02/2026;Realize toward center.
12154;5450;2;11/11/2025;Manage hold speech cause could together rest.
12155;4257;5;24/10/2025;Huge off range threat.
12156;2581;3;21/02/2025;Describe page finally attack present world note.
12157;17989;2;05/01/2026;Especially manager wall explain just girl.
12158;18042;5;12/11/2025;Agreement here figure try represent the garden region.
12159;7517;2;03/07/2025;Economy these pretty even boy hold.
12160;14642;4;05/12/2023;Bank beyond realize stage continue.
12161;18214;3;01/01/2025;Decade college about future staff marriage above however.
12162;5369;1;09/07/2026;Color item stand believe concern area.
12163;4101;4;10/09/2026;Throw involve environment office father nothing.
12164;15291;5;29/08/2025;Candidate hope material coach.
12165;17113;4;09/04/2026;Only create campaign reach.
12166;6567;5;15/08/2026;Special investment skill democratic.
12167;2812;1;21/10/2024;Analysis popular talk half develop could itself worry.
12168;13907;4;25/03/2025;Single town realize some hard contain conference.
12169;11999;1;18/04/2025;Industry write tonight design front.
12170;18502;5;24/10/2023;Eight though rather defense certain society.
12171;3949;5;30/04/2026;Traditional sea decide step gas.
12172;12592;2;29/04/2025;Near may you which various read arm live.
12173;10282;3;05/11/2025;Hard old new.
12174;6477;5;10/07/2026;Floor go effect establish clear.
12175;10541;3;17/06/2026;Data practice act.
12176;18400;3;09/09/2024;As idea recent last prevent.
12177;8098;3;28/11/2025;Floor against their number because energy consider.
12178;7060;3;04/08/2026;Check nice bit then court friend bad.
12179;19460;5;14/03/2026;Ten realize notice surface who eight little.
12180;14526;4;12/06/2025;Claim deep truth however through game market.
12181;13437;1;07/10/2023;Six officer plan control.
12182;4637;5;27/12/2023;Dinner democratic world film suggest Mrs.
12183;5827;4;05/01/2025;Allow possible into model.
12184;86;2;04/07/2026;Activity be group just enjoy capital.
12185;9063;3;06/01/2024;Resource well movement single.
12186;18660;5;26/05/2024;Gas different water level.
12187;11523;1;26/04/2026;Time book some memory.
12188;2195;3;08/03/2026;Your claim talk whom hotel claim.
12189;133;2;19/05/2026;List worker word month magazine.
12190;1548;2;26/03/2026;Song cold short be security old.
12191;893;2;08/01/2024;Machine keep front sure.
12192;16559;1;02/01/2025;Try individual list car these stage month.
12193;7901;2;10/07/2024;Time time agreement just.
12194;8935;2;26/01/2025;Out perform owner magazine.
12195;1740;1;26/10/2024;Cultural decide ability wall economic.
12196;4558;3;22/05/2024;Option and boy know forward phone.
12197;6609;1;14/08/2024;Attorney him ability against available by wear main.
12198;4705;2;26/11/2024;Energy girl thus state.
12199;12187;5;28/08/2024;After training owner what.
12200;17842;2;23/07/2024;Will subject drop so.
12201;18719;3;12/10/2023;Position soldier share scene great sit instead consumer.
12202;13842;3;24/11/2023;Born direction find condition color huge that.
12203;6334;1;03/08/2026;Safe value end image.
12204;6396;3;15/02/2024;Almost return produce what may heart.
12205;11620;5;07/04/2024;Move first rock attack.
12206;3308;1;11/03/2026;Activity together adult ball.
12207;14762;4;20/01/2025;Show rest area less ball work economy.
12208;17372;1;11/05/2026;Day your paper have.
12209;17488;2;03/11/2024;Discuss discussion reason quality chair our.
12210;16388;3;29/07/2025;Me enjoy glass leave work particularly.
12211;6795;5;24/11/2023;Artist our big if foot environment instead.
12212;18123;2;01/06/2026;Himself contain us religious most.
12213;12889;4;30/11/2023;This I point including.
12214;1636;1;05/10/2024;Others fly present trial food attorney success happen.
12215;12594;5;31/08/2024;Lose film piece evidence card the newspaper analysis.
12216;11963;3;01/03/2024;Little safe city product.
12217;5064;1;13/05/2024;Skill become place arm.
12218;8185;5;25/10/2023;To whatever page.
12219;17456;4;28/04/2024;Scientist represent child computer off.
12220;5980;1;30/10/2024;Fall seven nation sort about beautiful public.
12221;5328;5;02/11/2024;Full environmental task finally economy.
12222;14227;3;30/05/2025;Game yeah relationship over.
12223;2145;1;01/03/2025;Appear center you that.
12224;3270;5;22/09/2025;Manage financial according edge street.
12225;13808;2;12/02/2024;Assume item decade human produce wear put film.
12226;8155;4;30/12/2024;Close national once.
12227;15517;2;26/05/2026;American along debate.
12228;11407;1;11/12/2023;Environmental environment decade tree both teach him teach.
12229;16893;3;25/11/2024;Film film during miss.
12230;8170;4;11/05/2024;Near leader bed civil really over.
12231;563;3;12/08/2026;Truth city realize.
12232;13680;3;05/04/2026;Provide he example foreign.
12233;13079;3;16/05/2026;Production same front safe growth assume foot.
12234;11254;4;08/01/2026;Dream lead woman visit he want law.
12235;16375;1;08/03/2025;Group forget our should.
12236;5985;1;21/09/2023;Dinner social important mouth tax.
12237;7958;1;29/11/2025;Maybe significant carry bar friend people across send.
12238;14236;5;27/07/2025;Truth minute should what standard only.
12239;3780;3;03/11/2023;Serve man improve ball station.
12240;14625;4;06/10/2024;When since weight forward response instead over.
12241;3829;1;10/06/2025;My reason stop.
12242;15251;1;05/04/2026;Down evidence food heart between long.
12243;15479;1;24/12/2024;Home coach truth fill hotel Congress light.
12244;18312;5;06/10/2025;Finally easy responsibility television heart wish shoulder.
12245;17875;2;11/10/2023;Visit hear ever reason seem option often.
12246;4801;1;01/04/2024;Water side though.
12247;1895;5;20/09/2025;Deep me cost father evening Mr drive.
12248;5053;2;02/06/2026;Talk population car Congress most beyond behind our.
12249;8719;5;25/07/2025;Past head budget main keep pull.
12250;17736;4;03/05/2026;Management billion son much.
12251;14189;4;25/04/2024;Determine individual already significant one minute.
12252;1274;3;15/05/2025;Truth second part most book food.
12253;7886;1;10/04/2025;Start contain never prevent group fear note scene.
12254;18218;1;23/06/2024;Various drug finally standard.
12255;14779;2;07/05/2026;Fly human feel phone prevent.
12256;10446;4;07/08/2024;Push respond floor arrive.
12257;13561;1;12/09/2025;Leader any now operation instead able station.
12258;757;5;08/02/2024;Ask behind number point plan.
12259;8152;1;30/09/2024;About provide form service treat couple.
12260;12725;5;10/05/2024;Full idea admit expert.
12261;19432;4;12/01/2026;Stand that practice plan lead spend actually nation.
12262;18291;3;11/08/2026;Civil act perform fight order Republican camera.
12263;19437;4;24/04/2024;Paper garden special ago better.
12264;12032;5;15/10/2025;Forget relate seven present money.
12265;7915;2;21/10/2025;Seat economic reach.
12266;7979;4;20/07/2025;Risk customer plant weight often often.
12267;9568;5;14/09/2025;You home add pick.
12268;18410;5;12/12/2024;Media say exactly everyone ever blue sit.
12269;12915;1;04/04/2024;Manager each never system future plant position.
12270;4838;1;29/06/2026;Article they from car.
12271;16031;3;07/06/2026;Different than second into movement.
12272;9294;4;16/12/2023;Create coach door provide lay.
12273;13473;3;11/02/2025;Involve role my ground.
12274;15510;3;20/05/2024;Might trip industry able prevent series itself.
12275;11913;5;26/10/2023;Participant system evening him term plan.
12276;3327;5;02/10/2023;Recently local phone their growth middle.
12277;2928;2;29/11/2025;Four evidence space.
12278;2049;3;21/06/2025;Cell drop statement office message.
12279;16826;1;18/02/2024;Issue though smile member the.
12280;7729;3;16/08/2024;Partner where common choice wear create toward.
12281;1868;1;04/07/2024;Result mention attack difficult.
12282;7172;3;07/09/2026;Stage unit eat foreign.
12283;1851;4;06/10/2024;Pattern describe lead born.
12284;15910;4;13/06/2024;Since cell back single.
12285;18548;5;15/07/2024;Adult miss believe everything.
12286;16597;1;22/11/2025;These close certain how nothing.
12287;1644;2;15/02/2024;Treat beautiful buy life.
12288;13222;5;12/06/2026;While policy yes term lot spring.
12289;3464;3;27/09/2025;Nearly these usually establish feeling western material Congress.
12290;2197;5;06/01/2024;Production exactly great fund stay.
12291;851;3;21/10/2024;Continue you me east force whole remember.
12292;5919;1;30/03/2025;Certainly reality of two manager we call.
12293;14745;5;29/10/2025;Behavior decade term just heavy.
12294;10963;2;29/07/2025;Response ask forget choice onto most size.
12295;17553;5;03/11/2023;Senior sometimes two reduce story reach involve.
12296;9360;4;15/11/2025;Still nation my project need book mouth.
12297;8725;2;16/04/2024;No name reflect program.
12298;5112;3;10/06/2026;Similar practice level administration.
12299;15651;4;05/07/2025;Education task character new.
12300;4280;2;04/01/2025;Southern hair evening available significant.
12301;6196;5;27/02/2025;Fear system center might technology site.
12302;345;3;24/08/2024;Rich low foreign morning thousand clear.
12303;5377;3;15/04/2025;Power prove store difference care mother.
12304;10750;2;24/09/2025;Drop step character case mean environment challenge thing.
12305;13229;5;06/09/2025;Difference between his building positive water.
12306;4969;2;01/09/2024;Environment very region structure discover.
12307;10483;2;07/03/2024;President meet party hand investment property middle pretty.
12308;2451;3;17/04/2025;Phone specific discussion last.
12309;16989;5;12/05/2026;Since act bank.
12310;15365;2;03/01/2024;Someone machine watch think effect.
12311;2715;3;26/10/2025;Cold sound story free.
12312;3423;4;08/12/2023;Deal admit admit individual stock within vote crime.
12313;6468;3;23/02/2025;Certainly happen low.
12314;13557;1;31/07/2024;Security just moment election choice person.
12315;17563;3;03/06/2024;Difference condition board those ready.
12316;8057;5;06/02/2024;Thank record Democrat reason.
12317;10548;5;04/03/2024;Last large statement property.
12318;12412;1;03/10/2024;Plant job none purpose.
12319;11282;1;05/06/2024;Agreement evening coach third happy stock seek during.
12320;1750;4;07/11/2025;Ago pull process house them road.
12321;9651;1;20/03/2025;Administration college forward price it sport.
12322;10726;3;13/11/2023;Painting ground try sister as stand policy.
12323;8682;4;29/04/2026;Agree film contain collection front.
12324;13602;2;11/12/2025;Choice camera world.
12325;9093;1;21/05/2025;Factor almost blue music space stand number.
12326;2289;5;26/05/2026;Painting six along development certain.
12327;5822;4;08/09/2025;Already travel time drive.
12328;11941;5;19/12/2023;North room method magazine easy represent thus because.
12329;7897;1;04/10/2023;Health best age against.
12330;10080;5;30/06/2025;Media may such price will brother.
12331;6218;3;19/05/2026;Western concern page politics dream ability moment.
12332;13352;1;20/12/2023;Author young challenge spend whatever later class.
12333;1186;1;06/09/2025;Interesting job mission offer market.
12334;17231;5;11/05/2025;Democrat successful policy wife.
12335;7090;3;06/05/2024;Camera week compare firm.
12336;13487;3;15/03/2026;Argue leg simple cup policy question.
12337;1388;2;09/05/2025;Its parent size around.
12338;5274;4;02/10/2024;Interesting always must turn.
12339;5981;1;24/02/2024;Hand page response compare.
12340;4314;2;27/09/2025;Authority actually social need.
12341;19193;2;24/09/2023;Return guess really challenge should.
12342;18946;2;02/03/2026;Medical traditional vote.
12343;4868;3;03/07/2026;Spend single she admit wind can.
12344;14812;5;13/03/2024;Explain prepare maybe since.
12345;12312;2;04/11/2024;Behavior whatever thus wonder bag.
12346;18797;1;26/10/2025;Benefit front anyone value think home sit.
12347;16119;5;01/09/2026;Ahead race away success other.
12348;17877;1;22/12/2025;Section design five audience hour large party entire.
12349;17182;5;30/07/2026;Can her newspaper myself clear.
12350;203;4;19/02/2024;Pattern no conference who player reflect western.
12351;6471;5;26/05/2025;View your describe strategy apply a.
12352;15466;4;13/12/2023;Property provide level free myself item audience.
12353;8614;1;12/09/2024;Start stay adult choose feel remain.
12354;6386;4;19/09/2023;Receive next leg color.
12355;10636;4;14/01/2025;Simply fill watch image always during alone.
12356;12153;1;03/06/2025;White cultural increase one many recognize.
12357;15414;3;26/06/2026;Politics black since office.
12358;2357;4;18/05/2024;Discussion sit minute bit.
12359;18893;3;10/11/2023;Goal consumer view offer tell.
12360;5076;2;12/03/2024;Apply second entire history red listen.
12361;658;1;27/03/2026;Power story individual others hour expect.
12362;11551;3;11/09/2025;Soldier specific believe pick.
12363;13335;3;23/04/2026;Too they end among room page song.
12364;15928;5;31/05/2026;I performance inside past statement prepare network.
12365;17216;3;30/12/2023;Score hope wife sell structure.
12366;6328;5;22/01/2026;Focus training idea heart.
12367;2951;4;05/03/2025;Theory already cover lawyer base audience start.
12368;15268;1;25/04/2024;Perhaps tough require food.
12369;8254;3;16/01/2026;Collection within value.
12370;3309;2;19/07/2026;Camera collection step standard.
12371;7683;4;21/12/2025;Operation authority lead fill thus serious.
12372;7889;1;09/11/2023;People board buy society whose statement despite.
12373;954;4;10/10/2025;Table people head.
12374;12389;5;10/11/2025;Manager ability meet head industry party son.
12375;11735;4;14/04/2026;Police race smile mind.
12376;10275;2;16/02/2026;Stop your history player produce ahead baby kid.
12377;14514;2;05/02/2026;Degree attorney suffer three couple study.
12378;5578;3;08/12/2025;Word public for who teach involve many.
12379;12136;4;02/11/2024;Around style live toward.
12380;11444;2;26/12/2024;Treat friend toward among.
12381;16662;4;01/05/2026;Son such stage policy that sign religious notice.
12382;18113;5;27/06/2024;Half us whom prepare.
12383;8938;1;24/05/2025;Order color create cause degree institution else.
12384;8813;3;01/07/2026;Whether management economy.
12385;7945;3;06/10/2023;Low stand wish rather leader least.
12386;2483;1;31/07/2024;Point operation across guess consider.
12387;11393;2;10/10/2024;Add mouth white manager morning step amount.
12388;6254;2;22/03/2026;Product share star your where.
12389;19492;5;23/04/2025;Skin do material manager.
12390;5906;1;01/04/2024;Minute list foreign next natural full wide.
12391;18100;2;17/05/2025;Just when low tree term production.
12392;13823;2;13/04/2024;Hit work six.
12393;17330;1;18/08/2024;Big source PM story language.
12394;19093;1;22/11/2024;Buy generation rock size win.
12395;2397;2;28/05/2026;Energy religious draw world that exist.
12396;8785;1;05/10/2025;Various course create idea same and.
12397;12917;5;08/05/2025;Move leave keep hear.
12398;14848;4;29/10/2024;Mouth allow help between boy mission.
12399;10552;3;19/09/2023;Production human piece news.
12400;1309;5;02/08/2026;General cost event training change would.
12401;2664;5;23/12/2025;Prevent involve garden commercial project actually every garden.
12402;12180;3;31/12/2024;Teacher organization authority land eat.
12403;15387;2;09/06/2024;Modern fight couple instead clearly hard treatment.
12404;18612;2;12/01/2025;Head alone career day most again.
12405;2753;3;29/06/2026;Could program food yard.
12406;9225;1;20/02/2024;Practice war perhaps party he amount yeah.
12407;10328;4;31/12/2025;Control history service growth.
12408;7650;1;13/11/2025;Light choose gun realize character research day glass.
12409;19329;4;14/06/2025;Whose will role.
12410;8106;1;25/03/2026;Account run worker minute low gun.
12411;18179;5;02/07/2026;Democratic mean road.
12412;2553;3;24/09/2025;Matter evening while stay.
12413;18328;1;28/08/2026;Happy law trip adult wrong.
12414;15871;5;16/03/2026;Player method man perhaps beautiful strategy phone.
12415;12725;3;03/09/2024;Machine serve same.
12416;381;3;02/09/2026;All door perhaps democratic eat test mind.
12417;9379;2;23/01/2024;Executive scientist decade share resource key.
12418;262;5;05/05/2026;Bar those today natural conference same management sometimes.
12419;4144;2;15/02/2024;Result want chance life.
12420;19704;2;16/10/2025;Total mind during.
12421;453;1;15/07/2024;Notice six time head.
12422;10724;4;28/05/2024;Become recently provide herself music return.
12423;1121;1;09/10/2024;No kitchen interview hour expert.
12424;3148;1;24/07/2025;Although spend same trade probably.
12425;10156;5;22/01/2025;Of guess southern answer sing responsibility.
12426;10120;1;25/10/2025;Guy population author need receive surface lose keep.
12427;15976;2;18/12/2024;Skin card accept grow school I property.
12428;9390;1;12/11/2024;Certainly number her future year oil hour sport.
12429;812;5;30/11/2024;None north factor set wish.
12430;9103;2;18/04/2026;Push unit stuff would upon consumer late.
12431;9126;4;15/01/2024;Rest likely avoid check computer cause.
12432;18634;4;09/07/2024;Often religious bar agree provide rise detail.
12433;14887;4;20/05/2025;Could stock affect save most seat.
12434;19515;3;10/05/2026;Outside story that best race.
12435;11459;5;25/08/2024;This whole suffer against Mrs act.
12436;11659;5;14/11/2024;Whom explain organization week result.
12437;1210;2;24/10/2025;Form number instead discussion.
12438;3884;2;10/12/2024;Offer down street security never.
12439;9437;2;20/10/2024;Hundred suggest movie staff weight alone identify.
12440;19018;3;09/11/2025;That level throughout front name.
12441;19923;1;05/08/2025;Develop throughout when away concern.
12442;9003;1;30/03/2024;Evening trip second onto hair meeting.
12443;11818;4;13/02/2026;Stand argue oil federal eye.
12444;16946;1;04/05/2025;House season blood special describe reach to.
12445;4568;5;09/04/2026;Face score probably probably deep go surface.
12446;13938;5;15/07/2024;Establish billion house peace.
12447;4109;3;16/04/2025;Left use decide character support agree several.
12448;3416;5;03/06/2025;See member finish part ball language.
12449;15048;3;18/02/2024;Away south building interest beautiful.
12450;12726;2;30/01/2026;Imagine beat project our suddenly at.
12451;14141;2;12/08/2026;Material staff experience.
12452;9282;3;24/12/2023;Visit simply international country prepare child.
12453;6040;1;04/09/2025;Least boy house certain specific later throw.
12454;13067;5;12/11/2024;Church expect create production late.
12455;6691;4;19/07/2025;Letter international talk network ability.
12456;9196;1;10/10/2023;Speech wife foot.
12457;12443;4;13/12/2025;Hard him picture career answer buy account someone.
12458;11804;3;16/03/2025;Statement wide part policy crime style.
12459;5944;1;14/03/2025;Ask grow meeting knowledge ok responsibility they.
12460;2821;4;18/10/2025;Wonder main student soldier.
12461;8838;4;04/11/2024;Lead factor require their day series PM.
12462;4845;3;24/10/2024;Unit whether baby ask represent every identify.
12463;4850;1;28/01/2025;Give up order person.
12464;9366;1;18/06/2024;Small in close question professor market leader.
12465;12860;2;21/11/2025;Act four successful off level I very.
12466;5820;2;01/06/2025;I tough above science different treatment.
12467;13064;4;02/05/2025;Source everyone eat look medical reason assume.
12468;2677;1;02/10/2025;Cold find they sure open rest accept.
12469;10714;1;26/12/2023;Everybody might open church heavy wind.
12470;980;2;28/01/2025;Under because idea PM pressure include set.
12471;10577;5;05/08/2025;Worker nearly cover create difficult foreign.
12472;11358;1;12/03/2026;West bank several campaign contain.
12473;17285;3;23/09/2023;Social third six everything sea.
12474;1764;2;10/08/2024;Loss concern ten view situation clearly discussion.
12475;7341;4;18/06/2026;While summer feeling side unit however and fly.
12476;3934;1;05/09/2024;Politics at religious fine agreement.
12477;19973;5;19/12/2024;Thank rise still.
12478;13578;1;22/11/2024;Thing admit painting.
12479;10763;5;02/10/2023;Large score church company task.
12480;16641;5;12/05/2026;Case know modern computer parent production data.
12481;17675;3;11/08/2026;Miss happy despite.
12482;10815;4;03/04/2024;Allow section fall money on suffer consumer.
12483;15463;1;08/06/2025;Exist name foot area never test.
12484;14270;2;28/02/2026;Man history avoid two green way main hope.
12485;7707;1;10/04/2024;Any trial expert something rock control pretty color.
12486;1783;1;25/07/2024;Note your player financial.
12487;15650;5;13/09/2024;Perhaps magazine rock minute.
12488;4858;4;26/11/2025;Know red game scene if avoid thought.
12489;18244;4;09/04/2024;Defense man left tree other business significant.
12490;9953;5;07/05/2024;Certainly wear car.
12491;11155;4;24/02/2024;Meet campaign model so side the.
12492;12652;4;12/07/2026;Former try particularly arrive his.
12493;5485;1;14/10/2023;During first tree sit machine.
12494;10485;5;12/05/2026;Painting specific sit memory about exist reason method.
12495;14056;3;12/08/2024;Cut minute begin start break really.
12496;18906;3;24/08/2025;Degree personal yes.
12497;18771;1;09/06/2024;Amount third inside evidence account indeed.
12498;216;5;25/05/2026;Test particular blue however part purpose.
12499;17902;3;21/12/2025;Quality number ahead effort model.
12500;19727;3;05/06/2024;In situation while become.
12501;11484;3;12/11/2024;Card performance serve return though.
12502;14693;1;20/02/2026;How day evidence evidence card increase five ready.
12503;5846;3;14/03/2025;Player lay director rich great partner.
12504;17440;3;22/12/2025;Economy white someone information.
12505;12923;1;25/09/2023;Enough only age black western approach here.
12506;13255;3;01/09/2024;Month fast room that red.
12507;8634;5;10/02/2024;International would foot particular arrive agreement.
12508;14746;2;01/07/2026;Event wind Democrat first.
12509;12970;3;16/10/2024;Read service family movement.
12510;18338;2;04/04/2025;Gun special gas skill place under.
12511;4718;2;18/11/2025;Environment culture former various political fast chance.
12512;12552;2;01/03/2025;Parent east scene.
12513;6536;5;23/10/2023;Film song seven represent sister home.
12514;10711;5;22/05/2025;Choice PM send note.
12515;18420;2;11/07/2024;Age right decision guess story.
12516;4595;3;03/05/2025;Key where media strategy live.
12517;11088;3;17/09/2025;Beat or night science various case business.
12518;5989;3;18/08/2024;Other floor nor travel senior all.
12519;7146;1;07/08/2024;State example their.
12520;17899;3;28/09/2025;Career evidence knowledge raise.
12521;142;5;17/08/2025;With wait help their again wide.
12522;3266;1;23/04/2025;Special agree cell stage plant rule see approach.
12523;8966;2;31/01/2024;Address course debate rise.
12524;5379;4;21/10/2025;Society bit recently.
12525;7836;4;07/01/2026;Analysis probably take region newspaper Republican.
12526;17535;4;09/04/2025;Group southern marriage stuff style without newspaper.
12527;4814;2;04/04/2026;National movement politics art after.
12528;1802;3;08/12/2023;Laugh will explain save tax play man everyone.
12529;15593;3;25/11/2024;Head beat north.
12530;1663;4;02/04/2026;Think main which want not audience explain inside.
12531;7122;3;18/07/2025;Food game free picture per gas.
12532;7280;4;05/01/2025;Cultural what car art hand travel traditional power.
12533;3364;5;16/05/2026;Next during strategy budget color purpose religious apply.
12534;18477;3;17/02/2026;Again beautiful kitchen.
12535;17530;4;10/02/2024;Peace difference civil believe recognize.
12536;1722;1;08/06/2025;Role middle whether least heavy person.
12537;14261;1;10/05/2026;Up low key property.
12538;17724;4;03/04/2024;Seat others investment letter.
12539;16954;2;02/11/2024;Go lose cut inside eat phone range.
12540;517;1;12/08/2026;Enough pass budget eye win per floor.
12541;5780;3;05/06/2024;Ability phone though all.
12542;18178;4;14/11/2023;Audience economy camera too news.
12543;11449;5;26/07/2025;Scientist leader floor system nice.
12544;16043;4;01/10/2023;Few with me lay rest add difficult.
12545;5580;5;29/09/2023;Place effect would such get set.
12546;5338;4;08/07/2024;Four oil daughter mission town measure design.
12547;13784;1;21/06/2025;Option particular small seven president however.
12548;19397;4;04/06/2025;Outside plan also treatment.
12549;6855;3;04/03/2024;Still draw yes speech leave walk west.
12550;3477;2;22/09/2024;Attack event federal give range grow difficult.
12551;4306;1;06/08/2024;Ready billion bed.
12552;2703;2;16/06/2025;Last another movement wide maybe decade sort.
12553;9523;5;17/09/2024;Participant citizen now more today.
12554;17122;1;05/12/2024;Spring along scene TV.
12555;5953;1;18/12/2024;Remain natural everybody car.
12556;8945;2;07/06/2024;Number know year.
12557;18052;5;02/04/2026;Leave local account crime tax responsibility always.
12558;12303;3;16/10/2025;Church mention again discover rule yard physical stuff.
12559;12454;3;09/11/2023;Physical democratic commercial.
12560;16662;5;01/06/2024;Show if somebody responsibility budget drug opportunity.
12561;8894;3;03/12/2025;As fall test economy lot side.
12562;5780;1;24/12/2024;Investment rest election choice main woman discover.
12563;587;4;30/05/2026;Arrive middle customer room write management others.
12564;10035;4;27/03/2024;Start quickly ball pattern half.
12565;5757;3;05/08/2025;Perhaps its understand.
12566;3631;5;23/02/2026;Ground along expect.
12567;19879;4;11/09/2025;Ten tree health thought miss key husband our.
12568;10689;3;28/11/2024;Collection wonder thousand ask family source different.
12569;17671;4;12/10/2024;Citizen serve machine trip.
12570;4951;4;23/10/2023;Goal before easy contain.
12571;6217;2;16/04/2025;Pass yard enjoy tough product option moment me.
12572;9070;2;04/12/2025;Before various lay.
12573;18574;2;21/04/2024;Station age shoulder line.
12574;18447;3;01/08/2024;Cold late college full.
12575;4310;1;02/08/2026;Of thought everybody.
12576;16726;3;05/07/2026;State provide fire buy understand former.
12577;18499;2;09/07/2024;Across bar radio up yard make.
12578;8117;5;02/05/2026;Head clearly onto itself laugh focus hospital.
12579;10657;1;23/03/2024;Debate contain nature go raise artist painting show.
12580;17008;2;26/06/2024;Find find government those life.
12581;19631;4;17/11/2024;Push itself him set Mrs open.
12582;18365;4;15/01/2026;Economy thought create.
12583;19887;5;06/09/2025;Same away leg somebody system ready.
12584;13899;1;09/06/2026;Nation table how heart audience.
12585;18785;5;30/05/2026;Half energy person final.
12586;17425;2;11/05/2026;Become full save among growth exactly very.
12587;14023;1;03/07/2024;Administration trip treat drug discussion learn.
12588;403;5;11/12/2025;Husband machine computer key future.
12589;12442;3;03/04/2025;Quality become contain family movement determine east.
12590;7799;1;01/08/2024;Father suffer especially letter professional.
12591;15957;2;24/11/2023;Site bring meet voice which mind change.
12592;510;2;21/04/2025;Remember traditional cold PM fast child.
12593;8641;3;11/06/2026;Time table least market skin I.
12594;18414;5;07/04/2025;Allow now year again necessary analysis around.
12595;13680;2;03/09/2026;Chance wear media walk another.
12596;13799;4;20/08/2024;Enter air year land current opportunity.
12597;865;4;08/06/2026;Make dark opportunity arrive power because.
12598;15951;4;21/05/2025;Help together enough spring.
12599;5472;4;20/01/2026;Price condition room lot growth.
12600;19190;4;24/07/2024;We direction run recent structure sea.
12601;5412;2;12/06/2024;Remain movement employee agent hard.
12602;15527;1;23/10/2023;Thus sound consumer child successful nature you.
12603;4415;2;22/03/2026;Edge position often.
12604;5704;2;08/10/2023;Often never democratic challenge one.
12605;15743;4;03/01/2024;Seek peace choose than per.
12606;18922;3;05/02/2024;Bag onto large.
12607;637;5;10/04/2024;To remain great after.
12608;6799;5;08/06/2026;Seat light think member.
12609;1098;4;04/05/2025;Maybe direction not push customer.
12610;1157;1;17/06/2025;Seek window write long movement cause.
12611;17248;2;07/09/2024;However year professional difference.
12612;18424;4;02/05/2026;Particular project position only their stuff country.
12613;10268;3;20/07/2025;Drug study war moment.
12614;4486;4;24/04/2025;Think quality think campaign picture how require itself.
12615;19651;1;03/10/2023;Let ground entire coach employee scene.
12616;703;5;16/11/2023;Stay impact point kid.
12617;14035;1;26/03/2025;Officer early authority fall mention.
12618;17884;5;08/05/2026;Republican somebody short somebody return on generation.
12619;9328;4;01/09/2024;Chair community chair most interesting be.
12620;8767;2;24/03/2026;Community herself second seem sell you make.
12621;7938;4;06/06/2025;Especially voice soon method news condition two.
12622;2881;1;26/02/2026;Election apply assume exactly born.
12623;18033;3;24/03/2025;Painting majority event democratic.
12624;4091;1;27/06/2024;Wide learn newspaper yet remain its task.
12625;12058;2;13/06/2025;Head manage thus idea throughout according.
12626;15620;1;03/08/2024;Our small get culture with.
12627;670;3;15/09/2024;Wish bed eat draw community.
12628;16581;1;08/02/2025;Still think reality success interest.
12629;13214;5;26/12/2024;Audience thank huge smile.
12630;2068;5;17/10/2023;Standard identify model his point nothing compare probably.
12631;7101;2;30/03/2026;Strong back finally movie candidate consumer.
12632;8051;3;21/12/2024;Ready leave character including style play walk.
12633;11377;4;08/10/2023;Spend federal woman.
12634;8788;1;29/11/2024;Especially significant begin common audience service.
12635;4780;5;08/09/2026;Remain where throw subject Republican store factor quickly.
12636;17570;2;08/03/2026;Possible middle finally beautiful relate rate teacher.
12637;19945;4;27/12/2023;Idea around whatever along indeed research.
12638;15918;2;19/11/2023;Admit push already.
12639;6408;4;13/06/2024;Couple mention conference toward happy oil.
12640;16662;4;11/02/2026;Find floor less them perhaps economy still send.
12641;16961;2;24/05/2024;Get brother position.
12642;4579;4;14/04/2025;Into course financial fight such human.
12643;19915;3;28/07/2026;Performance determine consumer interest camera.
12644;10663;1;18/06/2026;Director heart school son level many.
12645;4937;3;22/03/2025;Political fight avoid word be water glass.
12646;19388;5;15/06/2026;Radio beautiful ready particular society enter great along.
12647;7935;3;09/08/2025;Accept its some chance always.
12648;16403;2;22/07/2025;Alone peace daughter method yard task.
12649;16102;1;14/02/2024;Beat special goal.
12650;11230;2;24/11/2024;Both voice activity yes one.
12651;13691;3;16/10/2024;Quite TV product some why.
12652;1979;2;28/12/2024;Available happen involve try parent customer.
12653;7141;2;26/12/2024;Agreement friend piece describe foot.
12654;5746;1;06/02/2025;Send final senior whole.
12655;18300;2;12/07/2024;Feeling newspaper center do response.
12656;19631;3;01/09/2025;Show necessary reason dream certainly seven box.
12657;13917;1;03/03/2026;Company many ability just successful appear program.
12658;480;2;22/07/2024;Method cell house benefit somebody figure.
12659;8833;5;28/12/2025;He its maintain hope imagine federal seven.
12660;5196;1;08/05/2026;Face beat TV he system defense why.
12661;19471;5;29/04/2025;At their against cup want system star.
12662;11301;5;26/09/2025;Man sea federal option professor member we.
12663;6646;2;21/04/2026;Represent matter but.
12664;11456;1;29/05/2025;Drug find federal wall cultural meeting near network.
12665;5018;5;10/01/2024;While base economic individual image.
12666;8560;2;03/04/2026;Majority capital finish maybe both center.
12667;17012;5;01/10/2024;Far upon site system score new.
12668;6038;3;14/02/2026;City now religious bring without mention simply.
12669;11727;3;28/08/2025;Parent middle us she national scene.
12670;9129;1;20/10/2024;Fear share war few without research fill property.
12671;17613;1;22/06/2024;When writer apply day big.
12672;11274;4;24/08/2026;Condition take brother up professional mission recent add.
12673;2693;2;27/09/2025;Stay remember politics join stay keep spring power.
12674;15594;5;22/06/2025;Political economic region.
12675;10517;1;06/12/2024;Development national response get form within provide.
12676;11878;3;09/05/2026;Everybody former manager recently use fall.
12677;4893;5;07/08/2026;Open pressure continue half finish night minute worker.
12678;13448;1;04/07/2025;Next simple agreement peace read information cup.
12679;15537;5;23/11/2024;Common offer type month health.
12680;80;5;13/06/2026;Everything friend hear any.
12681;7552;5;12/03/2024;Beat grow science quickly action huge end.
12682;8615;3;07/11/2023;Get back huge pull.
12683;10290;3;29/01/2025;Difference use believe decade weight.
12684;620;2;13/11/2024;Establish financial high drive cause.
12685;9200;1;09/10/2023;Project think write step car.
12686;14175;3;26/10/2024;Hear own add education animal.
12687;12504;3;09/12/2023;College hotel something customer down.
12688;9157;4;16/08/2024;Hospital method arm often Republican point treat.
12689;5850;1;06/01/2024;Fact play court watch.
12690;11869;4;24/08/2025;Street rate travel test development.
12691;13132;5;12/12/2023;Catch hard financial reason rule stand letter.
12692;7146;3;08/01/2026;Need my herself whether nor those though enter.
12693;2960;2;04/04/2024;Expect thousand music watch respond what western size.
12694;17052;5;29/05/2024;Notice join green weight rise good life.
12695;18947;1;12/08/2024;Enough film decade hotel rise usually.
12696;11027;3;16/11/2025;Yourself interesting anyone owner interesting black stand field.
12697;14289;5;20/10/2023;Feeling care what particularly heart open herself matter.
12698;306;4;22/02/2026;Bed these without item.
12699;16901;4;20/04/2025;Nothing it on apply same development door.
12700;7425;4;14/11/2024;World international their close.
12701;6835;1;19/11/2023;Language model between now huge.
12702;13759;2;12/01/2025;Travel rest drive able.
12703;10100;4;27/09/2023;At same nothing add or say pull.
12704;12487;3;27/03/2024;Method us every movement cut anyone consumer.
12705;2650;1;20/10/2023;Conference yard decide rule civil.
12706;18480;5;06/09/2026;If foreign ago its after again.
12707;4391;5;30/12/2023;Raise law series everybody music.
12708;17;5;21/02/2025;Share later film pick example brother window.
12709;9440;4;30/10/2025;Official may interesting skin customer mouth herself.
12710;16774;2;27/10/2023;Any against adult ahead miss its central short.
12711;4279;4;14/04/2026;Own stage partner arm oil material.
12712;17150;5;04/05/2026;Give sense political.
12713;12489;1;08/07/2024;Summer assume four success.
12714;2511;5;29/09/2023;Phone sport ok class item soldier machine.
12715;6888;3;20/01/2024;Guy personal mouth.
12716;12519;3;26/03/2026;Bit room with seem business.
12717;12860;5;06/08/2026;Both media send.
12718;7878;1;08/10/2024;Whatever far into sure.
12719;3849;1;27/08/2025;Defense itself third others cause card fly clear.
12720;17775;2;21/12/2025;Able realize camera wrong prevent create expect.
12721;386;5;31/10/2025;Popular hour general yourself wife however.
12722;462;3;27/09/2023;Also lawyer agent Republican.
12723;3345;2;21/10/2023;Ahead second test prevent long heavy.
12724;11147;2;30/05/2025;Environmental identify woman region everybody article note.
12725;9618;1;28/01/2024;Kind expert prove significant win.
12726;7029;1;04/11/2023;Consider spend less different.
12727;17759;2;17/10/2023;Per indeed audience somebody side meet realize.
12728;456;4;28/07/2025;Manage be ability professional election you.
12729;18236;5;23/02/2024;Pay term program involve often.
12730;4971;4;13/10/2023;Instead because amount many morning.
12731;8651;2;28/11/2024;Fire care appear something our main.
12732;4032;1;16/03/2024;That property key adult.
12733;10019;4;05/08/2024;Mind trade break.
12734;19366;5;13/11/2023;Its consider power unit top indeed.
12735;18607;2;29/10/2024;Either court study none financial.
12736;15079;2;01/09/2025;Anything material husband environment.
12737;8677;3;31/03/2025;Really two return president trouble across build.
12738;3125;2;22/05/2025;Upon allow yourself mother.
12739;5680;5;05/08/2025;Staff accept before state before after store day.
12740;11481;5;24/12/2025;Between detail professional audience agree lose thing.
12741;3101;2;08/11/2024;Draw call perform specific sort.
12742;285;1;25/11/2024;Standard begin citizen anyone pick lot identify physical.
12743;18910;3;11/09/2024;Perform very discuss too language.
12744;16520;1;27/09/2023;Cultural court employee whatever tonight.
12745;3679;2;17/06/2026;Structure computer bring discussion recent.
12746;14762;2;05/04/2024;Month executive show table.
12747;5267;2;19/06/2026;Keep region discuss recently reality manage family.
12748;9829;4;30/11/2023;Own despite conference part force.
12749;11014;1;09/02/2024;On small interest music.
12750;3270;4;21/03/2026;Test attention show assume model.
12751;13241;5;25/10/2025;Throw medical fly last.
12752;14638;1;08/07/2024;Catch investment step station clear along.
12753;13702;2;12/06/2025;Other west left set three over along watch.
12754;3367;5;12/05/2026;Whole decade until office.
12755;3461;2;05/09/2026;Half sell dog feel.
12756;6574;3;25/04/2025;Allow know can child even first.
12757;8221;2;13/02/2026;City painting tonight least.
12758;6856;5;25/11/2024;Thousand capital three up finish year somebody.
12759;1782;3;18/06/2026;Approach audience leader cut town.
12760;11418;4;17/04/2025;Claim consider risk.
12761;12056;4;11/02/2026;Word direction lay mind.
12762;13305;3;13/07/2025;Bit through specific name often possible.
12763;3329;2;03/05/2026;Charge condition life listen edge.
12764;9083;4;30/11/2023;Lose purpose six laugh system standard student.
12765;1776;1;07/01/2025;Company do bad.
12766;17384;5;26/02/2025;Trial answer remain.
12767;3649;1;01/05/2024;Side anything trip half power.
12768;2176;4;22/09/2023;Approach action house street machine.
12769;16955;2;19/04/2024;Significant under federal type.
12770;12695;5;29/11/2024;Make family fill difficult end single shake.
12771;282;5;09/06/2026;Accept city you.
12772;11868;3;13/01/2024;Similar perform charge cell group born.
12773;2529;5;16/07/2024;Federal blue worker.
12774;9023;2;27/02/2024;Race bag start next example kitchen other.
12775;14325;2;16/04/2024;But course parent ground.
12776;9843;4;13/03/2026;Executive daughter during mother.
12777;13769;5;24/02/2024;Born view technology reach year.
12778;7149;4;18/08/2026;Better list include writer.
12779;12492;2;26/06/2024;Subject however despite sure notice only policy.
12780;8081;1;30/11/2025;Trial young suddenly mean very church despite life.
12781;19868;1;11/10/2024;Your happy section painting top.
12782;6518;1;25/11/2024;Strong charge yourself.
12783;2671;2;09/10/2025;West camera understand lawyer follow race.
12784;1013;4;12/06/2025;Hard enough oil remember whose.
12785;10034;2;14/02/2025;Tree know game free.
12786;9345;4;26/07/2024;Section really process for open.
12787;13149;3;08/04/2025;Apply material professional put with top.
12788;12286;5;23/01/2026;Hope song relate step nation staff physical.
12789;16499;3;22/03/2025;Stop both effect various appear.
12790;13446;5;22/04/2024;Politics though different PM.
12791;18838;1;29/04/2024;Oil answer late fight their trouble.
12792;17872;1;12/08/2026;Rate character process together.
12793;9916;5;18/02/2024;High edge force economic.
12794;18915;2;29/05/2024;Budget until know very their edge.
12795;3894;2;05/04/2024;Relationship next however skin.
12796;5368;1;02/05/2024;College majority plant wife series effect stage.
12797;4339;4;04/09/2026;Others if use song fill program.
12798;6707;1;09/01/2024;Still positive mention two short thing.
12799;1436;3;02/04/2026;Involve another city air member our join economy.
12800;4148;2;20/02/2026;Include place affect available standard just.
12801;12110;4;02/11/2023;Minute who ground girl middle entire.
12802;13542;1;05/03/2026;Girl behavior policy.
12803;1773;1;13/11/2024;Alone at small board.
12804;1969;2;16/11/2023;Decision her fly total.
12805;4516;4;12/05/2024;Often candidate might laugh structure.
12806;6863;5;23/09/2023;Cause down gas kitchen crime.
12807;3872;5;05/02/2024;Democrat candidate somebody special degree quality never.
12808;1270;5;14/12/2023;Simple week practice production.
12809;7354;1;03/10/2024;Evidence station especially city number meet front everything.
12810;2561;5;21/03/2025;College process usually minute continue.
12811;5997;1;04/11/2025;Show add themselves discuss minute message.
12812;771;5;29/08/2025;Town little wear because.
12813;12618;2;09/08/2025;Consumer bad risk free time let.
12814;9786;1;15/01/2024;Billion whole life house stop art rest.
12815;6880;2;14/11/2023;Evening free message arrive question science.
12816;13110;3;09/03/2024;Dream itself stuff suffer wait pass.
12817;7385;5;26/11/2023;Animal mother body yes.
12818;4114;1;22/10/2025;Back race expect business miss case.
12819;10336;4;06/04/2026;Rule total rich.
12820;423;1;11/06/2025;Green room upon business tree she investment feel.
12821;3485;4;23/01/2025;Century agreement onto check own entire light.
12822;9263;4;19/05/2024;Long significant may data increase side thank.
12823;9592;1;29/06/2024;Imagine everything research individual knowledge.
12824;14346;2;01/02/2024;Edge party fall.
12825;11511;5;29/03/2026;Challenge wrong local dinner design public sister.
12826;1722;5;30/07/2026;Personal including card question choice police win.
12827;1036;5;09/05/2024;Body anything word.
12828;11900;2;18/04/2025;Poor case development occur.
12829;3775;1;07/08/2024;Throughout ability other choice thousand into.
12830;16730;3;13/07/2025;Amount prepare hear indeed trade quite exactly.
12831;13218;1;05/01/2026;Force interesting father painting.
12832;15990;2;02/10/2024;Voice real simply necessary animal.
12833;11933;2;15/05/2026;Doctor realize nice cold safe kind.
12834;3030;4;26/03/2025;Full investment behind specific modern.
12835;8313;1;25/05/2025;Fall cover available thing.
12836;14561;2;17/02/2024;I off goal reflect door meeting exactly.
12837;18900;5;19/03/2025;Too scene near fact.
12838;16178;5;04/06/2024;Someone way newspaper close radio moment.
12839;8728;2;24/08/2026;Success friend Congress special.
12840;18615;1;29/07/2025;Also history conference but.
12841;3664;4;19/03/2024;Congress visit our send worker minute.
12842;3869;1;22/06/2024;Mr large decide letter PM chance.
12843;9335;4;04/01/2025;Scene nice realize.
12844;18535;3;13/09/2023;Produce surface onto site put.
12845;11656;4;07/01/2026;Specific public structure machine race pretty parent.
12846;9490;4;14/12/2023;His including individual wall blue.
12847;3017;5;29/07/2024;Song western education health wish last.
12848;8653;3;28/12/2023;Purpose image woman tree.
12849;14200;2;28/03/2026;Building threat you for open.
12850;8998;3;24/02/2026;Eye court sea authority play.
12851;18294;1;19/11/2023;Manager life good necessary offer matter baby I.
12852;5174;5;25/06/2025;Western buy one room kitchen public blood.
12853;3419;5;13/09/2025;End citizen anything story continue always.
12854;2951;2;06/08/2025;Job upon of.
12855;19985;5;13/11/2023;Indicate system civil position budget.
12856;18413;5;28/03/2026;Writer risk lawyer agreement up.
12857;15900;2;20/05/2026;Probably first say spend site industry agree.
12858;9950;3;12/06/2026;Building phone foot choose.
12859;5048;3;13/09/2025;Sport between once discuss some him.
12860;4779;4;19/01/2024;House resource second system fish left view live.
12861;5949;5;10/12/2024;Policy population whole voice once break.
12862;5453;1;06/12/2025;Good commercial administration hour best begin standard someone.
12863;11713;2;16/01/2026;Will almost authority.
12864;5454;4;10/06/2026;Somebody old firm fire score.
12865;1059;3;11/12/2025;Successful everybody pull write listen key.
12866;2393;2;25/12/2023;Couple PM necessary eight view.
12867;2783;2;11/02/2024;Minute budget receive summer local.
12868;9426;1;11/11/2024;Moment rise season result president decision.
12869;17987;4;18/11/2023;Big act million.
12870;4851;2;24/04/2025;Mrs religious lawyer.
12871;12000;1;17/04/2024;School reach officer same study.
12872;203;5;22/03/2024;Fact century voice total field.
12873;15440;2;29/09/2023;Around cup perform.
12874;4817;1;30/12/2025;Chair visit employee.
12875;1769;5;01/09/2024;Rule computer order simply decade.
12876;7870;2;02/04/2025;Dark past near.
12877;14940;4;30/12/2023;May magazine approach figure author.
12878;16240;2;04/07/2026;Smile special law.
12879;18315;2;21/06/2025;Avoid hard ready prove method first weight short.
12880;5284;5;30/04/2024;Research network agree those girl guy.
12881;11519;1;25/01/2025;Detail herself close though instead we social.
12882;4540;2;22/01/2024;Key explain near difference fire east work.
12883;18854;5;12/01/2025;Decade resource into health fall until.
12884;3222;4;10/11/2024;Draw stand dog room.
12885;9140;1;15/02/2026;Support us do say.
12886;7477;2;04/01/2025;Within ok trouble travel.
12887;4190;5;15/03/2025;Someone writer be present.
12888;4230;5;16/02/2025;Real conference plan drive thus business vote.
12889;15616;2;26/01/2025;Join series strategy economic plan.
12890;5902;4;17/06/2024;Fund tonight forget one evidence think his by.
12891;11824;3;14/12/2025;Before sing table not movie here.
12892;11476;1;22/10/2024;Blue resource experience prepare land agency involve trip.
12893;12701;5;05/06/2025;Reach technology shoulder visit somebody prepare.
12894;17883;2;14/01/2026;Own realize trip in around name.
12895;11662;5;23/12/2024;Eat major fill pay.
12896;14356;1;20/10/2025;Office help lose outside anyone benefit.
12897;3448;4;04/08/2024;Whole management which.
12898;12158;4;11/07/2026;Party social use.
12899;591;2;21/10/2025;Special start half long.
12900;10378;4;15/02/2024;Before material paper measure sometimes base why.
12901;19204;2;13/01/2025;Her sport generation at professor it decade hot.
12902;12283;4;23/06/2024;See agree what than worker really.
12903;11461;3;21/12/2025;Student city glass bit director.
12904;17585;1;20/10/2024;Owner anyone south past successful experience receive.
12905;16265;2;02/10/2025;Expert base change.
12906;10029;1;29/10/2025;Light good film drug north simply.
12907;11973;4;25/07/2025;Discuss study off day near.
12908;11609;1;24/12/2024;Seek heavy attention paper scientist actually into.
12909;12513;5;29/10/2023;Defense difference degree arrive.
12910;11352;4;21/05/2024;Member party never might increase enough.
12911;2288;5;04/08/2025;Really end walk my.
12912;11889;5;29/06/2024;Forget fly ready play ten bed.
12913;9169;4;28/08/2026;Part commercial song sure.
12914;1471;3;30/07/2025;Major rather kitchen cold myself rather.
12915;16105;2;23/12/2023;Set involve huge toward really.
12916;2707;3;08/08/2025;Local exist research turn wonder decision.
12917;14574;4;21/04/2025;Poor science quickly education father.
12918;9856;4;27/02/2025;Strong first significant sure cold study sit.
12919;5036;3;09/04/2026;Science us window sell travel.
12920;10106;3;30/01/2025;Artist system course enter few phone face.
12921;5598;5;21/05/2024;Beat increase attack kid.
12922;747;2;13/07/2025;Free south happy by three.
12923;13628;1;31/07/2024;Size Mrs good enough anything mind way.
12924;4426;4;06/04/2025;Area season media add partner election.
12925;13436;3;16/04/2024;Make believe start short.
12926;8682;4;10/01/2025;Station television history card attention prove how.
12927;2941;5;21/10/2023;Majority sound safe eight tree.
12928;8216;3;18/11/2024;Painting third color part close send.
12929;1747;1;07/12/2024;House culture case miss smile.
12930;1017;4;09/04/2026;Green forward reason.
12931;14261;4;05/01/2025;Including information situation office chair sort.
12932;63;4;16/05/2024;Message state reach red gun.
12933;5960;1;26/09/2023;Base moment late someone pressure impact usually.
12934;17874;4;17/10/2025;When federal public drug side can produce.
12935;14260;4;03/07/2024;Capital election foreign western.
12936;17002;2;05/04/2024;Top five business radio.
12937;4880;1;06/10/2024;Speech for leave see better ball.
12938;11760;2;24/10/2025;People well significant political ball soldier.
12939;4403;2;21/11/2025;Coach western charge response.
12940;11761;5;28/04/2024;Record with old service.
12941;2275;2;25/10/2023;Throughout care child.
12942;14918;1;28/04/2024;Back world offer amount whether decide image.
12943;15642;5;05/06/2024;Pretty guess statement visit meeting prevent.
12944;3845;4;07/06/2026;Guy sit return piece spring arm door rule.
12945;16360;3;30/09/2023;True recognize visit bad enjoy performance executive.
12946;11689;4;10/06/2024;Should generation throw charge respond man.
12947;4716;4;25/12/2024;Wife very discuss poor account your.
12948;5826;1;30/01/2024;Real notice environment.
12949;7063;5;24/04/2026;Race idea current certainly.
12950;1096;4;24/02/2026;Candidate improve consider my career.
12951;18305;5;07/11/2025;Window deal budget develop.
12952;6517;5;31/05/2025;Order wrong radio network role foot reach hold.
12953;4936;3;24/12/2023;Affect just ten remain.
12954;6833;5;31/08/2024;Interest trade method effect top I police.
12955;4831;1;06/12/2025;Test smile stay make ahead player major.
12956;805;4;24/11/2023;History avoid stage data situation use citizen.
12957;18886;4;24/01/2025;Second marriage marriage relationship.
12958;10715;4;02/04/2024;Suggest degree worry.
12959;16924;4;05/07/2026;Write foreign modern claim its.
12960;19997;5;15/05/2026;Easy very then cold get few.
12961;12591;4;03/08/2026;Study particularly field choice indeed.
12962;17488;3;13/10/2023;Particular fact option.
12963;14905;2;21/04/2026;Walk section nice board.
12964;17187;1;01/08/2025;Season father international.
12965;14106;4;07/03/2025;Reality cold analysis on project three assume.
12966;1637;5;25/06/2026;Success painting ability light.
12967;5691;2;18/08/2025;These herself example audience.
12968;16610;3;15/01/2026;Three interesting star generation recent imagine near owner.
12969;2404;5;12/05/2024;Cell check local right himself control discuss.
12970;8258;5;31/03/2024;Type general individual budget receive blood.
12971;4833;1;19/09/2024;Right indicate rather art site.
12972;13316;4;23/08/2026;Seat rest realize home.
12973;10942;5;26/01/2026;Science church thing than.
12974;19657;3;03/07/2026;Authority all beyond successful personal develop.
12975;4604;5;06/01/2025;Be yeah second issue happy that each.
12976;19602;3;24/05/2024;Partner recent oil at next TV form.
12977;1460;3;27/07/2024;Boy theory oil minute.
12978;3391;4;13/10/2025;Admit discover case hit next after.
12979;12903;3;26/01/2024;Everyone man next machine rock.
12980;11994;5;09/05/2026;Lay budget technology light author decade enjoy.
12981;6296;2;04/07/2024;First raise space number size me sure then.
12982;17869;3;21/03/2026;Green name out why represent structure which.
12983;13460;3;10/06/2024;Specific family remember play.
12984;1515;4;09/10/2023;Once ever low purpose hour movement this.
12985;19240;1;04/07/2025;Economic style chair cost administration light.
12986;4274;2;01/05/2025;Put agent mother forget push while condition.
12987;8375;2;19/07/2025;Over take measure back site without.
12988;19726;5;28/06/2024;Lay week culture concern end.
12989;12511;1;11/06/2026;Interview benefit mean.
12990;5145;4;28/12/2024;Each girl final stop wear imagine hundred.
12991;6577;1;25/06/2025;Section their hold wrong.
12992;759;5;31/08/2026;Difference major plant food one.
12993;670;2;31/10/2023;Act summer nation development.
12994;17797;1;09/07/2025;While door war the present.
12995;2220;4;18/10/2025;Outside media movement peace seem this back.
12996;948;2;12/02/2025;Short response manager foot attorney least.
12997;11446;3;17/08/2025;Owner activity free man sport open.
12998;13953;5;24/03/2024;Top decision conference bag special.
12999;5311;3;05/09/2025;Ahead like Democrat why heavy avoid.
13000;7512;3;13/04/2026;Activity save begin friend level add fund.
13001;2671;1;07/05/2024;Wait view trip beat himself describe.
13002;5844;1;21/11/2024;Check make research add.
13003;7257;3;09/03/2025;Control nothing assume perhaps.
13004;1541;3;21/04/2025;Very executive art threat.
13005;18979;4;02/04/2026;Plan live fear reach student only hand.
13006;8897;4;04/04/2024;Will bill million help class must leave.
13007;1996;3;26/11/2023;Measure health support garden large.
13008;14909;2;25/05/2024;Someone case sort material ten bring give second.
13009;10366;2;17/06/2025;Memory significant plan reason different way.
13010;17827;2;06/05/2024;Building trade feeling.
13011;2183;5;01/03/2024;Together page TV new.
13012;4356;4;05/08/2026;Call true site huge similar hour.
13013;738;5;18/08/2025;Community interesting shoulder area.
13014;1713;3;10/04/2025;Toward director cell rise among specific fight.
13015;16978;3;24/05/2025;Main career staff wrong.
13016;18230;5;07/11/2025;Entire power area dinner.
13017;12654;4;18/08/2026;People nation start member never strong.
13018;14286;1;10/08/2024;Bed population system girl ten amount.
13019;6964;2;28/06/2024;List million staff.
13020;18352;4;25/05/2025;Any see exist discussion reach hand discussion.
13021;1395;4;12/10/2025;Course perhaps financial visit specific.
13022;8112;2;13/03/2026;Environmental that production view whole.
13023;12840;4;23/07/2026;Main shake measure alone.
13024;9659;3;14/11/2024;Table positive model production food.
13025;9809;1;28/04/2026;Increase argue myself beautiful little meeting reason.
13026;17466;4;29/11/2024;Plant religious try pull.
13027;8548;2;07/10/2023;Law total voice moment score modern.
13028;9549;1;09/02/2026;Return break tree movement learn decision fill.
13029;3731;2;20/11/2025;Cultural employee simple help interesting.
13030;18363;1;10/01/2026;By be few wrong.
13031;15961;2;31/01/2024;No industry until person approach.
13032;7999;2;15/12/2024;Itself have head design loss specific.
13033;6640;2;01/03/2025;Travel work avoid decade check imagine year.
13034;4167;5;28/12/2024;Respond interview anyone.
13035;709;4;10/07/2025;Policy buy eye since relate popular in training.
13036;14898;3;08/04/2024;Scientist traditional little beyond manager measure.
13037;12148;4;07/02/2024;Suddenly process once experience television.
13038;13855;1;20/06/2026;Public level sense stay assume.
13039;2043;2;19/05/2024;Worry ok chance leave recent truth.
13040;3962;1;16/07/2025;War significant quite couple product away economy.
13041;760;5;12/06/2025;Event company also deep crime.
13042;14974;4;02/11/2023;Indeed foreign talk road man soon staff.
13043;2274;3;17/04/2024;Form it positive computer over church.
13044;6741;4;26/07/2026;Movie share truth structure hit.
13045;12017;3;16/09/2023;Wonder issue matter necessary.
13046;14186;3;02/06/2026;Month which green north write.
13047;1064;3;01/01/2026;Painting issue board it put plant else.
13048;16320;3;08/10/2023;Oil produce authority water defense.
13049;7297;2;11/08/2024;Sell mind road term television.
13050;11633;4;25/10/2023;Point guy me professional.
13051;16935;1;07/08/2024;Some large good message senior history note.
13052;4087;3;08/03/2025;Music need drop.
13053;11286;1;02/02/2026;Forget contain threat our three.
13054;8737;2;01/11/2024;Mother door fact day understand stock.
13055;4763;2;05/11/2024;Team early magazine single.
13056;5746;4;23/03/2024;Reality capital drug article loss finally trouble.
13057;16295;5;16/04/2025;Shoulder thing home machine face art.
13058;2326;3;22/03/2024;Story weight politics only action people citizen hold.
13059;2815;1;18/08/2024;Industry phone evidence data.
13060;8874;4;01/09/2025;Surface computer standard once remain.
13061;19183;5;29/06/2024;Sea bring goal make.
13062;18325;5;30/09/2023;Artist level easy standard sign.
13063;15425;2;04/12/2025;Media well both firm sister.
13064;11091;4;21/09/2025;Ready traditional figure because.
13065;18191;4;24/10/2024;Company receive fine.
13066;5916;2;14/02/2026;Likely value able brother beat.
13067;9009;4;22/08/2024;History our partner surface almost at.
13068;2412;2;05/05/2025;Foreign international actually maintain production.
13069;3136;4;26/06/2026;Research guy trade police century.
13070;11150;5;01/12/2023;Information pay seem product garden fine every through.
13071;4718;3;10/07/2024;Necessary while kid night visit rich day.
13072;2107;5;25/10/2025;Significant seek administration nation successful until develop.
13073;19480;1;09/03/2025;Get region family total.
13074;14567;1;27/06/2024;Teach impact hope citizen.
13075;19723;4;22/12/2024;When care off.
13076;14289;2;03/03/2024;Give bill list.
13077;12930;1;05/04/2025;Painting fast system quickly.
13078;7039;1;22/08/2026;Authority who quickly ten.
13079;19929;3;09/10/2023;Performance bring development them dinner officer.
13080;9167;5;18/11/2025;End itself admit money rise sometimes.
13081;6870;1;21/06/2025;Always land information think tree us rate.
13082;15124;4;06/02/2026;Agency toward clearly claim just.
13083;14141;3;09/03/2025;Off design section could piece.
13084;13658;1;02/02/2024;Bring civil they language fly.
13085;16072;4;14/08/2024;Reach public long price perhaps.
13086;16918;2;24/10/2025;Detail line range record develop part leader.
13087;16822;4;09/01/2026;Special feeling analysis visit save condition left.
13088;3696;2;26/03/2025;Remain month event money relate true something choice.
13089;16224;2;25/03/2025;Pick need including mind stock training property.
13090;5879;5;09/01/2026;Paper present someone bank despite upon her.
13091;9834;4;14/02/2026;Unit wear deep space part pattern especially cup.
13092;10365;4;07/11/2025;Series half admit that board sound explain.
13093;15053;5;06/10/2023;Yeah understand position student.
13094;19736;4;22/04/2024;Be chance hospital thousand bring great.
13095;10633;4;23/10/2023;Stock remain rich far win either.
13096;18131;5;14/12/2023;Light agency activity claim authority matter best.
13097;13521;1;25/03/2025;Center ball blue discover tough already.
13098;3609;3;24/08/2025;Ball manager modern.
13099;18444;1;22/07/2024;Start surface course them.
13100;4796;5;30/05/2025;Son simply sure view director themselves.
13101;10062;2;16/03/2025;Economic mention together if later half smile very.
13102;11410;4;20/04/2025;Customer collection really change do pretty.
13103;11318;3;30/07/2026;Book conference myself myself.
13104;15661;1;03/01/2025;Information stage teach PM opportunity he.
13105;6974;1;24/02/2024;Street early friend food part recently half.
13106;9499;3;11/09/2024;Wall together down only finish eat total.
13107;11702;2;14/05/2026;Wait throughout possible live I lawyer stand.
13108;2067;2;21/07/2026;By day road church hand owner.
13109;14125;3;25/01/2025;Keep result write red almost measure.
13110;12970;5;25/12/2024;Claim run nation to.
13111;7929;4;12/04/2025;Book shake traditional decade stay so.
13112;461;1;11/02/2026;Family audience plan war develop country watch point.
13113;2412;5;10/08/2026;Pattern medical central page guess drive.
13114;10031;4;18/10/2025;Senior chair break.
13115;6941;3;25/02/2026;Night marriage clearly involve tell write.
13116;13718;5;03/12/2024;Indeed know serious.
13117;9529;3;08/04/2025;Same tend entire media reflect.
13118;8019;2;25/07/2024;Capital foreign leg cover father public.
13119;16081;5;11/05/2026;Wall soldier price close.
13120;18602;3;03/08/2026;Full something enough security major price.
13121;19263;3;06/04/2024;Gun impact boy middle stand pressure professor.
13122;15917;2;20/04/2024;Leader fire moment room.
13123;259;5;04/06/2025;Couple hope debate dream.
13124;7126;3;08/11/2025;Social miss his color good class.
13125;1276;3;18/03/2025;World hundred well never detail similar each.
13126;13544;3;20/12/2025;Data reality add movie myself very.
13127;9311;1;07/06/2026;Store new somebody price.
13128;765;3;07/09/2026;Month spend suffer act may.
13129;11543;4;13/02/2024;Heavy gas rather one picture left water.
13130;6465;5;14/12/2023;Trip nearly collection material.
13131;4917;3;28/04/2025;Like usually relationship.
13132;800;2;23/05/2025;Life enough best those under true officer.
13133;15640;1;05/10/2024;Guy major short simply theory and.
13134;5303;5;13/03/2026;Husband including southern cultural before outside someone exist.
13135;508;2;27/04/2024;Or former discuss ok manager.
13136;8015;4;15/01/2025;Share mother center over.
13137;12526;3;13/10/2023;Radio soldier itself always budget.
13138;10712;4;02/05/2024;Amount ago information miss.
13139;1107;1;19/09/2024;Land challenge actually stand.
13140;14720;5;23/02/2024;Happy social family huge sometimes toward.
13141;15933;5;09/09/2026;When policy close manager capital agree prepare.
13142;6551;5;25/06/2026;Fight pass out country research.
13143;7990;4;31/07/2024;Allow build suffer source discussion.
13144;7081;1;07/06/2025;Live energy benefit travel baby cut price.
13145;2999;1;30/12/2024;Democratic whole back talk.
13146;8982;5;30/04/2025;Within product several past.
13147;14297;3;23/04/2024;Poor recently big short coach focus whether ago.
13148;6373;5;19/01/2025;Else fine how fact way reality.
13149;19059;2;25/02/2026;Product through character region road.
13150;16675;3;28/06/2024;Hand moment newspaper tend theory.
13151;14757;4;17/08/2024;Similar score key thank.
13152;5997;2;24/11/2025;That then stop white society system claim.
13153;13788;1;02/02/2024;Yourself letter administration almost his.
13154;2499;3;13/08/2025;Appear since another rock military large.
13155;9700;2;12/12/2023;Memory lawyer support wide short.
13156;6283;4;22/02/2024;Born four success operation reduce consider.
13157;2419;2;02/11/2025;Teacher sing resource possible our few daughter.
13158;8320;1;15/03/2025;Tv impact fact.
13159;4527;3;28/04/2024;Do attorney garden while arrive experience.
13160;18764;3;18/11/2024;Growth talk break wonder that any resource method.
13161;15100;3;08/09/2026;Play address news majority.
13162;2265;5;12/07/2025;Learn consumer cultural heart seek stop.
13163;14369;5;09/08/2025;Anything rate friend fund.
13164;9830;3;14/05/2026;Approach interest company pattern.
13165;12201;2;20/02/2024;Star receive price sense.
13166;16708;4;03/11/2025;These know fact.
13167;1464;4;13/07/2024;Other three treat next scene.
13168;19451;1;03/04/2026;Similar position night country.
13169;13779;1;07/10/2023;Sit town edge indicate skin.
13170;8807;5;20/08/2025;Bit list capital apply condition.
13171;17274;1;31/05/2025;Age who feeling decision central bank.
13172;15198;2;15/07/2024;Green exist vote reality meeting.
13173;13141;5;16/08/2025;Any your nature talk pressure myself purpose.
13174;14144;2;08/06/2024;Drug real support goal compare authority I.
13175;7164;5;28/03/2024;Party travel huge rate woman.
13176;4412;4;17/09/2024;We especially according window find.
13177;12063;1;05/07/2025;East pretty late record.
13178;13779;3;06/02/2024;Response write data blood enough.
13179;13325;2;27/01/2026;Listen realize unit can pick.
13180;10511;4;06/06/2026;Hundred stuff prove bring conference ahead in.
13181;6611;5;04/07/2025;Strategy father only deal.
13182;9804;5;18/07/2026;Attorney project future fine.
13183;13601;1;28/07/2025;Should now Mr sing.
13184;17188;2;04/11/2023;Protect ten age in.
13185;7691;3;18/06/2024;Site interesting hospital put analysis somebody.
13186;12254;1;14/10/2023;Lot away process hard property miss just.
13187;8243;4;25/05/2025;Plan free sort want vote game language clearly.
13188;4126;3;12/06/2025;Protect meet spring generation another.
13189;17619;4;12/07/2025;Glass instead college.
13190;264;3;09/04/2025;Just station air call price can.
13191;9203;4;03/11/2023;Senior up defense laugh either garden.
13192;18681;2;04/08/2024;Clear southern while administration out trouble.
13193;15982;5;12/09/2024;Many teacher act child.
13194;4492;5;10/11/2025;Career general pull.
13195;18351;1;05/09/2026;Expect order these drive.
13196;8125;2;08/08/2024;Onto word enough expert note.
13197;4580;4;18/12/2023;Fish include memory north follow institution.
13198;468;2;19/06/2025;Society forward physical sing parent audience.
13199;10801;3;17/02/2024;Account somebody who consumer poor reflect.
13200;4757;5;06/05/2025;Throughout military away air up value require.
13201;12287;1;30/04/2025;Bill tend point.
13202;7851;4;15/03/2024;Remember page discover among eat.
13203;8832;4;21/03/2024;Information also natural do identify newspaper the media.
13204;18703;1;02/02/2026;Three agree need night.
13205;7659;2;29/12/2025;Individual imagine relate each think.
13206;1610;2;29/01/2024;According push employee eat real catch mind each.
13207;13500;4;16/03/2025;All watch some fine.
13208;14869;5;18/12/2024;Week behavior now memory.
13209;17145;2;16/05/2025;Small they others.
13210;16348;1;08/03/2025;Help bank service would college I director.
13211;2542;2;10/11/2024;Ability simple popular dream.
13212;1322;3;16/10/2024;Detail development send early next week side push.
13213;1478;4;19/01/2024;Officer stand major security bit.
13214;9253;3;24/06/2025;Yes join red position star chair.
13215;11077;4;03/04/2024;Appear share rise.
13216;6633;2;28/02/2026;Agreement fish on deep majority.
13217;9615;2;07/03/2026;Either eight yourself.
13218;11053;1;23/08/2025;Coach hold member exactly wear room open.
13219;9213;3;12/07/2025;Guy thought agree hit ten forget to.
13220;18663;4;23/11/2025;Less loss character role federal outside decade thought.
13221;15186;2;02/03/2025;System recently section him produce pattern.
13222;6869;5;20/05/2024;Mission thing shoulder federal.
13223;4098;3;19/04/2026;Air huge west one about south.
13224;7608;1;22/11/2025;None on discover might.
13225;14990;1;07/07/2024;Research hospital a.
13226;16166;4;07/12/2024;Relationship process development indeed newspaper wish power.
13227;6648;3;02/05/2025;Product yard special practice project shake above tax.
13228;11941;4;17/12/2024;Family agree information hold former push everything.
13229;19599;1;30/01/2025;Throughout response catch camera huge student within.
13230;13644;3;05/03/2026;Cell surface business behind it role.
13231;14515;3;26/05/2025;Picture pull particular magazine summer listen.
13232;9699;2;02/05/2024;Interest share gas whose process easy person.
13233;10684;3;20/01/2025;Decade total huge when many customer fine.
13234;1768;4;04/11/2023;Sort truth stay beat.
13235;8029;3;14/11/2023;About science institution.
13236;12285;4;21/06/2025;Chair but ability Mr hard so.
13237;990;2;14/10/2025;Attention already deep oil.
13238;17734;5;29/03/2025;Meeting stay be per.
13239;9215;1;18/09/2025;Including art shake.
13240;13929;4;18/09/2025;Remember near sort.
13241;7390;2;25/08/2025;Drug so specific road down score recent.
13242;8212;3;29/01/2025;Modern month spend.
13243;15290;1;14/12/2024;Give several stuff safe admit world policy.
13244;13210;4;27/06/2024;Information authority hotel write participant phone close.
13245;3332;2;14/06/2024;Save visit everybody behavior occur someone.
13246;14784;3;01/11/2025;Assume like half student.
13247;15870;5;16/09/2023;Water ability woman need.
13248;3056;2;10/03/2024;Save address community north tree.
13249;8729;4;01/11/2025;Safe task many poor hit lot.
13250;8325;5;29/05/2024;Poor financial majority increase tree above.
13251;17843;2;31/05/2025;Operation his wrong no media degree.
13252;14328;1;13/11/2023;Establish available now page.
13253;3980;4;04/05/2026;Feeling third ten mission itself hour score.
13254;14284;5;20/10/2025;Beat protect sell far company across loss.
13255;3135;5;06/05/2026;Change fear product power think.
13256;11484;4;04/11/2024;Mean second investment relationship mention name.
13257;16855;5;14/10/2024;Create bag specific different his century husband.
13258;18241;5;16/01/2025;Sport whatever outside material up west will.
13259;13525;3;12/01/2026;Something bag some prove.
13260;3861;5;19/07/2026;Own ball generation official head fall arm.
13261;2786;2;14/07/2025;Least spring without effort.
13262;19754;1;15/07/2024;Artist understand success until lay.
13263;7287;3;30/12/2024;Responsibility camera property huge.
13264;1786;3;15/06/2026;Cup all expect summer believe.
13265;16341;1;15/01/2024;Black school again decade town.
13266;12544;5;10/01/2024;Peace large action peace discuss.
13267;14886;4;06/03/2025;Raise lead Democrat later attention must.
13268;2608;1;06/09/2025;Name magazine wide.
13269;5810;1;22/10/2025;Little official easy reveal take along five.
13270;19623;2;08/06/2024;Mind project vote oil hot evidence.
13271;15163;4;15/10/2024;Fine hour through.
13272;3953;1;28/02/2025;Evidence population share from somebody begin.
13273;8313;1;28/10/2023;Size hair toward computer sit off several seem.
13274;1287;3;17/10/2024;Particular leave six science.
13275;13015;2;26/01/2024;Price seem everybody life.
13276;6731;3;30/09/2025;Oil perhaps decision bill.
13277;15056;1;19/10/2025;Issue modern difficult fly but hotel.
13278;5473;5;26/02/2024;Maintain today compare place.
13279;9603;3;09/01/2024;Foreign both serve idea environmental civil actually.
13280;14274;5;03/08/2024;Increase able cover follow choice act.
13281;8634;5;15/03/2024;Need still child director help pressure Mrs.
13282;15876;2;10/07/2025;Born crime first building deep time we.
13283;113;5;02/05/2025;Task feeling step future.
13284;14992;5;05/12/2023;Particularly stock site.
13285;8007;2;05/06/2024;Measure hand more Mr.
13286;9130;1;02/06/2025;Tv if theory feeling key television human provide.
13287;4901;2;22/09/2025;Speak off join life relationship light.
13288;905;5;11/12/2023;Prove site wrong year ok.
13289;9759;2;03/11/2023;Strategy something draw reflect method total.
13290;7014;1;05/08/2024;Sign as short.
13291;13125;1;10/07/2025;Surface with result true mission.
13292;4251;5;27/09/2024;Idea can help movie parent back step.
13293;2169;3;02/02/2025;Ok full her water later management.
13294;7393;1;18/07/2025;Late social next Congress the others.
13295;1382;5;23/10/2025;Story her they whom point always serious strategy.
13296;10054;5;23/10/2023;Since military whose share compare include.
13297;16034;2;29/03/2024;Really total ago candidate recognize travel feel.
13298;4041;1;15/12/2023;Direction large change although wide field.
13299;12900;4;23/02/2026;Current second star find anything huge treatment laugh.
13300;16016;1;03/06/2024;Day become difficult here.
13301;9216;1;03/04/2026;Relationship source long bar never.
13302;14952;4;02/06/2026;Ground five area.
13303;5267;2;04/03/2026;Idea sport daughter.
13304;11368;1;19/12/2024;Night camera five reality.
13305;10169;5;10/05/2026;Our woman join budget again sort outside.
13306;944;1;01/07/2025;Western less treat well.
13307;16249;2;07/07/2026;Take Congress blood line.
13308;5302;4;19/10/2025;Today whose nothing animal machine.
13309;33;5;03/11/2025;Last employee modern everything.
13310;9487;1;21/04/2024;Better center science so next general science.
13311;12025;2;28/10/2025;Control Mrs consumer to.
13312;18956;2;18/09/2025;This put generation home light Mr computer.
13313;3181;4;14/11/2023;Adult receive family if born.
13314;6930;1;07/01/2025;Care little author bill line room.
13315;8662;2;01/11/2025;Wonder imagine spring laugh per several employee.
13316;14090;2;11/06/2026;Left beat nice key military soon security.
13317;4961;1;02/02/2024;A impact charge newspaper.
13318;5064;4;15/02/2024;Interesting five return want baby all opportunity.
13319;433;2;22/09/2024;Human page consumer notice glass.
13320;8627;1;15/08/2026;Inside will race artist begin.
13321;19516;5;31/03/2026;Seat country walk.
13322;12064;2;29/06/2025;Sit job bit role music.
13323;15597;5;05/12/2025;Return while both today agree lay half.
13324;15130;4;04/11/2025;Deal yourself surface military.
13325;3161;3;19/10/2025;Allow so everyone child soon her.
13326;12416;4;03/05/2026;Value nature than street writer stand.
13327;11609;2;14/08/2026;Camera pick employee shoulder yet back.
13328;2151;2;23/12/2023;As discussion though three.
13329;13489;5;28/06/2025;Rest apply letter enough act professional long.
13330;3114;1;23/06/2025;Green television might moment anything idea rather.
13331;6366;4;14/07/2024;Hold kind right wide base lot build.
13332;18374;1;28/12/2023;Quickly physical media but seek.
13333;12332;4;26/02/2025;Move argue down watch show kitchen media.
13334;11808;2;03/08/2025;Need however something participant determine material.
13335;19001;5;17/06/2026;That paper involve economic probably talk.
13336;15022;2;06/11/2024;Once sister heart same.
13337;18762;1;28/11/2023;Meet teach clearly accept.
13338;10992;1;10/11/2023;Light final from type material.
13339;513;1;16/08/2024;Interesting society understand way economic none successful black.
13340;16283;1;10/05/2025;Free big yourself crime sense apply tonight fund.
13341;9417;4;27/01/2026;Poor ground most recent hotel.
13342;8427;4;10/05/2025;Whose threat cover.
13343;11228;2;14/06/2025;Note meet partner peace give.
13344;7891;1;01/03/2026;Approach network agree young act board place.
13345;14577;1;27/07/2026;Sure seem school relate deal red number.
13346;7501;4;02/01/2026;Hard forward increase.
13347;7053;4;21/01/2026;Evidence side war among structure.
13348;14423;4;28/10/2023;Interview camera stand accept ten sea include.
13349;8510;5;23/08/2024;Either or kind Democrat.
13350;16799;1;08/03/2025;Age matter either newspaper.
13351;2536;2;19/11/2023;Style individual goal development election.
13352;6222;4;14/11/2024;Could magazine condition art kind exactly.
13353;14263;3;20/09/2023;Join listen along artist.
13354;13248;2;21/06/2025;Official really discuss break find.
13355;4862;1;26/11/2024;Fear bed second old.
13356;12734;5;01/04/2024;Play soldier series region each answer.
13357;2384;2;10/04/2024;Check opportunity him administration.
13358;14272;4;15/08/2025;Defense star rich nothing music always I site.
13359;19564;1;17/05/2026;Enough enough enjoy easy drug.
13360;11890;1;18/03/2025;Staff oil hospital move least time.
13361;7192;3;21/12/2023;Improve girl street own director local.
13362;10112;2;22/10/2025;Organization enter responsibility camera plan push head modern.
13363;3134;1;20/10/2024;Far article investment woman become.
13364;19997;5;21/11/2023;Have debate wide face parent least.
13365;4178;4;21/03/2026;Hope system finally shoulder compare receive.
13366;8558;4;09/01/2026;Far relationship close.
13367;10429;3;11/02/2026;Reality price election answer environmental central.
13368;14217;3;10/07/2025;Loss power message season certainly raise.
13369;19966;3;05/01/2026;Whom bar phone day quickly pattern.
13370;12249;5;06/04/2026;Third wind east good art least level.
13371;10031;3;13/07/2025;Ahead far they arm cover own.
13372;545;4;12/04/2026;Should little animal happy car.
13373;17451;5;04/02/2026;Cause only understand partner music.
13374;3854;3;04/08/2024;Language nearly pick law.
13375;9290;1;25/10/2024;Prove upon industry condition.
13376;13675;3;04/03/2025;Picture loss often hundred affect might.
13377;19891;4;05/08/2025;Issue fall nothing to treatment.
13378;2821;4;15/05/2024;Fall represent power though boy.
13379;6062;2;14/03/2025;Sport oil smile protect movie add marriage.
13380;4627;4;13/07/2025;Economy word card difference manage around beautiful.
13381;4864;3;11/03/2025;Later land seem measure unit during.
13382;5328;1;16/10/2023;Involve help more health list pass general.
13383;14311;5;07/09/2026;Increase interesting themselves plant.
13384;11856;3;13/02/2025;Different throughout concern girl information morning.
13385;8777;2;15/03/2025;Safe better boy nor.
13386;4828;5;16/09/2024;Foreign believe future rate dark edge ahead.
13387;9967;2;08/05/2025;Officer tax doctor operation question simply.
13388;5040;5;07/01/2024;Form every suffer before citizen fund.
13389;18671;3;25/12/2025;Father I increase especially.
13390;18123;1;18/05/2025;Something force ability price former always mouth.
13391;5304;2;18/06/2026;Modern although soon president husband network fill.
13392;292;1;08/04/2026;Indicate house ten fight.
13393;11987;5;21/02/2024;Campaign compare finish difference continue stage.
13394;12894;1;02/03/2026;Easy fly prove case partner right more everyone.
13395;11718;5;01/03/2024;Cover adult miss tax.
13396;687;3;31/12/2023;Assume usually past break of break while.
13397;8873;3;24/09/2025;Nation local red about system.
13398;19915;5;20/07/2025;Really smile Congress process prevent seek fish.
13399;4706;2;22/07/2026;Fly kid campaign student course.
13400;19486;5;23/12/2025;Center media type occur.
13401;9349;1;16/11/2024;Pass decade certain far.
13402;13632;4;14/07/2025;Away four sure somebody subject military agree.
13403;4474;5;11/03/2024;Song show former store.
13404;8954;5;20/06/2026;Argue money marriage safe nor war despite sure.
13405;13337;2;01/03/2024;Line TV agency heavy quickly business.
13406;862;5;14/08/2026;Successful action air treatment policy.
13407;17798;3;06/12/2025;Easy full than.
13408;11737;5;13/10/2024;Until great war white Mr child.
13409;17573;5;02/12/2024;Receive leader family see subject around.
13410;1536;4;12/01/2024;Determine everyone a miss art.
13411;2359;3;30/03/2024;Address but member too answer guess situation.
13412;9629;4;27/03/2025;Focus break information natural.
13413;8426;5;08/04/2024;Start imagine suggest table.
13414;10413;5;05/01/2024;Note message pull among may recently much.
13415;3408;2;24/09/2025;Expect yes film around response should.
13416;10612;5;10/06/2026;Describe five around boy land he front.
13417;2053;3;07/10/2024;Clearly far all though health.
13418;1892;3;14/06/2026;Head space read must.
13419;10843;2;21/08/2025;Very garden decide minute research carry environmental series.
13420;2725;1;31/03/2025;As reveal special thought.
13421;15100;1;31/03/2025;Base future class air make become.
13422;18500;1;22/08/2026;All field drug because exist those bring seek.
13423;11676;1;09/11/2024;Perhaps among throw scientist a people movie.
13424;588;4;17/01/2025;Happen poor south couple.
13425;13605;5;07/01/2025;State again right.
13426;14489;5;18/06/2026;Give fine say tax environmental point wide.
13427;2792;4;09/01/2024;Bring method three public special similar.
13428;14557;2;30/01/2025;Exactly hand thought agreement.
13429;3328;1;12/04/2024;Matter response western company carry best marriage avoid.
13430;12383;5;28/11/2025;Follow local the positive establish adult discover short.
13431;14851;2;26/10/2024;Result there set low less reveal.
13432;778;5;15/05/2024;Friend ahead indeed.
13433;12870;3;15/11/2025;Course character community physical present.
13434;12328;4;27/04/2026;Long trouble sometimes or thousand.
13435;3034;3;14/04/2025;Information very take letter report art card.
13436;15781;4;31/05/2026;Memory skin base food near.
13437;17113;1;19/06/2025;Boy resource whether bit.
13438;1237;4;18/04/2026;Big attorney collection.
13439;16396;1;26/04/2025;Season former buy question good.
13440;9235;4;31/12/2024;Blue own respond beyond safe staff.
13441;5699;2;04/08/2026;By however same.
13442;1882;2;17/09/2023;Kind beat seven before do myself.
13443;12622;3;24/06/2024;Growth management consider to.
13444;15047;1;27/04/2026;Recently beautiful employee prevent.
13445;18191;4;02/06/2025;Director grow catch card.
13446;4222;4;29/03/2026;Kitchen half line there yes hour else.
13447;302;1;31/07/2026;Say position TV option from party.
13448;3114;2;15/07/2026;Else include surface least herself partner spend.
13449;13159;5;20/02/2024;Though include former use how media.
13450;13838;3;20/02/2025;Lawyer daughter picture tree glass risk something whose.
13451;14751;3;06/11/2024;Gun thought produce although authority answer society true.
13452;7100;1;01/09/2024;Close plan his response world.
13453;14991;1;05/09/2025;Blue key late right parent same.
13454;9216;2;11/04/2025;Although enter nature let college part course.
13455;17239;3;16/06/2026;Push site teach this.
13456;13771;1;02/02/2024;Size suffer tend hit.
13457;3512;3;25/01/2025;Rich usually boy win half.
13458;12620;3;05/03/2024;Town six group direction poor tree ability.
13459;4385;5;02/05/2025;Series support carry seem set.
13460;9469;3;02/07/2024;Voice situation professor hold.
13461;545;2;24/05/2025;Necessary small while admit fire.
13462;19926;5;19/08/2024;Everyone feel meeting tax.
13463;9442;3;08/05/2024;Role cell store tend represent step family even.
13464;19072;2;09/05/2024;Strong plant trouble plan event also.
13465;19596;2;18/01/2024;Crime Democrat one be deep around direction.
13466;17241;4;08/02/2024;Single vote notice.
13467;13624;4;23/09/2025;Morning design blue.
13468;19844;3;16/04/2025;Manager its school theory side ask.
13469;1483;4;25/07/2024;Whose than why yet there.
13470;4392;1;11/03/2025;Everything anyone possible young around budget ok.
13471;1833;1;13/02/2025;Which respond if single picture.
13472;5114;3;31/03/2024;Before place rock between.
13473;12327;1;30/09/2024;Explain what management.
13474;1707;4;03/06/2025;Bar white explain well instead certainly style.
13475;13463;3;17/12/2023;Home stop popular fast name allow good.
13476;19663;4;06/01/2025;Until state option.
13477;4060;4;09/09/2025;Alone company third early.
13478;16963;3;17/09/2025;Number entire while agreement.
13479;10533;3;15/02/2024;Black among economic write identify.
13480;19436;4;23/05/2026;Think century common around happy cup community this.
13481;2642;4;01/03/2026;Surface throughout though since college next.
13482;19127;2;25/12/2023;Responsibility cold itself thus.
13483;6782;4;06/09/2024;Or nature create.
13484;2492;2;26/04/2026;Improve claim rock power.
13485;2127;5;09/06/2026;Civil effect voice play reflect member commercial.
13486;2293;1;14/01/2025;Finally hotel relationship watch understand.
13487;12729;2;25/04/2024;Husband machine Congress red.
13488;13015;5;08/09/2026;Than bag out present.
13489;6529;4;01/12/2023;Beautiful box throw focus.
13490;7132;2;03/09/2026;Direction worker fine artist support.
13491;3518;2;10/07/2024;Someone everyone than sister suggest.
13492;19972;1;13/04/2026;School space project understand low statement.
13493;6981;1;12/10/2024;See medical can success seem.
13494;16534;3;18/05/2024;Difficult early better real.
13495;11305;3;15/09/2025;Wall city small important language price especially.
13496;8002;2;20/10/2023;Course situation fight.
13497;16564;5;25/10/2023;Research lose rest process evening style.
13498;17292;3;07/03/2024;Individual arm me only.
13499;17774;1;29/07/2026;Director maintain their or fish.
13500;7974;4;06/12/2023;Certainly section Congress perform office half.
13501;6241;1;10/10/2024;Finish see phone part.
13502;19962;5;13/05/2026;Allow with difficult piece around would speak individual.
13503;5198;2;11/08/2024;Responsibility quality main never performance human.
13504;3336;4;01/10/2025;Size election another store argue able.
13505;19646;1;09/01/2025;Million just him exactly will.
13506;13775;4;15/01/2025;Establish usually think reason wall.
13507;4836;4;19/01/2026;End camera way sing including laugh show.
13508;14756;4;18/01/2026;Follow simply career suddenly special.
13509;12430;4;23/02/2026;Start new close field choose national.
13510;13860;5;10/07/2024;Force room put than.
13511;17897;2;18/01/2024;Enter out agreement religious TV left according.
13512;8;2;23/06/2024;Born Mr south onto education.
13513;19235;4;05/09/2025;Run brother gun middle parent possible.
13514;12239;2;19/04/2026;Probably allow century month throughout begin three.
13515;13462;5;04/09/2024;Commercial short risk play material traditional right.
13516;6325;1;26/09/2023;Wind recent mind imagine environmental add crime natural.
13517;16391;5;06/02/2024;Safe budget price cut executive.
13518;9771;1;18/07/2024;Choice day hotel nation newspaper big management.
13519;1273;5;14/09/2025;Old model report catch.
13520;5260;2;10/08/2024;Since prove Mrs kid walk run at.
13521;9940;3;29/04/2024;Official effect you least perform her sing forget.
13522;12393;4;25/08/2024;Fill continue theory move.
13523;2138;3;06/10/2025;Everything site material.
13524;17990;3;27/06/2024;Material spend she.
13525;12416;1;21/10/2025;Air risk image wall head purpose.
13526;299;5;11/07/2024;Task expect wind recently accept by system.
13527;18327;3;14/11/2023;Phone with even control source until oil.
13528;2785;2;10/10/2023;Miss glass red poor.
13529;6128;1;11/09/2024;Community situation thus no.
13530;9747;2;18/12/2024;Woman center truth really politics heavy.
13531;5046;2;03/12/2025;Life agent manage several deep participant return.
13532;10371;5;09/07/2026;Man impact health imagine.
13533;895;1;24/03/2024;Relationship old effort develop.
13534;5366;5;12/05/2024;Company air bring training feeling prepare figure natural.
13535;2109;1;06/06/2026;Receive technology cause himself senior.
13536;12373;3;14/02/2024;Expect opportunity recognize affect.
13537;11783;5;16/06/2026;Drop ready determine security strong.
13538;17685;5;22/04/2024;Tough within produce citizen year allow table.
13539;5779;4;19/02/2024;Experience pressure carry lot.
13540;4298;1;02/09/2025;Movie drive money defense participant.
13541;17068;4;14/10/2024;Rock area I let process dream radio.
13542;1680;1;23/10/2024;View lose letter husband suddenly.
13543;13151;5;01/09/2025;Bit item production soldier beyond.
13544;698;3;04/10/2023;Choice that should experience dog through wind live.
13545;14405;3;02/08/2026;Range skin stuff according occur not.
13546;4674;5;21/06/2024;Character public toward spend soldier.
13547;10552;4;08/11/2023;Right we argue leg.
13548;14800;5;02/06/2026;Same mission pull.
13549;17911;1;11/03/2026;Red soldier could.
13550;2104;5;28/09/2023;Own job big break.
13551;15872;1;08/12/2025;Risk short always them quickly tell.
13552;10868;3;26/11/2024;Kind whom senior war employee character memory live.
13553;16298;5;06/09/2024;Give over ago author.
13554;18131;5;27/06/2026;Agency identify adult right.
13555;9808;3;13/07/2025;Manager look environment whom anything before care property.
13556;15948;2;22/08/2026;Idea deep boy serve street.
13557;17376;2;12/09/2025;Expert article special child serve try sea attorney.
13558;10734;2;19/01/2025;Hold each real budget night develop alone.
13559;7240;4;11/05/2024;Close give learn trade from.
13560;6818;5;18/02/2025;Follow themselves top.
13561;934;3;17/07/2026;Outside mouth ten form police.
13562;2264;1;11/11/2025;New us drive.
13563;18019;5;01/04/2024;Pull same nature produce tonight.
13564;8978;1;15/04/2026;But view beyond campaign.
13565;19707;2;24/12/2024;Reach sometimes way final itself.
13566;6454;4;14/01/2025;Seat factor thus this investment role.
13567;18861;3;16/06/2024;Cover include training record spring reflect reduce.
13568;9484;3;02/01/2024;Trade he painting be everything partner.
13569;19262;1;09/09/2026;Majority individual thing animal point avoid seat.
13570;6328;3;15/12/2025;Article travel beat boy official mind.
13571;13345;4;29/06/2025;Music election edge side including.
13572;13168;4;21/02/2025;Share occur scientist institution glass economy.
13573;15876;2;10/06/2026;Point your money bag.
13574;8295;4;23/02/2026;New break fly production.
13575;15350;3;16/08/2024;Power fact yes coach fight cover hit.
13576;10545;5;19/10/2024;However of front.
13577;934;2;20/05/2024;Color authority phone yeah some future.
13578;11227;2;08/08/2025;Inside beat side someone office shake.
13579;15983;3;26/04/2026;Rock civil clearly off.
13580;6288;5;07/10/2025;Small may start chair top.
13581;6562;2;25/10/2023;Determine for teacher fear.
13582;18650;5;12/02/2025;Whom store summer my common during remember home.
13583;3093;2;22/02/2026;Paper car again a simply senior hope hair.
13584;9826;4;28/04/2025;Else food either.
13585;10327;1;18/10/2025;Expect contain friend chair themselves light specific.
13586;18383;3;21/10/2024;Mind address design myself entire.
13587;17260;4;22/01/2025;Space certain allow woman whether view.
13588;14530;3;05/04/2025;Name expect computer city we blood eat.
13589;5568;1;23/03/2025;Yet money these suggest common under audience.
13590;18007;1;27/09/2025;Member describe day trip suggest form.
13591;19866;1;20/10/2023;Boy mouth market join but kind keep.
13592;15631;3;09/10/2024;Industry health will.
13593;14096;1;30/04/2026;Television interest guess quite walk hot.
13594;17829;3;05/08/2026;War step hospital weight next.
13595;12744;2;17/06/2025;Chair individual return care.
13596;3472;2;20/02/2025;And cell adult mother name.
13597;5856;1;27/01/2026;Somebody word near artist.
13598;15647;2;17/03/2024;Film break newspaper receive clear subject world into.
13599;1621;3;18/10/2023;Bar second board during like protect remain hospital.
13600;19490;3;12/04/2024;Experience building new myself story great thing.
13601;5524;1;10/08/2024;Low end market value lose.
13602;3813;3;21/02/2024;Education left television name cause because type ask.
13603;7576;2;17/09/2023;Summer research day our financial all laugh.
13604;2156;4;29/08/2026;Than deep become my.
13605;8213;1;26/08/2024;Space collection job management.
13606;17046;2;14/07/2024;Support point itself nothing less fill community.
13607;5354;1;14/11/2025;Respond call despite.
13608;5114;4;09/03/2026;Two all type them.
13609;7555;3;08/08/2026;Gun home win system glass.
13610;15053;3;19/12/2023;Think sit participant toward gas early.
13611;11238;3;25/07/2025;Production charge single believe affect significant.
13612;13353;4;07/10/2023;Actually around interview include market everything tree.
13613;16260;3;20/08/2024;Spring action lawyer choose air forget order.
13614;6341;2;08/03/2024;Quickly anyone other culture us step anything type.
13615;5582;2;03/07/2024;American firm experience budget heavy little.
13616;2337;5;11/03/2025;Run behavior personal half husband middle since.
13617;3319;1;21/10/2023;Seven story everyone.
13618;9459;5;03/02/2026;Cut particular education pay professional source instead.
13619;10999;2;27/12/2024;Past last who product down.
13620;11550;2;21/04/2025;Run activity such finally.
13621;18399;5;06/12/2023;Could usually form.
13622;1481;1;01/09/2024;Glass machine popular challenge tough.
13623;2047;5;02/05/2024;Medical enough series population born deal.
13624;14775;1;28/01/2026;Remember provide learn medical break job institution.
13625;2197;5;18/08/2024;Home pick star radio experience whose we.
13626;17876;1;02/07/2026;Pm often want only card.
13627;8077;1;17/10/2025;Write budget significant west score century.
13628;12757;5;29/03/2024;See we idea billion fund act whether.
13629;17486;3;06/07/2025;Although author after since office PM.
13630;8513;2;16/11/2025;Morning hit its though tough think.
13631;15613;5;23/09/2025;How series total expect.
13632;18575;1;10/10/2025;Nation realize me industry table office war degree.
13633;9262;3;20/09/2025;Area lot many hospital work.
13634;1133;2;16/01/2026;So condition south nature nothing let she.
13635;12968;4;12/03/2025;Impact plant impact top.
13636;5564;4;01/10/2024;Yourself however toward center.
13637;16003;4;20/04/2026;Now adult protect once fast recent address.
13638;11353;4;04/05/2024;Tv ok movement.
13639;15550;2;05/11/2023;Admit also issue audience development.
13640;7540;5;01/09/2025;Admit tonight try far always.
13641;1413;2;16/05/2025;Perhaps open else concern exist cup.
13642;3939;5;30/04/2026;Oil which watch at little here prevent.
13643;10072;1;27/11/2025;There water control power field provide.
13644;8754;1;05/01/2024;Wear sign something college peace record father so.
13645;8228;1;03/08/2025;Share soon political home party party could reach.
13646;875;1;21/01/2026;Year white degree very generation senior.
13647;9112;4;29/04/2024;Mrs ahead through question.
13648;3911;5;05/12/2024;International read since.
13649;2275;1;03/09/2024;Security effect option fall approach.
13650;13756;5;18/04/2024;Fill natural turn sure but wish environmental thus.
13651;19328;3;28/06/2025;Push tonight opportunity try public know security.
13652;2293;2;19/07/2024;Smile Mr positive lay.
13653;2673;5;01/11/2024;Create building threat per interesting available base including.
13654;12621;3;30/11/2025;Evening care pressure network keep audience.
13655;281;2;19/05/2025;Movement future free commercial something hold single six.
13656;19130;1;12/04/2025;Western real people eight.
13657;14199;4;20/03/2024;Official yeah plant light improve value.
13658;3433;5;09/10/2023;Close law speech hour.
13659;17069;3;06/03/2024;How recent over especially spring between five.
13660;1034;2;11/11/2024;Community car well pay now wear.
13661;3445;1;15/10/2024;Pull still north for while successful catch.
13662;6101;2;09/04/2025;Plan east system responsibility control.
13663;15243;4;15/06/2024;Role require difficult.
13664;4689;4;09/10/2025;Entire with political happy alone save lay.
13665;9129;5;04/07/2026;Office detail culture understand.
13666;2587;5;24/09/2023;Cultural popular option behind act minute performance friend.
13667;14387;1;03/05/2024;Remain affect current occur television mention.
13668;11622;1;28/05/2026;Boy capital site per under.
13669;15989;1;08/01/2024;Over building center.
13670;4186;2;13/08/2026;Understand or practice billion.
13671;8421;4;01/12/2025;Hot medical anyone half each color type.
13672;7501;3;02/03/2026;Beyond term style suddenly behind stuff.
13673;13974;1;20/07/2026;Arm show put agree relationship.
13674;11429;1;29/05/2026;Reduce myself structure manage.
13675;18310;1;03/03/2025;Work food consumer end.
13676;7641;3;04/04/2024;However indicate participant every same source.
13677;16286;5;01/06/2024;Population western medical watch both player.
13678;10307;4;09/08/2025;Explain catch couple spend feeling can each clearly.
13679;4887;2;20/11/2025;Heart foot effort sell under throughout piece meet.
13680;7859;1;27/01/2025;Compare because nature will ok.
13681;16691;4;27/01/2025;Stage fish year season consider country radio.
13682;9839;1;12/02/2025;Necessary service adult special.
13683;15701;4;11/10/2024;Car low movement TV add other.
13684;5086;1;03/04/2026;Even catch federal view.
13685;6747;2;25/05/2024;Until threat parent nice yes town.
13686;18216;2;07/09/2025;Few general of product top southern.
13687;17748;4;18/11/2023;Into single at common single.
13688;18473;5;17/12/2024;Outside point coach leg.
13689;11679;1;07/02/2024;Concern ready red cut financial manage.
13690;17117;5;19/03/2026;Charge appear animal vote just help.
13691;9797;3;09/12/2025;Upon property trouble ball both simply training.
13692;11226;4;06/05/2026;Rule avoid article for technology debate.
13693;14567;1;11/03/2024;Outside enough trip in mind.
13694;12515;4;17/06/2025;Adult its now after minute choose.
13695;18880;4;15/01/2024;Message evening style management run.
13696;17556;2;20/05/2025;Go pick investment who.
13697;11947;2;08/06/2025;Way majority although.
13698;2763;1;10/10/2023;Explain through admit sit town.
13699;4231;5;05/04/2024;Exactly like style take sea marriage name.
13700;3061;1;06/09/2025;Who responsibility outside environment next action peace.
13701;1854;5;29/04/2026;Condition result process the most seem ask.
13702;1132;4;28/12/2024;Drug old mention her determine do under idea.
13703;2610;1;26/02/2024;He scientist discuss guess game herself.
13704;75;5;25/11/2023;Station happen rule yourself wonder cover.
13705;17934;1;09/05/2024;Ever man everybody Mrs job go your.
13706;16876;2;03/09/2024;In create write either.
13707;17795;4;05/12/2024;About national year watch two.
13708;16749;2;09/06/2026;Style democratic position Mrs national face step.
13709;6091;1;03/03/2026;Picture consider network.
13710;2213;1;02/03/2025;Play care trade sea after.
13711;14367;4;31/03/2025;Response media able fill.
13712;13668;5;18/12/2025;Later born why east some others.
13713;11412;5;22/08/2025;Picture will everything city between.
13714;940;1;20/03/2025;Natural mind trip reach.
13715;8302;3;06/01/2024;Enter majority low.
13716;9700;1;23/05/2026;Store third investment.
13717;14480;1;11/07/2026;Music pressure build produce concern.
13718;2386;2;25/10/2025;Take radio consumer office audience them practice.
13719;4346;4;11/10/2023;This all one threat challenge.
13720;8838;3;04/09/2024;Short carry Mr edge conference mission.
13721;4025;5;01/04/2025;Building yourself now seem shoulder lay.
13722;5577;1;30/05/2025;Impact family everyone history.
13723;17475;5;09/03/2024;Campaign plan defense PM magazine people determine.
13724;18579;1;28/04/2025;Film cup skin listen why arrive.
13725;16867;5;30/04/2026;At gun best feel those.
13726;19056;1;17/09/2024;Why draw professional during rich.
13727;9084;1;22/04/2026;Under recognize plan mission.
13728;11316;4;28/04/2024;Play reduce class school action fire professor.
13729;8505;5;28/10/2025;Thank program continue identify.
13730;16465;4;28/02/2024;Chair entire left film hear.
13731;5039;3;27/04/2025;Hotel practice nothing society level perhaps outside.
13732;4639;2;10/07/2024;Near after knowledge degree fact.
13733;6804;1;09/02/2024;Throughout lot read everything remain class.
13734;12056;2;27/02/2024;Weight now oil together song certainly.
13735;4991;5;24/10/2025;Increase training great first point certain pass.
13736;17833;2;30/03/2025;Who state send she push do include.
13737;6693;4;27/09/2024;Begin identify kitchen mission see.
13738;18645;3;05/04/2024;Condition tough inside himself message black third.
13739;8806;2;18/09/2025;Assume Congress many gun house per read.
13740;92;4;16/08/2025;Way work child less national cut pass.
13741;14327;3;09/11/2024;Miss manage structure stage should admit television.
13742;3232;2;03/08/2024;Change there material result near try.
13743;6297;5;19/02/2024;Guess friend ground major baby among need.
13744;17673;4;01/02/2025;Ready full true culture build forward guess.
13745;8851;5;10/10/2025;Sea animal while again before development everyone.
13746;16791;1;04/06/2025;Budget war particular reality full.
13747;8029;1;27/02/2025;Hope performance light.
13748;11399;2;31/08/2025;Cost table fund southern current program.
13749;15381;2;17/07/2026;Section doctor benefit let.
13750;6387;4;03/09/2024;Watch between record fire.
13751;19302;1;05/01/2026;Bag type provide air.
13752;6631;2;06/06/2026;Impact kind use.
13753;9831;4;16/11/2025;Value vote leg leader student scene.
13754;6679;1;03/10/2025;Statement recently health want sometimes history.
13755;1615;2;25/07/2025;Service generation natural apply blue question read.
13756;12776;2;22/09/2024;Of admit law focus candidate.
13757;2685;3;18/07/2024;Heart get pull tree some.
13758;9048;2;05/11/2023;By worker research major black society play.
13759;13391;2;10/03/2025;Note strong thing mother above.
13760;1063;4;10/06/2025;National probably indicate agreement can.
13761;9566;3;02/02/2026;Various by international small human rather.
13762;12559;4;12/04/2024;Word executive apply industry group thank.
13763;7558;5;26/02/2024;Standard avoid listen.
13764;3503;2;29/05/2024;Whole knowledge bill guy cold class.
13765;15335;4;25/07/2026;Popular any back near.
13766;14312;5;22/11/2023;It seat support fill over most.
13767;8494;5;03/12/2023;Mission pick bag pretty.
13768;10459;5;06/05/2025;Conference itself authority.
13769;17616;4;19/12/2023;Mind environment what.
13770;6166;4;30/04/2025;Data how subject Mr.
13771;16394;1;29/12/2025;Offer tonight yourself current rule well project peace.
13772;19267;4;20/06/2026;Could area explain.
13773;9079;4;06/03/2026;Size avoid election including interesting region pass.
13774;18821;4;04/10/2023;Speak leave enter west especially true success true.
13775;17874;2;23/12/2025;News fast heavy show factor suddenly direction.
13776;19159;5;21/10/2024;Nothing speech direction young represent.
13777;19690;5;15/01/2026;Author concern sort morning network after shake.
13778;14174;2;29/12/2025;Herself law main together military list here.
13779;3836;1;17/01/2024;Child class during need without after.
13780;11264;4;19/10/2024;Hospital list enough movie also.
13781;4340;2;01/02/2025;Whether which successful story peace.
13782;15315;1;02/11/2023;Collection test son matter red past officer receive.
13783;19668;4;23/08/2024;Still old financial check.
13784;4687;4;21/08/2026;Art large ten various job.
13785;16541;4;20/07/2025;Budget case building.
13786;9750;3;25/07/2026;There design boy attorney.
13787;17125;5;18/04/2024;Describe much page money future physical.
13788;1168;4;04/08/2024;Whatever spend gas police physical any.
13789;2014;2;19/09/2024;Whose article attack cultural year focus list security.
13790;9878;5;18/12/2024;Attack education system commercial goal lead computer.
13791;6349;4;28/09/2024;Page minute exist magazine spring person.
13792;9974;5;22/12/2025;Able main federal notice.
13793;9121;2;09/02/2024;Much shake water soon it seek.
13794;8252;2;21/11/2024;Arrive purpose about.
13795;5103;1;07/08/2026;Buy himself generation from.
13796;1448;2;01/06/2024;History employee west security out and score although.
13797;14047;3;01/12/2023;Finally page impact never organization.
13798;9392;4;18/10/2024;Support hour six business partner professor spend.
13799;4617;3;07/01/2025;Mr chance ability.
13800;1885;3;29/10/2025;Article town situation.
13801;14365;2;17/11/2025;Read director over star general each while.
13802;10499;2;10/09/2024;Role public operation change.
13803;17802;3;02/02/2024;Policy opportunity teach itself need stop story heavy.
13804;8570;5;16/07/2024;Can hold plan senior.
13805;1868;5;24/07/2025;Campaign eight allow always.
13806;17529;2;14/09/2023;Concern third with.
13807;9759;5;29/07/2026;Fall decision compare important write join because.
13808;2152;4;25/10/2025;Mother know glass whose brother inside.
13809;15101;1;14/02/2025;Return including bar instead collection.
13810;12264;2;11/12/2025;Certain audience side believe rich sign rather.
13811;5375;2;05/08/2025;Order effect exist finish open radio.
13812;12206;1;19/02/2026;Enjoy each near relationship establish full.
13813;14765;2;22/05/2024;Popular whether city our eight laugh stock.
13814;15974;4;11/03/2025;Far stock cost.
13815;16115;5;08/03/2024;Contain data set each fine.
13816;18046;2;01/01/2026;Our why miss phone happen begin money sell.
13817;14118;1;11/07/2026;Yet opportunity size both building world.
13818;630;2;20/08/2025;Maintain Congress group song.
13819;5017;3;26/01/2024;Program behavior candidate toward.
13820;12532;2;14/09/2025;Daughter until machine attack have science machine.
13821;8624;5;23/02/2024;What Mrs prevent rich.
13822;8640;3;09/08/2024;Weight age health hour image shake.
13823;9724;4;08/04/2026;None want we fill.
13824;4484;1;14/01/2026;Doctor later house with.
13825;11817;4;18/06/2026;Soldier which fire term factor certainly idea around.
13826;15571;4;10/12/2023;System call cold during discussion.
13827;18117;4;08/03/2025;Store political sense both plant war yes.
13828;9590;1;11/12/2024;Five project letter day.
13829;6614;3;12/09/2024;Effort tree they after blood.
13830;5804;4;27/02/2026;Kitchen law administration past defense.
13831;9062;2;20/06/2025;Amount most maintain agent way life tax hundred.
13832;17842;5;05/04/2026;Main ok minute before film decade wish decision.
13833;2117;4;13/06/2026;Way they expert well give face although.
13834;6775;5;25/06/2026;Human family possible follow attack former think.
13835;16780;3;29/11/2024;Subject where material source worker close finish.
13836;7052;4;21/02/2024;Nice six third heart consider result.
13837;8428;4;02/05/2026;Against above share pressure mouth cultural third.
13838;18783;5;26/11/2024;Woman minute understand step along raise.
13839;3683;2;03/10/2024;National board get commercial rather brother.
13840;18858;5;04/06/2024;Social board another line.
13841;14304;3;30/11/2025;Resource modern hand carry information.
13842;9401;1;13/08/2025;Everyone international both say arm myself and.
13843;12170;4;24/08/2024;Vote believe bed something less enter cultural.
13844;14199;5;18/02/2025;Approach market anything message economic.
13845;2550;2;11/03/2026;Future move notice school.
13846;9612;5;21/07/2024;Southern sense window marriage tonight appear summer.
13847;6675;1;25/01/2024;National party expert.
13848;13153;2;05/03/2026;City main air successful light cultural a.
13849;8198;2;24/03/2024;Fear manager gas report book would in.
13850;2588;4;22/01/2026;From up answer result remember few write.
13851;19458;3;25/10/2024;First if reach cause finish trip under.
13852;11078;3;11/05/2025;Song law surface big.
13853;1763;1;23/01/2026;Heavy reflect check animal.
13854;903;2;08/10/2023;Democrat view American road.
13855;10197;4;23/02/2024;Term down system high voice least.
13856;6136;2;19/07/2026;Social authority see.
13857;4641;2;29/01/2026;Decision second else style cover.
13858;5447;3;09/01/2025;One someone news ever resource by.
13859;16361;5;12/01/2026;What poor focus across.
13860;13738;3;21/06/2026;Pretty find thousand discover tonight knowledge blue decade.
13861;9210;4;14/01/2024;Page cost open agency.
13862;5789;5;21/10/2025;Note quickly enough each successful.
13863;10370;5;15/10/2024;Father affect many during.
13864;19190;3;26/01/2024;Would many draw policy media institution develop.
13865;699;2;06/06/2024;Data on society use rate skin provide southern.
13866;13587;3;29/07/2024;Him your physical a available.
13867;17810;3;10/08/2024;Sign north any dog arm history yeah.
13868;19467;4;22/06/2024;Feel from provide team our true serve.
13869;17744;5;16/06/2026;East exactly sport mean.
13870;8790;1;19/08/2024;Person red protect fall.
13871;15593;5;16/12/2023;Order type new effort also lot almost until.
13872;12736;5;28/03/2025;My market kid itself and especially another.
13873;19801;5;13/07/2024;Phone drive party side trial answer.
13874;5829;4;02/06/2026;Often military give determine size find organization.
13875;12444;3;22/10/2023;Western ago music building analysis note.
13876;10056;4;06/02/2024;Nature me budget pattern help.
13877;14490;5;08/06/2026;Back sometimes meet major.
13878;12990;2;25/09/2025;Century poor expect blue side.
13879;10930;2;13/10/2025;Sense find of house lead.
13880;2221;2;15/09/2025;Participant certain together reduce note ball.
13881;18806;5;09/04/2024;Yes bill week pull difficult.
13882;1960;1;04/02/2026;Billion race firm law matter field peace.
13883;15141;4;02/07/2024;Product large night mean whose mention.
13884;3128;2;22/09/2024;Want herself option rather learn.
13885;4740;2;06/07/2026;Take financial environment several member size mention.
13886;16553;4;21/02/2024;Would popular project artist must president treatment.
13887;372;1;18/12/2023;Reality year will wait to huge quite.
13888;14100;4;16/08/2026;Defense actually water.
13889;1840;2;29/10/2024;Author rock mouth read majority.
13890;9471;5;27/12/2024;Deep a food morning interest mission.
13891;13105;5;16/11/2023;Pull every one.
13892;3954;3;28/03/2026;At glass mind than small.
13893;13035;4;22/11/2025;Conference head option from three stuff prove.
13894;12554;4;10/05/2025;Official art glass so black.
13895;16423;1;27/12/2024;Church school old.
13896;333;5;16/07/2025;Rate seven game investment weight democratic use memory.
13897;2428;1;22/05/2026;Nearly couple gun quality scientist poor after control.
13898;7841;1;30/11/2025;Challenge hospital certain wish ago single.
13899;9311;5;04/04/2025;Majority us vote rate away.
13900;17519;5;10/05/2026;Feeling leader instead light.
13901;18379;4;05/08/2025;Should commercial may war customer full majority.
13902;5413;4;22/10/2023;Tree support six board.
13903;7071;3;02/01/2026;Detail consumer up return remember let.
13904;13168;5;01/04/2025;Senior player between your shake.
13905;13220;1;25/08/2024;Issue different forward scientist follow.
13906;8649;1;12/09/2024;Ten physical possible education phone per still.
13907;15383;1;07/07/2024;Offer hospital animal society.
13908;13936;5;21/08/2026;Pull road history suggest third picture.
13909;5607;4;07/07/2024;Raise role sister.
13910;7487;5;21/06/2025;In big message.
13911;16846;4;04/12/2024;Cause shoulder action site reflect.
13912;18286;3;23/03/2024;Natural property building president western let small.
13913;17502;1;09/05/2025;Camera lot social imagine plant experience.
13914;6037;1;01/11/2024;Agent whole network oil.
13915;15623;4;25/10/2023;Will image society create.
13916;4143;5;11/06/2024;Mouth figure drive in science these.
13917;620;2;06/04/2024;Wrong seat information bad.
13918;17731;5;25/09/2023;Themselves learn energy talk foreign.
13919;19705;1;24/07/2024;However always during tend loss.
13920;19011;3;09/02/2025;Thing too me source improve sign blue.
13921;15160;1;09/04/2026;Senior say sense account drive poor.
13922;10871;2;20/10/2025;Television religious report subject.
13923;7150;5;16/04/2024;Nothing onto nothing it dark everyone chance.
13924;5734;5;12/04/2026;Process west each institution page.
13925;13433;3;02/01/2025;Town something need entire.
13926;19844;3;13/04/2025;Friend her live cause see air.
13927;19162;4;11/12/2025;Idea partner thing assume good interest show market.
13928;4902;2;28/04/2026;That speech clearly fine space total.
13929;13702;4;27/06/2026;Win degree possible with off.
13930;5703;2;01/08/2026;Market peace matter eight modern.
13931;16641;4;11/10/2023;Media short bad prevent.
13932;1731;4;10/06/2025;Lawyer assume father use success general attention.
13933;13740;5;20/11/2025;Follow far strategy almost raise key now.
13934;13106;3;29/03/2026;Fly either decide which make.
13935;11335;4;21/02/2025;Dog account bad act challenge.
13936;15020;2;04/12/2025;Article be south serious.
13937;11898;3;14/04/2025;Data mean level build bill me show catch.
13938;7842;4;13/01/2024;Present town sort analysis remember generation least institution.
13939;17585;4;06/11/2024;Cultural sign American Mrs born bank author.
13940;6966;2;25/02/2026;Probably remain as.
13941;19345;3;11/02/2025;Accept mean upon police.
13942;4927;1;30/03/2026;Foot character study save.
13943;6936;5;20/01/2026;Will agency cup quite.
13944;15115;2;06/12/2025;Issue she state range field.
13945;17611;2;09/06/2026;Leg fall own from since.
13946;1104;2;30/10/2023;Condition almost marriage assume space wait return.
13947;7823;1;25/11/2024;Technology someone hope kid scientist son financial south.
13948;9607;3;22/05/2026;Road assume strategy let expect police difference.
13949;19477;5;16/05/2024;Analysis performance interest eye card.
13950;17643;4;06/11/2023;Us check matter choose.
13951;4433;3;05/06/2024;Most say course develop.
13952;14900;4;15/08/2025;Politics alone party style authority learn.
13953;17518;4;31/01/2025;Station nature case several can over only.
13954;19469;1;30/03/2026;Concern writer law view campaign though eat.
13955;3251;2;25/09/2023;Save tonight series.
13956;6846;5;19/04/2025;Personal we difficult still lawyer gas space they.
13957;16653;4;06/04/2024;Front apply decide daughter see feeling.
13958;13334;5;13/09/2024;Management cultural stop.
13959;1370;5;14/07/2026;Image study language eight.
13960;18607;2;26/01/2025;Art someone contain city gas writer.
13961;5772;3;09/03/2026;Loss lawyer fall common out sea certain.
13962;13384;4;22/06/2026;Hair let shake.
13963;18306;1;31/01/2026;Say but theory the something give through.
13964;4022;4;13/01/2024;Recently education ok hit.
13965;15647;3;06/09/2026;Our statement his turn yard art easy.
13966;6629;3;28/08/2024;Like no themselves institution on international past interesting.
13967;4784;4;26/07/2025;Small day peace media explain.
13968;17738;1;19/11/2024;Response activity person heavy body issue any.
13969;3618;2;23/01/2024;Really guy fish morning available medical scene entire.
13970;7081;5;05/10/2023;East water any personal by land participant.
13971;7820;1;05/07/2024;Tv modern training thousand voice firm tough.
13972;9079;4;04/06/2026;Agree idea fall fine.
13973;7605;2;06/01/2024;Answer already common certain arm couple science.
13974;11736;1;30/04/2025;Area she buy before activity.
13975;3573;5;12/04/2024;Agree type they.
13976;14697;1;01/12/2023;Rise car plan table prepare in.
13977;14303;1;15/06/2024;It make site character method.
13978;10898;1;06/11/2024;Rate story start.
13979;10087;5;14/05/2025;His door center town focus food seven miss.
13980;11305;2;19/01/2024;Baby ahead seat around walk example thing beautiful.
13981;1403;1;10/06/2024;Name space popular face time.
13982;16803;2;27/05/2024;Set feeling window who hospital only.
13983;1063;5;02/03/2024;Town allow say blood.
13984;15752;3;22/10/2023;Along daughter site.
13985;19343;5;04/11/2023;Not house be good despite last field.
13986;13003;3;12/02/2026;Consider eat value other race give.
13987;13007;2;21/07/2024;Born financial also here successful.
13988;9398;4;11/07/2024;Minute collection health just as.
13989;19662;2;10/06/2025;President education summer impact today girl.
13990;15636;2;14/12/2023;Company defense they trip number news above.
13991;3123;2;23/04/2026;Hit commercial let very size economy plan likely.
13992;7344;1;09/03/2024;Popular open detail health yeah movement.
13993;15357;3;01/06/2026;Miss get a bring various.
13994;19081;3;03/08/2025;Mr official education senior out.
13995;16350;5;01/11/2023;Win music author.
13996;19804;2;13/10/2025;Politics bar peace answer her.
13997;9877;5;29/09/2024;Vote standard side glass join modern walk book.
13998;15689;2;19/06/2026;Left unit perform care wall item public.
13999;8776;2;28/07/2024;Very short go president beat century computer.
14000;11003;2;05/11/2025;International specific game local ball.
14001;15710;1;31/05/2024;Center pay whole yet nature discover choose.
14002;16633;2;16/08/2025;Window time treatment consumer send.
14003;12586;5;23/11/2025;Many position training strong north reach.
14004;19323;5;07/03/2024;Within order important every international bad woman.
14005;19700;4;08/11/2024;Animal big note audience.
14006;6368;3;21/11/2025;Bit challenge reason.
14007;11901;2;29/08/2026;Technology score international week walk.
14008;17634;5;28/07/2026;At minute just traditional.
14009;1917;5;27/09/2024;Rock trip ok prevent return light.
14010;13893;2;02/10/2023;Same car consumer want adult season.
14011;10347;2;12/10/2025;Practice public list across tough by above.
14012;16890;5;06/02/2024;Rest you particular study local.
14013;11110;4;01/07/2025;Upon world stage analysis.
14014;13008;5;03/01/2025;Technology despite central her.
14015;18198;2;02/07/2026;Production hope particular hard.
14016;4484;4;16/07/2025;Animal that style tree choose side.
14017;206;1;03/12/2024;Involve join music sometimes address season expert.
14018;4100;3;18/02/2024;Professional central instead notice.
14019;16838;5;26/05/2026;Suddenly she research meeting.
14020;7673;4;27/08/2024;Table girl within eight.
14021;4968;4;05/06/2026;Be admit inside conference.
14022;6878;5;15/02/2025;Book top face.
14023;665;2;02/12/2024;Begin lawyer behind policy society mind prevent young.
14024;13068;3;07/01/2024;Everything would experience.
14025;3766;2;06/01/2026;Behind dark movie community wish rather.
14026;5;2;08/05/2024;Management significant yourself speak conference quite.
14027;12904;4;24/04/2025;Simply realize cup follow chance edge religious quality.
14028;8485;1;29/07/2026;Learn we baby general open allow.
14029;5545;2;25/11/2025;Son look ok example drop.
14030;10349;3;05/01/2026;Strategy reason indicate particularly society clear plant.
14031;13187;5;17/11/2024;Education control conference source bill cause each.
14032;12148;5;23/10/2023;Quickly participant together beat worry.
14033;6373;3;12/07/2025;Either will career whom.
14034;4603;5;18/09/2023;You defense program conference hard field president.
14035;7576;2;19/04/2024;Body ok road majority available.
14036;970;2;04/08/2026;Of force also.
14037;6134;1;27/12/2024;Set produce learn rather.
14038;18895;2;29/11/2025;View check claim Democrat claim body.
14039;7060;3;21/10/2025;Least night beyond foreign treat perhaps behavior.
14040;13322;5;01/10/2024;Enter stock bar account hard several knowledge.
14041;10375;3;12/03/2026;Tend possible head nor young public local.
14042;16614;1;27/04/2025;To thought next some.
14043;3386;3;21/01/2026;Mr dream care foreign window want.
14044;5911;1;01/07/2024;Put general low red.
14045;19047;4;04/02/2025;Before he wall TV clear notice.
14046;12228;4;04/09/2024;Road lay with pressure.
14047;14224;1;31/01/2026;Body town military health.
14048;13236;2;02/07/2024;Second stock plant most.
14049;7867;3;25/02/2026;Tend information culture national hotel.
14050;13989;1;11/05/2026;Expert development because economy bit bed.
14051;16341;3;03/07/2025;Bed almost brother social hard thought.
14052;2492;3;03/03/2024;Specific food child student toward phone.
14053;563;4;29/03/2026;Rich figure low under fight.
14054;2537;4;05/03/2024;Staff wrong white left.
14055;13917;2;07/09/2026;Increase wait gas public.
14056;17280;5;29/09/2025;They assume soldier power.
14057;3680;5;18/12/2023;Start would between dog enter.
14058;10191;5;17/06/2026;Organization show four.
14059;8864;5;01/04/2025;Find society fear source anyone do among.
14060;18224;2;24/05/2024;Difference name force capital ability difficult.
14061;8728;4;18/04/2026;Near plant have full that.
14062;17682;2;20/10/2024;Affect detail grow land machine fine.
14063;15447;4;16/12/2023;Church do realize method.
14064;4587;4;02/09/2024;Concern building pick five site music.
14065;6406;5;27/09/2025;Consider certain song soon big direction money company.
14066;3953;2;16/08/2024;Over side case already notice TV.
14067;6880;5;17/04/2025;Seven safe threat fall past population field change.
14068;4153;1;04/05/2025;Medical care drop her with.
14069;3997;1;30/03/2024;Man wish nation day whole.
14070;17084;5;05/10/2023;Challenge take task.
14071;2945;3;10/03/2024;Police prevent successful type space movement military.
14072;19485;2;01/06/2025;Real arrive parent.
14073;18750;2;25/09/2025;Past when music medical.
14074;498;5;22/06/2026;Chance member yeah us front Mrs.
14075;3859;2;14/07/2025;Food word boy reduce truth arrive kid involve.
14076;17434;3;03/06/2026;Else key begin expect that.
14077;6909;4;18/10/2023;Happen down friend project drug.
14078;774;5;04/03/2024;Change rest another interview always different front hospital.
14079;16246;3;02/08/2024;Civil recently tend visit during some service.
14080;2934;3;26/12/2024;Product gun huge executive against.
14081;4198;5;02/06/2025;Cost hear raise relationship like bill.
14082;17183;5;20/06/2024;Weight hotel sometimes mother lot moment national.
14083;6081;1;15/06/2025;Simply campaign air against.
14084;8435;5;25/08/2026;Road TV safe student red.
14085;17612;4;18/07/2025;Too can sure agent tough without alone respond.
14086;4426;2;26/03/2024;Key establish establish year brother.
14087;19670;3;14/03/2025;Authority hundred though somebody letter population.
14088;16859;3;16/06/2026;Often major sound first from.
14089;3028;5;27/01/2025;Need world fear impact probably record.
14090;4037;2;30/09/2025;Company white cup hot together gas thought.
14091;12545;5;17/06/2025;Establish care herself.
14092;5804;1;20/12/2024;Girl realize special civil goal newspaper myself recently.
14093;3965;5;02/06/2025;Task series region white continue thus call.
14094;5396;1;12/01/2025;Good kid state mother.
14095;9903;3;22/03/2026;Last particularly say be soon born.
14096;11917;2;20/08/2025;Maybe mother short government edge simply shake.
14097;6104;2;07/11/2025;Image movement put also her book.
14098;9303;1;11/02/2024;Response step lot fine old determine.
14099;18643;5;19/06/2024;Bed big study each animal property choose.
14100;5880;3;11/06/2024;Push rate new up choice.
14101;4430;2;10/05/2025;Evening theory for.
14102;17667;2;31/03/2026;Dog end people produce man cell sell.
14103;11644;1;29/10/2024;Serious opportunity various system old put card.
14104;15696;5;30/05/2025;Unit together apply summer him fear.
14105;4928;4;21/05/2024;Cut discuss our too mission away weight.
14106;18897;1;15/03/2024;Reason agency themselves role easy this summer.
14107;14122;1;18/03/2024;Resource market order start.
14108;1319;1;21/04/2025;We eat north attorney attorney land.
14109;14002;2;07/01/2024;Exactly else should product manage discover step organization.
14110;16957;5;22/03/2025;Keep huge director significant million.
14111;13052;3;06/03/2025;Behind past oil member eat.
14112;6451;5;23/08/2026;She morning head certainly myself chair rock.
14113;6306;3;18/06/2024;Oil present method.
14114;14042;4;27/01/2024;Red especially mission they near tonight.
14115;15390;5;21/11/2024;Meeting mother act space.
14116;9879;1;27/09/2023;Section meeting social politics social again.
14117;758;1;25/05/2024;Line drug and eat return.
14118;4798;4;25/07/2025;Season inside many ten happy month fund.
14119;9916;2;28/05/2024;Loss would sing arrive organization.
14120;13571;2;14/06/2025;Kitchen successful sense soon offer stock create.
14121;7010;2;16/04/2025;Staff drug follow success someone.
14122;16628;2;15/10/2023;Compare lose our nice both available.
14123;2513;2;05/05/2025;Charge ever generation on chair.
14124;15139;4;30/06/2024;Several court degree everyone because now join.
14125;19134;1;09/07/2024;Happen activity recent spring.
14126;4743;4;06/09/2024;Could different tree get difficult.
14127;9527;5;04/11/2025;Form design region yard we difference certainly.
14128;14673;5;21/04/2026;Too foot base.
14129;9326;4;04/02/2026;History leg tend war.
14130;12599;1;02/12/2024;List strategy moment action.
14131;12013;2;11/12/2025;Throw six could them.
14132;8229;4;21/02/2026;Bank Mrs during.
14133;11289;1;09/01/2024;Then road need finish.
14134;5611;3;03/07/2024;Raise space herself language finally remain.
14135;2502;3;22/12/2025;Building what collection apply politics level pull.
14136;17581;3;29/10/2024;Discussion machine them.
14137;17820;1;04/06/2025;Opportunity increase Republican under purpose.
14138;12065;4;16/02/2024;Budget really strong.
14139;19757;4;04/04/2025;Site young moment order.
14140;14057;1;19/04/2025;Add safe evening there continue hold direction.
14141;10406;4;16/06/2024;Stand lose no lead soon talk.
14142;10105;4;30/07/2026;Book often close crime audience recently scene.
14143;15346;3;03/11/2023;Herself approach remember.
14144;12626;4;09/10/2025;Change within organization child treatment public would.
14145;11605;3;07/05/2024;Seek ability speech every sort now heart sport.
14146;10691;2;12/11/2025;Candidate think discussion major kitchen best entire answer.
14147;19601;4;13/07/2024;Last bring perform up financial.
14148;12079;4;14/06/2025;Daughter fear air yes machine heart.
14149;7263;2;22/01/2025;Prove old political ever so participant smile now.
14150;12431;4;16/08/2024;Key alone goal to create also.
14151;19988;1;03/07/2024;Spring its senior page.
14152;16271;2;08/09/2026;Stage adult break.
14153;19377;5;13/01/2026;Avoid old she difference toward walk themselves.
14154;5251;4;05/06/2026;Effort blood economy maintain each to.
14155;17678;1;03/12/2025;Gas owner necessary question candidate federal.
14156;3777;4;02/02/2026;Part technology design fear.
14157;7895;4;08/05/2026;Within start stuff face operation leader live.
14158;3038;2;20/10/2025;Student even evidence theory heart seem miss.
14159;16905;2;27/03/2025;Expect reason significant opportunity eat explain build.
14160;18282;2;05/04/2025;More activity year.
14161;18342;2;24/07/2025;Well tough around actually anyone strong the ground.
14162;19834;4;20/07/2025;She class yeah analysis himself.
14163;5045;3;16/03/2025;Chance authority worry student.
14164;9784;5;28/09/2025;Easy measure decade remain.
14165;11780;5;16/05/2026;Born owner company.
14166;2340;4;18/11/2023;You amount them sea throw.
14167;7286;3;01/12/2023;Product believe cost than.
14168;8984;1;26/02/2024;Responsibility include sometimes history central pretty necessary.
14169;16048;5;03/05/2024;Past result authority sell car my.
14170;18759;3;07/10/2025;Allow hour fall where.
14171;4118;4;04/06/2026;Management free mind middle condition happy teacher.
14172;11256;5;09/10/2024;Husband other concern.
14173;4203;2;03/05/2024;At market owner president away help wind.
14174;13574;1;19/09/2025;Modern various social off center gas child.
14175;7076;5;15/03/2024;Part quality purpose Democrat.
14176;19992;2;27/03/2025;Court support thing TV.
14177;14572;3;29/06/2025;Loss conference statement sit reach throughout role.
14178;5634;3;23/12/2023;On how wait research say stock design.
14179;4281;4;28/02/2026;Manage will ten somebody music country.
14180;3807;4;23/09/2023;Spring education skill appear per home.
14181;13695;3;22/03/2024;Rise glass interview imagine grow.
14182;3608;5;30/04/2025;Television history military take group quite respond.
14183;5989;2;14/05/2024;Matter glass national Congress friend.
14184;17322;5;18/08/2024;National we avoid oil.
14185;6853;5;21/08/2024;Particular include fine standard director grow generation.
14186;5431;5;01/08/2026;Customer before writer or.
14187;5219;5;23/12/2023;Call there yes report billion.
14188;12125;4;13/09/2025;Draw direction decision billion.
14189;2279;4;13/05/2026;Couple play list.
14190;5178;4;27/12/2024;Name network born.
14191;3058;2;14/01/2026;Truth ask heavy determine.
14192;19747;2;26/03/2024;Mission treat grow rate.
14193;11127;1;07/03/2024;Least commercial woman TV.
14194;4454;5;05/07/2026;Evening not around get.
14195;2682;1;20/08/2024;Form husband hand fish specific history air.
14196;11094;4;20/04/2026;Although rather draw develop owner often.
14197;6269;1;07/06/2025;Bit reflect language school I entire.
14198;12453;4;16/05/2025;Between catch who type.
14199;13728;2;08/11/2025;List former happy three minute between.
14200;14635;5;27/01/2024;Hold support TV remember.
14201;7417;2;14/09/2025;Note support policy network outside both.
14202;3134;5;06/08/2025;Green somebody new pick bring statement.
14203;10105;5;03/12/2023;Stuff culture forget while million step scene appear.
14204;5763;4;01/02/2024;Thing look though occur Democrat poor.
14205;3548;1;23/08/2025;Sport quickly guess arm hour purpose.
14206;13706;2;21/03/2024;Rest should run official course station international.
14207;11356;2;13/01/2024;Front difference she wonder always station spend.
14208;17114;5;25/03/2026;Wife debate need natural effort coach.
14209;7781;4;10/10/2025;Attorney her pressure easy summer structure.
14210;14359;4;11/09/2026;Officer learn role health.
14211;11161;1;02/10/2025;More human turn soldier discuss mouth research serve.
14212;18540;3;24/04/2024;Just where affect to purpose official writer.
14213;12642;3;20/08/2024;Lot box drop direction tend although.
14214;15818;2;13/07/2025;Point later store anyone example.
14215;2095;1;27/09/2025;Culture head site near near manager.
14216;10469;4;02/10/2023;Person expect individual trade.
14217;2128;3;18/08/2024;Enough woman student happen yourself then rock.
14218;18247;1;01/07/2026;Cultural may close training contain.
14219;13376;1;31/05/2026;Vote community boy however his.
14220;11615;2;13/02/2026;None federal past cut.
14221;13808;3;26/09/2025;Civil air care.
14222;14455;1;02/11/2024;Start discuss Congress wind case between.
14223;10109;4;04/06/2025;Professional give prove second.
14224;10966;3;23/02/2026;Employee candidate structure federal plan.
14225;17545;4;16/08/2024;Pattern different office event.
14226;5136;4;17/10/2024;Couple keep memory.
14227;17701;1;04/02/2025;Life blood realize avoid travel serious.
14228;12653;4;22/02/2025;Both hit better easy any.
14229;11108;5;25/10/2025;Capital like society international herself example heavy.
14230;11453;2;10/12/2024;Middle once involve place whatever shake.
14231;8863;1;21/11/2024;Lawyer movement western surface factor.
14232;13419;2;25/06/2025;Ready voice property.
14233;8723;5;05/11/2025;Law answer do difference.
14234;2265;1;17/04/2024;Plan choose stop relate.
14235;18175;2;18/09/2025;Explain student task development director.
14236;5648;2;23/08/2024;Stuff simply amount add PM blue.
14237;11753;5;03/11/2024;Matter enjoy century many popular course over.
14238;13569;5;13/02/2026;Support manage production something.
14239;9793;4;10/08/2026;Expect expert Congress ok.
14240;1142;2;30/06/2026;Strategy arm although rule tax treat whether and.
14241;9598;1;13/01/2025;Tax what management hospital forward author.
14242;493;1;16/10/2025;Trip reason item suddenly.
14243;18540;3;03/04/2025;Understand structure against break gas.
14244;19124;3;13/06/2024;Chair society debate because.
14245;19715;4;17/11/2023;Must first which member.
14246;4555;3;04/11/2025;Religious world candidate deep oil whole against under.
14247;17575;1;20/09/2023;Skill soldier discover home bank network candidate.
14248;2436;4;01/10/2025;Always on despite site attorney I save.
14249;19434;1;30/03/2025;Since air four war.
14250;7783;4;05/04/2024;Subject difficult doctor him.
14251;13377;1;24/10/2023;Money recent message.
14252;534;5;16/04/2026;For music goal.
14253;14472;1;16/08/2024;Team enough somebody foot clearly prove part mouth.
14254;13091;5;10/03/2024;Politics strategy some push woman international.
14255;5401;3;10/11/2023;Finally cut arrive civil.
14256;19544;4;07/08/2026;Seem admit beautiful tonight.
14257;16630;4;08/11/2025;Medical from political these perform himself sport.
14258;5463;3;13/12/2024;Tv down water garden water too price a.
14259;18099;3;26/06/2026;Body company garden month dream.
14260;14699;3;04/02/2024;Thus around many election population heavy.
14261;12471;5;02/05/2025;Pull central call writer.
14262;10307;2;25/03/2025;Compare few candidate book view chance matter.
14263;8434;1;12/04/2024;Home Democrat trial kitchen success piece everybody.
14264;15959;5;05/07/2026;Stock wind society environment quality eat.
14265;8246;3;21/11/2025;Power team hair theory smile.
14266;17128;1;01/12/2024;Seem glass address.
14267;17577;4;05/03/2025;Remain visit there force community.
14268;12545;4;17/11/2023;Someone stage music person finish the value whom.
14269;14798;5;31/10/2023;Raise for shoulder reason student east fire country.
14270;6536;1;12/03/2026;Go environmental national drive future community value.
14271;8092;5;17/09/2025;Top year pass town born management management.
14272;4300;1;29/09/2025;All quickly respond series pattern whom left.
14273;1690;2;30/05/2024;Financial writer allow major.
14274;12564;2;07/10/2023;Over cut concern realize education of.
14275;2892;5;25/06/2025;Already arm skill put upon fact thought.
14276;6405;4;02/07/2025;Computer four down both.
14277;9806;2;27/09/2025;Fact certainly land newspaper.
14278;11011;4;04/09/2025;Ground our data popular.
14279;11871;2;07/11/2024;Congress view color wrong game.
14280;7417;5;11/03/2025;Chance daughter focus up watch well brother buy.
14281;7657;4;18/07/2025;Their Congress activity form consumer throw.
14282;14843;2;27/02/2025;Specific human down thus take realize house state.
14283;7095;5;31/08/2024;Radio seek despite probably voice.
14284;3020;2;07/06/2026;Tough station enter discussion thing scientist.
14285;10097;2;05/02/2024;Like team smile whose phone.
14286;5491;2;09/01/2024;List also total indicate affect yard perhaps.
14287;12008;1;26/03/2024;Town start center policy truth quickly.
14288;14090;1;27/09/2023;Spring remain college head such population.
14289;4166;2;16/10/2023;Worker understand onto check well long.
14290;11511;5;14/05/2026;Employee admit trade pressure think.
14291;5621;3;10/06/2026;Too school true soldier culture get.
14292;2466;5;29/07/2026;Many send decade quite.
14293;629;1;19/04/2024;Officer occur those according kid nature early.
14294;8550;3;21/07/2025;Listen line fear.
14295;7141;2;20/03/2024;Doctor leg she more.
14296;1708;2;06/02/2025;Play available brother space move daughter.
14297;10211;3;16/07/2026;Serious manage skill.
14298;8948;5;01/12/2023;Last onto natural step smile team least.
14299;15777;2;01/06/2024;Test discussion conference TV chair against.
14300;13026;2;25/01/2026;Almost measure media nothing most.
14301;10605;4;24/04/2024;Mouth let fast central city purpose bed door.
14302;39;5;06/11/2025;Painting increase pay even.
14303;16927;1;08/02/2024;Door look amount see.
14304;7455;3;16/04/2025;High international hope.
14305;18104;5;14/12/2025;Deep range together.
14306;13029;4;10/05/2026;Usually southern tax technology ten above.
14307;6562;5;27/04/2024;Most increase house heavy wrong little.
14308;860;4;05/11/2023;Door knowledge professional everything deep major million process.
14309;6298;1;21/07/2026;Deep but article strategy policy yourself money.
14310;12198;3;13/09/2023;Picture specific list stand box.
14311;12143;5;11/05/2026;Mission green early despite ready.
14312;15178;1;28/05/2025;Learn including out.
14313;7042;3;01/08/2024;Spend deep life part reflect space break.
14314;3505;5;18/03/2024;Yard week attack general.
14315;11837;4;21/12/2025;North church kind today north voice together necessary.
14316;16228;1;05/02/2025;Develop process suggest alone community energy sure.
14317;1880;1;25/03/2025;Career instead goal change my goal fall.
14318;6798;3;07/05/2026;Writer instead address huge possible public unit case.
14319;2781;5;14/10/2024;Important perform issue man.
14320;1132;4;16/06/2026;Order nor then style.
14321;16968;1;14/12/2024;Goal contain education.
14322;6877;5;30/07/2025;Few color official generation.
14323;18714;5;14/08/2025;Practice investment necessary public would option.
14324;14262;3;21/11/2023;Daughter mean new fast film.
14325;8397;5;18/12/2025;Director believe information event heavy whole recently.
14326;6009;4;09/10/2025;Language table have recently green college.
14327;8333;3;03/01/2025;Discussion almost least focus.
14328;14455;5;14/08/2026;Local pretty method science well attack.
14329;19676;3;13/03/2024;Nature practice seven.
14330;14442;1;31/01/2026;Yard contain write.
14331;10080;2;24/04/2024;Woman past kind language rate opportunity determine.
14332;8474;1;18/07/2025;Rest second even choose.
14333;1177;4;04/01/2025;Marriage several option.
14334;2867;4;30/01/2025;Choice network over anything stock majority however.
14335;3723;3;10/06/2026;Energy common fight among safe billion check.
14336;11551;2;14/02/2024;Recently language there conference town anyone.
14337;9125;5;15/07/2024;Take factor mission while father better.
14338;857;3;05/03/2025;Skin station learn Republican.
14339;15444;5;10/06/2026;Offer watch there skin less class citizen yard.
14340;16739;5;18/04/2025;Might once network reach.
14341;19929;4;06/10/2024;Arrive lawyer number professional.
14342;14125;3;01/03/2024;Others throw floor business cup lot do loss.
14343;16696;2;04/03/2024;Machine actually cut stuff training real.
14344;11720;5;05/01/2026;But range various return ground.
14345;5477;4;09/10/2025;Set check change use.
14346;12485;1;14/07/2026;Dog role remain else know significant imagine.
14347;6936;5;08/04/2026;Eye week computer serious.
14348;13075;3;07/05/2026;Beat kid trial.
14349;771;2;09/05/2026;Best order gas person finally dream.
14350;3461;1;20/09/2023;Big bill front quite tell quite.
14351;2394;5;03/04/2025;Technology character vote Congress.
14352;13920;4;29/07/2026;Author ago above structure meeting final.
14353;9971;2;25/01/2024;Color kid defense fact its price.
14354;10625;4;21/07/2025;Coach well resource event themselves white measure meeting.
14355;11338;5;07/02/2024;Owner response shoulder price majority.
14356;5922;1;07/12/2025;Generation through like group religious politics yes.
14357;3263;1;14/10/2023;Fill level difference father.
14358;7858;5;04/01/2024;Similar this finish notice recognize drive.
14359;3094;4;01/12/2023;Form social cold.
14360;7049;1;15/11/2025;Visit whole here throughout small six.
14361;5440;2;24/09/2023;Statement baby campaign agency.
14362;11537;4;09/04/2026;Kind truth field plant.
14363;6360;3;18/05/2024;Sit none old act edge sell plan.
14364;4845;5;18/06/2024;Writer over energy yourself.
14365;5888;2;13/07/2026;Someone factor single despite money hotel market.
14366;4208;4;23/01/2024;She run design major.
14367;19335;2;27/10/2023;Model standard expect eye choice.
14368;15059;5;18/01/2024;Fact institution beat myself great realize floor.
14369;16208;3;01/10/2023;Pressure catch final next after.
14370;13283;1;19/09/2025;Protect region international manage live movement.
14371;4681;3;17/10/2024;Nation time next exactly newspaper.
14372;8058;1;05/04/2025;Cell cup for election.
14373;15618;2;28/09/2024;Character small then near take brother writer.
14374;17330;2;10/07/2026;Hot you forget spring.
14375;10349;2;27/12/2025;Free bag spring food cultural.
14376;7470;2;19/07/2026;Discussion exist level measure wind into despite.
14377;19512;4;14/12/2023;Try later history process scientist gas.
14378;18506;2;11/06/2025;Upon skill everybody understand team product.
14379;4956;5;12/07/2025;Rather case various poor reach want.
14380;10444;3;22/09/2025;Concern car produce mouth shake.
14381;2619;2;02/11/2024;This throw share one increase section.
14382;10279;4;28/08/2024;Rest many hear last for eight.
14383;16615;1;25/04/2025;Ready provide unit seat note just avoid store.
14384;10023;2;22/02/2025;Subject yourself couple none bar hold.
14385;2575;4;31/08/2025;Respond week avoid system.
14386;10849;3;07/08/2025;Reason up former cultural old.
14387;17175;3;09/12/2023;Miss ask couple then coach join accept.
14388;13616;2;13/09/2023;Three person culture cut number us.
14389;2379;3;06/04/2026;Range move doctor company hair.
14390;17842;3;14/05/2024;Other design skill economy let girl cut American.
14391;12177;2;11/05/2026;Customer strong north couple realize point.
14392;18952;3;21/10/2024;Better eight purpose point material.
14393;5787;4;01/04/2026;Marriage tree impact the article.
14394;987;3;02/07/2025;Rock price movie change surface.
14395;13539;5;16/04/2025;Value single why girl run.
14396;18174;4;09/08/2026;Nice force continue east attack practice put.
14397;4165;5;11/12/2023;Listen agreement red sea.
14398;19477;5;23/08/2025;Stuff my coach too toward to into.
14399;3959;1;27/04/2024;Sign mission without morning look ability.
14400;9358;4;29/06/2024;Perform stand minute question.
14401;2403;4;27/09/2025;Make notice anyone imagine daughter although require.
14402;1838;2;10/06/2026;Understand only without race hospital something amount since.
14403;8206;2;29/06/2026;If unit management before officer piece lay.
14404;15186;1;04/10/2025;Use know work moment go use.
14405;12070;1;01/11/2024;Food we doctor world find.
14406;17856;1;02/12/2023;Finally apply nature its least pick.
14407;12614;5;29/04/2025;That structure catch notice clear.
14408;8394;5;24/04/2026;Suggest authority minute policy me step wall.
14409;6091;3;02/12/2023;Evening gun support lot training yard type.
14410;11443;1;13/11/2024;Onto figure senior join reflect team heart smile.
14411;16413;3;15/09/2023;Mother make agency whole from.
14412;17928;2;15/03/2026;Product remain process laugh truth future.
14413;3350;5;11/12/2025;Piece white likely manage.
14414;15607;4;28/02/2026;Head bill agent pay.
14415;7650;5;15/05/2024;Job necessary speech.
14416;14632;2;06/01/2026;Court decide now become today night total.
14417;7088;3;30/08/2024;Suffer score fill win hold close.
14418;6836;1;29/02/2024;Prevent available do town letter whom American.
14419;2267;1;05/01/2025;Establish which base foreign almost recognize animal.
14420;997;4;10/09/2026;Offer mention TV major to today.
14421;911;1;21/02/2024;Since imagine its she Democrat fight data.
14422;8149;3;27/07/2024;Spend professor turn stuff.
14423;15732;4;13/12/2025;Relate wait yard.
14424;5857;1;19/02/2024;There believe watch in society should stay.
14425;15719;3;02/11/2024;Current little strong.
14426;7043;4;20/05/2025;Fill common sister let east feeling although.
14427;14280;5;27/04/2025;They American audience evidence his put eye try.
14428;1016;1;15/07/2025;As yourself worker deal political entire cover process.
14429;7842;1;10/01/2026;House his floor rather.
14430;12326;4;02/11/2025;Soldier child fire work smile available blood know.
14431;5101;3;27/10/2023;Such maintain truth.
14432;19657;4;03/01/2024;Firm reveal market author size way.
14433;3031;4;03/02/2026;According enough common news.
14434;14256;1;31/03/2025;Follow career song memory.
14435;1483;4;03/04/2026;Fast agreement order wide.
14436;1235;4;11/05/2026;Pressure brother blue.
14437;9199;1;08/05/2025;Necessary term activity send discuss fear wind.
14438;14175;3;15/01/2025;Since money where resource answer resource.
14439;1912;3;14/01/2026;Knowledge still ground floor enjoy onto.
14440;19369;3;01/01/2024;How customer state new organization pick.
14441;13138;2;18/06/2026;Explain model during develop try so.
14442;10747;4;16/11/2025;Week pick media anything various project so important.
14443;16733;1;19/08/2025;Key join part result true support memory.
14444;7329;1;10/08/2024;Here seem what American minute bag.
14445;19725;4;29/11/2025;List feeling their send believe.
14446;10837;5;04/11/2024;Environmental seven land article direction body.
14447;14829;4;27/07/2025;Analysis which option put policy collection once.
14448;9761;4;04/02/2026;Personal red need reason price pressure list.
14449;1920;5;27/10/2025;Crime always create reduce.
14450;7752;5;02/04/2025;Eat wind consider any.
14451;19010;5;11/08/2026;Investment project trip agreement.
14452;19909;4;22/06/2026;Evidence site nature might least wrong final wrong.
14453;13212;2;05/04/2026;Sit even option.
14454;18440;5;29/06/2025;Describe per television bar want various girl.
14455;820;2;28/09/2023;House drive fish entire.
14456;10610;1;03/10/2024;Value sign teach paper.
14457;10496;2;12/07/2025;Card happy coach family unit another sense.
14458;2978;5;30/05/2026;House prove operation everything economic painting hope.
14459;7229;2;04/11/2024;Particularly process seven.
14460;3808;4;27/04/2026;Theory yeah take.
14461;9604;2;29/03/2025;Place matter popular.
14462;10945;1;29/02/2024;Trouble herself in camera however.
14463;6463;2;23/04/2025;Serve sound sense western than today note.
14464;14254;2;19/11/2023;How concern customer fact without discuss office.
14465;17420;3;14/04/2024;Paper eat share try.
14466;18790;2;12/04/2025;Describe wall those someone claim physical pay more.
14467;3606;5;27/02/2025;Wonder you Republican bring.
14468;19823;4;12/10/2025;Business whatever great seven area all without.
14469;2929;4;02/12/2025;Reduce consumer foreign create.
14470;18367;5;21/01/2025;Child fly vote thing.
14471;11973;2;13/11/2025;White few mission medical range billion.
14472;11086;4;24/07/2025;Smile amount move age something anyone likely project.
14473;3013;2;19/11/2025;Meet minute organization put remember staff.
14474;14192;4;23/07/2026;Thank include responsibility project thought.
14475;620;2;07/01/2024;Evening word glass very raise allow serve no.
14476;19448;5;28/05/2024;Actually peace leg away admit reduce.
14477;3624;1;31/03/2026;Me either opportunity their happy.
14478;1322;1;27/10/2024;Large paper report war couple.
14479;3224;2;17/09/2025;Expect as camera charge fish expert behind.
14480;12564;2;17/11/2025;Meeting piece sense base close situation no.
14481;2851;4;10/06/2026;Suggest treat son everything less another out.
14482;2255;2;25/04/2025;Finish determine claim spring loss decide management.
14483;8193;3;29/10/2023;Involve room technology into.
14484;8239;1;03/09/2024;Deep respond Congress become sure.
14485;13058;4;17/11/2025;Stop page worker between kind evening reality new.
14486;13394;3;09/06/2025;Force serious under these brother worry second.
14487;9281;1;29/09/2023;Husband financial third drop age you career reach.
14488;6830;2;06/12/2025;Indicate later rock way PM former yeah.
14489;10749;2;26/11/2025;Support girl improve look wide teacher movement.
14490;19279;3;29/10/2025;Western find chance necessary.
14491;3223;5;23/06/2026;Staff cover almost ten offer little themselves.
14492;8927;2;13/11/2025;Per worry source stage lose hear skill.
14493;4901;3;22/09/2023;Many heavy country tree none few wear produce.
14494;11531;2;02/03/2024;Audience director street.
14495;2252;1;24/09/2025;Lose financial contain wide once.
14496;5103;2;12/12/2024;Pattern modern character seat.
14497;16093;3;19/08/2024;Feel cold religious computer foot mother.
14498;13865;5;25/11/2025;Particular major statement guy should conference.
14499;17007;1;08/07/2024;Perform by size board discover.
14500;6670;3;13/01/2025;Understand several attorney source must share.
14501;16814;5;22/10/2024;Ready important product soon actually prevent trial else.
14502;2355;2;28/08/2024;Year sometimes scene thus significant.
14503;2972;3;08/10/2023;Gun born off huge perhaps.
14504;9744;4;03/02/2026;Election try full reason.
14505;19140;1;03/06/2024;Indeed over wind bill book number.
14506;3934;4;14/12/2025;Image also real both provide feel important level.
14507;182;1;16/12/2024;Save production article most fact director think.
14508;13816;4;14/06/2024;Seven act inside.
14509;13485;2;14/01/2025;Nor wish Mr medical executive worker a.
14510;14498;3;30/06/2024;Four question state purpose pay material assume.
14511;18279;1;10/03/2024;Best which recently hear speech.
14512;19906;1;21/08/2026;Floor without partner available.
14513;8204;1;15/12/2024;Case grow challenge including would nice.
14514;10124;3;02/11/2025;Enough sea wall arm system start main measure.
14515;12942;5;28/02/2026;Drive discuss power drop hold organization reflect.
14516;4131;3;29/07/2026;Language hold theory of program school blood.
14517;14149;1;05/11/2024;Pressure well action film debate better research trouble.
14518;6943;4;20/08/2024;Radio would fight admit in price.
14519;19028;1;22/08/2024;Manager party action offer appear care sister before.
14520;2045;3;11/12/2024;Finally fall service whose do stage forget.
14521;10686;2;23/04/2024;Someone entire material media total improve sure.
14522;6626;4;03/08/2024;His south south hard what edge.
14523;12715;2;04/04/2024;Toward us discussion power movement everyone.
14524;10551;2;27/04/2025;Door family successful day kitchen.
14525;18131;5;12/05/2026;Store adult owner offer current music quality.
14526;17763;1;07/09/2024;Here action alone every computer difference eat.
14527;13675;3;12/03/2026;Town inside deal improve carry.
14528;8398;4;12/09/2026;Make only sport.
14529;12719;3;30/09/2023;Item American threat assume feeling.
14530;771;3;25/09/2024;Growth serious land however employee movie however.
14531;13252;3;03/09/2025;Oil country town commercial partner back any.
14532;12698;5;20/10/2023;Watch size president particularly street perhaps wide number.
14533;19225;5;29/04/2025;Experience success interest size wall small.
14534;15958;3;17/02/2026;Process shoulder even year partner north fight.
14535;18050;3;08/06/2024;Suffer short clear about anything.
14536;13179;5;18/07/2026;Marriage business should feel product show.
14537;9147;1;02/05/2026;That if third control national.
14538;11615;4;24/02/2024;Color it also approach pattern.
14539;14897;4;20/06/2025;Develop the professor control here design keep.
14540;15071;2;13/10/2024;Take these drive want.
14541;4378;4;21/06/2025;Front rather politics chair ask per under.
14542;13952;1;22/08/2026;Unit school both character respond your.
14543;1558;4;02/07/2026;Blood by ok break indeed usually.
14544;9782;2;15/10/2025;Discover both child black ok guy position.
14545;1252;4;15/07/2026;Image consumer fly almost live.
14546;16325;1;13/09/2023;Almost detail training could.
14547;10423;5;17/09/2025;Many sport field detail pressure.
14548;10200;1;06/03/2026;Value concern around news never create hospital.
14549;6296;1;11/08/2024;Bar set sound environment.
14550;3253;4;29/10/2023;Including although small according according develop.
14551;15264;2;01/11/2024;Class yet deal onto.
14552;7574;5;05/10/2023;Without population mother leave rule.
14553;10631;3;22/09/2024;Decade especially here include boy bad term.
14554;1877;2;14/07/2026;Kind oil threat evidence assume.
14555;13330;1;19/08/2026;Edge discussion feeling almost goal.
14556;4883;5;29/03/2025;Study college attention mean expect.
14557;18982;2;20/02/2026;Center race try soon.
14558;2481;1;01/02/2026;Knowledge area often school community evidence author.
14559;8378;5;26/06/2025;Like seem shake forward.
14560;306;3;10/10/2024;Build power nothing either us billion.
14561;14578;4;11/04/2025;Too language foreign way worry eight.
14562;16852;2;05/03/2025;Responsibility throughout now hot foreign.
14563;1247;3;21/06/2024;Cut alone floor difference option.
14564;3472;5;14/09/2025;Sit enter north.
14565;2249;2;16/12/2023;Begin capital responsibility religious there forward drop.
14566;4477;3;14/09/2025;Old whether need.
14567;1032;1;04/02/2024;Produce conference true around section.
14568;11136;1;26/02/2026;Which still necessary.
14569;6732;4;27/07/2024;Course catch politics himself.
14570;3764;2;10/07/2025;Hear book decade with.
14571;16264;2;08/06/2025;After agent body.
14572;4701;3;27/10/2023;Run seek will day fear operation.
14573;11291;2;23/08/2025;Watch article his management institution participant power.
14574;6400;2;19/12/2023;Writer woman young energy from on.
14575;4753;4;07/03/2024;Young now office main.
14576;10837;5;07/02/2026;Simply bed behind forward example.
14577;14982;3;27/06/2026;Base per bit boy guess chair government.
14578;13670;3;13/11/2023;Theory air pass offer.
14579;12704;5;16/12/2024;Modern those let treat politics foreign country his.
14580;10147;3;01/05/2024;None player glass agreement.
14581;19471;5;13/09/2024;Morning color let.
14582;7292;1;06/09/2024;While media be production see evidence again west.
14583;17979;5;07/09/2025;Large behavior owner onto standard.
14584;4045;4;22/09/2023;Decide strategy bad growth strong.
14585;91;1;16/03/2026;Truth entire message four.
14586;15645;5;21/01/2024;Compare station and along low beat.
14587;17193;1;27/10/2025;Garden right act help to detail.
14588;18157;2;17/08/2026;Pull civil fund manager police recent space.
14589;5259;3;20/12/2025;Write believe response us story.
14590;2473;2;19/04/2024;Help three per either wife.
14591;2949;3;19/03/2024;Often pull town eye couple.
14592;11791;3;12/01/2024;Their hard lot nature star process.
14593;17783;3;11/04/2026;Capital in develop truth wear.
14594;14731;3;31/08/2024;Avoid drug detail sign attention end.
14595;19286;5;13/04/2026;Upon house important.
14596;19549;2;22/10/2025;Charge woman music idea appear home establish.
14597;12496;5;18/03/2026;Change everyone price field my quite what.
14598;18674;4;04/06/2025;Hot part fly occur.
14599;3014;1;19/08/2025;Message wish middle top sometimes candidate.
14600;19438;2;23/09/2024;Source put data tell member drug number.
14601;8993;2;10/08/2024;Several former today.
14602;14186;1;08/05/2025;By traditional quite thing.
14603;88;1;17/08/2026;Statement skill level.
14604;3485;5;02/02/2024;Gas together always either health environment mention.
14605;13743;5;13/12/2023;Describe pressure open might enjoy avoid improve treatment.
14606;12959;5;23/10/2023;Audience within none financial his interesting suddenly five.
14607;13129;5;18/09/2023;Talk company lot expect public foot nation.
14608;4977;5;15/07/2026;Find manage year item final gun movement.
14609;11245;2;10/03/2025;Such everything risk recognize your section.
14610;11448;3;13/09/2024;Alone region north only.
14611;13569;4;14/02/2025;Explain close growth nor.
14612;8034;4;11/02/2026;National I thank.
14613;8932;2;19/11/2024;Financial prove might course.
14614;8789;5;12/03/2026;White reason or enjoy future.
14615;16066;4;20/01/2024;Window here television let.
14616;15624;4;04/04/2026;Between finish affect career city rest spend.
14617;12679;2;23/02/2026;Pattern relationship someone do offer build.
14618;2264;3;28/01/2025;Us big day.
14619;455;1;19/04/2026;Pay such month whose already form.
14620;10114;1;04/10/2024;Spring can own go.
14621;3911;3;04/08/2025;Force ready perform world west line.
14622;8223;2;12/08/2025;Writer trade it as other.
14623;2619;3;15/08/2024;Similar woman policy move break economic.
14624;488;3;03/09/2025;Still politics five this approach message clear.
14625;19107;1;28/05/2026;Already top stage child although ever land.
14626;19158;2;13/03/2026;Right perform community among.
14627;18703;1;20/02/2025;Sure use national single step have.
14628;10090;4;06/09/2024;Lose again leg almost.
14629;18842;5;23/08/2026;Customer letter organization capital high situation.
14630;16653;4;11/04/2026;Natural moment defense wish condition.
14631;12817;5;28/11/2024;Parent particular value sister political water range.
14632;13631;5;22/06/2025;Rich back about administration.
14633;7007;3;29/11/2025;Through official save responsibility notice drive staff.
14634;1085;5;29/09/2024;Share again return poor.
14635;5808;1;18/11/2023;Source lot environmental ahead action base.
14636;11740;2;09/08/2024;Talk page off thank however individual happen.
14637;13360;5;19/08/2024;Take dinner magazine.
14638;2882;2;13/03/2024;Statement degree Congress according yard.
14639;19102;2;15/08/2026;Camera set while coach.
14640;364;3;17/05/2026;Race wide rate maintain.
14641;4807;3;07/09/2025;Throw training skill their save street build.
14642;6979;4;20/08/2026;Book space more structure indicate pull report.
14643;13785;3;18/12/2024;Mean game present though remain gun.
14644;6810;4;28/03/2025;Indeed party conference future measure bit.
14645;7741;1;27/12/2025;Begin green decide occur system I than.
14646;10145;4;08/10/2025;Kitchen go prove mouth ok.
14647;2570;3;12/08/2025;Activity measure might view along.
14648;12439;4;14/12/2023;Certain short pretty direction industry learn half.
14649;2116;5;05/12/2024;Receive indicate join million maintain agreement tend.
14650;12437;3;27/10/2024;Air training shake how same set.
14651;19532;1;08/09/2026;President building get policy.
14652;7861;5;30/10/2023;Kitchen reflect hot improve just himself.
14653;2271;5;06/11/2025;Various walk inside up.
14654;19616;5;25/10/2023;Color film sell thing able benefit.
14655;11298;3;02/12/2023;Them us tough any produce race morning.
14656;9650;5;12/08/2025;Matter each never computer trade subject activity.
14657;3432;1;04/10/2023;Month cover fish quality.
14658;9134;3;19/11/2024;Themselves outside throughout seat relate store worry spend.
14659;8060;1;26/12/2024;Particularly day catch key weight impact.
14660;14097;3;07/06/2025;Institution compare in building outside light.
14661;523;4;01/08/2025;True generation environment affect chair this.
14662;5263;3;16/12/2025;Officer dream response stuff piece city.
14663;2212;3;17/12/2025;Candidate within claim model.
14664;16436;3;22/11/2025;Sister reflect rest avoid by join race.
14665;12556;5;26/05/2024;Service evidence man return once.
14666;19709;3;23/02/2024;Great computer management interesting lead.
14667;2473;5;04/07/2024;She participant present save.
14668;18470;5;11/04/2026;Performance wide traditional reality kind rest.
14669;4341;3;31/10/2024;Tonight peace adult special court life there.
14670;18502;1;11/04/2026;Now suggest alone tend market.
14671;8515;5;15/04/2026;Feeling career participant time final.
14672;19800;1;23/05/2025;Stay Mrs himself determine lose.
14673;9707;2;11/08/2025;Throw tonight less big sense.
14674;11927;1;17/04/2024;Building morning coach will.
14675;19366;1;18/09/2025;Start result much own though.
14676;18208;2;10/02/2025;Which position politics wonder.
14677;19008;4;28/01/2025;Through administration just enjoy.
14678;15971;4;18/12/2025;Simply where people owner always yourself.
14679;15876;5;23/05/2024;Receive middle find coach.
14680;17092;4;06/05/2024;List young themselves find than.
14681;17491;3;05/11/2025;Design after discover throughout throw story since.
14682;767;2;15/06/2026;Street high ready man research.
14683;7098;4;29/08/2026;Off official break use occur whole keep report.
14684;2139;3;26/05/2025;Vote country institution such.
14685;17132;2;25/11/2023;South reality what finally.
14686;15824;5;19/01/2026;Decide red customer run official state.
14687;37;3;19/07/2024;Better improve always site someone billion.
14688;15260;2;08/06/2025;Support nature time.
14689;10877;3;04/03/2025;Themselves part knowledge sort senior everyone.
14690;299;4;03/11/2025;Very system floor front election military build.
14691;8571;3;11/03/2025;Design although per task find summer fly though.
14692;18400;2;08/04/2025;Enjoy wide eat answer walk company maintain.
14693;10740;2;06/07/2024;Her machine man whether move discuss own.
14694;5978;5;16/12/2024;Family different face letter economy.
14695;4920;1;20/01/2025;Worker necessary relate decision clearly.
14696;12268;3;12/09/2025;Particular fall meet provide side.
14697;18106;5;19/04/2024;Firm near describe start.
14698;12871;1;14/05/2026;Figure run cultural political several both.
14699;13302;3;03/07/2025;Newspaper out he yes staff.
14700;9998;2;17/08/2026;Area offer mouth.
14701;12176;2;28/06/2026;Market week style serious authority southern.
14702;6989;3;30/05/2024;Big road lose against.
14703;11199;1;05/10/2025;Send us back usually.
14704;8937;2;01/03/2025;Low industry agent theory still score local.
14705;9740;1;04/08/2024;Game network tough pay study least toward.
14706;2617;3;09/09/2024;Must issue meeting relationship about without drive.
14707;12914;3;16/04/2026;Mention firm use century represent produce.
14708;5590;3;09/04/2026;Provide land impact enter process.
14709;1607;2;13/08/2024;Benefit citizen water professor.
14710;11495;2;04/04/2025;Player learn religious manager simple close effect.
14711;9747;3;12/11/2023;Huge style picture before care doctor tell.
14712;8430;4;20/12/2024;Enjoy simply out everyone school also occur late.
14713;5041;1;09/01/2026;Upon whose consumer exist food.
14714;11919;2;17/11/2025;Reach moment because community much final sea.
14715;15961;2;29/08/2024;Process special herself.
14716;11917;4;10/01/2024;Laugh spend economic financial section case this.
14717;5051;1;21/12/2023;Case simply government people hair.
14718;15013;4;24/07/2026;Live provide whole century reality save.
14719;16104;5;24/03/2024;Now top ball indicate.
14720;14306;4;16/11/2024;Clear police room particular.
14721;11273;4;02/07/2026;Maybe may performance activity usually.
14722;18577;5;07/06/2026;Financial stay ready do she usually experience.
14723;9832;4;25/09/2025;Ago firm local act miss television indeed.
14724;17828;4;13/06/2024;Ok deep major.
14725;15558;5;04/09/2024;Like daughter buy whole.
14726;9541;4;07/01/2026;Already job especially forward tend traditional.
14727;19831;2;27/07/2026;General human face theory ask price organization.
14728;15052;2;26/02/2024;Next actually indicate system relationship improve.
14729;1845;5;22/03/2024;None protect medical teacher serious establish.
14730;4638;1;26/09/2023;Even along lose Mr state box writer.
14731;13307;4;01/11/2025;Red yard shoulder provide trip fear nice.
14732;6109;3;28/09/2023;Hotel discuss few reason today I brother almost.
14733;16382;5;21/04/2024;Tree notice return employee.
14734;13892;2;11/09/2026;Bed positive learn hand out item read interest.
14735;8208;5;06/05/2025;Arm view rock left newspaper.
14736;143;1;08/05/2025;Social would career purpose baby.
14737;7021;5;25/06/2026;Huge put sea play half development thing late.
14738;3552;4;11/07/2025;Example thousand public study.
14739;15328;4;11/05/2026;Hope tough property suggest idea red.
14740;11708;3;17/04/2026;Mr dream figure area.
14741;11980;4;15/01/2025;Series member study edge.
14742;17398;4;01/09/2024;Focus magazine beyond message.
14743;788;4;05/08/2024;Minute strategy drop also expect but eat its.
14744;16042;5;31/12/2023;Side two until.
14745;4461;3;15/07/2025;Huge effect as summer.
14746;16463;2;09/03/2024;Husband dog low business lot.
14747;10576;5;28/11/2025;Cup pick seven coach real.
14748;310;3;30/10/2025;List return science performance feeling argue view perform.
14749;5688;3;29/11/2024;Top also doctor her past.
14750;10063;4;28/07/2025;No population some election stay garden standard else.
14751;482;2;02/04/2025;Everyone friend tonight budget agreement hundred fall.
14752;14471;3;25/06/2026;Cup read expert tend product professional including.
14753;3401;2;04/03/2026;Who experience everyone ever ever four.
14754;12840;2;19/06/2025;Process condition although raise attention.
14755;3894;3;07/02/2024;Even somebody worry technology force environmental.
14756;8412;1;17/11/2025;Show sometimes sure reach.
14757;10321;5;31/05/2025;Party today produce impact.
14758;1734;2;11/09/2025;Dream radio dream woman wrong space.
14759;11522;2;07/08/2025;Ask big recent example.
14760;1325;5;02/05/2024;Ability approach young individual.
14761;2728;3;18/06/2024;Computer you visit provide even analysis.
14762;10118;3;27/11/2024;Avoid idea major best.
14763;13779;2;19/04/2026;Reason both among key shake live.
14764;14302;2;05/07/2025;Group all recent green help.
14765;12420;2;12/01/2026;Attorney price take when process.
14766;13727;1;21/03/2024;Message church box staff until event free.
14767;18161;1;13/07/2025;Together bank behind ready movie certainly.
14768;19675;2;28/11/2025;Mind six air parent response.
14769;10571;1;26/06/2025;Fact language everyone painting management.
14770;17314;5;27/01/2026;Plant follow whom since.
14771;18734;1;28/03/2024;Take real approach building teach business.
14772;14608;4;01/02/2024;Type audience less call front anyone though.
14773;3778;5;10/03/2024;Both especially thing west election could.
14774;14448;5;30/05/2024;Past detail which certain third space right former.
14775;19434;1;07/10/2023;Former size report dream too wind.
14776;1061;4;17/07/2025;Debate hard son onto.
14777;17030;4;26/04/2024;Fast design quality toward agreement power.
14778;19883;3;19/03/2024;Success use player event dream.
14779;10765;2;17/06/2025;Cost future pass large best defense.
14780;14663;1;07/07/2024;Discover wide red family pay hospital country charge.
14781;18544;5;25/04/2024;Ahead property indicate four interview chair even nice.
14782;14281;3;12/02/2026;Discussion degree church indeed indeed order both.
14783;8689;1;08/01/2026;South best result fact unit wait.
14784;10389;5;19/08/2025;Beautiful many event.
14785;11102;1;14/02/2025;Play stage child response yourself.
14786;8417;5;10/10/2023;Sport ahead police history.
14787;19371;4;27/09/2023;Cover here PM else opportunity purpose economy factor.
14788;14451;5;12/06/2025;Public director successful into trial.
14789;6413;4;24/07/2025;Identify medical close protect of.
14790;16118;1;25/02/2024;At if strategy.
14791;14451;2;20/10/2024;Involve Democrat likely war whose bring remember.
14792;19169;4;11/03/2026;Left brother whom learn throughout certainly usually.
14793;509;5;19/08/2024;Piece popular attack art great authority.
14794;11571;4;05/01/2026;Some effort window treatment anyone hear.
14795;15781;2;09/05/2025;Foreign bank store her couple father political.
14796;3656;4;04/08/2026;Nearly health figure fact option force character.
14797;5767;3;13/03/2025;Feel laugh discussion yes thus conference store.
14798;18805;5;15/01/2024;Both run figure usually.
14799;16739;5;29/03/2026;Whom board line message.
14800;15210;1;19/07/2024;But moment design paper notice job pressure young.
14801;7036;5;16/04/2026;Send understand charge enter smile.
14802;12605;4;12/05/2024;Lose your find new could.
14803;7631;4;05/05/2024;Evening three chance glass blue deep.
14804;12826;5;08/09/2024;Such join plan.
14805;14531;1;28/12/2024;Born clear north effort water authority young.
14806;13738;3;28/04/2024;Between factor recently box difference through let.
14807;1052;4;27/04/2026;Area market stage Congress describe report.
14808;7269;5;17/11/2023;Sense candidate long but laugh trial about describe.
14809;2418;1;31/01/2024;Find debate she sell family.
14810;1976;4;30/08/2025;Hear know should themselves same agent yourself.
14811;1615;4;12/04/2025;Red mention meeting happy safe direction buy.
14812;18337;1;01/01/2026;Her gas goal significant action son.
14813;16698;2;16/10/2024;Bill benefit mean less such.
14814;19481;3;11/08/2024;Sing might simply significant crime.
14815;19359;3;20/05/2026;Subject yourself stage daughter minute worry yeah.
14816;3569;1;22/03/2024;Ability serve conference board own.
14817;15018;2;28/12/2023;Leader thank deal raise.
14818;447;5;17/10/2024;Amount rest travel challenge listen environment future.
14819;697;2;02/12/2023;Data treatment would will.
14820;8782;2;14/05/2024;Concern organization to.
14821;17630;2;10/06/2026;Kitchen investment practice Congress.
14822;17429;5;16/12/2024;Past test try young bad.
14823;14912;5;25/06/2026;Get finally race feeling way performance economic.
14824;7763;4;12/08/2024;Least test look car audience job raise.
14825;17782;1;14/06/2026;Government attention tell campaign shake.
14826;9523;4;10/12/2023;Bar now five eight blue.
14827;7211;3;18/03/2024;Subject effort clearly series way.
14828;19839;4;31/07/2025;When rise although late move while resource.
14829;4897;5;23/12/2023;Money move me provide.
14830;7478;1;02/02/2024;Success their level education keep democratic.
14831;13127;3;02/04/2026;Anything fly effect professional.
14832;26;1;25/06/2025;Save series life support natural.
14833;15312;5;06/03/2026;Town play yes drop else always reveal.
14834;16039;3;14/11/2024;Discover really trouble exist require.
14835;2391;1;11/07/2024;Soldier their process professional throughout.
14836;4960;1;29/01/2024;Wonder man her can teacher.
14837;14912;3;23/02/2025;Human customer those movie task.
14838;8707;4;24/03/2025;Point may worry listen.
14839;15929;3;31/05/2026;Cut ever pass be author.
14840;3226;2;21/02/2025;Address course whole star bed alone.
14841;12374;4;24/12/2024;Up never goal sign truth time.
14842;12716;4;20/11/2024;Seem ready all employee opportunity business person.
14843;7830;3;03/04/2026;With eat force sound.
14844;13225;1;31/08/2024;Performance goal once future.
14845;18942;1;20/08/2026;Sit happy recognize occur poor skin gun attorney.
14846;13960;1;17/11/2023;Brother fear change music.
14847;3365;4;22/10/2025;Talk just choose lay several ever full.
14848;15047;1;28/07/2024;Only test fill interest financial day.
14849;18118;4;03/05/2025;Writer among field effort.
14850;3765;4;22/02/2026;Indicate political rate man future.
14851;3517;3;08/01/2024;Instead central wide.
14852;7720;4;02/10/2025;Student mean dream contain data fly.
14853;2816;4;14/06/2024;Relate off rather ball.
14854;10990;1;04/08/2024;Series billion involve consider detail church.
14855;17128;2;13/01/2025;Kitchen head total like check business fill consider.
14856;16937;1;20/09/2023;Need happen you bill culture.
14857;2113;2;21/04/2025;Light become author occur poor leader marriage.
14858;13536;5;16/05/2024;Audience age like window spring.
14859;5225;1;10/11/2024;Social chair president wish store travel care direction.
14860;9969;3;03/07/2024;Others heart line.
14861;10833;1;06/05/2024;Third cell relationship they morning.
14862;12260;1;17/07/2026;Model gun follow fact sit lot writer.
14863;431;4;13/01/2024;As crime very face special this.
14864;13210;3;25/04/2024;Eight contain high meet instead.
14865;6328;2;15/09/2024;Poor defense across article turn.
14866;18823;5;03/05/2026;Them customer purpose project benefit identify building.
14867;14139;3;05/01/2026;Everybody form find agent much enter much.
14868;19389;3;05/10/2025;Relationship head lay of test.
14869;736;2;24/07/2024;Add tough cup.
14870;19497;4;27/12/2024;Real so my.
14871;14096;2;13/08/2024;History strategy large international.
14872;6194;2;19/06/2026;Church once off whole.
14873;3480;5;02/06/2024;Car treat student pattern image.
14874;1614;2;30/09/2024;Turn effort interest chair great hospital defense.
14875;18648;2;07/09/2025;Oil forward perform bit society question.
14876;14311;3;27/06/2026;Ten enough foreign phone.
14877;12640;4;08/11/2023;Company role sell go.
14878;12755;1;11/06/2026;Small what onto focus doctor.
14879;4833;5;15/08/2025;Couple few hope community simple establish soon.
14880;10787;5;18/02/2025;Site art participant successful resource glass too.
14881;8978;3;22/06/2024;May continue standard page.
14882;3003;1;18/03/2024;Scientist family realize choose woman.
14883;14059;3;03/12/2025;Many western star kid lead section.
14884;19818;2;18/09/2023;Foreign anything personal onto either expect.
14885;6357;3;24/02/2025;Ahead seat cell about.
14886;18326;1;10/05/2024;Actually degree skin sense act billion stay.
14887;2773;2;03/10/2024;Include firm share family paper election imagine.
14888;11774;2;15/01/2024;Field land Mr.
14889;17604;1;06/04/2024;Something development provide bar student water same.
14890;9447;1;14/04/2026;Rest law more partner.
14891;10795;3;29/07/2026;Order role center stage wonder back road agency.
14892;12049;4;15/01/2026;Should require order.
14893;2829;5;10/03/2026;Democrat whom third society hit strong employee.
14894;19990;5;07/09/2025;Health easy brother.
14895;14877;5;28/12/2023;Election camera fund about result.
14896;239;4;03/07/2025;Office view him network threat occur generation.
14897;7163;3;07/03/2025;Piece role space age know more sometimes.
14898;10611;5;17/01/2025;Here everyone hope quite accept notice by.
14899;17367;5;12/12/2025;Theory near interesting particularly alone.
14900;9600;3;28/08/2025;Science vote best end specific option organization three.
14901;12753;5;07/01/2024;Consider voice machine.
14902;11541;3;02/03/2024;Threat order born ball decision challenge.
14903;5008;3;25/12/2025;Result future concern rule.
14904;16505;1;16/06/2024;Mention herself better well individual mention conference.
14905;17607;3;29/09/2024;Discussion including be low economy.
14906;7804;3;02/10/2024;Mother film ok operation surface benefit end.
14907;12522;3;06/10/2024;President idea than.
14908;18767;2;23/09/2025;Receive raise weight hot.
14909;9316;2;20/08/2026;Film model likely.
14910;19831;4;11/12/2023;Least past guess responsibility.
14911;12487;4;22/11/2024;Trip trade we particular.
14912;5546;1;22/09/2023;Rich west trade rather speak machine issue.
14913;932;3;24/11/2024;Report lawyer happen situation artist force.
14914;6165;3;06/07/2024;Manager resource prevent evening.
14915;18223;5;31/05/2024;Draw side work information.
14916;18214;4;02/03/2026;She remember exist really.
14917;17459;3;01/05/2024;Tax church subject day.
14918;7573;4;04/06/2024;Fish deal audience eye move.
14919;6781;4;02/12/2024;Help try win occur recently.
14920;9040;1;26/05/2025;Top cultural president get real piece.
14921;8521;3;21/12/2023;Worker any good study discussion.
14922;9351;1;18/10/2023;Dark Democrat whatever condition job court tend tell.
14923;2264;1;09/08/2025;Million dinner before everything newspaper letter look race.
14924;13592;4;12/01/2024;Such improve activity main election least director sing.
14925;13635;3;31/10/2024;Result team require share suddenly.
14926;10662;4;13/11/2025;Pass discussion always democratic.
14927;19281;4;19/08/2026;Natural certain fish action light tell.
14928;11163;5;29/03/2026;Course report wall participant toward.
14929;3760;1;01/07/2025;Next they grow friend near special no tax.
14930;4584;1;07/01/2025;Exist treatment PM among offer feel cultural.
14931;627;2;08/02/2025;Consumer challenge garden body.
14932;199;3;24/11/2025;Sound specific occur defense now part.
14933;16170;2;08/09/2024;Bit include number thought.
14934;17578;3;22/03/2026;Quality since include memory resource great front eye.
14935;11043;3;15/01/2024;Draw cover consumer grow.
14936;8165;4;06/01/2024;Upon data imagine rest window.
14937;17540;2;11/07/2024;Note check since three professor force.
14938;13769;4;31/08/2026;Official eight sport include company.
14939;13886;1;28/06/2025;Reduce road itself strategy.
14940;11953;5;22/04/2024;Music close physical once property soon.
14941;2170;3;03/06/2025;Become employee management.
14942;16022;3;11/02/2026;Shoulder yes let teacher same fight medical TV.
14943;13954;5;19/06/2025;Heavy debate left specific thank best.
14944;16543;1;14/10/2024;Water sea career item.
14945;5366;1;01/09/2025;Social cause very room notice statement ground.
14946;17931;3;18/09/2025;Front enter part within radio strong media.
14947;3688;1;08/04/2026;Away month dinner dog once pull interesting.
14948;8737;5;21/05/2025;Available between street nor tonight cold heart.
14949;6928;3;13/01/2025;Audience relationship describe term especially better they.
14950;12929;4;02/05/2025;Section where future rather.
14951;9761;1;10/01/2025;Suddenly can oil notice car.
14952;5320;3;11/12/2023;South yourself apply town save.
14953;4200;3;12/11/2023;Call same miss.
14954;3227;5;22/10/2024;Media left small range chance brother son change.
14955;9427;3;12/01/2024;Standard policy environment we most question finish.
14956;18214;3;11/04/2024;Often better recognize physical choose.
14957;3135;1;03/06/2025;Fill deep TV situation while though law.
14958;9706;5;30/07/2025;Really very president onto much step once.
14959;5955;5;30/07/2024;General we half.
14960;10536;2;27/06/2025;System bed job determine support better thus.
14961;858;5;24/08/2026;Above amount feel others teach they.
14962;18925;5;05/06/2024;Your outside onto common position.
14963;19003;1;04/11/2023;Condition brother court read social ever million.
14964;17341;2;24/02/2024;Wish daughter thus you behind.
14965;4403;3;08/11/2025;While Republican remain no join law.
14966;13624;3;07/07/2026;Back born could ago worry cause.
14967;8738;1;28/05/2025;Discussion think car student program.
14968;8807;1;11/11/2025;Discover yes your may.
14969;12781;2;10/05/2026;Best right art major.
14970;9883;3;28/11/2024;Sometimes raise space light under occur car.
14971;7721;3;02/06/2025;Focus professional around.
14972;11537;2;11/08/2026;Morning course administration physical rate like.
14973;19559;4;10/04/2026;Eat question low street tree control reality.
14974;4410;3;22/12/2024;Him management southern quite future condition order teach.
14975;18139;1;05/08/2025;Instead per in American.
14976;3422;2;05/07/2024;Day six security theory next season arm skill.
14977;5285;4;07/01/2024;Focus hour item who alone theory.
14978;15898;5;31/01/2025;Growth resource school physical part part reason.
14979;16564;4;11/06/2026;Year wish TV source glass.
14980;7502;1;10/11/2025;Red special tend option two concern.
14981;15478;1;13/12/2024;Region then fish size.
14982;19467;1;13/03/2024;Effect work nature evidence yard community nor.
14983;316;5;04/10/2023;Couple three drug dream Congress.
14984;19646;5;06/02/2024;Compare because PM easy shoulder chair main.
14985;5608;4;26/01/2025;People life fish idea cup ball.
14986;17144;1;23/06/2026;System campaign use travel.
14987;19863;1;11/07/2024;Understand source scene successful smile responsibility.
14988;3263;5;23/06/2025;Person individual race watch truth strategy.
14989;3452;1;26/09/2024;Fast budget as under second.
14990;4676;4;04/01/2025;Letter thought model condition model.
14991;16994;5;11/07/2026;Bank society you environmental claim.
14992;19033;2;29/04/2026;Measure little short detail dinner force smile drop.
14993;13925;5;08/02/2026;Develop place past manager their.
14994;12206;5;01/11/2025;Certainly series fine.
14995;6624;4;16/10/2023;Week yard your hundred imagine data.
14996;14460;3;04/02/2024;Door which test enjoy manage.
14997;1197;4;22/08/2024;Little not property ever him read present.
14998;1915;2;12/08/2026;Especially address field with field after.
14999;5313;2;19/01/2025;Lead world option.
15000;1360;5;07/05/2026;Any up life break now these protect simply.
